Time(Local),Production,Consumption
31.12.2024 23:00:00 +01:00,13057.74,17264.47
01.01.2025 00:00:00 +01:00,12599.43,17462.57
01.01.2025 01:00:00 +01:00,12271.54,17977.54
01.01.2025 02:00:00 +01:00,13058.44,17910.12
01.01.2025 03:00:00 +01:00,12866.50,17771.12
01.01.2025 04:00:00 +01:00,13397.13,18077.74
01.01.2025 05:00:00 +01:00,13159.10,18187.08
01.01.2025 06:00:00 +01:00,12111.87,18303.95
01.01.2025 07:00:00 +01:00,11909.42,18465.35
01.01.2025 08:00:00 +01:00,12467.71,18865.46
01.01.2025 09:00:00 +01:00,13349.59,19167.69
01.01.2025 10:00:00 +01:00,14187.75,19384.87
01.01.2025 11:00:00 +01:00,15137.61,19778.36
01.01.2025 12:00:00 +01:00,16179.21,20440.10
01.01.2025 13:00:00 +01:00,16584.50,20362.94
01.01.2025 14:00:00 +01:00,16232.50,20580.67
01.01.2025 15:00:00 +01:00,16296.65,20979.22
01.01.2025 16:00:00 +01:00,16647.36,20981.10
01.01.2025 17:00:00 +01:00,17041.42,20951.54
01.01.2025 18:00:00 +01:00,16794.04,20838.51
01.01.2025 19:00:00 +01:00,16573.90,20563.91
01.01.2025 20:00:00 +01:00,16419.22,20346.41
01.01.2025 21:00:00 +01:00,16112.40,20087.45
01.01.2025 22:00:00 +01:00,16550.85,19811.04
01.01.2025 23:00:00 +01:00,16002.97,19277.34
02.01.2025 00:00:00 +01:00,16407.30,19223.76
02.01.2025 01:00:00 +01:00,16010.10,18965.93
02.01.2025 02:00:00 +01:00,15852.00,18615.96
02.01.2025 03:00:00 +01:00,15956.03,18347.74
02.01.2025 04:00:00 +01:00,17568.94,18440.98
02.01.2025 05:00:00 +01:00,20207.31,19157.99
02.01.2025 06:00:00 +01:00,23280.19,20354.33
02.01.2025 07:00:00 +01:00,24796.42,21495.23
02.01.2025 08:00:00 +01:00,25280.07,21853.70
02.01.2025 09:00:00 +01:00,26677.85,22295.68
02.01.2025 10:00:00 +01:00,26763.77,22302.71
02.01.2025 11:00:00 +01:00,26668.41,22019.09
02.01.2025 12:00:00 +01:00,26805.00,22138.66
02.01.2025 13:00:00 +01:00,26786.12,21908.13
02.01.2025 14:00:00 +01:00,26849.30,22160.20
02.01.2025 15:00:00 +01:00,27320.06,22392.88
02.01.2025 16:00:00 +01:00,27177.22,22416.65
02.01.2025 17:00:00 +01:00,26429.07,22203.35
02.01.2025 18:00:00 +01:00,26007.57,22101.12
02.01.2025 19:00:00 +01:00,26336.95,22053.57
02.01.2025 20:00:00 +01:00,25982.23,21855.42
02.01.2025 21:00:00 +01:00,25821.26,21916.20
02.01.2025 22:00:00 +01:00,25721.20,21504.63
02.01.2025 23:00:00 +01:00,25583.52,20652.87
03.01.2025 00:00:00 +01:00,25369.45,19626.16
03.01.2025 01:00:00 +01:00,24586.38,19597.30
03.01.2025 02:00:00 +01:00,23753.96,19779.00
03.01.2025 03:00:00 +01:00,22989.08,19409.62
03.01.2025 04:00:00 +01:00,22446.17,19090.76
03.01.2025 05:00:00 +01:00,23023.84,19481.27
03.01.2025 06:00:00 +01:00,24622.53,20763.93
03.01.2025 07:00:00 +01:00,26190.21,21933.95
03.01.2025 08:00:00 +01:00,26796.11,22363.23
03.01.2025 09:00:00 +01:00,25913.50,22500.19
03.01.2025 10:00:00 +01:00,26455.85,22481.75
03.01.2025 11:00:00 +01:00,26543.99,22314.28
03.01.2025 12:00:00 +01:00,26494.23,22287.34
03.01.2025 13:00:00 +01:00,26094.42,22253.19
03.01.2025 14:00:00 +01:00,25917.86,22220.25
03.01.2025 15:00:00 +01:00,26317.35,22216.00
03.01.2025 16:00:00 +01:00,25683.01,22181.13
03.01.2025 17:00:00 +01:00,25988.89,22164.72
03.01.2025 18:00:00 +01:00,26147.64,21929.45
03.01.2025 19:00:00 +01:00,25715.83,21644.49
03.01.2025 20:00:00 +01:00,25566.63,21982.36
03.01.2025 21:00:00 +01:00,25500.66,21609.88
03.01.2025 22:00:00 +01:00,25850.56,21004.61
03.01.2025 23:00:00 +01:00,25947.54,20730.42
04.01.2025 00:00:00 +01:00,25811.61,20719.16
04.01.2025 01:00:00 +01:00,25461.41,20142.90
04.01.2025 02:00:00 +01:00,24982.51,19956.39
04.01.2025 03:00:00 +01:00,24810.96,19864.78
04.01.2025 04:00:00 +01:00,25077.23,19780.00
04.01.2025 05:00:00 +01:00,25096.04,19594.05
04.01.2025 06:00:00 +01:00,25243.51,19877.66
04.01.2025 07:00:00 +01:00,24931.51,20213.67
04.01.2025 08:00:00 +01:00,25020.76,20809.97
04.01.2025 09:00:00 +01:00,25753.52,21177.70
04.01.2025 10:00:00 +01:00,26347.47,21619.89
04.01.2025 11:00:00 +01:00,26171.28,21732.78
04.01.2025 12:00:00 +01:00,26079.04,21464.81
04.01.2025 13:00:00 +01:00,26502.93,21593.06
04.01.2025 14:00:00 +01:00,26658.08,21605.13
04.01.2025 15:00:00 +01:00,26382.77,21750.35
04.01.2025 16:00:00 +01:00,26870.94,21745.11
04.01.2025 17:00:00 +01:00,27009.64,21796.77
04.01.2025 18:00:00 +01:00,27338.94,22097.30
04.01.2025 19:00:00 +01:00,27274.81,22125.79
04.01.2025 20:00:00 +01:00,27059.59,21695.97
04.01.2025 21:00:00 +01:00,27236.89,21498.99
04.01.2025 22:00:00 +01:00,27140.12,21172.65
04.01.2025 23:00:00 +01:00,27108.62,20840.35
05.01.2025 00:00:00 +01:00,26540.34,20538.46
05.01.2025 01:00:00 +01:00,26447.44,20052.14
05.01.2025 02:00:00 +01:00,26276.92,19862.91
05.01.2025 03:00:00 +01:00,26427.94,19956.69
05.01.2025 04:00:00 +01:00,26678.00,19979.74
05.01.2025 05:00:00 +01:00,26745.43,20001.86
05.01.2025 06:00:00 +01:00,26566.47,20178.91
05.01.2025 07:00:00 +01:00,26483.75,20220.22
05.01.2025 08:00:00 +01:00,26640.15,20649.99
05.01.2025 09:00:00 +01:00,27022.05,21154.63
05.01.2025 10:00:00 +01:00,27139.92,21580.00
05.01.2025 11:00:00 +01:00,27560.48,21838.15
05.01.2025 12:00:00 +01:00,27450.21,21976.94
05.01.2025 13:00:00 +01:00,27395.36,21982.40
05.01.2025 14:00:00 +01:00,27219.60,22171.96
05.01.2025 15:00:00 +01:00,27228.49,22384.04
05.01.2025 16:00:00 +01:00,27562.16,22738.28
05.01.2025 17:00:00 +01:00,27453.30,22636.87
05.01.2025 18:00:00 +01:00,27364.59,22593.38
05.01.2025 19:00:00 +01:00,27003.99,22366.29
05.01.2025 20:00:00 +01:00,26013.56,22260.02
05.01.2025 21:00:00 +01:00,25567.22,21899.93
05.01.2025 22:00:00 +01:00,24275.35,21448.84
05.01.2025 23:00:00 +01:00,20959.65,20747.51
06.01.2025 00:00:00 +01:00,19936.19,20064.25
06.01.2025 01:00:00 +01:00,18265.32,19706.58
06.01.2025 02:00:00 +01:00,17776.51,19712.17
06.01.2025 03:00:00 +01:00,17775.70,19670.58
06.01.2025 04:00:00 +01:00,17204.78,19731.77
06.01.2025 05:00:00 +01:00,17317.78,19962.44
06.01.2025 06:00:00 +01:00,18429.76,21145.52
06.01.2025 07:00:00 +01:00,23503.39,22504.24
06.01.2025 08:00:00 +01:00,25714.83,22995.15
06.01.2025 09:00:00 +01:00,25509.26,22970.26
06.01.2025 10:00:00 +01:00,25069.47,22879.91
06.01.2025 11:00:00 +01:00,24772.88,22969.65
06.01.2025 12:00:00 +01:00,24049.44,22993.13
06.01.2025 13:00:00 +01:00,23266.75,22862.76
06.01.2025 14:00:00 +01:00,22912.21,22954.80
06.01.2025 15:00:00 +01:00,22859.50,23223.56
06.01.2025 16:00:00 +01:00,23989.18,23414.45
06.01.2025 17:00:00 +01:00,25206.65,23172.68
06.01.2025 18:00:00 +01:00,25348.99,22665.79
06.01.2025 19:00:00 +01:00,24395.55,22294.88
06.01.2025 20:00:00 +01:00,22933.00,21925.93
06.01.2025 21:00:00 +01:00,20681.45,21521.31
06.01.2025 22:00:00 +01:00,20476.39,21024.63
06.01.2025 23:00:00 +01:00,19356.69,20438.54
07.01.2025 00:00:00 +01:00,18527.46,19848.35
07.01.2025 01:00:00 +01:00,17741.75,19582.23
07.01.2025 02:00:00 +01:00,17568.85,19370.55
07.01.2025 03:00:00 +01:00,17180.04,19247.04
07.01.2025 04:00:00 +01:00,18024.25,19329.50
07.01.2025 05:00:00 +01:00,19200.55,19627.28
07.01.2025 06:00:00 +01:00,21593.13,20649.07
07.01.2025 07:00:00 +01:00,24447.97,21655.34
07.01.2025 08:00:00 +01:00,24670.03,22132.28
07.01.2025 09:00:00 +01:00,24633.94,22002.87
07.01.2025 10:00:00 +01:00,24666.73,21900.65
07.01.2025 11:00:00 +01:00,23978.18,21754.02
07.01.2025 12:00:00 +01:00,23802.34,21613.19
07.01.2025 13:00:00 +01:00,23422.61,21506.18
07.01.2025 14:00:00 +01:00,23079.60,21574.65
07.01.2025 15:00:00 +01:00,23111.52,21752.67
07.01.2025 16:00:00 +01:00,23293.22,22212.67
07.01.2025 17:00:00 +01:00,23709.96,22065.77
07.01.2025 18:00:00 +01:00,23272.44,21687.61
07.01.2025 19:00:00 +01:00,22356.13,21468.23
07.01.2025 20:00:00 +01:00,21239.59,21250.08
07.01.2025 21:00:00 +01:00,20927.89,21050.43
07.01.2025 22:00:00 +01:00,20284.72,20599.62
07.01.2025 23:00:00 +01:00,19583.23,19968.65
08.01.2025 00:00:00 +01:00,19733.86,19296.92
08.01.2025 01:00:00 +01:00,19151.52,18952.09
08.01.2025 02:00:00 +01:00,19006.53,18807.92
08.01.2025 03:00:00 +01:00,18730.68,18724.26
08.01.2025 04:00:00 +01:00,19242.48,18704.50
08.01.2025 05:00:00 +01:00,20213.28,18786.38
08.01.2025 06:00:00 +01:00,22590.48,20059.14
08.01.2025 07:00:00 +01:00,25308.49,21680.14
08.01.2025 08:00:00 +01:00,25742.89,22103.95
08.01.2025 09:00:00 +01:00,25457.07,22432.58
08.01.2025 10:00:00 +01:00,25535.19,22382.61
08.01.2025 11:00:00 +01:00,26013.75,21869.27
08.01.2025 12:00:00 +01:00,26153.14,21902.47
08.01.2025 13:00:00 +01:00,25882.51,21925.51
08.01.2025 14:00:00 +01:00,26021.06,21907.61
08.01.2025 15:00:00 +01:00,26553.27,22110.85
08.01.2025 16:00:00 +01:00,27069.26,22254.26
08.01.2025 17:00:00 +01:00,27450.54,22408.71
08.01.2025 18:00:00 +01:00,27276.19,22059.49
08.01.2025 19:00:00 +01:00,26886.23,21812.06
08.01.2025 20:00:00 +01:00,26880.38,21681.61
08.01.2025 21:00:00 +01:00,26869.05,21429.64
08.01.2025 22:00:00 +01:00,26590.75,21144.33
08.01.2025 23:00:00 +01:00,26213.29,20622.77
09.01.2025 00:00:00 +01:00,25519.78,20178.33
09.01.2025 01:00:00 +01:00,25465.99,19939.38
09.01.2025 02:00:00 +01:00,25212.03,19799.03
09.01.2025 03:00:00 +01:00,25231.31,19563.10
09.01.2025 04:00:00 +01:00,25773.27,19606.01
09.01.2025 05:00:00 +01:00,26302.80,19943.79
09.01.2025 06:00:00 +01:00,26904.50,20931.42
09.01.2025 07:00:00 +01:00,26964.25,22093.87
09.01.2025 08:00:00 +01:00,26298.38,22201.54
09.01.2025 09:00:00 +01:00,26658.31,22171.69
09.01.2025 10:00:00 +01:00,27105.12,22358.54
09.01.2025 11:00:00 +01:00,26371.59,21965.25
09.01.2025 12:00:00 +01:00,26157.97,21837.78
09.01.2025 13:00:00 +01:00,26020.89,21865.15
09.01.2025 14:00:00 +01:00,26285.59,21848.12
09.01.2025 15:00:00 +01:00,26704.48,21856.14
09.01.2025 16:00:00 +01:00,26397.24,22139.16
09.01.2025 17:00:00 +01:00,26722.31,22066.98
09.01.2025 18:00:00 +01:00,26983.56,21954.11
09.01.2025 19:00:00 +01:00,27351.72,21842.09
09.01.2025 20:00:00 +01:00,26512.02,21623.65
09.01.2025 21:00:00 +01:00,26035.22,21132.03
09.01.2025 22:00:00 +01:00,26521.13,20763.99
09.01.2025 23:00:00 +01:00,26619.91,20275.30
10.01.2025 00:00:00 +01:00,26318.44,19682.50
10.01.2025 01:00:00 +01:00,26462.89,19337.93
10.01.2025 02:00:00 +01:00,26294.04,19092.42
10.01.2025 03:00:00 +01:00,25997.46,19051.27
10.01.2025 04:00:00 +01:00,26012.29,19256.31
10.01.2025 05:00:00 +01:00,25972.03,19504.74
10.01.2025 06:00:00 +01:00,26587.16,20599.05
10.01.2025 07:00:00 +01:00,27575.72,21788.76
10.01.2025 08:00:00 +01:00,27502.17,22437.59
10.01.2025 09:00:00 +01:00,27831.93,22263.59
10.01.2025 10:00:00 +01:00,27919.24,22303.08
10.01.2025 11:00:00 +01:00,27272.97,22030.08
10.01.2025 12:00:00 +01:00,26333.18,21809.68
10.01.2025 13:00:00 +01:00,27106.69,21576.19
10.01.2025 14:00:00 +01:00,26744.28,21584.67
10.01.2025 15:00:00 +01:00,26464.54,21513.22
10.01.2025 16:00:00 +01:00,26248.66,21859.37
10.01.2025 17:00:00 +01:00,26502.33,21964.41
10.01.2025 18:00:00 +01:00,26403.82,21649.84
10.01.2025 19:00:00 +01:00,26342.51,21437.31
10.01.2025 20:00:00 +01:00,26032.75,21176.55
10.01.2025 21:00:00 +01:00,25568.75,20925.32
10.01.2025 22:00:00 +01:00,24335.32,20400.84
10.01.2025 23:00:00 +01:00,23032.57,20168.21
11.01.2025 00:00:00 +01:00,21975.06,19711.68
11.01.2025 01:00:00 +01:00,21376.25,19387.05
11.01.2025 02:00:00 +01:00,20721.56,19151.97
11.01.2025 03:00:00 +01:00,20349.49,19114.11
11.01.2025 04:00:00 +01:00,20175.71,19214.07
11.01.2025 05:00:00 +01:00,20497.92,19113.38
11.01.2025 06:00:00 +01:00,20663.97,19437.33
11.01.2025 07:00:00 +01:00,20893.20,19837.00
11.01.2025 08:00:00 +01:00,21608.40,20588.49
11.01.2025 09:00:00 +01:00,22171.52,21009.43
11.01.2025 10:00:00 +01:00,22419.65,21132.68
11.01.2025 11:00:00 +01:00,22488.38,20863.30
11.01.2025 12:00:00 +01:00,21985.67,20961.49
11.01.2025 13:00:00 +01:00,21492.97,20694.22
11.01.2025 14:00:00 +01:00,21269.91,20378.61
11.01.2025 15:00:00 +01:00,21601.28,20713.70
11.01.2025 16:00:00 +01:00,23169.44,21298.63
11.01.2025 17:00:00 +01:00,24778.16,21564.79
11.01.2025 18:00:00 +01:00,25179.41,21887.61
11.01.2025 19:00:00 +01:00,24944.05,21709.88
11.01.2025 20:00:00 +01:00,24330.22,21328.19
11.01.2025 21:00:00 +01:00,24088.48,20882.50
11.01.2025 22:00:00 +01:00,23140.29,20463.07
11.01.2025 23:00:00 +01:00,22281.27,20043.15
12.01.2025 00:00:00 +01:00,21357.66,19777.44
12.01.2025 01:00:00 +01:00,21440.57,19692.67
12.01.2025 02:00:00 +01:00,21501.34,19506.85
12.01.2025 03:00:00 +01:00,21216.45,19440.14
12.01.2025 04:00:00 +01:00,21219.30,19492.61
12.01.2025 05:00:00 +01:00,21390.30,19400.00
12.01.2025 06:00:00 +01:00,21559.97,19577.90
12.01.2025 07:00:00 +01:00,22806.05,19892.72
12.01.2025 08:00:00 +01:00,24750.63,20597.76
12.01.2025 09:00:00 +01:00,25847.44,21070.37
12.01.2025 10:00:00 +01:00,26289.30,21333.65
12.01.2025 11:00:00 +01:00,26003.33,21358.79
12.01.2025 12:00:00 +01:00,26019.28,21329.97
12.01.2025 13:00:00 +01:00,25830.33,21143.52
12.01.2025 14:00:00 +01:00,24944.39,21028.30
12.01.2025 15:00:00 +01:00,25476.94,21132.16
12.01.2025 16:00:00 +01:00,26922.40,21869.71
12.01.2025 17:00:00 +01:00,27187.86,21858.59
12.01.2025 18:00:00 +01:00,27048.46,21716.27
12.01.2025 19:00:00 +01:00,26936.29,21935.13
12.01.2025 20:00:00 +01:00,26467.77,21863.55
12.01.2025 21:00:00 +01:00,26542.24,21318.67
12.01.2025 22:00:00 +01:00,27134.20,20849.07
12.01.2025 23:00:00 +01:00,27118.69,20227.94
13.01.2025 00:00:00 +01:00,26063.21,19922.41
13.01.2025 01:00:00 +01:00,25061.37,19750.70
13.01.2025 02:00:00 +01:00,23583.13,19202.86
13.01.2025 03:00:00 +01:00,23042.17,18904.70
13.01.2025 04:00:00 +01:00,23102.02,19009.27
13.01.2025 05:00:00 +01:00,23743.20,19882.56
13.01.2025 06:00:00 +01:00,25788.09,20941.14
13.01.2025 07:00:00 +01:00,27578.34,22161.83
13.01.2025 08:00:00 +01:00,27630.27,22280.15
13.01.2025 09:00:00 +01:00,27425.91,22071.21
13.01.2025 10:00:00 +01:00,26730.01,22006.27
13.01.2025 11:00:00 +01:00,26157.46,22079.87
13.01.2025 12:00:00 +01:00,25736.81,21976.89
13.01.2025 13:00:00 +01:00,24958.09,21856.34
13.01.2025 14:00:00 +01:00,23920.10,21714.33
13.01.2025 15:00:00 +01:00,22911.57,21618.33
13.01.2025 16:00:00 +01:00,23186.53,21548.26
13.01.2025 17:00:00 +01:00,23078.94,21164.45
13.01.2025 18:00:00 +01:00,22162.24,20745.98
13.01.2025 19:00:00 +01:00,20494.60,20362.93
13.01.2025 20:00:00 +01:00,19781.90,19935.70
13.01.2025 21:00:00 +01:00,19281.32,19591.13
13.01.2025 22:00:00 +01:00,18846.88,19009.48
13.01.2025 23:00:00 +01:00,18379.72,18300.35
14.01.2025 00:00:00 +01:00,17752.22,17701.34
14.01.2025 01:00:00 +01:00,17549.07,17242.10
14.01.2025 02:00:00 +01:00,17224.24,16992.26
14.01.2025 03:00:00 +01:00,16883.63,16954.85
14.01.2025 04:00:00 +01:00,16992.84,17043.14
14.01.2025 05:00:00 +01:00,17509.62,17383.75
14.01.2025 06:00:00 +01:00,18876.84,18419.97
14.01.2025 07:00:00 +01:00,20375.47,19673.71
14.01.2025 08:00:00 +01:00,20695.62,20038.58
14.01.2025 09:00:00 +01:00,20887.61,19911.25
14.01.2025 10:00:00 +01:00,20255.84,20009.88
14.01.2025 11:00:00 +01:00,20229.32,20022.10
14.01.2025 12:00:00 +01:00,20408.13,19921.19
14.01.2025 13:00:00 +01:00,20687.14,19688.12
14.01.2025 14:00:00 +01:00,20481.29,19468.50
14.01.2025 15:00:00 +01:00,20571.28,19522.17
14.01.2025 16:00:00 +01:00,22261.81,20157.23
14.01.2025 17:00:00 +01:00,22773.43,20082.11
14.01.2025 18:00:00 +01:00,22352.14,19842.52
14.01.2025 19:00:00 +01:00,21292.80,19786.79
14.01.2025 20:00:00 +01:00,20821.36,19641.44
14.01.2025 21:00:00 +01:00,20620.02,19285.75
14.01.2025 22:00:00 +01:00,20295.67,18857.73
14.01.2025 23:00:00 +01:00,19740.69,18242.24
15.01.2025 00:00:00 +01:00,19158.67,17739.60
15.01.2025 01:00:00 +01:00,19469.32,17443.81
15.01.2025 02:00:00 +01:00,20276.26,17239.90
15.01.2025 03:00:00 +01:00,20787.22,17174.88
15.01.2025 04:00:00 +01:00,22204.17,17174.07
15.01.2025 05:00:00 +01:00,23938.83,17750.81
15.01.2025 06:00:00 +01:00,25621.50,18775.37
15.01.2025 07:00:00 +01:00,26249.35,19866.42
15.01.2025 08:00:00 +01:00,25883.59,20002.68
15.01.2025 09:00:00 +01:00,25518.58,19711.17
15.01.2025 10:00:00 +01:00,25283.47,19809.32
15.01.2025 11:00:00 +01:00,24497.28,19894.98
15.01.2025 12:00:00 +01:00,23678.09,19770.05
15.01.2025 13:00:00 +01:00,23723.00,19612.43
15.01.2025 14:00:00 +01:00,24026.01,19654.43
15.01.2025 15:00:00 +01:00,24620.54,19860.59
15.01.2025 16:00:00 +01:00,24927.63,20248.44
15.01.2025 17:00:00 +01:00,24609.75,19887.47
15.01.2025 18:00:00 +01:00,24061.68,19621.82
15.01.2025 19:00:00 +01:00,23233.98,19439.44
15.01.2025 20:00:00 +01:00,22486.23,19235.92
15.01.2025 21:00:00 +01:00,21134.29,19379.44
15.01.2025 22:00:00 +01:00,20431.16,18470.65
15.01.2025 23:00:00 +01:00,20586.94,17869.11
16.01.2025 00:00:00 +01:00,19471.45,17260.05
16.01.2025 01:00:00 +01:00,19302.89,16954.76
16.01.2025 02:00:00 +01:00,18938.85,16621.12
16.01.2025 03:00:00 +01:00,18600.85,16496.20
16.01.2025 04:00:00 +01:00,18522.00,16593.96
16.01.2025 05:00:00 +01:00,18843.45,16918.94
16.01.2025 06:00:00 +01:00,20690.68,18014.94
16.01.2025 07:00:00 +01:00,22354.06,19027.70
16.01.2025 08:00:00 +01:00,23032.87,19355.19
16.01.2025 09:00:00 +01:00,22686.87,18850.80
16.01.2025 10:00:00 +01:00,22788.69,18792.36
16.01.2025 11:00:00 +01:00,22592.24,18815.76
16.01.2025 12:00:00 +01:00,22089.88,18639.27
16.01.2025 13:00:00 +01:00,21831.58,18678.81
16.01.2025 14:00:00 +01:00,21833.46,18497.99
16.01.2025 15:00:00 +01:00,22764.75,19020.42
16.01.2025 16:00:00 +01:00,23452.10,19320.37
16.01.2025 17:00:00 +01:00,23740.47,19460.02
16.01.2025 18:00:00 +01:00,23164.03,19352.77
16.01.2025 19:00:00 +01:00,22191.92,19031.52
16.01.2025 20:00:00 +01:00,21520.34,18830.99
16.01.2025 21:00:00 +01:00,20600.95,18436.75
16.01.2025 22:00:00 +01:00,19800.36,17947.58
16.01.2025 23:00:00 +01:00,18879.63,17375.00
17.01.2025 00:00:00 +01:00,18595.93,16965.17
17.01.2025 01:00:00 +01:00,18327.96,16327.68
17.01.2025 02:00:00 +01:00,17811.24,16285.88
17.01.2025 03:00:00 +01:00,17779.60,16170.21
17.01.2025 04:00:00 +01:00,17973.83,16201.79
17.01.2025 05:00:00 +01:00,18607.62,16507.49
17.01.2025 06:00:00 +01:00,19860.57,17413.74
17.01.2025 07:00:00 +01:00,22101.95,19042.39
17.01.2025 08:00:00 +01:00,22939.22,19218.23
17.01.2025 09:00:00 +01:00,22404.50,19505.30
17.01.2025 10:00:00 +01:00,22204.61,19378.78
17.01.2025 11:00:00 +01:00,22235.14,19234.17
17.01.2025 12:00:00 +01:00,21073.83,18865.57
17.01.2025 13:00:00 +01:00,20122.77,18402.87
17.01.2025 14:00:00 +01:00,20231.34,18710.22
17.01.2025 15:00:00 +01:00,20439.68,18993.97
17.01.2025 16:00:00 +01:00,20930.61,19503.48
17.01.2025 17:00:00 +01:00,21051.53,19485.49
17.01.2025 18:00:00 +01:00,20360.24,19073.40
17.01.2025 19:00:00 +01:00,20373.37,18646.63
17.01.2025 20:00:00 +01:00,20274.84,18438.33
17.01.2025 21:00:00 +01:00,19801.61,18160.57
17.01.2025 22:00:00 +01:00,19600.20,17682.36
17.01.2025 23:00:00 +01:00,19481.28,17151.13
18.01.2025 00:00:00 +01:00,19183.46,17011.96
18.01.2025 01:00:00 +01:00,19328.09,16914.06
18.01.2025 02:00:00 +01:00,18969.78,16418.64
18.01.2025 03:00:00 +01:00,18908.80,16132.53
18.01.2025 04:00:00 +01:00,18461.89,16082.02
18.01.2025 05:00:00 +01:00,18084.93,16044.31
18.01.2025 06:00:00 +01:00,18153.60,16325.52
18.01.2025 07:00:00 +01:00,19781.89,17089.57
18.01.2025 08:00:00 +01:00,21451.15,17636.41
18.01.2025 09:00:00 +01:00,22629.13,17906.39
18.01.2025 10:00:00 +01:00,23740.35,18224.49
18.01.2025 11:00:00 +01:00,24054.71,18181.75
18.01.2025 12:00:00 +01:00,23984.86,18012.02
18.01.2025 13:00:00 +01:00,23629.33,18065.98
18.01.2025 14:00:00 +01:00,23664.28,18058.00
18.01.2025 15:00:00 +01:00,24111.10,18273.28
18.01.2025 16:00:00 +01:00,24900.54,18634.99
18.01.2025 17:00:00 +01:00,24763.40,18914.74
18.01.2025 18:00:00 +01:00,23922.67,18648.09
18.01.2025 19:00:00 +01:00,23121.23,18571.08
18.01.2025 20:00:00 +01:00,22446.75,18067.65
18.01.2025 21:00:00 +01:00,21630.35,17792.18
18.01.2025 22:00:00 +01:00,20698.77,17396.07
18.01.2025 23:00:00 +01:00,20128.05,17019.93
19.01.2025 00:00:00 +01:00,19414.54,16925.58
19.01.2025 01:00:00 +01:00,18887.33,16573.73
19.01.2025 02:00:00 +01:00,18409.29,16396.01
19.01.2025 03:00:00 +01:00,18200.94,16349.43
19.01.2025 04:00:00 +01:00,17772.23,16300.32
19.01.2025 05:00:00 +01:00,18047.59,16275.68
19.01.2025 06:00:00 +01:00,18631.93,16571.54
19.01.2025 07:00:00 +01:00,19820.12,16683.80
19.01.2025 08:00:00 +01:00,20899.10,16982.46
19.01.2025 09:00:00 +01:00,22337.49,17490.70
19.01.2025 10:00:00 +01:00,22909.28,17750.81
19.01.2025 11:00:00 +01:00,22657.55,18172.86
19.01.2025 12:00:00 +01:00,22858.34,18350.08
19.01.2025 13:00:00 +01:00,23083.46,18577.61
19.01.2025 14:00:00 +01:00,23696.22,18639.70
19.01.2025 15:00:00 +01:00,24469.76,19224.06
19.01.2025 16:00:00 +01:00,25694.96,19369.92
19.01.2025 17:00:00 +01:00,26570.01,19285.55
19.01.2025 18:00:00 +01:00,26662.22,19335.48
19.01.2025 19:00:00 +01:00,26823.90,19513.20
19.01.2025 20:00:00 +01:00,26894.84,19163.65
19.01.2025 21:00:00 +01:00,26907.51,18930.75
19.01.2025 22:00:00 +01:00,26084.28,18770.26
19.01.2025 23:00:00 +01:00,25005.07,18453.97
20.01.2025 00:00:00 +01:00,23920.72,17966.57
20.01.2025 01:00:00 +01:00,23438.42,17552.00
20.01.2025 02:00:00 +01:00,23077.93,17439.69
20.01.2025 03:00:00 +01:00,22824.71,17324.99
20.01.2025 04:00:00 +01:00,23267.77,17317.92
20.01.2025 05:00:00 +01:00,24293.24,17571.44
20.01.2025 06:00:00 +01:00,26144.93,18749.62
20.01.2025 07:00:00 +01:00,26007.14,19949.81
20.01.2025 08:00:00 +01:00,24674.41,20098.17
20.01.2025 09:00:00 +01:00,24638.71,19998.76
20.01.2025 10:00:00 +01:00,24789.46,20135.88
20.01.2025 11:00:00 +01:00,24464.07,20150.45
20.01.2025 12:00:00 +01:00,24340.65,20141.01
20.01.2025 13:00:00 +01:00,24070.94,20177.60
20.01.2025 14:00:00 +01:00,23888.62,20283.69
20.01.2025 15:00:00 +01:00,23617.84,20452.16
20.01.2025 16:00:00 +01:00,25201.17,20954.23
20.01.2025 17:00:00 +01:00,25631.73,20708.41
20.01.2025 18:00:00 +01:00,25415.71,20340.18
20.01.2025 19:00:00 +01:00,25595.19,20156.59
20.01.2025 20:00:00 +01:00,25880.66,20026.09
20.01.2025 21:00:00 +01:00,26032.78,19921.15
20.01.2025 22:00:00 +01:00,25293.76,19698.80
20.01.2025 23:00:00 +01:00,23755.67,19018.49
21.01.2025 00:00:00 +01:00,23168.17,18405.30
21.01.2025 01:00:00 +01:00,23061.08,18134.43
21.01.2025 02:00:00 +01:00,22809.07,17984.25
21.01.2025 03:00:00 +01:00,22941.60,17855.15
21.01.2025 04:00:00 +01:00,23363.87,17914.43
21.01.2025 05:00:00 +01:00,24410.82,18515.21
21.01.2025 06:00:00 +01:00,25955.22,19837.82
21.01.2025 07:00:00 +01:00,26696.34,20865.71
21.01.2025 08:00:00 +01:00,26197.38,20986.19
21.01.2025 09:00:00 +01:00,26131.49,20853.51
21.01.2025 10:00:00 +01:00,26243.07,20945.42
21.01.2025 11:00:00 +01:00,26653.15,20982.75
21.01.2025 12:00:00 +01:00,26578.45,20963.64
21.01.2025 13:00:00 +01:00,26941.63,21095.42
21.01.2025 14:00:00 +01:00,26941.71,20929.27
21.01.2025 15:00:00 +01:00,26897.38,21047.59
21.01.2025 16:00:00 +01:00,26427.11,21208.65
21.01.2025 17:00:00 +01:00,26324.73,21237.80
21.01.2025 18:00:00 +01:00,26223.26,21010.61
21.01.2025 19:00:00 +01:00,26590.13,21029.65
21.01.2025 20:00:00 +01:00,26471.25,20944.28
21.01.2025 21:00:00 +01:00,26249.47,20586.52
21.01.2025 22:00:00 +01:00,25286.55,20177.05
21.01.2025 23:00:00 +01:00,24732.97,19567.76
22.01.2025 00:00:00 +01:00,24243.63,19172.80
22.01.2025 01:00:00 +01:00,24150.72,18629.38
22.01.2025 02:00:00 +01:00,24328.12,18718.45
22.01.2025 03:00:00 +01:00,24424.13,18682.15
22.01.2025 04:00:00 +01:00,24322.14,18436.40
22.01.2025 05:00:00 +01:00,24661.65,18698.17
22.01.2025 06:00:00 +01:00,25395.76,19615.24
22.01.2025 07:00:00 +01:00,25623.92,20680.86
22.01.2025 08:00:00 +01:00,25858.16,21140.15
22.01.2025 09:00:00 +01:00,26549.60,21233.67
22.01.2025 10:00:00 +01:00,25616.74,20826.76
22.01.2025 11:00:00 +01:00,25510.75,20660.55
22.01.2025 12:00:00 +01:00,25613.57,20544.36
22.01.2025 13:00:00 +01:00,25182.29,20506.27
22.01.2025 14:00:00 +01:00,25107.41,20365.10
22.01.2025 15:00:00 +01:00,25341.04,20581.49
22.01.2025 16:00:00 +01:00,25473.69,20977.21
22.01.2025 17:00:00 +01:00,25654.29,21080.19
22.01.2025 18:00:00 +01:00,25879.19,20980.75
22.01.2025 19:00:00 +01:00,25740.17,20805.37
22.01.2025 20:00:00 +01:00,26190.02,20848.33
22.01.2025 21:00:00 +01:00,26077.71,20476.74
22.01.2025 22:00:00 +01:00,25687.09,20074.00
22.01.2025 23:00:00 +01:00,25904.16,19756.75
23.01.2025 00:00:00 +01:00,25484.56,19260.88
23.01.2025 01:00:00 +01:00,25335.10,18977.81
23.01.2025 02:00:00 +01:00,24906.13,18895.87
23.01.2025 03:00:00 +01:00,24692.84,18774.82
23.01.2025 04:00:00 +01:00,24692.34,18783.55
23.01.2025 05:00:00 +01:00,24827.47,19028.30
23.01.2025 06:00:00 +01:00,25778.74,20161.99
23.01.2025 07:00:00 +01:00,25770.79,21389.99
23.01.2025 08:00:00 +01:00,25494.92,21659.35
23.01.2025 09:00:00 +01:00,26008.02,21652.80
23.01.2025 10:00:00 +01:00,26429.41,21557.67
23.01.2025 11:00:00 +01:00,26630.28,21458.03
23.01.2025 12:00:00 +01:00,26017.41,21349.98
23.01.2025 13:00:00 +01:00,25837.19,21284.81
23.01.2025 14:00:00 +01:00,26472.75,21424.84
23.01.2025 15:00:00 +01:00,27058.48,21915.56
23.01.2025 16:00:00 +01:00,27474.75,22081.39
23.01.2025 17:00:00 +01:00,27540.05,22097.45
23.01.2025 18:00:00 +01:00,27707.59,21865.84
23.01.2025 19:00:00 +01:00,27117.13,21554.69
23.01.2025 20:00:00 +01:00,26598.75,21412.20
23.01.2025 21:00:00 +01:00,26390.14,21013.60
23.01.2025 22:00:00 +01:00,25500.43,20593.92
23.01.2025 23:00:00 +01:00,24372.62,19833.60
24.01.2025 00:00:00 +01:00,24295.30,19424.39
24.01.2025 01:00:00 +01:00,23136.32,18910.61
24.01.2025 02:00:00 +01:00,21713.60,18720.20
24.01.2025 03:00:00 +01:00,20908.90,18682.58
24.01.2025 04:00:00 +01:00,20674.67,18605.51
24.01.2025 05:00:00 +01:00,22158.81,18887.09
24.01.2025 06:00:00 +01:00,25489.50,20036.17
24.01.2025 07:00:00 +01:00,26916.38,21584.68
24.01.2025 08:00:00 +01:00,26797.19,22041.99
24.01.2025 09:00:00 +01:00,26536.39,21986.84
24.01.2025 10:00:00 +01:00,26659.91,21830.69
24.01.2025 11:00:00 +01:00,26581.25,21758.83
24.01.2025 12:00:00 +01:00,25512.18,21575.26
24.01.2025 13:00:00 +01:00,24451.66,21170.30
24.01.2025 14:00:00 +01:00,23738.48,21171.67
24.01.2025 15:00:00 +01:00,24793.86,21298.43
24.01.2025 16:00:00 +01:00,25453.90,21343.50
24.01.2025 17:00:00 +01:00,25347.11,21208.40
24.01.2025 18:00:00 +01:00,24225.66,20870.54
24.01.2025 19:00:00 +01:00,22666.08,20562.68
24.01.2025 20:00:00 +01:00,20741.11,19957.46
24.01.2025 21:00:00 +01:00,19560.03,19317.03
24.01.2025 22:00:00 +01:00,19343.69,18978.97
24.01.2025 23:00:00 +01:00,18825.52,18670.69
25.01.2025 00:00:00 +01:00,19109.48,18470.70
25.01.2025 01:00:00 +01:00,18266.35,18057.87
25.01.2025 02:00:00 +01:00,17583.79,17571.92
25.01.2025 03:00:00 +01:00,17240.64,17353.25
25.01.2025 04:00:00 +01:00,17652.83,17322.27
25.01.2025 05:00:00 +01:00,18092.94,17460.39
25.01.2025 06:00:00 +01:00,18669.59,17632.17
25.01.2025 07:00:00 +01:00,19248.03,18239.73
25.01.2025 08:00:00 +01:00,19938.99,18923.94
25.01.2025 09:00:00 +01:00,20970.93,18629.52
25.01.2025 10:00:00 +01:00,21305.68,18716.31
25.01.2025 11:00:00 +01:00,20753.14,18966.25
25.01.2025 12:00:00 +01:00,20708.49,19040.96
25.01.2025 13:00:00 +01:00,20753.33,18911.50
25.01.2025 14:00:00 +01:00,21450.39,18919.33
25.01.2025 15:00:00 +01:00,22189.15,19059.14
25.01.2025 16:00:00 +01:00,22946.56,19232.16
25.01.2025 17:00:00 +01:00,23095.05,19790.20
25.01.2025 18:00:00 +01:00,22169.76,19699.69
25.01.2025 19:00:00 +01:00,21074.99,18971.46
25.01.2025 20:00:00 +01:00,20421.99,18571.38
25.01.2025 21:00:00 +01:00,20142.38,18169.59
25.01.2025 22:00:00 +01:00,19898.90,17783.80
25.01.2025 23:00:00 +01:00,19906.03,17580.79
26.01.2025 00:00:00 +01:00,19161.61,17148.55
26.01.2025 01:00:00 +01:00,18756.48,17109.96
26.01.2025 02:00:00 +01:00,19043.64,16863.45
26.01.2025 03:00:00 +01:00,19222.38,16723.43
26.01.2025 04:00:00 +01:00,19210.02,16687.60
26.01.2025 05:00:00 +01:00,19291.42,17000.16
26.01.2025 06:00:00 +01:00,19790.13,17546.81
26.01.2025 07:00:00 +01:00,20713.13,17369.72
26.01.2025 08:00:00 +01:00,21561.07,17750.83
26.01.2025 09:00:00 +01:00,22833.28,18305.16
26.01.2025 10:00:00 +01:00,24282.70,18864.62
26.01.2025 11:00:00 +01:00,25249.77,18553.52
26.01.2025 12:00:00 +01:00,25066.15,18848.63
26.01.2025 13:00:00 +01:00,25310.32,18827.17
26.01.2025 14:00:00 +01:00,25407.93,18669.80
26.01.2025 15:00:00 +01:00,25083.15,19072.19
26.01.2025 16:00:00 +01:00,25634.63,19564.69
26.01.2025 17:00:00 +01:00,25867.60,19772.26
26.01.2025 18:00:00 +01:00,25977.37,19547.85
26.01.2025 19:00:00 +01:00,26145.69,19375.04
26.01.2025 20:00:00 +01:00,25724.27,19502.81
26.01.2025 21:00:00 +01:00,25362.03,19364.61
26.01.2025 22:00:00 +01:00,24334.12,18779.71
26.01.2025 23:00:00 +01:00,21823.40,18135.14
27.01.2025 00:00:00 +01:00,22129.44,18046.50
27.01.2025 01:00:00 +01:00,19445.47,17396.91
27.01.2025 02:00:00 +01:00,15699.06,17029.22
27.01.2025 03:00:00 +01:00,14449.88,17070.13
27.01.2025 04:00:00 +01:00,14510.27,17271.63
27.01.2025 05:00:00 +01:00,16083.34,17759.94
27.01.2025 06:00:00 +01:00,20482.20,19023.18
27.01.2025 07:00:00 +01:00,25318.66,20402.90
27.01.2025 08:00:00 +01:00,26089.19,20637.35
27.01.2025 09:00:00 +01:00,25789.63,20526.98
27.01.2025 10:00:00 +01:00,24440.47,21079.48
27.01.2025 11:00:00 +01:00,23417.95,20276.21
27.01.2025 12:00:00 +01:00,22699.86,20080.98
27.01.2025 13:00:00 +01:00,22390.58,20172.91
27.01.2025 14:00:00 +01:00,23001.24,20363.40
27.01.2025 15:00:00 +01:00,24422.09,20786.05
27.01.2025 16:00:00 +01:00,25630.89,21115.61
27.01.2025 17:00:00 +01:00,26706.51,20997.06
27.01.2025 18:00:00 +01:00,26497.67,20711.26
27.01.2025 19:00:00 +01:00,24993.55,20038.48
27.01.2025 20:00:00 +01:00,23685.85,20009.90
27.01.2025 21:00:00 +01:00,22965.25,19762.31
27.01.2025 22:00:00 +01:00,22403.71,19458.21
27.01.2025 23:00:00 +01:00,21512.08,18855.84
28.01.2025 00:00:00 +01:00,20416.59,18267.50
28.01.2025 01:00:00 +01:00,19567.03,17944.53
28.01.2025 02:00:00 +01:00,19559.32,17699.35
28.01.2025 03:00:00 +01:00,19097.14,17525.42
28.01.2025 04:00:00 +01:00,19384.94,17364.86
28.01.2025 05:00:00 +01:00,20202.85,17311.24
28.01.2025 06:00:00 +01:00,21466.81,18728.35
28.01.2025 07:00:00 +01:00,23539.87,20053.59
28.01.2025 08:00:00 +01:00,24243.43,20516.36
28.01.2025 09:00:00 +01:00,23984.31,20646.60
28.01.2025 10:00:00 +01:00,23971.88,20278.99
28.01.2025 11:00:00 +01:00,23810.84,19915.81
28.01.2025 12:00:00 +01:00,23495.73,20020.35
28.01.2025 13:00:00 +01:00,23594.21,19675.31
28.01.2025 14:00:00 +01:00,23416.36,19718.38
28.01.2025 15:00:00 +01:00,24127.05,19825.21
28.01.2025 16:00:00 +01:00,24367.06,20195.51
28.01.2025 17:00:00 +01:00,25032.55,20558.91
28.01.2025 18:00:00 +01:00,25151.00,19918.27
28.01.2025 19:00:00 +01:00,24868.07,19779.05
28.01.2025 20:00:00 +01:00,25281.58,19756.29
28.01.2025 21:00:00 +01:00,25232.72,19333.46
28.01.2025 22:00:00 +01:00,24544.39,18822.92
28.01.2025 23:00:00 +01:00,23605.17,18074.68
29.01.2025 00:00:00 +01:00,23062.32,17534.78
29.01.2025 01:00:00 +01:00,22177.06,17364.41
29.01.2025 02:00:00 +01:00,21695.49,17410.62
29.01.2025 03:00:00 +01:00,21759.58,17530.10
29.01.2025 04:00:00 +01:00,22006.48,17457.26
29.01.2025 05:00:00 +01:00,22872.05,17574.48
29.01.2025 06:00:00 +01:00,24417.34,18554.94
29.01.2025 07:00:00 +01:00,25255.39,19462.43
29.01.2025 08:00:00 +01:00,24968.32,19732.24
29.01.2025 09:00:00 +01:00,25205.81,19625.77
29.01.2025 10:00:00 +01:00,24597.38,19645.15
29.01.2025 11:00:00 +01:00,24518.37,19706.41
29.01.2025 12:00:00 +01:00,23924.03,19795.11
29.01.2025 13:00:00 +01:00,23672.34,19701.74
29.01.2025 14:00:00 +01:00,23918.88,19647.11
29.01.2025 15:00:00 +01:00,24806.54,19804.06
29.01.2025 16:00:00 +01:00,25023.49,19869.23
29.01.2025 17:00:00 +01:00,25179.62,20069.55
29.01.2025 18:00:00 +01:00,25143.98,19832.23
29.01.2025 19:00:00 +01:00,25239.91,19822.38
29.01.2025 20:00:00 +01:00,24564.47,19432.67
29.01.2025 21:00:00 +01:00,24553.65,19180.83
29.01.2025 22:00:00 +01:00,23797.96,18857.77
29.01.2025 23:00:00 +01:00,22323.55,18415.47
30.01.2025 00:00:00 +01:00,21678.83,17898.47
30.01.2025 01:00:00 +01:00,20938.31,17466.99
30.01.2025 02:00:00 +01:00,19946.90,17336.03
30.01.2025 03:00:00 +01:00,19407.62,17229.83
30.01.2025 04:00:00 +01:00,19217.72,17293.74
30.01.2025 05:00:00 +01:00,19585.58,17662.42
30.01.2025 06:00:00 +01:00,21323.82,18826.82
30.01.2025 07:00:00 +01:00,23645.86,20049.96
30.01.2025 08:00:00 +01:00,23784.70,20390.41
30.01.2025 09:00:00 +01:00,23479.96,20255.34
30.01.2025 10:00:00 +01:00,23342.82,20230.79
30.01.2025 11:00:00 +01:00,23453.33,20047.73
30.01.2025 12:00:00 +01:00,23261.93,19889.80
30.01.2025 13:00:00 +01:00,23242.28,19836.33
30.01.2025 14:00:00 +01:00,23441.60,19849.23
30.01.2025 15:00:00 +01:00,23534.14,20040.44
30.01.2025 16:00:00 +01:00,24179.06,20299.04
30.01.2025 17:00:00 +01:00,24433.24,20281.07
30.01.2025 18:00:00 +01:00,24246.45,20175.36
30.01.2025 19:00:00 +01:00,24344.86,20159.61
30.01.2025 20:00:00 +01:00,24000.58,19967.37
30.01.2025 21:00:00 +01:00,23493.80,19752.51
30.01.2025 22:00:00 +01:00,22470.54,19371.64
30.01.2025 23:00:00 +01:00,21771.10,18684.30
31.01.2025 00:00:00 +01:00,22304.44,18372.23
31.01.2025 01:00:00 +01:00,22611.09,18257.79
31.01.2025 02:00:00 +01:00,22494.52,17923.99
31.01.2025 03:00:00 +01:00,22261.38,17778.48
31.01.2025 04:00:00 +01:00,22319.23,18130.47
31.01.2025 05:00:00 +01:00,23399.03,18547.99
31.01.2025 06:00:00 +01:00,24832.46,19606.61
31.01.2025 07:00:00 +01:00,25119.63,20735.80
31.01.2025 08:00:00 +01:00,25067.63,21153.93
31.01.2025 09:00:00 +01:00,24625.82,21029.83
31.01.2025 10:00:00 +01:00,24788.20,21056.13
31.01.2025 11:00:00 +01:00,24687.54,20811.24
31.01.2025 12:00:00 +01:00,24549.21,20600.10
31.01.2025 13:00:00 +01:00,24375.33,20275.61
31.01.2025 14:00:00 +01:00,24256.13,19928.86
31.01.2025 15:00:00 +01:00,24526.20,19801.28
31.01.2025 16:00:00 +01:00,24588.83,20166.73
31.01.2025 17:00:00 +01:00,25168.79,20331.39
31.01.2025 18:00:00 +01:00,25251.94,20377.64
31.01.2025 19:00:00 +01:00,24689.19,20135.01
31.01.2025 20:00:00 +01:00,23777.99,19911.92
31.01.2025 21:00:00 +01:00,23077.41,19453.79
31.01.2025 22:00:00 +01:00,22535.61,19156.63
31.01.2025 23:00:00 +01:00,22151.90,18868.19
01.02.2025 00:00:00 +01:00,22874.44,18694.98
01.02.2025 01:00:00 +01:00,22639.55,18472.35
01.02.2025 02:00:00 +01:00,22151.88,18483.86
01.02.2025 03:00:00 +01:00,21740.14,18281.83
01.02.2025 04:00:00 +01:00,21761.19,18216.21
01.02.2025 05:00:00 +01:00,22142.94,18268.73
01.02.2025 06:00:00 +01:00,22569.57,18551.69
01.02.2025 07:00:00 +01:00,23486.40,19035.97
01.02.2025 08:00:00 +01:00,24169.42,19709.67
01.02.2025 09:00:00 +01:00,24033.74,19928.49
01.02.2025 10:00:00 +01:00,24059.40,19851.53
01.02.2025 11:00:00 +01:00,24042.19,19594.03
01.02.2025 12:00:00 +01:00,24301.79,19507.07
01.02.2025 13:00:00 +01:00,24039.56,19404.36
01.02.2025 14:00:00 +01:00,24476.73,19403.54
01.02.2025 15:00:00 +01:00,24543.99,19318.36
01.02.2025 16:00:00 +01:00,24387.05,19701.06
01.02.2025 17:00:00 +01:00,24200.76,20060.02
01.02.2025 18:00:00 +01:00,24660.30,20282.60
01.02.2025 19:00:00 +01:00,25173.80,20159.74
01.02.2025 20:00:00 +01:00,24717.54,19969.96
01.02.2025 21:00:00 +01:00,24627.08,19645.68
01.02.2025 22:00:00 +01:00,24689.73,19522.09
01.02.2025 23:00:00 +01:00,24612.84,19276.70
02.02.2025 00:00:00 +01:00,24395.30,18935.45
02.02.2025 01:00:00 +01:00,24537.60,18485.66
02.02.2025 02:00:00 +01:00,24426.00,18122.09
02.02.2025 03:00:00 +01:00,24380.23,17921.36
02.02.2025 04:00:00 +01:00,24288.35,18065.92
02.02.2025 05:00:00 +01:00,24493.77,18123.39
02.02.2025 06:00:00 +01:00,24133.95,18460.83
02.02.2025 07:00:00 +01:00,24757.32,18616.63
02.02.2025 08:00:00 +01:00,24697.21,18912.08
02.02.2025 09:00:00 +01:00,25225.97,19374.55
02.02.2025 10:00:00 +01:00,25654.34,19743.33
02.02.2025 11:00:00 +01:00,25769.57,19696.41
02.02.2025 12:00:00 +01:00,25955.57,19759.42
02.02.2025 13:00:00 +01:00,26491.75,19818.44
02.02.2025 14:00:00 +01:00,26361.12,19912.34
02.02.2025 15:00:00 +01:00,25475.73,19975.11
02.02.2025 16:00:00 +01:00,25402.97,20053.80
02.02.2025 17:00:00 +01:00,25784.47,20318.33
02.02.2025 18:00:00 +01:00,25842.08,20392.26
02.02.2025 19:00:00 +01:00,25099.64,20241.45
02.02.2025 20:00:00 +01:00,25103.39,20153.71
02.02.2025 21:00:00 +01:00,25544.96,19912.21
02.02.2025 22:00:00 +01:00,25288.20,19619.12
02.02.2025 23:00:00 +01:00,24445.91,19446.46
03.02.2025 00:00:00 +01:00,24653.74,19195.12
03.02.2025 01:00:00 +01:00,24615.76,18940.68
03.02.2025 02:00:00 +01:00,24272.29,18661.05
03.02.2025 03:00:00 +01:00,24261.68,18470.63
03.02.2025 04:00:00 +01:00,24298.44,18327.79
03.02.2025 05:00:00 +01:00,24970.92,18850.98
03.02.2025 06:00:00 +01:00,25688.35,19886.39
03.02.2025 07:00:00 +01:00,25759.05,21052.18
03.02.2025 08:00:00 +01:00,25572.52,21311.45
03.02.2025 09:00:00 +01:00,25804.99,21350.91
03.02.2025 10:00:00 +01:00,26171.60,21401.79
03.02.2025 11:00:00 +01:00,26592.77,21268.54
03.02.2025 12:00:00 +01:00,26612.43,21088.11
03.02.2025 13:00:00 +01:00,26288.77,21056.32
03.02.2025 14:00:00 +01:00,26114.41,20968.62
03.02.2025 15:00:00 +01:00,25770.76,20981.65
03.02.2025 16:00:00 +01:00,26099.60,21201.29
03.02.2025 17:00:00 +01:00,25908.23,21245.75
03.02.2025 18:00:00 +01:00,26210.40,20986.99
03.02.2025 19:00:00 +01:00,25944.61,20707.70
03.02.2025 20:00:00 +01:00,25797.18,20426.21
03.02.2025 21:00:00 +01:00,26200.38,20102.25
03.02.2025 22:00:00 +01:00,26494.74,19687.26
03.02.2025 23:00:00 +01:00,26284.82,19078.01
04.02.2025 00:00:00 +01:00,25864.25,18827.07
04.02.2025 01:00:00 +01:00,25388.95,18698.69
04.02.2025 02:00:00 +01:00,25474.84,18562.19
04.02.2025 03:00:00 +01:00,25327.13,18397.38
04.02.2025 04:00:00 +01:00,24947.42,18354.26
04.02.2025 05:00:00 +01:00,25383.08,18525.35
04.02.2025 06:00:00 +01:00,26458.02,19456.65
04.02.2025 07:00:00 +01:00,26600.67,20241.57
04.02.2025 08:00:00 +01:00,26355.64,20217.80
04.02.2025 09:00:00 +01:00,26779.58,20158.93
04.02.2025 10:00:00 +01:00,26914.62,20174.27
04.02.2025 11:00:00 +01:00,27282.58,20036.24
04.02.2025 12:00:00 +01:00,27010.85,19921.80
04.02.2025 13:00:00 +01:00,26944.04,19958.69
04.02.2025 14:00:00 +01:00,26451.63,19990.48
04.02.2025 15:00:00 +01:00,25976.40,20166.18
04.02.2025 16:00:00 +01:00,26357.39,20481.78
04.02.2025 17:00:00 +01:00,26259.37,20435.08
04.02.2025 18:00:00 +01:00,25072.98,20089.37
04.02.2025 19:00:00 +01:00,23832.85,19778.49
04.02.2025 20:00:00 +01:00,22722.09,19661.53
04.02.2025 21:00:00 +01:00,21917.52,19386.99
04.02.2025 22:00:00 +01:00,20845.91,18883.17
04.02.2025 23:00:00 +01:00,19623.80,18074.33
05.02.2025 00:00:00 +01:00,18975.89,17311.39
05.02.2025 01:00:00 +01:00,18114.61,17215.72
05.02.2025 02:00:00 +01:00,17578.67,16833.41
05.02.2025 03:00:00 +01:00,17034.21,16711.58
05.02.2025 04:00:00 +01:00,17037.96,16615.21
05.02.2025 05:00:00 +01:00,17600.08,16979.49
05.02.2025 06:00:00 +01:00,19977.53,18205.84
05.02.2025 07:00:00 +01:00,22328.23,19307.66
05.02.2025 08:00:00 +01:00,22572.01,19596.22
05.02.2025 09:00:00 +01:00,22645.34,19525.85
05.02.2025 10:00:00 +01:00,22413.06,19469.16
05.02.2025 11:00:00 +01:00,21867.18,19056.72
05.02.2025 12:00:00 +01:00,21257.75,18780.63
05.02.2025 13:00:00 +01:00,20964.13,18830.96
05.02.2025 14:00:00 +01:00,20933.90,18988.35
05.02.2025 15:00:00 +01:00,21705.44,18850.44
05.02.2025 16:00:00 +01:00,22850.33,19539.81
05.02.2025 17:00:00 +01:00,24315.77,19379.30
05.02.2025 18:00:00 +01:00,24124.08,19115.17
05.02.2025 19:00:00 +01:00,23683.91,19226.49
05.02.2025 20:00:00 +01:00,23388.32,19323.38
05.02.2025 21:00:00 +01:00,22878.74,19259.78
05.02.2025 22:00:00 +01:00,22356.71,18932.78
05.02.2025 23:00:00 +01:00,22045.24,18431.25
06.02.2025 00:00:00 +01:00,21757.11,17911.09
06.02.2025 01:00:00 +01:00,21706.04,17570.61
06.02.2025 02:00:00 +01:00,21729.89,17450.16
06.02.2025 03:00:00 +01:00,21719.54,17301.47
06.02.2025 04:00:00 +01:00,22224.58,17392.35
06.02.2025 05:00:00 +01:00,23260.20,17866.85
06.02.2025 06:00:00 +01:00,24345.83,19388.07
06.02.2025 07:00:00 +01:00,25382.45,20384.56
06.02.2025 08:00:00 +01:00,25819.63,20630.90
06.02.2025 09:00:00 +01:00,25901.11,20446.89
06.02.2025 10:00:00 +01:00,25913.47,20223.77
06.02.2025 11:00:00 +01:00,25835.94,19715.80
06.02.2025 12:00:00 +01:00,24718.53,19290.42
06.02.2025 13:00:00 +01:00,23868.75,19135.47
06.02.2025 14:00:00 +01:00,23436.87,18959.01
06.02.2025 15:00:00 +01:00,23642.96,19162.64
06.02.2025 16:00:00 +01:00,24254.22,19408.56
06.02.2025 17:00:00 +01:00,24467.65,19702.24
06.02.2025 18:00:00 +01:00,24288.75,19693.23
06.02.2025 19:00:00 +01:00,24723.15,19781.12
06.02.2025 20:00:00 +01:00,24720.28,19591.44
06.02.2025 21:00:00 +01:00,24781.46,19407.39
06.02.2025 22:00:00 +01:00,24198.01,19043.61
06.02.2025 23:00:00 +01:00,23420.65,18641.71
07.02.2025 00:00:00 +01:00,21908.83,18023.94
07.02.2025 01:00:00 +01:00,21737.02,17907.35
07.02.2025 02:00:00 +01:00,21004.83,17629.70
07.02.2025 03:00:00 +01:00,20769.79,17736.03
07.02.2025 04:00:00 +01:00,21134.69,17899.35
07.02.2025 05:00:00 +01:00,22236.58,18323.93
07.02.2025 06:00:00 +01:00,24047.96,19185.17
07.02.2025 07:00:00 +01:00,24348.94,20475.83
07.02.2025 08:00:00 +01:00,24421.34,20956.58
07.02.2025 09:00:00 +01:00,24643.88,20901.51
07.02.2025 10:00:00 +01:00,25022.41,20713.16
07.02.2025 11:00:00 +01:00,25279.42,20384.19
07.02.2025 12:00:00 +01:00,24583.93,19829.60
07.02.2025 13:00:00 +01:00,23514.45,19516.06
07.02.2025 14:00:00 +01:00,23145.63,19387.26
07.02.2025 15:00:00 +01:00,23197.28,19441.17
07.02.2025 16:00:00 +01:00,23460.04,19841.36
07.02.2025 17:00:00 +01:00,24575.09,20001.25
07.02.2025 18:00:00 +01:00,24422.30,20088.03
07.02.2025 19:00:00 +01:00,24394.23,19758.69
07.02.2025 20:00:00 +01:00,23125.71,19471.56
07.02.2025 21:00:00 +01:00,22047.41,19059.59
07.02.2025 22:00:00 +01:00,21400.16,18846.74
07.02.2025 23:00:00 +01:00,20798.16,18648.98
08.02.2025 00:00:00 +01:00,20552.03,18258.26
08.02.2025 01:00:00 +01:00,20193.97,18170.55
08.02.2025 02:00:00 +01:00,19496.21,17937.27
08.02.2025 03:00:00 +01:00,18608.49,17645.14
08.02.2025 04:00:00 +01:00,18456.97,17459.08
08.02.2025 05:00:00 +01:00,18510.41,17460.30
08.02.2025 06:00:00 +01:00,19074.27,17820.40
08.02.2025 07:00:00 +01:00,19718.53,18146.31
08.02.2025 08:00:00 +01:00,20826.08,18759.82
08.02.2025 09:00:00 +01:00,22261.82,19397.92
08.02.2025 10:00:00 +01:00,22752.73,19483.23
08.02.2025 11:00:00 +01:00,22411.83,19665.19
08.02.2025 12:00:00 +01:00,21970.74,19835.15
08.02.2025 13:00:00 +01:00,22018.94,19868.07
08.02.2025 14:00:00 +01:00,22584.08,19621.61
08.02.2025 15:00:00 +01:00,23767.76,19430.12
08.02.2025 16:00:00 +01:00,24730.95,19735.81
08.02.2025 17:00:00 +01:00,25614.56,20219.71
08.02.2025 18:00:00 +01:00,25488.94,20074.08
08.02.2025 19:00:00 +01:00,24987.55,19762.80
08.02.2025 20:00:00 +01:00,24582.97,19328.05
08.02.2025 21:00:00 +01:00,24091.28,19052.44
08.02.2025 22:00:00 +01:00,23544.19,18831.34
08.02.2025 23:00:00 +01:00,23222.54,18738.73
09.02.2025 00:00:00 +01:00,23366.17,18713.62
09.02.2025 01:00:00 +01:00,22847.84,18523.78
09.02.2025 02:00:00 +01:00,22862.17,18265.17
09.02.2025 03:00:00 +01:00,22907.29,17955.95
09.02.2025 04:00:00 +01:00,23020.51,18073.32
09.02.2025 05:00:00 +01:00,23641.05,18347.06
09.02.2025 06:00:00 +01:00,24144.22,18664.98
09.02.2025 07:00:00 +01:00,24723.20,18870.52
09.02.2025 08:00:00 +01:00,25216.94,19101.45
09.02.2025 09:00:00 +01:00,25034.69,19332.69
09.02.2025 10:00:00 +01:00,25004.78,19659.40
09.02.2025 11:00:00 +01:00,25013.36,19578.31
09.02.2025 12:00:00 +01:00,25325.03,19212.02
09.02.2025 13:00:00 +01:00,25271.51,18903.50
09.02.2025 14:00:00 +01:00,24855.94,18924.58
09.02.2025 15:00:00 +01:00,24430.42,19098.23
09.02.2025 16:00:00 +01:00,24247.29,19284.81
09.02.2025 17:00:00 +01:00,24869.70,19718.93
09.02.2025 18:00:00 +01:00,23828.53,20168.52
09.02.2025 19:00:00 +01:00,23126.87,20254.94
09.02.2025 20:00:00 +01:00,22768.82,20023.72
09.02.2025 21:00:00 +01:00,23034.06,20137.11
09.02.2025 22:00:00 +01:00,22196.44,19987.74
09.02.2025 23:00:00 +01:00,21481.00,19353.73
10.02.2025 00:00:00 +01:00,21267.61,19007.84
10.02.2025 01:00:00 +01:00,21012.19,18672.98
10.02.2025 02:00:00 +01:00,20529.36,18616.38
10.02.2025 03:00:00 +01:00,20265.61,18636.65
10.02.2025 04:00:00 +01:00,20426.03,18674.68
10.02.2025 05:00:00 +01:00,21159.41,19009.81
10.02.2025 06:00:00 +01:00,23386.11,20319.20
10.02.2025 07:00:00 +01:00,25006.39,21522.96
10.02.2025 08:00:00 +01:00,25478.77,21713.30
10.02.2025 09:00:00 +01:00,25652.21,21826.04
10.02.2025 10:00:00 +01:00,25300.96,21620.52
10.02.2025 11:00:00 +01:00,25319.45,21105.29
10.02.2025 12:00:00 +01:00,24905.95,18768.21
10.02.2025 13:00:00 +01:00,24360.19,20051.78
10.02.2025 14:00:00 +01:00,24244.23,19910.65
10.02.2025 15:00:00 +01:00,24300.08,19915.22
10.02.2025 16:00:00 +01:00,24629.16,20424.32
10.02.2025 17:00:00 +01:00,25513.46,21103.26
10.02.2025 18:00:00 +01:00,24992.62,20789.20
10.02.2025 19:00:00 +01:00,23961.25,20774.54
10.02.2025 20:00:00 +01:00,23002.77,20721.99
10.02.2025 21:00:00 +01:00,22076.75,20483.67
10.02.2025 22:00:00 +01:00,21226.65,19953.36
10.02.2025 23:00:00 +01:00,20407.43,19395.34
11.02.2025 00:00:00 +01:00,19230.26,18879.17
11.02.2025 01:00:00 +01:00,18711.03,18721.94
11.02.2025 02:00:00 +01:00,18307.75,18440.67
11.02.2025 03:00:00 +01:00,18014.55,18303.71
11.02.2025 04:00:00 +01:00,18530.35,18454.72
11.02.2025 05:00:00 +01:00,19444.64,18804.98
11.02.2025 06:00:00 +01:00,21504.16,20009.03
11.02.2025 07:00:00 +01:00,23843.07,21299.96
11.02.2025 08:00:00 +01:00,24334.74,21535.15
11.02.2025 09:00:00 +01:00,24424.57,21570.34
11.02.2025 10:00:00 +01:00,24035.14,20981.93
11.02.2025 11:00:00 +01:00,23738.12,20534.80
11.02.2025 12:00:00 +01:00,23094.73,20052.99
11.02.2025 13:00:00 +01:00,21961.84,19406.22
11.02.2025 14:00:00 +01:00,21262.70,19079.44
11.02.2025 15:00:00 +01:00,21598.36,19273.85
11.02.2025 16:00:00 +01:00,22593.09,19688.19
11.02.2025 17:00:00 +01:00,24057.13,20121.14
11.02.2025 18:00:00 +01:00,24122.56,20215.15
11.02.2025 19:00:00 +01:00,24462.55,20159.52
11.02.2025 20:00:00 +01:00,23730.50,20123.19
11.02.2025 21:00:00 +01:00,23285.75,20091.42
11.02.2025 22:00:00 +01:00,22896.82,19824.95
11.02.2025 23:00:00 +01:00,22293.22,19507.07
12.02.2025 00:00:00 +01:00,21651.90,18883.24
12.02.2025 01:00:00 +01:00,21411.94,18639.00
12.02.2025 02:00:00 +01:00,21671.69,18471.72
12.02.2025 03:00:00 +01:00,21360.90,18550.27
12.02.2025 04:00:00 +01:00,21283.75,18566.77
12.02.2025 05:00:00 +01:00,22084.63,18930.86
12.02.2025 06:00:00 +01:00,23984.53,20236.59
12.02.2025 07:00:00 +01:00,24941.19,21468.17
12.02.2025 08:00:00 +01:00,24904.81,21641.12
12.02.2025 09:00:00 +01:00,25146.32,21576.83
12.02.2025 10:00:00 +01:00,25290.30,21477.79
12.02.2025 11:00:00 +01:00,25477.25,21146.08
12.02.2025 12:00:00 +01:00,25378.62,20619.07
12.02.2025 13:00:00 +01:00,25395.37,20590.26
12.02.2025 14:00:00 +01:00,25402.38,20338.19
12.02.2025 15:00:00 +01:00,25537.18,20464.42
12.02.2025 16:00:00 +01:00,25042.77,20505.50
12.02.2025 17:00:00 +01:00,25091.34,20749.19
12.02.2025 18:00:00 +01:00,24891.15,20844.47
12.02.2025 19:00:00 +01:00,24687.13,20822.35
12.02.2025 20:00:00 +01:00,24856.68,20824.96
12.02.2025 21:00:00 +01:00,24961.23,20612.82
12.02.2025 22:00:00 +01:00,24865.08,20119.21
12.02.2025 23:00:00 +01:00,25016.76,19704.22
13.02.2025 00:00:00 +01:00,24353.46,19163.68
13.02.2025 01:00:00 +01:00,24177.53,18905.66
13.02.2025 02:00:00 +01:00,23787.53,18829.43
13.02.2025 03:00:00 +01:00,23875.69,18689.14
13.02.2025 04:00:00 +01:00,23951.39,18602.00
13.02.2025 05:00:00 +01:00,24503.73,19042.12
13.02.2025 06:00:00 +01:00,25395.72,19980.23
13.02.2025 07:00:00 +01:00,25299.09,21052.96
13.02.2025 08:00:00 +01:00,25534.58,21281.65
13.02.2025 09:00:00 +01:00,25858.75,21188.56
13.02.2025 10:00:00 +01:00,25725.88,20922.54
13.02.2025 11:00:00 +01:00,25945.76,20356.16
13.02.2025 12:00:00 +01:00,25644.02,19926.61
13.02.2025 13:00:00 +01:00,25949.40,19984.93
13.02.2025 14:00:00 +01:00,25987.54,19999.65
13.02.2025 15:00:00 +01:00,26070.36,19975.08
13.02.2025 16:00:00 +01:00,26208.65,20271.45
13.02.2025 17:00:00 +01:00,26045.15,20541.07
13.02.2025 18:00:00 +01:00,25925.05,20876.11
13.02.2025 19:00:00 +01:00,25884.49,21020.25
13.02.2025 20:00:00 +01:00,26092.40,21036.95
13.02.2025 21:00:00 +01:00,25750.57,20722.84
13.02.2025 22:00:00 +01:00,25351.45,20510.18
13.02.2025 23:00:00 +01:00,25283.65,20104.72
14.02.2025 00:00:00 +01:00,24421.47,19458.87
14.02.2025 01:00:00 +01:00,24321.81,19133.00
14.02.2025 02:00:00 +01:00,24152.68,18991.18
14.02.2025 03:00:00 +01:00,23981.65,19051.81
14.02.2025 04:00:00 +01:00,23924.45,19328.93
14.02.2025 05:00:00 +01:00,24415.88,19654.32
14.02.2025 06:00:00 +01:00,24741.79,20481.93
14.02.2025 07:00:00 +01:00,24990.17,21887.52
14.02.2025 08:00:00 +01:00,24800.26,22201.82
14.02.2025 09:00:00 +01:00,25148.65,22187.60
14.02.2025 10:00:00 +01:00,25471.36,22032.78
14.02.2025 11:00:00 +01:00,25177.76,21638.56
14.02.2025 12:00:00 +01:00,24955.64,21262.73
14.02.2025 13:00:00 +01:00,24958.67,20890.56
14.02.2025 14:00:00 +01:00,24913.09,20692.51
14.02.2025 15:00:00 +01:00,24861.38,20673.93
14.02.2025 16:00:00 +01:00,24065.56,20876.96
14.02.2025 17:00:00 +01:00,24196.10,21310.61
14.02.2025 18:00:00 +01:00,24770.67,21388.86
14.02.2025 19:00:00 +01:00,25066.32,21110.32
14.02.2025 20:00:00 +01:00,25375.84,20702.99
14.02.2025 21:00:00 +01:00,25618.38,20354.96
14.02.2025 22:00:00 +01:00,25710.67,19854.95
14.02.2025 23:00:00 +01:00,25708.31,19620.14
15.02.2025 00:00:00 +01:00,25799.36,19268.06
15.02.2025 01:00:00 +01:00,25489.36,18933.43
15.02.2025 02:00:00 +01:00,25318.04,18772.77
15.02.2025 03:00:00 +01:00,25158.03,18636.95
15.02.2025 04:00:00 +01:00,25046.69,18643.46
15.02.2025 05:00:00 +01:00,24979.19,18699.70
15.02.2025 06:00:00 +01:00,24817.57,18909.69
15.02.2025 07:00:00 +01:00,24830.36,19274.36
15.02.2025 08:00:00 +01:00,24460.77,19819.81
15.02.2025 09:00:00 +01:00,25071.61,20379.92
15.02.2025 10:00:00 +01:00,25148.69,20480.77
15.02.2025 11:00:00 +01:00,25295.36,20449.26
15.02.2025 12:00:00 +01:00,25162.34,20036.95
15.02.2025 13:00:00 +01:00,24812.92,19920.79
15.02.2025 14:00:00 +01:00,24935.70,19890.53
15.02.2025 15:00:00 +01:00,25034.62,19998.96
15.02.2025 16:00:00 +01:00,25100.33,20016.93
15.02.2025 17:00:00 +01:00,25648.35,20582.82
15.02.2025 18:00:00 +01:00,25642.63,21007.51
15.02.2025 19:00:00 +01:00,25643.00,20948.57
15.02.2025 20:00:00 +01:00,25212.08,20588.96
15.02.2025 21:00:00 +01:00,24890.91,20454.47
15.02.2025 22:00:00 +01:00,24994.98,20441.57
15.02.2025 23:00:00 +01:00,24959.11,20119.58
16.02.2025 00:00:00 +01:00,24614.17,19905.57
16.02.2025 01:00:00 +01:00,24553.93,19609.83
16.02.2025 02:00:00 +01:00,24743.76,19708.95
16.02.2025 03:00:00 +01:00,24983.44,19918.52
16.02.2025 04:00:00 +01:00,25158.60,19972.90
16.02.2025 05:00:00 +01:00,25005.13,20105.02
16.02.2025 06:00:00 +01:00,24912.28,20262.20
16.02.2025 07:00:00 +01:00,25257.66,20441.91
16.02.2025 08:00:00 +01:00,25194.78,20760.08
16.02.2025 09:00:00 +01:00,25389.06,20987.77
16.02.2025 10:00:00 +01:00,25168.07,20986.87
16.02.2025 11:00:00 +01:00,24786.08,20526.07
16.02.2025 12:00:00 +01:00,23846.42,20268.08
16.02.2025 13:00:00 +01:00,23656.87,19879.83
16.02.2025 14:00:00 +01:00,23625.18,19687.95
16.02.2025 15:00:00 +01:00,24090.55,19927.44
16.02.2025 16:00:00 +01:00,25186.93,20036.26
16.02.2025 17:00:00 +01:00,25555.68,20410.24
16.02.2025 18:00:00 +01:00,25525.18,21012.51
16.02.2025 19:00:00 +01:00,25546.06,21122.61
16.02.2025 20:00:00 +01:00,25807.75,21204.68
16.02.2025 21:00:00 +01:00,25569.33,20961.60
16.02.2025 22:00:00 +01:00,25132.96,20703.94
16.02.2025 23:00:00 +01:00,25276.66,20463.00
17.02.2025 00:00:00 +01:00,24591.20,20082.01
17.02.2025 01:00:00 +01:00,24589.67,19852.13
17.02.2025 02:00:00 +01:00,24427.27,19635.98
17.02.2025 03:00:00 +01:00,24385.15,19522.11
17.02.2025 04:00:00 +01:00,24561.83,19722.94
17.02.2025 05:00:00 +01:00,24653.75,20140.97
17.02.2025 06:00:00 +01:00,25187.48,21258.11
17.02.2025 07:00:00 +01:00,25888.87,22391.22
17.02.2025 08:00:00 +01:00,25990.69,22580.13
17.02.2025 09:00:00 +01:00,26239.96,22438.26
17.02.2025 10:00:00 +01:00,26301.83,22041.12
17.02.2025 11:00:00 +01:00,25436.79,21767.64
17.02.2025 12:00:00 +01:00,24551.85,21473.97
17.02.2025 13:00:00 +01:00,24290.01,21034.23
17.02.2025 14:00:00 +01:00,25024.25,20877.19
17.02.2025 15:00:00 +01:00,25131.41,20903.63
17.02.2025 16:00:00 +01:00,24984.35,21080.61
17.02.2025 17:00:00 +01:00,25052.44,21080.45
17.02.2025 18:00:00 +01:00,24601.73,21162.58
17.02.2025 19:00:00 +01:00,25281.39,21245.89
17.02.2025 20:00:00 +01:00,25488.79,21255.66
17.02.2025 21:00:00 +01:00,25472.15,21015.27
17.02.2025 22:00:00 +01:00,25461.61,20724.04
17.02.2025 23:00:00 +01:00,25280.35,19988.13
18.02.2025 00:00:00 +01:00,25350.49,19680.18
18.02.2025 01:00:00 +01:00,25205.43,19481.78
18.02.2025 02:00:00 +01:00,24884.72,19361.34
18.02.2025 03:00:00 +01:00,24364.36,19332.53
18.02.2025 04:00:00 +01:00,24470.11,19313.94
18.02.2025 05:00:00 +01:00,24863.37,19730.47
18.02.2025 06:00:00 +01:00,25135.80,20829.59
18.02.2025 07:00:00 +01:00,25327.62,21941.01
18.02.2025 08:00:00 +01:00,24749.34,22163.48
18.02.2025 09:00:00 +01:00,24727.21,22036.67
18.02.2025 10:00:00 +01:00,24665.19,21617.46
18.02.2025 11:00:00 +01:00,24372.92,21222.79
18.02.2025 12:00:00 +01:00,23664.53,20725.06
18.02.2025 13:00:00 +01:00,23390.95,20254.32
18.02.2025 14:00:00 +01:00,23964.85,20204.52
18.02.2025 15:00:00 +01:00,24130.23,20430.80
18.02.2025 16:00:00 +01:00,23983.71,20544.76
18.02.2025 17:00:00 +01:00,24013.08,20927.64
18.02.2025 18:00:00 +01:00,24252.01,21317.68
18.02.2025 19:00:00 +01:00,24545.26,21296.49
18.02.2025 20:00:00 +01:00,24493.36,21132.32
18.02.2025 21:00:00 +01:00,24843.13,20955.21
18.02.2025 22:00:00 +01:00,24856.15,20530.96
18.02.2025 23:00:00 +01:00,24600.97,20151.73
19.02.2025 00:00:00 +01:00,24746.67,19846.28
19.02.2025 01:00:00 +01:00,24855.36,19791.45
19.02.2025 02:00:00 +01:00,24433.88,19734.99
19.02.2025 03:00:00 +01:00,24473.70,19754.30
19.02.2025 04:00:00 +01:00,24940.50,19848.66
19.02.2025 05:00:00 +01:00,25220.03,20118.21
19.02.2025 06:00:00 +01:00,25170.77,21266.57
19.02.2025 07:00:00 +01:00,25512.35,22326.50
19.02.2025 08:00:00 +01:00,25190.70,22433.81
19.02.2025 09:00:00 +01:00,24971.34,22417.42
19.02.2025 10:00:00 +01:00,24842.35,22009.29
19.02.2025 11:00:00 +01:00,23934.24,21640.46
19.02.2025 12:00:00 +01:00,23528.23,21318.04
19.02.2025 13:00:00 +01:00,24093.23,21004.42
19.02.2025 14:00:00 +01:00,24734.38,20991.46
19.02.2025 15:00:00 +01:00,25589.47,21038.99
19.02.2025 16:00:00 +01:00,26428.77,21120.13
19.02.2025 17:00:00 +01:00,26928.16,21272.59
19.02.2025 18:00:00 +01:00,27143.95,21439.77
19.02.2025 19:00:00 +01:00,26899.55,21284.27
19.02.2025 20:00:00 +01:00,26485.72,21381.13
19.02.2025 21:00:00 +01:00,26488.66,21247.03
19.02.2025 22:00:00 +01:00,26294.59,20854.17
19.02.2025 23:00:00 +01:00,25819.83,20282.77
20.02.2025 00:00:00 +01:00,24930.62,19822.31
20.02.2025 01:00:00 +01:00,24014.49,19622.47
20.02.2025 02:00:00 +01:00,23555.93,19463.69
20.02.2025 03:00:00 +01:00,23301.82,19227.56
20.02.2025 04:00:00 +01:00,23015.09,19240.56
20.02.2025 05:00:00 +01:00,23944.30,19588.50
20.02.2025 06:00:00 +01:00,25502.33,20568.65
20.02.2025 07:00:00 +01:00,26460.05,21653.11
20.02.2025 08:00:00 +01:00,27113.06,21753.81
20.02.2025 09:00:00 +01:00,26287.67,21903.70
20.02.2025 10:00:00 +01:00,25602.35,21596.58
20.02.2025 11:00:00 +01:00,24052.51,21372.25
20.02.2025 12:00:00 +01:00,22851.24,21177.86
20.02.2025 13:00:00 +01:00,22837.32,20961.12
20.02.2025 14:00:00 +01:00,23769.73,21064.96
20.02.2025 15:00:00 +01:00,24651.41,21347.51
20.02.2025 16:00:00 +01:00,25490.95,21582.90
20.02.2025 17:00:00 +01:00,25608.09,21847.61
20.02.2025 18:00:00 +01:00,25073.72,21539.06
20.02.2025 19:00:00 +01:00,23340.68,21289.30
20.02.2025 20:00:00 +01:00,21924.66,21029.46
20.02.2025 21:00:00 +01:00,20799.51,20612.58
20.02.2025 22:00:00 +01:00,20161.92,20120.50
20.02.2025 23:00:00 +01:00,19419.56,19693.13
21.02.2025 00:00:00 +01:00,18979.55,19214.03
21.02.2025 01:00:00 +01:00,18877.27,18738.76
21.02.2025 02:00:00 +01:00,18978.22,18360.12
21.02.2025 03:00:00 +01:00,18484.70,18114.93
21.02.2025 04:00:00 +01:00,18932.57,18103.09
21.02.2025 05:00:00 +01:00,19707.34,18508.39
21.02.2025 06:00:00 +01:00,23318.09,19378.11
21.02.2025 07:00:00 +01:00,26061.36,20280.96
21.02.2025 08:00:00 +01:00,26064.42,20261.87
21.02.2025 09:00:00 +01:00,25926.64,20385.21
21.02.2025 10:00:00 +01:00,25772.34,20549.57
21.02.2025 11:00:00 +01:00,25304.96,20235.18
21.02.2025 12:00:00 +01:00,24609.17,19952.42
21.02.2025 13:00:00 +01:00,24228.34,19761.36
21.02.2025 14:00:00 +01:00,24728.62,19639.13
21.02.2025 15:00:00 +01:00,26135.24,19589.09
21.02.2025 16:00:00 +01:00,26333.79,19790.41
21.02.2025 17:00:00 +01:00,26741.72,20098.40
21.02.2025 18:00:00 +01:00,25931.61,19954.53
21.02.2025 19:00:00 +01:00,24470.23,19668.95
21.02.2025 20:00:00 +01:00,22359.74,18954.09
21.02.2025 21:00:00 +01:00,21018.56,18460.33
21.02.2025 22:00:00 +01:00,19660.88,18113.80
21.02.2025 23:00:00 +01:00,18716.52,17542.58
22.02.2025 00:00:00 +01:00,18397.97,17187.02
22.02.2025 01:00:00 +01:00,17679.91,16731.45
22.02.2025 02:00:00 +01:00,17318.36,16454.23
22.02.2025 03:00:00 +01:00,16260.78,16237.75
22.02.2025 04:00:00 +01:00,16232.58,16400.85
22.02.2025 05:00:00 +01:00,17107.31,16501.36
22.02.2025 06:00:00 +01:00,17459.26,17007.14
22.02.2025 07:00:00 +01:00,17909.98,17303.27
22.02.2025 08:00:00 +01:00,18779.16,17435.38
22.02.2025 09:00:00 +01:00,19672.14,17688.64
22.02.2025 10:00:00 +01:00,19628.21,17736.07
22.02.2025 11:00:00 +01:00,19290.80,17811.83
22.02.2025 12:00:00 +01:00,19268.23,18261.43
22.02.2025 13:00:00 +01:00,19556.98,18239.26
22.02.2025 14:00:00 +01:00,20736.11,18322.49
22.02.2025 15:00:00 +01:00,21209.61,18157.86
22.02.2025 16:00:00 +01:00,21736.97,18101.93
22.02.2025 17:00:00 +01:00,22417.41,18457.51
22.02.2025 18:00:00 +01:00,21981.09,18434.55
22.02.2025 19:00:00 +01:00,21231.87,18094.94
22.02.2025 20:00:00 +01:00,20466.46,17817.57
22.02.2025 21:00:00 +01:00,20100.56,17521.70
22.02.2025 22:00:00 +01:00,19805.22,17207.34
22.02.2025 23:00:00 +01:00,19040.04,16872.25
23.02.2025 00:00:00 +01:00,19062.05,16682.37
23.02.2025 01:00:00 +01:00,19258.47,16452.21
23.02.2025 02:00:00 +01:00,19116.45,16208.24
23.02.2025 03:00:00 +01:00,18905.43,15865.83
23.02.2025 04:00:00 +01:00,18827.03,15787.15
23.02.2025 05:00:00 +01:00,19250.32,16040.39
23.02.2025 06:00:00 +01:00,19863.24,16277.17
23.02.2025 07:00:00 +01:00,20692.13,16416.94
23.02.2025 08:00:00 +01:00,21261.54,16754.27
23.02.2025 09:00:00 +01:00,21991.21,16930.63
23.02.2025 10:00:00 +01:00,22371.67,17246.87
23.02.2025 11:00:00 +01:00,21433.16,17297.33
23.02.2025 12:00:00 +01:00,19490.59,17073.41
23.02.2025 13:00:00 +01:00,17554.91,16791.95
23.02.2025 14:00:00 +01:00,17346.95,16723.94
23.02.2025 15:00:00 +01:00,19665.13,17294.85
23.02.2025 16:00:00 +01:00,23027.79,17519.36
23.02.2025 17:00:00 +01:00,24766.00,17854.35
23.02.2025 18:00:00 +01:00,24980.24,18318.77
23.02.2025 19:00:00 +01:00,24995.01,18217.98
23.02.2025 20:00:00 +01:00,23941.57,18051.93
23.02.2025 21:00:00 +01:00,22842.99,17769.48
23.02.2025 22:00:00 +01:00,21195.34,17510.96
23.02.2025 23:00:00 +01:00,19521.00,17037.45
24.02.2025 00:00:00 +01:00,17471.63,16539.26
24.02.2025 01:00:00 +01:00,16212.33,16319.80
24.02.2025 02:00:00 +01:00,15571.66,16271.07
24.02.2025 03:00:00 +01:00,15495.29,16084.29
24.02.2025 04:00:00 +01:00,14848.50,15951.59
24.02.2025 05:00:00 +01:00,15408.32,16470.10
24.02.2025 06:00:00 +01:00,16461.77,17639.59
24.02.2025 07:00:00 +01:00,18631.35,18780.39
24.02.2025 08:00:00 +01:00,18890.81,18860.26
24.02.2025 09:00:00 +01:00,18996.00,19050.12
24.02.2025 10:00:00 +01:00,18111.29,19134.37
24.02.2025 11:00:00 +01:00,17543.54,18887.16
24.02.2025 12:00:00 +01:00,17613.58,19050.75
24.02.2025 13:00:00 +01:00,18493.91,18667.08
24.02.2025 14:00:00 +01:00,19157.55,18798.84
24.02.2025 15:00:00 +01:00,19515.06,18839.60
24.02.2025 16:00:00 +01:00,19876.00,18885.93
24.02.2025 17:00:00 +01:00,21053.08,18712.14
24.02.2025 18:00:00 +01:00,21173.43,18684.90
24.02.2025 19:00:00 +01:00,20789.73,18587.20
24.02.2025 20:00:00 +01:00,20291.38,18331.77
24.02.2025 21:00:00 +01:00,19953.15,18073.05
24.02.2025 22:00:00 +01:00,19346.94,17779.00
24.02.2025 23:00:00 +01:00,18694.33,17181.83
25.02.2025 00:00:00 +01:00,19224.07,16683.43
25.02.2025 01:00:00 +01:00,19118.46,16354.43
25.02.2025 02:00:00 +01:00,18972.51,16215.27
25.02.2025 03:00:00 +01:00,19047.50,16139.85
25.02.2025 04:00:00 +01:00,19071.26,16136.41
25.02.2025 05:00:00 +01:00,20178.82,16679.57
25.02.2025 06:00:00 +01:00,22135.07,17667.20
25.02.2025 07:00:00 +01:00,23306.69,18680.36
25.02.2025 08:00:00 +01:00,23881.06,18967.41
25.02.2025 09:00:00 +01:00,24373.52,19033.15
25.02.2025 10:00:00 +01:00,24183.35,18814.98
25.02.2025 11:00:00 +01:00,23856.13,18707.83
25.02.2025 12:00:00 +01:00,23800.50,18598.01
25.02.2025 13:00:00 +01:00,23720.09,18381.09
25.02.2025 14:00:00 +01:00,24124.18,18381.67
25.02.2025 15:00:00 +01:00,24226.52,18562.14
25.02.2025 16:00:00 +01:00,25014.24,18736.02
25.02.2025 17:00:00 +01:00,26078.77,18968.35
25.02.2025 18:00:00 +01:00,25739.84,19273.82
25.02.2025 19:00:00 +01:00,25114.54,19044.65
25.02.2025 20:00:00 +01:00,24016.79,18762.18
25.02.2025 21:00:00 +01:00,23145.84,18597.96
25.02.2025 22:00:00 +01:00,22170.44,18248.65
25.02.2025 23:00:00 +01:00,21382.46,17581.72
26.02.2025 00:00:00 +01:00,20649.92,17144.36
26.02.2025 01:00:00 +01:00,20475.66,16666.97
26.02.2025 02:00:00 +01:00,20254.18,16530.59
26.02.2025 03:00:00 +01:00,20234.32,16441.27
26.02.2025 04:00:00 +01:00,20340.05,16413.60
26.02.2025 05:00:00 +01:00,20939.34,16874.66
26.02.2025 06:00:00 +01:00,22809.76,18115.14
26.02.2025 07:00:00 +01:00,24993.11,19055.46
26.02.2025 08:00:00 +01:00,25618.68,19284.54
26.02.2025 09:00:00 +01:00,25682.83,19206.05
26.02.2025 10:00:00 +01:00,25437.11,18971.23
26.02.2025 11:00:00 +01:00,25251.85,19120.26
26.02.2025 12:00:00 +01:00,25084.97,19020.44
26.02.2025 13:00:00 +01:00,24332.27,18805.26
26.02.2025 14:00:00 +01:00,24457.45,18657.32
26.02.2025 15:00:00 +01:00,25067.84,18602.25
26.02.2025 16:00:00 +01:00,25645.18,18688.53
26.02.2025 17:00:00 +01:00,25764.30,18866.27
26.02.2025 18:00:00 +01:00,25715.05,19398.92
26.02.2025 19:00:00 +01:00,25496.03,19394.33
26.02.2025 20:00:00 +01:00,24706.37,19267.96
26.02.2025 21:00:00 +01:00,23982.10,19027.63
26.02.2025 22:00:00 +01:00,23216.16,18401.49
26.02.2025 23:00:00 +01:00,22376.46,17750.82
27.02.2025 00:00:00 +01:00,21576.57,17271.63
27.02.2025 01:00:00 +01:00,20939.98,16993.00
27.02.2025 02:00:00 +01:00,20886.02,16770.79
27.02.2025 03:00:00 +01:00,21047.36,16761.03
27.02.2025 04:00:00 +01:00,21282.18,16684.44
27.02.2025 05:00:00 +01:00,21977.69,16946.00
27.02.2025 06:00:00 +01:00,23652.40,18204.37
27.02.2025 07:00:00 +01:00,25034.43,19143.60
27.02.2025 08:00:00 +01:00,25628.09,19471.13
27.02.2025 09:00:00 +01:00,26069.37,19421.31
27.02.2025 10:00:00 +01:00,25898.52,19204.15
27.02.2025 11:00:00 +01:00,25775.15,19101.96
27.02.2025 12:00:00 +01:00,25110.66,18947.39
27.02.2025 13:00:00 +01:00,24982.82,18851.68
27.02.2025 14:00:00 +01:00,25104.33,18602.46
27.02.2025 15:00:00 +01:00,25294.24,18574.84
27.02.2025 16:00:00 +01:00,25732.31,18934.49
27.02.2025 17:00:00 +01:00,26135.34,18937.77
27.02.2025 18:00:00 +01:00,26093.25,19224.55
27.02.2025 19:00:00 +01:00,25699.12,19423.73
27.02.2025 20:00:00 +01:00,25204.33,19116.36
27.02.2025 21:00:00 +01:00,24640.15,18907.01
27.02.2025 22:00:00 +01:00,23957.40,18580.79
27.02.2025 23:00:00 +01:00,23178.81,18245.76
28.02.2025 00:00:00 +01:00,23025.23,17807.06
28.02.2025 01:00:00 +01:00,22628.99,17614.36
28.02.2025 02:00:00 +01:00,22704.20,17497.71
28.02.2025 03:00:00 +01:00,22418.43,17388.49
28.02.2025 04:00:00 +01:00,22579.07,17452.15
28.02.2025 05:00:00 +01:00,23597.74,17851.99
28.02.2025 06:00:00 +01:00,25276.04,18859.24
28.02.2025 07:00:00 +01:00,26704.31,19947.42
28.02.2025 08:00:00 +01:00,26685.30,20177.41
28.02.2025 09:00:00 +01:00,26511.15,20215.01
28.02.2025 10:00:00 +01:00,26599.06,20126.32
28.02.2025 11:00:00 +01:00,26263.49,19700.16
28.02.2025 12:00:00 +01:00,25850.45,19500.03
28.02.2025 13:00:00 +01:00,25198.68,19225.64
28.02.2025 14:00:00 +01:00,25205.01,19161.08
28.02.2025 15:00:00 +01:00,25409.87,18913.14
28.02.2025 16:00:00 +01:00,25511.74,19051.45
28.02.2025 17:00:00 +01:00,26313.76,19495.65
28.02.2025 18:00:00 +01:00,26680.64,19696.08
28.02.2025 19:00:00 +01:00,26435.39,19519.71
28.02.2025 20:00:00 +01:00,25687.83,19221.13
28.02.2025 21:00:00 +01:00,25196.06,19046.88
28.02.2025 22:00:00 +01:00,24178.36,18618.51
28.02.2025 23:00:00 +01:00,23631.51,18253.38
01.03.2025 00:00:00 +01:00,23062.74,17722.21
01.03.2025 01:00:00 +01:00,22315.18,17397.11
01.03.2025 02:00:00 +01:00,22169.70,17132.55
01.03.2025 03:00:00 +01:00,22154.94,17063.34
01.03.2025 04:00:00 +01:00,22301.44,17259.19
01.03.2025 05:00:00 +01:00,22289.04,17302.13
01.03.2025 06:00:00 +01:00,22705.75,17490.93
01.03.2025 07:00:00 +01:00,23286.88,17812.70
01.03.2025 08:00:00 +01:00,24513.61,18162.42
01.03.2025 09:00:00 +01:00,25091.12,18631.66
01.03.2025 10:00:00 +01:00,24801.47,19005.28
01.03.2025 11:00:00 +01:00,24455.88,18853.50
01.03.2025 12:00:00 +01:00,23858.08,18809.63
01.03.2025 13:00:00 +01:00,22908.67,18814.14
01.03.2025 14:00:00 +01:00,22591.46,18664.21
01.03.2025 15:00:00 +01:00,22304.43,18646.38
01.03.2025 16:00:00 +01:00,22525.58,18539.20
01.03.2025 17:00:00 +01:00,23619.56,18703.14
01.03.2025 18:00:00 +01:00,23654.67,18893.77
01.03.2025 19:00:00 +01:00,22515.31,18788.77
01.03.2025 20:00:00 +01:00,21582.91,18593.95
01.03.2025 21:00:00 +01:00,20699.64,18051.21
01.03.2025 22:00:00 +01:00,20496.34,17645.89
01.03.2025 23:00:00 +01:00,20266.66,17220.19
02.03.2025 00:00:00 +01:00,19620.69,17038.54
02.03.2025 01:00:00 +01:00,19401.96,16946.85
02.03.2025 02:00:00 +01:00,19023.19,16761.88
02.03.2025 03:00:00 +01:00,18637.77,16699.02
02.03.2025 04:00:00 +01:00,18509.47,16671.63
02.03.2025 05:00:00 +01:00,18596.64,16720.15
02.03.2025 06:00:00 +01:00,18395.71,16816.87
02.03.2025 07:00:00 +01:00,18550.09,16827.68
02.03.2025 08:00:00 +01:00,19152.94,16912.58
02.03.2025 09:00:00 +01:00,19098.81,17357.31
02.03.2025 10:00:00 +01:00,18629.93,17402.55
02.03.2025 11:00:00 +01:00,17251.49,17516.91
02.03.2025 12:00:00 +01:00,16689.89,17548.65
02.03.2025 13:00:00 +01:00,16055.17,17188.14
02.03.2025 14:00:00 +01:00,17265.37,17231.66
02.03.2025 15:00:00 +01:00,19171.16,17673.34
02.03.2025 16:00:00 +01:00,20570.16,17810.69
02.03.2025 17:00:00 +01:00,20803.43,18226.52
02.03.2025 18:00:00 +01:00,21186.36,18552.33
02.03.2025 19:00:00 +01:00,20722.06,18361.75
02.03.2025 20:00:00 +01:00,20795.00,18177.52
02.03.2025 21:00:00 +01:00,20578.29,18123.66
02.03.2025 22:00:00 +01:00,19887.80,17612.79
02.03.2025 23:00:00 +01:00,19455.07,16906.76
03.03.2025 00:00:00 +01:00,18824.09,16573.37
03.03.2025 01:00:00 +01:00,18593.82,16454.47
03.03.2025 02:00:00 +01:00,18090.66,16311.85
03.03.2025 03:00:00 +01:00,17927.66,16167.29
03.03.2025 04:00:00 +01:00,18133.69,16212.18
03.03.2025 05:00:00 +01:00,18468.27,16566.61
03.03.2025 06:00:00 +01:00,19743.29,17724.39
03.03.2025 07:00:00 +01:00,20876.80,18938.32
03.03.2025 08:00:00 +01:00,21080.93,19100.49
03.03.2025 09:00:00 +01:00,20598.54,18815.01
03.03.2025 10:00:00 +01:00,19344.57,18426.63
03.03.2025 11:00:00 +01:00,17742.07,17968.73
03.03.2025 12:00:00 +01:00,16877.55,17731.58
03.03.2025 13:00:00 +01:00,17252.94,18006.53
03.03.2025 14:00:00 +01:00,18714.46,17986.43
03.03.2025 15:00:00 +01:00,20368.06,18157.71
03.03.2025 16:00:00 +01:00,20674.31,18569.66
03.03.2025 17:00:00 +01:00,20853.34,18621.43
03.03.2025 18:00:00 +01:00,21456.59,18684.14
03.03.2025 19:00:00 +01:00,20994.73,18630.91
03.03.2025 20:00:00 +01:00,20323.90,18473.27
03.03.2025 21:00:00 +01:00,20134.56,18234.33
03.03.2025 22:00:00 +01:00,19409.52,17751.22
03.03.2025 23:00:00 +01:00,18725.51,17205.10
04.03.2025 00:00:00 +01:00,18383.12,16533.24
04.03.2025 01:00:00 +01:00,18189.77,16204.60
04.03.2025 02:00:00 +01:00,18117.63,16108.49
04.03.2025 03:00:00 +01:00,18026.48,15969.25
04.03.2025 04:00:00 +01:00,18061.60,15999.97
04.03.2025 05:00:00 +01:00,19027.45,16367.08
04.03.2025 06:00:00 +01:00,20240.62,17539.39
04.03.2025 07:00:00 +01:00,21410.60,18669.83
04.03.2025 08:00:00 +01:00,20805.41,18980.71
04.03.2025 09:00:00 +01:00,19733.33,19075.30
04.03.2025 10:00:00 +01:00,18166.57,18857.95
04.03.2025 11:00:00 +01:00,17529.00,18444.01
04.03.2025 12:00:00 +01:00,16679.25,18377.64
04.03.2025 13:00:00 +01:00,16401.28,18285.79
04.03.2025 14:00:00 +01:00,17496.69,18007.64
04.03.2025 15:00:00 +01:00,18269.67,18386.03
04.03.2025 16:00:00 +01:00,18420.92,18823.91
04.03.2025 17:00:00 +01:00,19944.20,19075.68
04.03.2025 18:00:00 +01:00,20052.83,18881.97
04.03.2025 19:00:00 +01:00,19373.58,18619.50
04.03.2025 20:00:00 +01:00,18686.52,18565.55
04.03.2025 21:00:00 +01:00,18470.07,18303.12
04.03.2025 22:00:00 +01:00,18133.65,17840.74
04.03.2025 23:00:00 +01:00,17554.93,17150.34
05.03.2025 00:00:00 +01:00,16425.00,16348.86
05.03.2025 01:00:00 +01:00,15587.34,16052.13
05.03.2025 02:00:00 +01:00,15518.72,15871.10
05.03.2025 03:00:00 +01:00,15590.65,15907.98
05.03.2025 04:00:00 +01:00,15390.71,16034.62
05.03.2025 05:00:00 +01:00,16148.90,16468.10
05.03.2025 06:00:00 +01:00,17205.66,17346.22
05.03.2025 07:00:00 +01:00,17656.97,18476.32
05.03.2025 08:00:00 +01:00,17775.09,18553.23
05.03.2025 09:00:00 +01:00,16845.43,18202.92
05.03.2025 10:00:00 +01:00,16207.10,18176.82
05.03.2025 11:00:00 +01:00,14780.85,17672.49
05.03.2025 12:00:00 +01:00,14161.41,17645.80
05.03.2025 13:00:00 +01:00,14650.21,17626.09
05.03.2025 14:00:00 +01:00,15963.42,18070.27
05.03.2025 15:00:00 +01:00,16794.02,18041.44
05.03.2025 16:00:00 +01:00,17594.42,18292.11
05.03.2025 17:00:00 +01:00,18782.70,18173.98
05.03.2025 18:00:00 +01:00,19001.02,18046.00
05.03.2025 19:00:00 +01:00,18784.43,17938.79
05.03.2025 20:00:00 +01:00,18668.14,17753.17
05.03.2025 21:00:00 +01:00,18103.20,17578.56
05.03.2025 22:00:00 +01:00,18077.61,17139.32
05.03.2025 23:00:00 +01:00,17488.07,16469.50
06.03.2025 00:00:00 +01:00,17168.23,16587.71
06.03.2025 01:00:00 +01:00,17021.90,16006.39
06.03.2025 02:00:00 +01:00,17058.32,15780.75
06.03.2025 03:00:00 +01:00,16548.17,15687.36
06.03.2025 04:00:00 +01:00,16417.71,15789.48
06.03.2025 05:00:00 +01:00,16313.66,15910.62
06.03.2025 06:00:00 +01:00,17039.57,16876.64
06.03.2025 07:00:00 +01:00,19089.53,18065.88
06.03.2025 08:00:00 +01:00,18580.24,18080.28
06.03.2025 09:00:00 +01:00,17326.03,17989.09
06.03.2025 10:00:00 +01:00,16640.34,17507.48
06.03.2025 11:00:00 +01:00,15589.87,17268.79
06.03.2025 12:00:00 +01:00,15290.72,16981.45
06.03.2025 13:00:00 +01:00,16045.04,16860.28
06.03.2025 14:00:00 +01:00,16306.32,16814.76
06.03.2025 15:00:00 +01:00,17439.30,16903.18
06.03.2025 16:00:00 +01:00,19095.70,17002.29
06.03.2025 17:00:00 +01:00,20544.25,17132.72
06.03.2025 18:00:00 +01:00,20455.74,17601.36
06.03.2025 19:00:00 +01:00,20242.93,17566.14
06.03.2025 20:00:00 +01:00,19526.88,17283.32
06.03.2025 21:00:00 +01:00,19139.10,17107.61
06.03.2025 22:00:00 +01:00,18339.30,16684.36
06.03.2025 23:00:00 +01:00,17734.34,16235.26
07.03.2025 00:00:00 +01:00,17777.05,15926.54
07.03.2025 01:00:00 +01:00,17376.85,15679.67
07.03.2025 02:00:00 +01:00,17416.08,15520.48
07.03.2025 03:00:00 +01:00,17739.35,15373.32
07.03.2025 04:00:00 +01:00,18109.75,15383.02
07.03.2025 05:00:00 +01:00,19202.70,15885.90
07.03.2025 06:00:00 +01:00,20887.97,17130.80
07.03.2025 07:00:00 +01:00,22765.69,18168.24
07.03.2025 08:00:00 +01:00,22680.40,18379.88
07.03.2025 09:00:00 +01:00,22256.10,17970.44
07.03.2025 10:00:00 +01:00,21022.02,17756.20
07.03.2025 11:00:00 +01:00,19417.83,17844.26
07.03.2025 12:00:00 +01:00,17137.53,17624.12
07.03.2025 13:00:00 +01:00,17239.56,17691.58
07.03.2025 14:00:00 +01:00,18649.56,17672.28
07.03.2025 15:00:00 +01:00,20098.89,17891.15
07.03.2025 16:00:00 +01:00,20742.29,17859.91
07.03.2025 17:00:00 +01:00,21388.80,17760.98
07.03.2025 18:00:00 +01:00,21377.14,17923.22
07.03.2025 19:00:00 +01:00,20860.27,18018.13
07.03.2025 20:00:00 +01:00,20439.74,17341.07
07.03.2025 21:00:00 +01:00,19770.53,17169.26
07.03.2025 22:00:00 +01:00,19042.02,16871.38
07.03.2025 23:00:00 +01:00,18699.39,16682.67
08.03.2025 00:00:00 +01:00,18262.32,16196.25
08.03.2025 01:00:00 +01:00,18113.74,16095.56
08.03.2025 02:00:00 +01:00,18063.83,15945.11
08.03.2025 03:00:00 +01:00,17905.86,15593.41
08.03.2025 04:00:00 +01:00,17919.54,15703.21
08.03.2025 05:00:00 +01:00,18404.64,15820.59
08.03.2025 06:00:00 +01:00,18474.78,16183.23
08.03.2025 07:00:00 +01:00,19141.21,16503.64
08.03.2025 08:00:00 +01:00,19767.09,17039.54
08.03.2025 09:00:00 +01:00,18921.36,17319.36
08.03.2025 10:00:00 +01:00,16075.33,17195.95
08.03.2025 11:00:00 +01:00,15238.91,17320.99
08.03.2025 12:00:00 +01:00,15093.62,17249.11
08.03.2025 13:00:00 +01:00,15172.21,17039.99
08.03.2025 14:00:00 +01:00,16119.17,17118.80
08.03.2025 15:00:00 +01:00,20088.12,17274.15
08.03.2025 16:00:00 +01:00,21407.05,17183.96
08.03.2025 17:00:00 +01:00,22505.17,17462.78
08.03.2025 18:00:00 +01:00,23089.79,17768.73
08.03.2025 19:00:00 +01:00,23002.49,17802.71
08.03.2025 20:00:00 +01:00,22571.47,17347.31
08.03.2025 21:00:00 +01:00,21741.39,16995.15
08.03.2025 22:00:00 +01:00,21308.32,16667.70
08.03.2025 23:00:00 +01:00,20972.20,16415.45
09.03.2025 00:00:00 +01:00,20460.75,16223.18
09.03.2025 01:00:00 +01:00,20096.04,15796.18
09.03.2025 02:00:00 +01:00,19940.27,15670.27
09.03.2025 03:00:00 +01:00,19649.45,15778.51
09.03.2025 04:00:00 +01:00,19741.89,15819.55
09.03.2025 05:00:00 +01:00,20069.70,15861.50
09.03.2025 06:00:00 +01:00,19613.46,15869.32
09.03.2025 07:00:00 +01:00,19905.61,16010.21
09.03.2025 08:00:00 +01:00,19094.56,16512.68
09.03.2025 09:00:00 +01:00,17477.29,16950.90
09.03.2025 10:00:00 +01:00,15877.78,17253.76
09.03.2025 11:00:00 +01:00,16014.98,17065.21
09.03.2025 12:00:00 +01:00,15788.16,16860.51
09.03.2025 13:00:00 +01:00,15801.71,16820.67
09.03.2025 14:00:00 +01:00,16280.09,16984.48
09.03.2025 15:00:00 +01:00,18457.15,17094.23
09.03.2025 16:00:00 +01:00,21278.03,17357.85
09.03.2025 17:00:00 +01:00,22506.82,17499.49
09.03.2025 18:00:00 +01:00,23361.50,17978.86
09.03.2025 19:00:00 +01:00,23337.86,18069.81
09.03.2025 20:00:00 +01:00,22896.64,18039.00
09.03.2025 21:00:00 +01:00,22631.34,17746.39
09.03.2025 22:00:00 +01:00,21917.10,17455.73
09.03.2025 23:00:00 +01:00,21339.43,17003.41
10.03.2025 00:00:00 +01:00,21132.85,16299.25
10.03.2025 01:00:00 +01:00,20743.86,16075.66
10.03.2025 02:00:00 +01:00,20359.00,15932.07
10.03.2025 03:00:00 +01:00,20294.78,15966.46
10.03.2025 04:00:00 +01:00,20603.53,16077.67
10.03.2025 05:00:00 +01:00,21544.54,16507.17
10.03.2025 06:00:00 +01:00,22742.01,17605.59
10.03.2025 07:00:00 +01:00,23966.37,18640.58
10.03.2025 08:00:00 +01:00,23865.47,18854.05
10.03.2025 09:00:00 +01:00,23564.56,18799.69
10.03.2025 10:00:00 +01:00,23642.86,18677.57
10.03.2025 11:00:00 +01:00,23489.88,18400.11
10.03.2025 12:00:00 +01:00,23508.25,18439.69
10.03.2025 13:00:00 +01:00,23362.59,18424.48
10.03.2025 14:00:00 +01:00,23114.08,18427.02
10.03.2025 15:00:00 +01:00,23357.51,18512.39
10.03.2025 16:00:00 +01:00,23371.77,18431.37
10.03.2025 17:00:00 +01:00,23438.11,18419.70
10.03.2025 18:00:00 +01:00,23464.06,18675.80
10.03.2025 19:00:00 +01:00,23397.07,18782.61
10.03.2025 20:00:00 +01:00,23750.98,18874.53
10.03.2025 21:00:00 +01:00,23456.85,18494.17
10.03.2025 22:00:00 +01:00,22903.47,18160.93
10.03.2025 23:00:00 +01:00,22108.09,17566.26
11.03.2025 00:00:00 +01:00,21477.31,17216.89
11.03.2025 01:00:00 +01:00,21492.24,16973.75
11.03.2025 02:00:00 +01:00,21122.49,16807.41
11.03.2025 03:00:00 +01:00,21263.03,16680.18
11.03.2025 04:00:00 +01:00,21416.19,16854.63
11.03.2025 05:00:00 +01:00,22162.04,17128.82
11.03.2025 06:00:00 +01:00,23482.89,18290.30
11.03.2025 07:00:00 +01:00,24787.86,19264.83
11.03.2025 08:00:00 +01:00,24489.56,19518.52
11.03.2025 09:00:00 +01:00,24449.15,19174.03
11.03.2025 10:00:00 +01:00,24325.80,18988.32
11.03.2025 11:00:00 +01:00,24068.30,18838.47
11.03.2025 12:00:00 +01:00,23314.46,18564.83
11.03.2025 13:00:00 +01:00,22937.76,18422.57
11.03.2025 14:00:00 +01:00,23316.09,18625.22
11.03.2025 15:00:00 +01:00,24157.92,18748.60
11.03.2025 16:00:00 +01:00,24646.53,19036.00
11.03.2025 17:00:00 +01:00,24443.34,19063.70
11.03.2025 18:00:00 +01:00,25129.21,19388.57
11.03.2025 19:00:00 +01:00,24903.78,19476.13
11.03.2025 20:00:00 +01:00,24933.84,19476.93
11.03.2025 21:00:00 +01:00,24873.42,19319.47
11.03.2025 22:00:00 +01:00,24377.12,18856.72
11.03.2025 23:00:00 +01:00,24123.75,18138.36
12.03.2025 00:00:00 +01:00,23863.97,18100.44
12.03.2025 01:00:00 +01:00,23514.86,17680.01
12.03.2025 02:00:00 +01:00,23270.27,17638.38
12.03.2025 03:00:00 +01:00,23321.98,17654.60
12.03.2025 04:00:00 +01:00,23223.58,17789.63
12.03.2025 05:00:00 +01:00,23778.81,18082.93
12.03.2025 06:00:00 +01:00,24664.09,19113.74
12.03.2025 07:00:00 +01:00,25421.60,20256.84
12.03.2025 08:00:00 +01:00,25276.76,20419.21
12.03.2025 09:00:00 +01:00,25188.04,20015.97
12.03.2025 10:00:00 +01:00,24710.46,19635.37
12.03.2025 11:00:00 +01:00,24185.76,19340.45
12.03.2025 12:00:00 +01:00,24376.04,19078.80
12.03.2025 13:00:00 +01:00,24163.95,18841.02
12.03.2025 14:00:00 +01:00,23858.49,18847.77
12.03.2025 15:00:00 +01:00,24283.34,19070.72
12.03.2025 16:00:00 +01:00,24382.60,19210.46
12.03.2025 17:00:00 +01:00,24187.69,19237.73
12.03.2025 18:00:00 +01:00,24564.15,19509.37
12.03.2025 19:00:00 +01:00,24907.32,19638.63
12.03.2025 20:00:00 +01:00,25199.91,19672.61
12.03.2025 21:00:00 +01:00,25208.39,19636.32
12.03.2025 22:00:00 +01:00,25121.33,19372.35
12.03.2025 23:00:00 +01:00,24609.25,18804.05
13.03.2025 00:00:00 +01:00,23978.29,17840.46
13.03.2025 01:00:00 +01:00,24012.45,17619.56
13.03.2025 02:00:00 +01:00,23918.46,17498.89
13.03.2025 03:00:00 +01:00,24006.21,17524.78
13.03.2025 04:00:00 +01:00,24072.28,17675.65
13.03.2025 05:00:00 +01:00,24325.62,18065.49
13.03.2025 06:00:00 +01:00,24920.90,19088.82
13.03.2025 07:00:00 +01:00,25364.89,20158.64
13.03.2025 08:00:00 +01:00,25203.49,20268.70
13.03.2025 09:00:00 +01:00,24765.88,19764.75
13.03.2025 10:00:00 +01:00,24660.44,19381.09
13.03.2025 11:00:00 +01:00,24556.02,19122.56
13.03.2025 12:00:00 +01:00,24406.04,18874.99
13.03.2025 13:00:00 +01:00,24354.97,18507.20
13.03.2025 14:00:00 +01:00,24118.31,18176.55
13.03.2025 15:00:00 +01:00,24062.95,18254.32
13.03.2025 16:00:00 +01:00,24387.48,18800.88
13.03.2025 17:00:00 +01:00,24710.20,18854.49
13.03.2025 18:00:00 +01:00,24613.56,19194.68
13.03.2025 19:00:00 +01:00,24833.89,19390.95
13.03.2025 20:00:00 +01:00,24990.89,19590.16
13.03.2025 21:00:00 +01:00,25164.58,19446.72
13.03.2025 22:00:00 +01:00,25115.19,19009.06
13.03.2025 23:00:00 +01:00,24934.22,18693.42
14.03.2025 00:00:00 +01:00,23043.83,18809.47
14.03.2025 01:00:00 +01:00,23103.00,18464.56
14.03.2025 02:00:00 +01:00,23423.11,18303.08
14.03.2025 03:00:00 +01:00,23466.97,18318.50
14.03.2025 04:00:00 +01:00,23278.03,18534.35
14.03.2025 05:00:00 +01:00,23881.94,18994.58
14.03.2025 06:00:00 +01:00,24444.27,20116.67
14.03.2025 07:00:00 +01:00,25309.62,21215.91
14.03.2025 08:00:00 +01:00,25286.98,21388.71
14.03.2025 09:00:00 +01:00,25189.64,20880.14
14.03.2025 10:00:00 +01:00,24708.25,20213.04
14.03.2025 11:00:00 +01:00,24728.50,19337.93
14.03.2025 12:00:00 +01:00,24393.65,19116.85
14.03.2025 13:00:00 +01:00,23716.90,18973.91
14.03.2025 14:00:00 +01:00,24157.08,18698.62
14.03.2025 15:00:00 +01:00,24323.28,18618.03
14.03.2025 16:00:00 +01:00,24155.82,18529.28
14.03.2025 17:00:00 +01:00,23881.44,18924.72
14.03.2025 18:00:00 +01:00,24346.79,19182.71
14.03.2025 19:00:00 +01:00,24467.60,19399.20
14.03.2025 20:00:00 +01:00,24076.09,19189.25
14.03.2025 21:00:00 +01:00,24137.02,18913.13
14.03.2025 22:00:00 +01:00,24548.44,18627.65
14.03.2025 23:00:00 +01:00,24776.78,18354.74
15.03.2025 00:00:00 +01:00,24615.05,18234.42
15.03.2025 01:00:00 +01:00,24268.79,17988.07
15.03.2025 02:00:00 +01:00,23890.62,17721.93
15.03.2025 03:00:00 +01:00,23661.64,17642.26
15.03.2025 04:00:00 +01:00,23544.10,17564.20
15.03.2025 05:00:00 +01:00,23651.24,17697.81
15.03.2025 06:00:00 +01:00,23633.29,17963.66
15.03.2025 07:00:00 +01:00,23839.97,18091.46
15.03.2025 08:00:00 +01:00,23143.56,18691.36
15.03.2025 09:00:00 +01:00,23068.62,18814.48
15.03.2025 10:00:00 +01:00,22597.46,18704.71
15.03.2025 11:00:00 +01:00,21876.56,18417.78
15.03.2025 12:00:00 +01:00,21261.89,18257.96
15.03.2025 13:00:00 +01:00,21264.82,18093.51
15.03.2025 14:00:00 +01:00,21203.02,17999.33
15.03.2025 15:00:00 +01:00,21575.87,17929.52
15.03.2025 16:00:00 +01:00,22102.21,18152.85
15.03.2025 17:00:00 +01:00,22987.07,18428.28
15.03.2025 18:00:00 +01:00,23574.78,19091.62
15.03.2025 19:00:00 +01:00,23479.67,19027.43
15.03.2025 20:00:00 +01:00,22868.10,18352.00
15.03.2025 21:00:00 +01:00,22627.10,17768.76
15.03.2025 22:00:00 +01:00,21731.22,17520.55
15.03.2025 23:00:00 +01:00,21433.62,17542.40
16.03.2025 00:00:00 +01:00,20645.75,17203.99
16.03.2025 01:00:00 +01:00,20492.38,16856.81
16.03.2025 02:00:00 +01:00,20382.41,16803.29
16.03.2025 03:00:00 +01:00,20442.66,16896.99
16.03.2025 04:00:00 +01:00,20470.84,16742.56
16.03.2025 05:00:00 +01:00,20871.05,16692.50
16.03.2025 06:00:00 +01:00,21019.06,17018.58
16.03.2025 07:00:00 +01:00,21046.28,17172.22
16.03.2025 08:00:00 +01:00,20153.66,17666.89
16.03.2025 09:00:00 +01:00,19162.37,17588.07
16.03.2025 10:00:00 +01:00,17657.99,17704.08
16.03.2025 11:00:00 +01:00,16706.93,17328.40
16.03.2025 12:00:00 +01:00,15654.00,17053.50
16.03.2025 13:00:00 +01:00,16186.96,17106.91
16.03.2025 14:00:00 +01:00,16680.53,17308.59
16.03.2025 15:00:00 +01:00,18316.01,17514.33
16.03.2025 16:00:00 +01:00,20421.91,17840.40
16.03.2025 17:00:00 +01:00,21774.33,18325.67
16.03.2025 18:00:00 +01:00,23336.76,18631.26
16.03.2025 19:00:00 +01:00,23098.57,19032.07
16.03.2025 20:00:00 +01:00,22931.64,19003.91
16.03.2025 21:00:00 +01:00,22594.30,18777.21
16.03.2025 22:00:00 +01:00,22282.62,18410.18
16.03.2025 23:00:00 +01:00,21700.51,18083.55
17.03.2025 00:00:00 +01:00,21919.61,17464.79
17.03.2025 01:00:00 +01:00,21800.11,17332.55
17.03.2025 02:00:00 +01:00,21970.76,17188.11
17.03.2025 03:00:00 +01:00,21947.25,17170.26
17.03.2025 04:00:00 +01:00,22041.89,17492.37
17.03.2025 05:00:00 +01:00,22387.60,18050.51
17.03.2025 06:00:00 +01:00,22806.27,19040.52
17.03.2025 07:00:00 +01:00,23792.93,20224.14
17.03.2025 08:00:00 +01:00,23474.70,20179.37
17.03.2025 09:00:00 +01:00,23291.82,19775.72
17.03.2025 10:00:00 +01:00,22021.83,19467.91
17.03.2025 11:00:00 +01:00,20610.76,18771.04
17.03.2025 12:00:00 +01:00,19055.02,18531.63
17.03.2025 13:00:00 +01:00,19293.88,18473.98
17.03.2025 14:00:00 +01:00,20666.28,18202.97
17.03.2025 15:00:00 +01:00,21329.68,18134.26
17.03.2025 16:00:00 +01:00,21857.59,18279.10
17.03.2025 17:00:00 +01:00,23304.55,18380.01
17.03.2025 18:00:00 +01:00,23934.71,18605.86
17.03.2025 19:00:00 +01:00,23873.49,18646.75
17.03.2025 20:00:00 +01:00,22059.27,18350.06
17.03.2025 21:00:00 +01:00,21913.41,18240.96
17.03.2025 22:00:00 +01:00,21729.67,18096.90
17.03.2025 23:00:00 +01:00,21156.80,17471.58
18.03.2025 00:00:00 +01:00,21319.40,17164.10
18.03.2025 01:00:00 +01:00,5175.69,16867.48
18.03.2025 02:00:00 +01:00,5150.58,16684.87
18.03.2025 03:00:00 +01:00,5076.43,16677.90
18.03.2025 04:00:00 +01:00,5038.88,16889.87
18.03.2025 05:00:00 +01:00,5105.21,17266.89
18.03.2025 06:00:00 +01:00,5512.12,18252.26
18.03.2025 07:00:00 +01:00,5733.65,19343.74
18.03.2025 08:00:00 +01:00,5427.05,19147.53
18.03.2025 09:00:00 +01:00,5244.43,18805.30
18.03.2025 10:00:00 +01:00,4758.57,18301.73
18.03.2025 11:00:00 +01:00,4274.13,17826.30
18.03.2025 12:00:00 +01:00,4102.93,17419.55
18.03.2025 13:00:00 +01:00,4068.99,16737.88
18.03.2025 14:00:00 +01:00,4328.56,17351.54
18.03.2025 15:00:00 +01:00,4779.26,17570.54
18.03.2025 16:00:00 +01:00,5312.59,17875.69
18.03.2025 17:00:00 +01:00,5593.16,18042.75
18.03.2025 18:00:00 +01:00,5637.21,18072.89
18.03.2025 19:00:00 +01:00,5528.24,18350.75
18.03.2025 20:00:00 +01:00,5469.10,18425.83
18.03.2025 21:00:00 +01:00,5403.83,18071.62
18.03.2025 22:00:00 +01:00,5260.90,17840.38
18.03.2025 23:00:00 +01:00,5074.57,17351.28
19.03.2025 00:00:00 +01:00,5086.04,16852.16
19.03.2025 01:00:00 +01:00,5063.48,16501.28
19.03.2025 02:00:00 +01:00,5076.50,16468.02
19.03.2025 03:00:00 +01:00,5069.86,16199.50
19.03.2025 04:00:00 +01:00,5038.17,16374.77
19.03.2025 05:00:00 +01:00,5216.76,16920.12
19.03.2025 06:00:00 +01:00,5632.71,18105.64
19.03.2025 07:00:00 +01:00,5823.56,19173.53
19.03.2025 08:00:00 +01:00,5669.83,18921.90
19.03.2025 09:00:00 +01:00,5364.73,18441.30
19.03.2025 10:00:00 +01:00,4501.22,17894.21
19.03.2025 11:00:00 +01:00,4134.29,17776.10
19.03.2025 12:00:00 +01:00,3915.50,17391.37
19.03.2025 13:00:00 +01:00,3887.34,17296.71
19.03.2025 14:00:00 +01:00,4153.37,17282.93
19.03.2025 15:00:00 +01:00,5046.18,17118.88
19.03.2025 16:00:00 +01:00,5271.32,17123.52
19.03.2025 17:00:00 +01:00,5484.66,17140.72
19.03.2025 18:00:00 +01:00,5530.25,17467.61
19.03.2025 19:00:00 +01:00,5633.50,17809.19
19.03.2025 20:00:00 +01:00,5670.92,17830.59
19.03.2025 21:00:00 +01:00,5571.90,18106.66
19.03.2025 22:00:00 +01:00,5533.08,17982.49
19.03.2025 23:00:00 +01:00,5430.12,17708.52
20.03.2025 00:00:00 +01:00,5356.40,17339.37
20.03.2025 01:00:00 +01:00,5260.05,16961.03
20.03.2025 02:00:00 +01:00,5194.46,16768.74
20.03.2025 03:00:00 +01:00,5172.95,16642.14
20.03.2025 04:00:00 +01:00,5206.89,16771.31
20.03.2025 05:00:00 +01:00,5196.45,17198.42
20.03.2025 06:00:00 +01:00,5579.86,18156.64
20.03.2025 07:00:00 +01:00,5862.56,19293.74
20.03.2025 08:00:00 +01:00,5664.62,19412.34
20.03.2025 09:00:00 +01:00,5434.73,18900.67
20.03.2025 10:00:00 +01:00,4725.54,18326.52
20.03.2025 11:00:00 +01:00,4292.63,17530.25
20.03.2025 12:00:00 +01:00,4038.54,16629.82
20.03.2025 13:00:00 +01:00,3975.49,16553.31
20.03.2025 14:00:00 +01:00,4264.67,16979.78
20.03.2025 15:00:00 +01:00,4996.30,17497.95
20.03.2025 16:00:00 +01:00,5238.15,17679.07
20.03.2025 17:00:00 +01:00,5653.29,17858.12
20.03.2025 18:00:00 +01:00,5814.71,17907.11
20.03.2025 19:00:00 +01:00,5821.22,18305.43
20.03.2025 20:00:00 +01:00,5611.59,18341.68
20.03.2025 21:00:00 +01:00,5428.98,18270.96
20.03.2025 22:00:00 +01:00,5199.92,17895.95
20.03.2025 23:00:00 +01:00,5139.92,17412.00
21.03.2025 00:00:00 +01:00,5246.62,17009.81
21.03.2025 01:00:00 +01:00,5150.96,16702.04
21.03.2025 02:00:00 +01:00,5176.83,16486.79
21.03.2025 03:00:00 +01:00,5151.42,16623.68
21.03.2025 04:00:00 +01:00,5234.30,16741.72
21.03.2025 05:00:00 +01:00,5433.54,17130.36
21.03.2025 06:00:00 +01:00,5770.69,18192.63
21.03.2025 07:00:00 +01:00,5903.38,19181.48
21.03.2025 08:00:00 +01:00,5838.76,19216.78
21.03.2025 09:00:00 +01:00,5443.94,18477.25
21.03.2025 10:00:00 +01:00,4589.20,17726.92
21.03.2025 11:00:00 +01:00,4084.76,17225.13
21.03.2025 12:00:00 +01:00,3939.93,16931.78
21.03.2025 13:00:00 +01:00,3727.64,16647.60
21.03.2025 14:00:00 +01:00,3731.15,16463.42
21.03.2025 15:00:00 +01:00,3774.26,16504.86
21.03.2025 16:00:00 +01:00,4501.04,16858.40
21.03.2025 17:00:00 +01:00,4983.64,17115.68
21.03.2025 18:00:00 +01:00,5190.44,17375.41
21.03.2025 19:00:00 +01:00,5213.67,17682.18
21.03.2025 20:00:00 +01:00,4969.20,17442.02
21.03.2025 21:00:00 +01:00,4628.18,17324.12
21.03.2025 22:00:00 +01:00,4249.12,16944.77
21.03.2025 23:00:00 +01:00,3889.33,16543.67
22.03.2025 00:00:00 +01:00,3775.27,16006.50
22.03.2025 01:00:00 +01:00,3549.28,15961.90
22.03.2025 02:00:00 +01:00,3521.80,15822.46
22.03.2025 03:00:00 +01:00,3454.47,15822.36
22.03.2025 04:00:00 +01:00,3538.00,15750.08
22.03.2025 05:00:00 +01:00,3666.40,15695.13
22.03.2025 06:00:00 +01:00,3613.66,16109.53
22.03.2025 07:00:00 +01:00,3673.58,16341.49
22.03.2025 08:00:00 +01:00,3604.71,16756.57
22.03.2025 09:00:00 +01:00,3489.64,17021.26
22.03.2025 10:00:00 +01:00,3474.21,16884.54
22.03.2025 11:00:00 +01:00,3505.44,16371.84
22.03.2025 12:00:00 +01:00,3353.18,15869.63
22.03.2025 13:00:00 +01:00,3365.07,15530.35
22.03.2025 14:00:00 +01:00,3367.47,15297.63
22.03.2025 15:00:00 +01:00,3350.96,15435.61
22.03.2025 16:00:00 +01:00,3489.19,15851.46
22.03.2025 17:00:00 +01:00,4005.97,16128.62
22.03.2025 18:00:00 +01:00,4188.76,16433.32
22.03.2025 19:00:00 +01:00,4229.84,16645.95
22.03.2025 20:00:00 +01:00,4086.78,16603.81
22.03.2025 21:00:00 +01:00,3908.90,16335.70
22.03.2025 22:00:00 +01:00,3886.68,16127.85
22.03.2025 23:00:00 +01:00,3777.06,15924.69
23.03.2025 00:00:00 +01:00,3661.05,15731.64
23.03.2025 01:00:00 +01:00,3566.87,15687.83
23.03.2025 02:00:00 +01:00,3613.11,15632.02
23.03.2025 03:00:00 +01:00,3602.40,15476.78
23.03.2025 04:00:00 +01:00,3647.39,15441.83
23.03.2025 05:00:00 +01:00,3638.22,15607.55
23.03.2025 06:00:00 +01:00,3604.11,15709.84
23.03.2025 07:00:00 +01:00,3563.64,15979.08
23.03.2025 08:00:00 +01:00,3698.33,16159.72
23.03.2025 09:00:00 +01:00,3662.67,15808.68
23.03.2025 10:00:00 +01:00,3494.25,15892.76
23.03.2025 11:00:00 +01:00,3469.19,15618.36
23.03.2025 12:00:00 +01:00,3494.93,15277.52
23.03.2025 13:00:00 +01:00,3607.24,15175.68
23.03.2025 14:00:00 +01:00,3685.17,15348.40
23.03.2025 15:00:00 +01:00,3976.12,15563.56
23.03.2025 16:00:00 +01:00,4256.72,15662.66
23.03.2025 17:00:00 +01:00,4842.66,16194.09
23.03.2025 18:00:00 +01:00,4983.40,16493.07
23.03.2025 19:00:00 +01:00,5048.75,16640.11
23.03.2025 20:00:00 +01:00,5109.26,16679.91
23.03.2025 21:00:00 +01:00,4971.78,16613.54
23.03.2025 22:00:00 +01:00,4905.29,16359.49
23.03.2025 23:00:00 +01:00,4869.45,15912.88
24.03.2025 00:00:00 +01:00,4746.20,15496.94
24.03.2025 01:00:00 +01:00,4677.57,15312.28
24.03.2025 02:00:00 +01:00,4715.62,15333.01
24.03.2025 03:00:00 +01:00,4804.78,15280.90
24.03.2025 04:00:00 +01:00,4935.05,15521.06
24.03.2025 05:00:00 +01:00,5215.11,16040.84
24.03.2025 06:00:00 +01:00,5469.53,17171.96
24.03.2025 07:00:00 +01:00,5776.57,18280.51
24.03.2025 08:00:00 +01:00,5720.30,18355.57
24.03.2025 09:00:00 +01:00,5615.27,18120.73
24.03.2025 10:00:00 +01:00,5307.67,17925.02
24.03.2025 11:00:00 +01:00,5220.76,17813.14
24.03.2025 12:00:00 +01:00,5476.62,17595.81
24.03.2025 13:00:00 +01:00,5480.80,17308.40
24.03.2025 14:00:00 +01:00,5425.28,17510.74
24.03.2025 15:00:00 +01:00,5509.74,17928.12
24.03.2025 16:00:00 +01:00,5752.22,18099.00
24.03.2025 17:00:00 +01:00,5766.89,18007.73
24.03.2025 18:00:00 +01:00,5807.77,18058.38
24.03.2025 19:00:00 +01:00,5781.08,18123.70
24.03.2025 20:00:00 +01:00,5547.59,17978.31
24.03.2025 21:00:00 +01:00,5515.22,17734.22
24.03.2025 22:00:00 +01:00,5240.29,17266.33
24.03.2025 23:00:00 +01:00,4969.53,16631.79
25.03.2025 00:00:00 +01:00,4828.38,15974.90
25.03.2025 01:00:00 +01:00,4679.46,16007.66
25.03.2025 02:00:00 +01:00,4678.77,16118.86
25.03.2025 03:00:00 +01:00,4651.21,15939.49
25.03.2025 04:00:00 +01:00,4761.77,15926.96
25.03.2025 05:00:00 +01:00,4878.84,16206.18
25.03.2025 06:00:00 +01:00,5251.42,16939.37
25.03.2025 07:00:00 +01:00,5631.68,17862.55
25.03.2025 08:00:00 +01:00,5627.08,18112.81
25.03.2025 09:00:00 +01:00,5658.16,18148.56
25.03.2025 10:00:00 +01:00,5536.48,17880.68
25.03.2025 11:00:00 +01:00,5425.34,17454.07
25.03.2025 12:00:00 +01:00,5203.08,17099.40
25.03.2025 13:00:00 +01:00,5017.56,16621.88
25.03.2025 14:00:00 +01:00,5170.28,16659.24
25.03.2025 15:00:00 +01:00,5444.37,16936.91
25.03.2025 16:00:00 +01:00,5329.31,17196.22
25.03.2025 17:00:00 +01:00,5412.13,17251.47
25.03.2025 18:00:00 +01:00,5505.08,17478.93
25.03.2025 19:00:00 +01:00,5330.41,17732.28
25.03.2025 20:00:00 +01:00,5334.72,17629.61
25.03.2025 21:00:00 +01:00,5347.54,17430.83
25.03.2025 22:00:00 +01:00,5315.34,17112.97
25.03.2025 23:00:00 +01:00,5227.48,16613.08
26.03.2025 00:00:00 +01:00,5114.04,16125.52
26.03.2025 01:00:00 +01:00,5074.64,15791.10
26.03.2025 02:00:00 +01:00,5062.10,15663.09
26.03.2025 03:00:00 +01:00,4958.31,15487.32
26.03.2025 04:00:00 +01:00,4926.67,15614.07
26.03.2025 05:00:00 +01:00,4979.60,15789.47
26.03.2025 06:00:00 +01:00,5060.01,17017.16
26.03.2025 07:00:00 +01:00,5435.97,18193.51
26.03.2025 08:00:00 +01:00,5428.78,17870.62
26.03.2025 09:00:00 +01:00,5298.42,17747.32
26.03.2025 10:00:00 +01:00,5266.96,17732.21
26.03.2025 11:00:00 +01:00,5265.97,17337.94
26.03.2025 12:00:00 +01:00,5178.97,17008.25
26.03.2025 13:00:00 +01:00,5169.45,17090.42
26.03.2025 14:00:00 +01:00,5166.74,16856.12
26.03.2025 15:00:00 +01:00,5255.17,16994.75
26.03.2025 16:00:00 +01:00,5270.34,17483.71
26.03.2025 17:00:00 +01:00,5434.75,17423.73
26.03.2025 18:00:00 +01:00,5508.74,17472.19
26.03.2025 19:00:00 +01:00,5591.06,17464.02
26.03.2025 20:00:00 +01:00,5492.93,17365.12
26.03.2025 21:00:00 +01:00,5453.78,17170.57
26.03.2025 22:00:00 +01:00,5316.90,17059.48
26.03.2025 23:00:00 +01:00,5165.61,16686.36
27.03.2025 00:00:00 +01:00,4922.69,16114.22
27.03.2025 01:00:00 +01:00,4765.73,15558.87
27.03.2025 02:00:00 +01:00,4720.87,15503.13
27.03.2025 03:00:00 +01:00,4714.42,15336.87
27.03.2025 04:00:00 +01:00,4671.80,15463.66
27.03.2025 05:00:00 +01:00,4764.68,15939.66
27.03.2025 06:00:00 +01:00,5132.24,16624.68
27.03.2025 07:00:00 +01:00,5536.16,17864.58
27.03.2025 08:00:00 +01:00,5484.42,17914.48
27.03.2025 09:00:00 +01:00,5249.72,17622.57
27.03.2025 10:00:00 +01:00,4838.90,17196.14
27.03.2025 11:00:00 +01:00,4368.24,16892.03
27.03.2025 12:00:00 +01:00,3917.76,16817.68
27.03.2025 13:00:00 +01:00,3812.54,16773.65
27.03.2025 14:00:00 +01:00,4228.83,16698.10
27.03.2025 15:00:00 +01:00,4827.15,16890.04
27.03.2025 16:00:00 +01:00,5016.06,17206.63
27.03.2025 17:00:00 +01:00,5154.64,17191.22
27.03.2025 18:00:00 +01:00,5299.37,17268.01
27.03.2025 19:00:00 +01:00,5345.62,17606.89
27.03.2025 20:00:00 +01:00,5231.24,17570.76
27.03.2025 21:00:00 +01:00,5105.18,17351.31
27.03.2025 22:00:00 +01:00,4900.25,17063.16
27.03.2025 23:00:00 +01:00,4630.60,16419.22
28.03.2025 00:00:00 +01:00,4553.99,14845.81
28.03.2025 01:00:00 +01:00,4333.49,14529.57
28.03.2025 02:00:00 +01:00,4287.77,14180.78
28.03.2025 03:00:00 +01:00,4272.76,14173.27
28.03.2025 04:00:00 +01:00,4432.48,14230.95
28.03.2025 05:00:00 +01:00,4586.49,14339.18
28.03.2025 06:00:00 +01:00,4867.31,15172.99
28.03.2025 07:00:00 +01:00,4901.36,16472.32
28.03.2025 08:00:00 +01:00,4814.30,16763.98
28.03.2025 09:00:00 +01:00,4491.92,16747.39
28.03.2025 10:00:00 +01:00,4173.94,17471.34
28.03.2025 11:00:00 +01:00,3824.65,17334.36
28.03.2025 12:00:00 +01:00,3742.30,17223.18
28.03.2025 13:00:00 +01:00,3747.46,16923.56
28.03.2025 14:00:00 +01:00,4079.74,16689.27
28.03.2025 15:00:00 +01:00,4291.82,16858.15
28.03.2025 16:00:00 +01:00,4697.68,17031.47
28.03.2025 17:00:00 +01:00,4845.34,16828.14
28.03.2025 18:00:00 +01:00,5063.52,17063.82
28.03.2025 19:00:00 +01:00,5000.52,17008.37
28.03.2025 20:00:00 +01:00,4823.54,16919.94
28.03.2025 21:00:00 +01:00,4632.82,16550.20
28.03.2025 22:00:00 +01:00,4509.86,16346.77
28.03.2025 23:00:00 +01:00,4388.90,15960.49
29.03.2025 00:00:00 +01:00,4346.08,15636.60
29.03.2025 01:00:00 +01:00,4312.50,15197.70
29.03.2025 02:00:00 +01:00,4356.12,15109.26
29.03.2025 03:00:00 +01:00,4304.32,15009.24
29.03.2025 04:00:00 +01:00,4401.72,15173.51
29.03.2025 05:00:00 +01:00,4413.98,15270.80
29.03.2025 06:00:00 +01:00,4373.76,15404.72
29.03.2025 07:00:00 +01:00,4510.09,15824.27
29.03.2025 08:00:00 +01:00,4535.99,16372.22
29.03.2025 09:00:00 +01:00,4500.96,16545.61
29.03.2025 10:00:00 +01:00,4305.47,16489.40
29.03.2025 11:00:00 +01:00,4193.51,15978.53
29.03.2025 12:00:00 +01:00,4026.48,16097.05
29.03.2025 13:00:00 +01:00,3617.66,15769.80
29.03.2025 14:00:00 +01:00,3476.34,15769.10
29.03.2025 15:00:00 +01:00,3722.31,15909.54
29.03.2025 16:00:00 +01:00,4403.90,16126.82
29.03.2025 17:00:00 +01:00,5168.14,16363.40
29.03.2025 18:00:00 +01:00,5451.01,16499.87
29.03.2025 19:00:00 +01:00,5449.50,16667.58
29.03.2025 20:00:00 +01:00,5203.82,16514.72
29.03.2025 21:00:00 +01:00,5039.15,16371.05
29.03.2025 22:00:00 +01:00,4891.37,16278.28
29.03.2025 23:00:00 +01:00,4617.09,16148.33
30.03.2025 00:00:00 +01:00,4030.39,15763.53
30.03.2025 01:00:00 +01:00,3748.90,15505.02
30.03.2025 03:00:00 +02:00,3460.07,14960.36
30.03.2025 04:00:00 +02:00,3307.28,14716.53
30.03.2025 05:00:00 +02:00,3137.38,14851.64
30.03.2025 06:00:00 +02:00,2955.55,14963.99
30.03.2025 07:00:00 +02:00,3083.41,14856.44
30.03.2025 08:00:00 +02:00,3122.14,15402.23
30.03.2025 09:00:00 +02:00,3074.93,16125.53
30.03.2025 10:00:00 +02:00,3303.32,16637.17
30.03.2025 11:00:00 +02:00,3303.55,16551.24
30.03.2025 12:00:00 +02:00,3317.95,16463.16
30.03.2025 13:00:00 +02:00,3000.09,16224.46
30.03.2025 14:00:00 +02:00,3043.32,16127.32
30.03.2025 15:00:00 +02:00,3135.42,16062.81
30.03.2025 16:00:00 +02:00,3319.21,16100.25
30.03.2025 17:00:00 +02:00,3488.23,16096.63
30.03.2025 18:00:00 +02:00,4086.86,16361.68
30.03.2025 19:00:00 +02:00,4591.09,16805.41
30.03.2025 20:00:00 +02:00,4759.60,17170.86
30.03.2025 21:00:00 +02:00,4664.83,17231.34
30.03.2025 22:00:00 +02:00,5018.42,17040.36
30.03.2025 23:00:00 +02:00,4880.10,16576.52
31.03.2025 00:00:00 +02:00,4684.83,16258.37
31.03.2025 01:00:00 +02:00,4612.11,15985.30
31.03.2025 02:00:00 +02:00,4584.93,15649.47
31.03.2025 03:00:00 +02:00,4475.66,15652.37
31.03.2025 04:00:00 +02:00,4549.81,15718.04
31.03.2025 05:00:00 +02:00,4787.00,16118.07
31.03.2025 06:00:00 +02:00,4901.33,17225.65
31.03.2025 07:00:00 +02:00,5186.25,18402.52
31.03.2025 08:00:00 +02:00,5351.70,18449.99
31.03.2025 09:00:00 +02:00,5235.09,18028.16
31.03.2025 10:00:00 +02:00,5098.91,17539.16
31.03.2025 11:00:00 +02:00,4958.12,16979.14
31.03.2025 12:00:00 +02:00,4738.98,16498.36
31.03.2025 13:00:00 +02:00,4687.52,16452.41
31.03.2025 14:00:00 +02:00,4664.82,16363.79
31.03.2025 15:00:00 +02:00,4755.88,16417.07
31.03.2025 16:00:00 +02:00,4775.85,16566.64
31.03.2025 17:00:00 +02:00,4836.50,16422.42
31.03.2025 18:00:00 +02:00,5017.20,16399.13
31.03.2025 19:00:00 +02:00,5173.26,16683.25
31.03.2025 20:00:00 +02:00,5202.57,16958.06
31.03.2025 21:00:00 +02:00,5134.39,17067.84
31.03.2025 22:00:00 +02:00,5017.13,16727.98
31.03.2025 23:00:00 +02:00,4932.37,16100.57
01.04.2025 00:00:00 +02:00,5031.88,15478.71
01.04.2025 01:00:00 +02:00,4942.84,15146.20
01.04.2025 02:00:00 +02:00,5073.72,14909.92
01.04.2025 03:00:00 +02:00,5126.95,14998.43
01.04.2025 04:00:00 +02:00,5173.65,15259.50
01.04.2025 05:00:00 +02:00,5284.87,15513.84
01.04.2025 06:00:00 +02:00,5477.15,16489.46
01.04.2025 07:00:00 +02:00,5546.72,17591.24
01.04.2025 08:00:00 +02:00,5618.55,17709.21
01.04.2025 09:00:00 +02:00,5526.80,17169.68
01.04.2025 10:00:00 +02:00,5260.57,17309.97
01.04.2025 11:00:00 +02:00,4900.87,16148.25
01.04.2025 12:00:00 +02:00,4053.31,15653.09
01.04.2025 13:00:00 +02:00,3518.55,15422.06
01.04.2025 14:00:00 +02:00,3529.63,15365.03
01.04.2025 15:00:00 +02:00,3616.42,15665.17
01.04.2025 16:00:00 +02:00,4334.97,15983.92
01.04.2025 17:00:00 +02:00,5007.75,15831.66
01.04.2025 18:00:00 +02:00,5179.88,15780.41
01.04.2025 19:00:00 +02:00,5237.68,15951.20
01.04.2025 20:00:00 +02:00,5262.42,16213.04
01.04.2025 21:00:00 +02:00,5380.30,16125.39
01.04.2025 22:00:00 +02:00,5277.82,15680.34
01.04.2025 23:00:00 +02:00,5183.84,15113.28
02.04.2025 00:00:00 +02:00,4916.22,14912.69
02.04.2025 01:00:00 +02:00,4796.12,14744.54
02.04.2025 02:00:00 +02:00,4812.94,14458.30
02.04.2025 03:00:00 +02:00,4852.84,14337.76
02.04.2025 04:00:00 +02:00,4941.57,14562.94
02.04.2025 05:00:00 +02:00,5171.40,14822.84
02.04.2025 06:00:00 +02:00,5427.49,15883.07
02.04.2025 07:00:00 +02:00,5467.84,16897.65
02.04.2025 08:00:00 +02:00,5319.84,16976.25
02.04.2025 09:00:00 +02:00,5157.02,16533.84
02.04.2025 10:00:00 +02:00,4255.41,15885.80
02.04.2025 11:00:00 +02:00,3716.98,15483.53
02.04.2025 12:00:00 +02:00,3483.28,15327.15
02.04.2025 13:00:00 +02:00,3516.08,15134.58
02.04.2025 14:00:00 +02:00,3366.79,14983.36
02.04.2025 15:00:00 +02:00,3373.84,15086.07
02.04.2025 16:00:00 +02:00,3471.57,15241.98
02.04.2025 17:00:00 +02:00,3966.33,15213.04
02.04.2025 18:00:00 +02:00,4843.39,15408.53
02.04.2025 19:00:00 +02:00,5123.21,15495.96
02.04.2025 20:00:00 +02:00,5260.05,15772.59
02.04.2025 21:00:00 +02:00,5248.58,16000.91
02.04.2025 22:00:00 +02:00,5056.08,15639.94
02.04.2025 23:00:00 +02:00,4839.74,15119.64
03.04.2025 00:00:00 +02:00,4761.59,14593.76
03.04.2025 01:00:00 +02:00,4786.24,14371.00
03.04.2025 02:00:00 +02:00,4756.11,14188.73
03.04.2025 03:00:00 +02:00,4749.98,14067.25
03.04.2025 04:00:00 +02:00,4809.56,14356.37
03.04.2025 05:00:00 +02:00,5028.43,14666.54
03.04.2025 06:00:00 +02:00,5327.92,15851.33
03.04.2025 07:00:00 +02:00,5551.40,17031.14
03.04.2025 08:00:00 +02:00,5534.80,17112.01
03.04.2025 09:00:00 +02:00,5227.46,16815.56
03.04.2025 10:00:00 +02:00,4273.48,16512.22
03.04.2025 11:00:00 +02:00,3880.54,16134.66
03.04.2025 12:00:00 +02:00,3505.13,15277.44
03.04.2025 13:00:00 +02:00,3292.05,14788.63
03.04.2025 14:00:00 +02:00,3180.50,14878.04
03.04.2025 15:00:00 +02:00,3323.63,15135.48
03.04.2025 16:00:00 +02:00,3609.86,15163.00
03.04.2025 17:00:00 +02:00,4613.83,15233.63
03.04.2025 18:00:00 +02:00,4960.69,15264.38
03.04.2025 19:00:00 +02:00,5142.73,15333.97
03.04.2025 20:00:00 +02:00,5135.22,15755.37
03.04.2025 21:00:00 +02:00,5042.33,15741.83
03.04.2025 22:00:00 +02:00,4789.82,15374.61
03.04.2025 23:00:00 +02:00,4527.34,14916.09
04.04.2025 00:00:00 +02:00,4426.07,14709.95
04.04.2025 01:00:00 +02:00,4297.44,14373.98
04.04.2025 02:00:00 +02:00,4261.89,14293.78
04.04.2025 03:00:00 +02:00,4229.90,14310.25
04.04.2025 04:00:00 +02:00,4437.67,14501.93
04.04.2025 05:00:00 +02:00,4785.88,14991.20
04.04.2025 06:00:00 +02:00,5170.65,16183.28
04.04.2025 07:00:00 +02:00,5482.14,17482.54
04.04.2025 08:00:00 +02:00,5511.61,17588.81
04.04.2025 09:00:00 +02:00,5142.32,17003.86
04.04.2025 10:00:00 +02:00,4649.75,16703.85
04.04.2025 11:00:00 +02:00,3983.86,16261.55
04.04.2025 12:00:00 +02:00,3748.28,16366.41
04.04.2025 13:00:00 +02:00,3670.79,16125.46
04.04.2025 14:00:00 +02:00,3433.75,14998.02
04.04.2025 15:00:00 +02:00,3486.60,15673.19
04.04.2025 16:00:00 +02:00,3973.71,16120.02
04.04.2025 17:00:00 +02:00,4632.36,16092.63
04.04.2025 18:00:00 +02:00,5184.82,16421.61
04.04.2025 19:00:00 +02:00,5194.86,16675.81
04.04.2025 20:00:00 +02:00,5112.34,16495.71
04.04.2025 21:00:00 +02:00,4927.50,16319.94
04.04.2025 22:00:00 +02:00,4649.74,15756.73
04.04.2025 23:00:00 +02:00,4347.62,15592.74
05.04.2025 00:00:00 +02:00,4253.32,15476.67
05.04.2025 01:00:00 +02:00,4251.22,15264.28
05.04.2025 02:00:00 +02:00,4158.75,15040.15
05.04.2025 03:00:00 +02:00,4116.86,15047.53
05.04.2025 04:00:00 +02:00,4124.24,14965.73
05.04.2025 05:00:00 +02:00,4037.91,14937.05
05.04.2025 06:00:00 +02:00,4103.37,15179.03
05.04.2025 07:00:00 +02:00,4483.20,15645.73
05.04.2025 08:00:00 +02:00,4492.05,16078.60
05.04.2025 09:00:00 +02:00,4189.09,16421.78
05.04.2025 10:00:00 +02:00,3820.96,16344.90
05.04.2025 11:00:00 +02:00,3514.64,16195.00
05.04.2025 12:00:00 +02:00,3437.18,15991.11
05.04.2025 13:00:00 +02:00,3281.29,15685.99
05.04.2025 14:00:00 +02:00,3087.98,15337.52
05.04.2025 15:00:00 +02:00,3197.43,15219.94
05.04.2025 16:00:00 +02:00,3285.29,15204.45
05.04.2025 17:00:00 +02:00,3567.51,15632.61
05.04.2025 18:00:00 +02:00,4382.40,15971.39
05.04.2025 19:00:00 +02:00,4933.98,15868.64
05.04.2025 20:00:00 +02:00,5065.96,15985.26
05.04.2025 21:00:00 +02:00,4951.42,15886.66
05.04.2025 22:00:00 +02:00,4839.87,15681.23
05.04.2025 23:00:00 +02:00,4706.31,15348.76
06.04.2025 00:00:00 +02:00,4672.68,15006.08
06.04.2025 01:00:00 +02:00,4635.44,14759.23
06.04.2025 02:00:00 +02:00,4547.56,14617.85
06.04.2025 03:00:00 +02:00,4605.34,14744.14
06.04.2025 04:00:00 +02:00,4677.96,14806.23
06.04.2025 05:00:00 +02:00,4737.32,14978.34
06.04.2025 06:00:00 +02:00,4824.62,15333.02
06.04.2025 07:00:00 +02:00,4680.66,15449.64
06.04.2025 08:00:00 +02:00,3764.98,15613.90
06.04.2025 09:00:00 +02:00,3699.18,15770.77
06.04.2025 10:00:00 +02:00,3717.80,15588.98
06.04.2025 11:00:00 +02:00,3640.66,15306.62
06.04.2025 12:00:00 +02:00,3457.78,14995.80
06.04.2025 13:00:00 +02:00,3434.59,14669.88
06.04.2025 14:00:00 +02:00,3363.75,14437.38
06.04.2025 15:00:00 +02:00,3588.48,14464.60
06.04.2025 16:00:00 +02:00,3440.39,14342.86
06.04.2025 17:00:00 +02:00,3579.07,14883.78
06.04.2025 18:00:00 +02:00,4767.86,15323.22
06.04.2025 19:00:00 +02:00,5022.27,15762.61
06.04.2025 20:00:00 +02:00,5226.62,16003.87
06.04.2025 21:00:00 +02:00,5178.68,16127.16
06.04.2025 22:00:00 +02:00,4981.76,15699.88
06.04.2025 23:00:00 +02:00,4798.61,15360.16
07.04.2025 00:00:00 +02:00,4623.86,14919.54
07.04.2025 01:00:00 +02:00,4487.48,14729.04
07.04.2025 02:00:00 +02:00,4447.20,14486.91
07.04.2025 03:00:00 +02:00,4516.08,14460.67
07.04.2025 04:00:00 +02:00,4582.72,14628.45
07.04.2025 05:00:00 +02:00,4745.32,15172.79
07.04.2025 06:00:00 +02:00,5113.83,16224.64
07.04.2025 07:00:00 +02:00,5056.47,17193.54
07.04.2025 08:00:00 +02:00,5201.82,17377.54
07.04.2025 09:00:00 +02:00,5131.38,17128.88
07.04.2025 10:00:00 +02:00,4877.77,16700.92
07.04.2025 11:00:00 +02:00,4167.72,16123.34
07.04.2025 12:00:00 +02:00,3564.00,15953.60
07.04.2025 13:00:00 +02:00,3510.07,15793.30
07.04.2025 14:00:00 +02:00,3336.02,15664.17
07.04.2025 15:00:00 +02:00,3670.16,15715.82
07.04.2025 16:00:00 +02:00,4246.95,15709.67
07.04.2025 17:00:00 +02:00,4590.44,15586.49
07.04.2025 18:00:00 +02:00,4738.22,15498.78
07.04.2025 19:00:00 +02:00,4993.08,15982.59
07.04.2025 20:00:00 +02:00,5040.43,16255.56
07.04.2025 21:00:00 +02:00,5168.66,16306.93
07.04.2025 22:00:00 +02:00,5124.34,15874.66
07.04.2025 23:00:00 +02:00,5051.04,15439.55
08.04.2025 00:00:00 +02:00,4937.22,14952.72
08.04.2025 01:00:00 +02:00,4877.76,14717.00
08.04.2025 02:00:00 +02:00,4848.21,14533.25
08.04.2025 03:00:00 +02:00,4763.94,14370.54
08.04.2025 04:00:00 +02:00,4821.21,14455.95
08.04.2025 05:00:00 +02:00,4987.45,14970.77
08.04.2025 06:00:00 +02:00,5163.26,16029.90
08.04.2025 07:00:00 +02:00,5257.23,17241.04
08.04.2025 08:00:00 +02:00,5196.90,17370.99
08.04.2025 09:00:00 +02:00,5128.29,16853.04
08.04.2025 10:00:00 +02:00,4733.92,16406.85
08.04.2025 11:00:00 +02:00,4235.99,15920.78
08.04.2025 12:00:00 +02:00,3451.94,15830.54
08.04.2025 13:00:00 +02:00,3491.51,15767.14
08.04.2025 14:00:00 +02:00,3551.68,15526.01
08.04.2025 15:00:00 +02:00,4195.92,15774.56
08.04.2025 16:00:00 +02:00,4652.53,15927.50
08.04.2025 17:00:00 +02:00,4965.40,15986.15
08.04.2025 18:00:00 +02:00,5046.08,15908.78
08.04.2025 19:00:00 +02:00,5074.86,16392.55
08.04.2025 20:00:00 +02:00,5126.59,16925.61
08.04.2025 21:00:00 +02:00,5067.82,16859.29
08.04.2025 22:00:00 +02:00,4913.88,16388.29
08.04.2025 23:00:00 +02:00,4745.30,15756.07
09.04.2025 00:00:00 +02:00,4475.87,15127.51
09.04.2025 01:00:00 +02:00,4333.85,14873.62
09.04.2025 02:00:00 +02:00,4249.18,14776.69
09.04.2025 03:00:00 +02:00,4244.40,14622.69
09.04.2025 04:00:00 +02:00,4295.11,14684.62
09.04.2025 05:00:00 +02:00,4443.30,15145.47
09.04.2025 06:00:00 +02:00,4783.32,16161.39
09.04.2025 07:00:00 +02:00,5155.73,17210.08
09.04.2025 08:00:00 +02:00,5224.38,17371.17
09.04.2025 09:00:00 +02:00,5091.32,17125.48
09.04.2025 10:00:00 +02:00,4642.06,16481.63
09.04.2025 11:00:00 +02:00,4460.66,16309.16
09.04.2025 12:00:00 +02:00,3864.96,16111.08
09.04.2025 13:00:00 +02:00,3561.51,15824.27
09.04.2025 14:00:00 +02:00,3594.13,15762.20
09.04.2025 15:00:00 +02:00,3904.84,16093.57
09.04.2025 16:00:00 +02:00,4205.10,16253.54
09.04.2025 17:00:00 +02:00,4487.17,15961.17
09.04.2025 18:00:00 +02:00,4641.94,16298.60
09.04.2025 19:00:00 +02:00,4788.92,16533.89
09.04.2025 20:00:00 +02:00,4953.89,16868.50
09.04.2025 21:00:00 +02:00,4965.64,17149.20
09.04.2025 22:00:00 +02:00,4820.31,16759.72
09.04.2025 23:00:00 +02:00,4637.50,15946.31
10.04.2025 00:00:00 +02:00,4461.85,15751.39
10.04.2025 01:00:00 +02:00,4478.03,15700.72
10.04.2025 02:00:00 +02:00,17933.69,15547.75
10.04.2025 03:00:00 +02:00,18247.91,15488.31
10.04.2025 04:00:00 +02:00,18683.68,15459.21
10.04.2025 05:00:00 +02:00,19796.39,15932.45
10.04.2025 06:00:00 +02:00,21376.45,16944.60
10.04.2025 07:00:00 +02:00,21492.88,17828.40
10.04.2025 08:00:00 +02:00,21552.83,17846.25
10.04.2025 09:00:00 +02:00,21668.81,17705.14
10.04.2025 10:00:00 +02:00,19930.96,17449.05
10.04.2025 11:00:00 +02:00,19296.03,17199.23
10.04.2025 12:00:00 +02:00,17558.42,16916.04
10.04.2025 13:00:00 +02:00,15491.87,17060.13
10.04.2025 14:00:00 +02:00,15073.18,16765.49
10.04.2025 15:00:00 +02:00,15189.49,16803.44
10.04.2025 16:00:00 +02:00,16410.75,17295.98
10.04.2025 17:00:00 +02:00,17984.02,17677.52
10.04.2025 18:00:00 +02:00,18796.24,17547.00
10.04.2025 19:00:00 +02:00,18589.03,17480.12
10.04.2025 20:00:00 +02:00,17930.25,17574.68
10.04.2025 21:00:00 +02:00,17535.48,17698.36
10.04.2025 22:00:00 +02:00,16710.88,17243.59
10.04.2025 23:00:00 +02:00,15554.87,16177.22
11.04.2025 00:00:00 +02:00,15159.10,15862.78
11.04.2025 01:00:00 +02:00,15098.66,15556.50
11.04.2025 02:00:00 +02:00,15042.18,15610.93
11.04.2025 03:00:00 +02:00,15129.56,15598.73
11.04.2025 04:00:00 +02:00,15323.16,15387.32
11.04.2025 05:00:00 +02:00,15722.22,15720.36
11.04.2025 06:00:00 +02:00,17446.12,16435.16
11.04.2025 07:00:00 +02:00,19316.04,17395.50
11.04.2025 08:00:00 +02:00,20502.12,17644.83
11.04.2025 09:00:00 +02:00,18722.99,17262.72
11.04.2025 10:00:00 +02:00,16544.51,17028.84
11.04.2025 11:00:00 +02:00,14698.59,16586.98
11.04.2025 12:00:00 +02:00,13914.33,16010.18
11.04.2025 13:00:00 +02:00,14329.55,15974.80
11.04.2025 14:00:00 +02:00,14103.99,15832.22
11.04.2025 15:00:00 +02:00,14161.24,16207.60
11.04.2025 16:00:00 +02:00,15735.97,16321.87
11.04.2025 17:00:00 +02:00,18837.40,16483.88
11.04.2025 18:00:00 +02:00,20511.35,16532.50
11.04.2025 19:00:00 +02:00,19917.39,16663.47
11.04.2025 20:00:00 +02:00,20001.34,16774.52
11.04.2025 21:00:00 +02:00,19550.54,16326.02
11.04.2025 22:00:00 +02:00,18498.37,15922.39
11.04.2025 23:00:00 +02:00,17803.86,15612.22
12.04.2025 00:00:00 +02:00,17476.47,15268.74
12.04.2025 01:00:00 +02:00,17315.98,14452.25
12.04.2025 02:00:00 +02:00,17244.13,13934.30
12.04.2025 03:00:00 +02:00,16933.17,13948.29
12.04.2025 04:00:00 +02:00,17036.74,13929.84
12.04.2025 05:00:00 +02:00,17045.07,13817.10
12.04.2025 06:00:00 +02:00,17520.94,13975.50
12.04.2025 07:00:00 +02:00,18127.46,14428.10
12.04.2025 08:00:00 +02:00,17454.29,14751.82
12.04.2025 09:00:00 +02:00,17088.02,14622.37
12.04.2025 10:00:00 +02:00,15768.42,14556.84
12.04.2025 11:00:00 +02:00,14490.21,14369.79
12.04.2025 12:00:00 +02:00,13531.95,14207.96
12.04.2025 13:00:00 +02:00,13420.26,14070.55
12.04.2025 14:00:00 +02:00,12992.23,14111.24
12.04.2025 15:00:00 +02:00,13721.28,13925.40
12.04.2025 16:00:00 +02:00,14459.88,13884.13
12.04.2025 17:00:00 +02:00,16264.71,14039.76
12.04.2025 18:00:00 +02:00,19238.50,14206.67
12.04.2025 19:00:00 +02:00,19325.42,14557.61
12.04.2025 20:00:00 +02:00,19933.84,14732.23
12.04.2025 21:00:00 +02:00,19714.76,14781.15
12.04.2025 22:00:00 +02:00,19425.41,14590.48
12.04.2025 23:00:00 +02:00,18737.83,14428.90
13.04.2025 00:00:00 +02:00,17807.17,14293.80
13.04.2025 01:00:00 +02:00,17269.98,14060.73
13.04.2025 02:00:00 +02:00,15062.44,13771.29
13.04.2025 03:00:00 +02:00,14327.90,13743.02
13.04.2025 04:00:00 +02:00,14610.36,13748.42
13.04.2025 05:00:00 +02:00,14695.95,13903.28
13.04.2025 06:00:00 +02:00,14618.58,13945.78
13.04.2025 07:00:00 +02:00,14863.08,14209.62
13.04.2025 08:00:00 +02:00,13684.20,14528.73
13.04.2025 09:00:00 +02:00,13842.44,14949.90
13.04.2025 10:00:00 +02:00,13727.92,14986.23
13.04.2025 11:00:00 +02:00,12616.80,14906.62
13.04.2025 12:00:00 +02:00,12619.04,14843.10
13.04.2025 13:00:00 +02:00,12772.15,14747.57
13.04.2025 14:00:00 +02:00,12897.34,14828.06
13.04.2025 15:00:00 +02:00,13805.90,14776.82
13.04.2025 16:00:00 +02:00,14645.04,14746.10
13.04.2025 17:00:00 +02:00,15720.70,15122.95
13.04.2025 18:00:00 +02:00,18369.88,15129.78
13.04.2025 19:00:00 +02:00,18123.07,15166.86
13.04.2025 20:00:00 +02:00,18198.25,14906.92
13.04.2025 21:00:00 +02:00,17125.16,15034.46
13.04.2025 22:00:00 +02:00,16540.61,14810.42
13.04.2025 23:00:00 +02:00,16259.42,14736.92
14.04.2025 00:00:00 +02:00,15893.55,14508.73
14.04.2025 01:00:00 +02:00,16194.56,14341.12
14.04.2025 02:00:00 +02:00,16037.01,14277.52
14.04.2025 03:00:00 +02:00,16056.75,14039.59
14.04.2025 04:00:00 +02:00,15999.24,14110.11
14.04.2025 05:00:00 +02:00,16299.48,14404.08
14.04.2025 06:00:00 +02:00,17054.36,14994.46
14.04.2025 07:00:00 +02:00,19983.60,15628.41
14.04.2025 08:00:00 +02:00,20530.70,15981.04
14.04.2025 09:00:00 +02:00,19865.19,16098.72
14.04.2025 10:00:00 +02:00,19287.16,15799.80
14.04.2025 11:00:00 +02:00,18263.57,15358.61
14.04.2025 12:00:00 +02:00,17577.22,15273.21
14.04.2025 13:00:00 +02:00,17380.23,15099.81
14.04.2025 14:00:00 +02:00,17002.37,15057.38
14.04.2025 15:00:00 +02:00,17307.88,15003.52
14.04.2025 16:00:00 +02:00,17915.40,14995.52
14.04.2025 17:00:00 +02:00,18775.66,14834.57
14.04.2025 18:00:00 +02:00,19600.78,14989.00
14.04.2025 19:00:00 +02:00,20066.10,15290.50
14.04.2025 20:00:00 +02:00,20158.78,15509.37
14.04.2025 21:00:00 +02:00,20191.67,15558.38
14.04.2025 22:00:00 +02:00,19834.09,15171.82
14.04.2025 23:00:00 +02:00,19621.74,14689.27
15.04.2025 00:00:00 +02:00,18851.24,14398.55
15.04.2025 01:00:00 +02:00,18596.99,14196.12
15.04.2025 02:00:00 +02:00,18661.04,14166.47
15.04.2025 03:00:00 +02:00,18402.30,14176.04
15.04.2025 04:00:00 +02:00,18419.13,14187.64
15.04.2025 05:00:00 +02:00,18172.15,14300.11
15.04.2025 06:00:00 +02:00,18542.64,15059.87
15.04.2025 07:00:00 +02:00,18657.47,15785.08
15.04.2025 08:00:00 +02:00,18431.20,16170.78
15.04.2025 09:00:00 +02:00,17023.66,16145.58
15.04.2025 10:00:00 +02:00,15797.22,15803.72
15.04.2025 11:00:00 +02:00,14387.47,15564.84
15.04.2025 12:00:00 +02:00,14216.52,15357.99
15.04.2025 13:00:00 +02:00,14240.28,15306.14
15.04.2025 14:00:00 +02:00,14168.96,15353.67
15.04.2025 15:00:00 +02:00,15073.67,15308.00
15.04.2025 16:00:00 +02:00,15559.55,15167.73
15.04.2025 17:00:00 +02:00,16335.62,15202.67
15.04.2025 18:00:00 +02:00,16622.73,15239.13
15.04.2025 19:00:00 +02:00,16861.83,15436.40
15.04.2025 20:00:00 +02:00,16447.86,15614.62
15.04.2025 21:00:00 +02:00,16375.89,15467.45
15.04.2025 22:00:00 +02:00,16497.41,15063.74
15.04.2025 23:00:00 +02:00,16437.30,14703.09
16.04.2025 00:00:00 +02:00,15628.11,14325.86
16.04.2025 01:00:00 +02:00,15518.15,13976.90
16.04.2025 02:00:00 +02:00,15776.64,13835.56
16.04.2025 03:00:00 +02:00,15945.95,13681.78
16.04.2025 04:00:00 +02:00,15466.41,13621.04
16.04.2025 05:00:00 +02:00,15766.28,13687.04
16.04.2025 06:00:00 +02:00,16181.88,13991.85
16.04.2025 07:00:00 +02:00,18854.80,14766.00
16.04.2025 08:00:00 +02:00,19714.58,15213.66
16.04.2025 09:00:00 +02:00,19575.37,15457.48
16.04.2025 10:00:00 +02:00,19269.69,15760.60
16.04.2025 11:00:00 +02:00,18653.95,15472.94
16.04.2025 12:00:00 +02:00,16783.61,15312.54
16.04.2025 13:00:00 +02:00,15637.28,15105.32
16.04.2025 14:00:00 +02:00,15908.64,15054.04
16.04.2025 15:00:00 +02:00,18368.66,15033.15
16.04.2025 16:00:00 +02:00,19782.16,14912.93
16.04.2025 17:00:00 +02:00,20457.49,14820.17
16.04.2025 18:00:00 +02:00,20329.06,14661.53
16.04.2025 19:00:00 +02:00,20203.45,14571.55
16.04.2025 20:00:00 +02:00,20165.26,14477.84
16.04.2025 21:00:00 +02:00,19660.96,14488.80
16.04.2025 22:00:00 +02:00,19186.52,14078.61
16.04.2025 23:00:00 +02:00,18289.96,13799.30
17.04.2025 00:00:00 +02:00,17294.56,13618.31
17.04.2025 01:00:00 +02:00,16880.87,13144.18
17.04.2025 02:00:00 +02:00,16868.82,12782.29
17.04.2025 03:00:00 +02:00,16732.06,12890.67
17.04.2025 04:00:00 +02:00,16843.46,12825.39
17.04.2025 05:00:00 +02:00,17442.28,12771.08
17.04.2025 06:00:00 +02:00,18124.86,12983.78
17.04.2025 07:00:00 +02:00,18868.19,13566.52
17.04.2025 08:00:00 +02:00,19079.46,13712.80
17.04.2025 09:00:00 +02:00,18878.86,14071.01
17.04.2025 10:00:00 +02:00,18293.24,14306.30
17.04.2025 11:00:00 +02:00,16938.89,14327.42
17.04.2025 12:00:00 +02:00,16226.56,14467.47
17.04.2025 13:00:00 +02:00,15868.81,14310.66
17.04.2025 14:00:00 +02:00,15607.11,14257.26
17.04.2025 15:00:00 +02:00,16122.88,14357.03
17.04.2025 16:00:00 +02:00,16655.94,14425.68
17.04.2025 17:00:00 +02:00,17878.44,14393.09
17.04.2025 18:00:00 +02:00,18171.24,14243.96
17.04.2025 19:00:00 +02:00,17679.41,14346.23
17.04.2025 20:00:00 +02:00,18540.50,14314.48
17.04.2025 21:00:00 +02:00,18382.76,14261.94
17.04.2025 22:00:00 +02:00,17730.79,14121.05
17.04.2025 23:00:00 +02:00,16933.15,14019.23
18.04.2025 00:00:00 +02:00,16713.80,13764.87
18.04.2025 01:00:00 +02:00,16723.83,13332.72
18.04.2025 02:00:00 +02:00,16599.86,13076.86
18.04.2025 03:00:00 +02:00,16448.00,13151.96
18.04.2025 04:00:00 +02:00,16174.82,13149.06
18.04.2025 05:00:00 +02:00,16773.86,13293.59
18.04.2025 06:00:00 +02:00,16896.64,13495.56
18.04.2025 07:00:00 +02:00,17418.42,13786.14
18.04.2025 08:00:00 +02:00,17994.68,13938.61
18.04.2025 09:00:00 +02:00,17868.26,14087.52
18.04.2025 10:00:00 +02:00,17183.42,14226.76
18.04.2025 11:00:00 +02:00,17020.01,14401.02
18.04.2025 12:00:00 +02:00,17298.74,14173.20
18.04.2025 13:00:00 +02:00,17407.43,14010.02
18.04.2025 14:00:00 +02:00,17174.60,13962.86
18.04.2025 15:00:00 +02:00,17214.90,14000.43
18.04.2025 16:00:00 +02:00,18038.11,13989.84
18.04.2025 17:00:00 +02:00,18642.76,13907.44
18.04.2025 18:00:00 +02:00,19112.68,14052.61
18.04.2025 19:00:00 +02:00,19476.77,14185.91
18.04.2025 20:00:00 +02:00,19285.58,14228.96
18.04.2025 21:00:00 +02:00,18806.74,14434.74
18.04.2025 22:00:00 +02:00,18368.52,14308.26
18.04.2025 23:00:00 +02:00,17941.11,13924.84
19.04.2025 00:00:00 +02:00,17358.28,13573.99
19.04.2025 01:00:00 +02:00,16785.35,13402.23
19.04.2025 02:00:00 +02:00,16710.80,13383.89
19.04.2025 03:00:00 +02:00,16711.60,13303.38
19.04.2025 04:00:00 +02:00,16544.91,13241.33
19.04.2025 05:00:00 +02:00,16609.46,13226.77
19.04.2025 06:00:00 +02:00,16543.98,13390.78
19.04.2025 07:00:00 +02:00,17194.37,13728.99
19.04.2025 08:00:00 +02:00,16996.44,14047.30
19.04.2025 09:00:00 +02:00,16653.94,14438.07
19.04.2025 10:00:00 +02:00,14696.99,14557.36
19.04.2025 11:00:00 +02:00,14315.94,14511.16
19.04.2025 12:00:00 +02:00,14089.85,14305.12
19.04.2025 13:00:00 +02:00,14175.67,14224.74
19.04.2025 14:00:00 +02:00,14059.78,14067.78
19.04.2025 15:00:00 +02:00,14045.68,14084.51
19.04.2025 16:00:00 +02:00,14460.40,14384.41
19.04.2025 17:00:00 +02:00,16384.04,14629.33
19.04.2025 18:00:00 +02:00,17897.38,14642.45
19.04.2025 19:00:00 +02:00,18084.02,14470.58
19.04.2025 20:00:00 +02:00,18146.89,14281.18
19.04.2025 21:00:00 +02:00,17909.18,14350.15
19.04.2025 22:00:00 +02:00,17449.74,14235.32
19.04.2025 23:00:00 +02:00,17286.68,13947.95
20.04.2025 00:00:00 +02:00,16292.32,13519.90
20.04.2025 01:00:00 +02:00,16101.85,13257.53
20.04.2025 02:00:00 +02:00,16105.74,13151.69
20.04.2025 03:00:00 +02:00,16069.51,13227.18
20.04.2025 04:00:00 +02:00,16097.45,13328.64
20.04.2025 05:00:00 +02:00,16195.63,13394.00
20.04.2025 06:00:00 +02:00,16154.28,13330.73
20.04.2025 07:00:00 +02:00,16541.43,13465.49
20.04.2025 08:00:00 +02:00,15812.76,13799.16
20.04.2025 09:00:00 +02:00,14423.16,14145.16
20.04.2025 10:00:00 +02:00,13989.16,14390.84
20.04.2025 11:00:00 +02:00,14229.65,14435.97
20.04.2025 12:00:00 +02:00,13825.98,14359.14
20.04.2025 13:00:00 +02:00,13929.52,14472.02
20.04.2025 14:00:00 +02:00,14130.78,14361.92
20.04.2025 15:00:00 +02:00,13781.13,14458.91
20.04.2025 16:00:00 +02:00,13875.08,14708.84
20.04.2025 17:00:00 +02:00,17426.21,14840.62
20.04.2025 18:00:00 +02:00,19569.02,14923.58
20.04.2025 19:00:00 +02:00,19849.79,14893.46
20.04.2025 20:00:00 +02:00,20232.16,14907.38
20.04.2025 21:00:00 +02:00,19945.66,14963.70
20.04.2025 22:00:00 +02:00,19183.16,14763.86
20.04.2025 23:00:00 +02:00,18914.06,14615.99
21.04.2025 00:00:00 +02:00,18960.99,14302.12
21.04.2025 01:00:00 +02:00,18894.43,13966.61
21.04.2025 02:00:00 +02:00,18710.66,13756.47
21.04.2025 03:00:00 +02:00,18242.34,13687.00
21.04.2025 04:00:00 +02:00,18350.07,13743.77
21.04.2025 05:00:00 +02:00,18492.64,13785.78
21.04.2025 06:00:00 +02:00,18785.60,14007.58
21.04.2025 07:00:00 +02:00,18735.96,14208.91
21.04.2025 08:00:00 +02:00,18043.76,14218.06
21.04.2025 09:00:00 +02:00,17797.51,14620.00
21.04.2025 10:00:00 +02:00,16927.15,14684.34
21.04.2025 11:00:00 +02:00,15760.72,14909.90
21.04.2025 12:00:00 +02:00,15180.44,14683.44
21.04.2025 13:00:00 +02:00,14574.86,14673.27
21.04.2025 14:00:00 +02:00,14718.96,14829.68
21.04.2025 15:00:00 +02:00,15577.61,14808.82
21.04.2025 16:00:00 +02:00,17125.56,15166.16
21.04.2025 17:00:00 +02:00,19525.58,15162.13
21.04.2025 18:00:00 +02:00,20362.44,15130.80
21.04.2025 19:00:00 +02:00,20506.97,15367.60
21.04.2025 20:00:00 +02:00,20584.09,15398.73
21.04.2025 21:00:00 +02:00,20413.98,15363.54
21.04.2025 22:00:00 +02:00,19791.78,15166.26
21.04.2025 23:00:00 +02:00,19081.87,14762.32
22.04.2025 00:00:00 +02:00,18479.67,14311.28
22.04.2025 01:00:00 +02:00,18019.83,14015.71
22.04.2025 02:00:00 +02:00,18033.55,13796.01
22.04.2025 03:00:00 +02:00,18117.40,13697.49
22.04.2025 04:00:00 +02:00,18057.06,13747.00
22.04.2025 05:00:00 +02:00,18617.92,13938.06
22.04.2025 06:00:00 +02:00,20176.70,14993.98
22.04.2025 07:00:00 +02:00,20703.10,16223.65
22.04.2025 08:00:00 +02:00,19186.78,16380.56
22.04.2025 09:00:00 +02:00,19239.18,16618.32
22.04.2025 10:00:00 +02:00,19805.93,16496.20
22.04.2025 11:00:00 +02:00,19541.49,16070.91
22.04.2025 12:00:00 +02:00,19481.19,16106.55
22.04.2025 13:00:00 +02:00,20036.26,16321.22
22.04.2025 14:00:00 +02:00,20337.14,16184.15
22.04.2025 15:00:00 +02:00,20655.07,16188.80
22.04.2025 16:00:00 +02:00,20796.85,16245.90
22.04.2025 17:00:00 +02:00,20510.22,15931.89
22.04.2025 18:00:00 +02:00,20657.48,15931.78
22.04.2025 19:00:00 +02:00,20234.47,15913.73
22.04.2025 20:00:00 +02:00,19295.78,15934.55
22.04.2025 21:00:00 +02:00,19303.84,16067.92
22.04.2025 22:00:00 +02:00,20087.80,15763.91
22.04.2025 23:00:00 +02:00,19666.00,15202.12
23.04.2025 00:00:00 +02:00,19267.01,14602.15
23.04.2025 01:00:00 +02:00,18729.02,14300.12
23.04.2025 02:00:00 +02:00,18456.59,14119.33
23.04.2025 03:00:00 +02:00,18413.11,14195.98
23.04.2025 04:00:00 +02:00,18241.22,14282.82
23.04.2025 05:00:00 +02:00,19109.09,14514.07
23.04.2025 06:00:00 +02:00,19584.58,15388.34
23.04.2025 07:00:00 +02:00,20820.50,16437.72
23.04.2025 08:00:00 +02:00,20747.11,16444.13
23.04.2025 09:00:00 +02:00,20075.89,16232.08
23.04.2025 10:00:00 +02:00,20026.09,15853.05
23.04.2025 11:00:00 +02:00,19524.72,15495.18
23.04.2025 12:00:00 +02:00,19315.73,15497.92
23.04.2025 13:00:00 +02:00,19583.86,15254.90
23.04.2025 14:00:00 +02:00,19894.92,15167.97
23.04.2025 15:00:00 +02:00,19774.78,15126.29
23.04.2025 16:00:00 +02:00,19875.07,15271.52
23.04.2025 17:00:00 +02:00,20307.98,15123.62
23.04.2025 18:00:00 +02:00,20101.98,15152.12
23.04.2025 19:00:00 +02:00,20299.09,15330.71
23.04.2025 20:00:00 +02:00,18992.64,15467.34
23.04.2025 21:00:00 +02:00,18891.87,15666.12
23.04.2025 22:00:00 +02:00,19091.10,15526.60
23.04.2025 23:00:00 +02:00,19049.55,15051.14
24.04.2025 00:00:00 +02:00,19005.32,14563.84
24.04.2025 01:00:00 +02:00,18808.60,14267.08
24.04.2025 02:00:00 +02:00,18560.23,14149.08
24.04.2025 03:00:00 +02:00,18514.80,14098.96
24.04.2025 04:00:00 +02:00,18506.98,14141.96
24.04.2025 05:00:00 +02:00,18820.76,14413.11
24.04.2025 06:00:00 +02:00,19662.32,15352.38
24.04.2025 07:00:00 +02:00,19851.02,16455.54
24.04.2025 08:00:00 +02:00,19739.68,16650.42
24.04.2025 09:00:00 +02:00,19514.11,16295.22
24.04.2025 10:00:00 +02:00,19707.91,15962.68
24.04.2025 11:00:00 +02:00,19464.96,15644.17
24.04.2025 12:00:00 +02:00,19351.92,15295.37
24.04.2025 13:00:00 +02:00,19335.40,15091.32
24.04.2025 14:00:00 +02:00,19297.03,15036.82
24.04.2025 15:00:00 +02:00,19371.98,14866.88
24.04.2025 16:00:00 +02:00,19690.80,15332.98
24.04.2025 17:00:00 +02:00,19830.30,15292.62
24.04.2025 18:00:00 +02:00,19598.32,15274.63
24.04.2025 19:00:00 +02:00,19739.49,15610.50
24.04.2025 20:00:00 +02:00,20356.82,15863.64
24.04.2025 21:00:00 +02:00,20436.16,16041.43
24.04.2025 22:00:00 +02:00,20477.95,15952.34
24.04.2025 23:00:00 +02:00,19937.62,15280.68
25.04.2025 00:00:00 +02:00,19399.70,15120.51
25.04.2025 01:00:00 +02:00,19009.73,14871.50
25.04.2025 02:00:00 +02:00,18842.91,14428.03
25.04.2025 03:00:00 +02:00,18848.91,14507.28
25.04.2025 04:00:00 +02:00,19173.05,14745.42
25.04.2025 05:00:00 +02:00,19457.90,14973.96
25.04.2025 06:00:00 +02:00,20959.70,15931.77
25.04.2025 07:00:00 +02:00,21409.60,16969.22
25.04.2025 08:00:00 +02:00,21266.12,17027.03
25.04.2025 09:00:00 +02:00,20881.42,16568.67
25.04.2025 10:00:00 +02:00,20286.01,16222.68
25.04.2025 11:00:00 +02:00,19411.16,15917.07
25.04.2025 12:00:00 +02:00,17887.31,15920.07
25.04.2025 13:00:00 +02:00,17116.45,15679.40
25.04.2025 14:00:00 +02:00,16618.02,15369.44
25.04.2025 15:00:00 +02:00,17887.44,15336.44
25.04.2025 16:00:00 +02:00,18920.83,15339.47
25.04.2025 17:00:00 +02:00,19642.15,15336.90
25.04.2025 18:00:00 +02:00,20472.16,15406.08
25.04.2025 19:00:00 +02:00,20827.34,15388.34
25.04.2025 20:00:00 +02:00,20860.22,15554.64
25.04.2025 21:00:00 +02:00,20814.39,15688.50
25.04.2025 22:00:00 +02:00,20434.96,15581.92
25.04.2025 23:00:00 +02:00,19659.02,15019.36
26.04.2025 00:00:00 +02:00,18560.23,14610.28
26.04.2025 01:00:00 +02:00,18301.86,14594.04
26.04.2025 02:00:00 +02:00,18204.18,14650.68
26.04.2025 03:00:00 +02:00,18016.15,14678.08
26.04.2025 04:00:00 +02:00,18326.34,14614.78
26.04.2025 05:00:00 +02:00,18564.80,14564.42
26.04.2025 06:00:00 +02:00,18432.81,14584.85
26.04.2025 07:00:00 +02:00,17586.67,14744.23
26.04.2025 08:00:00 +02:00,16354.30,14906.56
26.04.2025 09:00:00 +02:00,14988.99,14966.95
26.04.2025 10:00:00 +02:00,13779.11,14803.58
26.04.2025 11:00:00 +02:00,13001.66,14655.84
26.04.2025 12:00:00 +02:00,12559.78,14411.54
26.04.2025 13:00:00 +02:00,12481.18,14147.04
26.04.2025 14:00:00 +02:00,12529.11,13999.14
26.04.2025 15:00:00 +02:00,12573.81,13887.64
26.04.2025 16:00:00 +02:00,13025.82,13790.89
26.04.2025 17:00:00 +02:00,14440.49,14124.10
26.04.2025 18:00:00 +02:00,17457.19,14436.02
26.04.2025 19:00:00 +02:00,18702.34,14594.62
26.04.2025 20:00:00 +02:00,19006.32,14569.91
26.04.2025 21:00:00 +02:00,18915.68,14633.23
26.04.2025 22:00:00 +02:00,18690.30,14448.48
26.04.2025 23:00:00 +02:00,18142.56,14197.27
27.04.2025 00:00:00 +02:00,17870.67,14072.15
27.04.2025 01:00:00 +02:00,17282.69,13914.05
27.04.2025 02:00:00 +02:00,16211.65,13730.90
27.04.2025 03:00:00 +02:00,16480.48,13712.80
27.04.2025 04:00:00 +02:00,16453.25,13806.58
27.04.2025 05:00:00 +02:00,15858.57,13754.50
27.04.2025 06:00:00 +02:00,16506.73,13890.70
27.04.2025 07:00:00 +02:00,15951.47,13911.26
27.04.2025 08:00:00 +02:00,13656.01,14069.03
27.04.2025 09:00:00 +02:00,12982.77,14328.09
27.04.2025 10:00:00 +02:00,12908.98,14334.78
27.04.2025 11:00:00 +02:00,12528.66,14318.23
27.04.2025 12:00:00 +02:00,11862.31,14363.78
27.04.2025 13:00:00 +02:00,11961.44,14249.04
27.04.2025 14:00:00 +02:00,11771.15,14190.17
27.04.2025 15:00:00 +02:00,12308.17,14137.34
27.04.2025 16:00:00 +02:00,12566.68,14390.38
27.04.2025 17:00:00 +02:00,14169.02,14552.38
27.04.2025 18:00:00 +02:00,17872.98,14965.09
27.04.2025 19:00:00 +02:00,19580.30,15116.11
27.04.2025 20:00:00 +02:00,19918.48,15242.92
27.04.2025 21:00:00 +02:00,19986.10,15204.22
27.04.2025 22:00:00 +02:00,19040.39,14912.26
27.04.2025 23:00:00 +02:00,17848.63,14573.73
28.04.2025 00:00:00 +02:00,17406.80,14027.32
28.04.2025 01:00:00 +02:00,16573.84,13916.66
28.04.2025 02:00:00 +02:00,16680.86,13814.26
28.04.2025 03:00:00 +02:00,16848.52,13800.00
28.04.2025 04:00:00 +02:00,16742.62,13803.08
28.04.2025 05:00:00 +02:00,16640.74,13830.16
28.04.2025 06:00:00 +02:00,17969.68,14650.78
28.04.2025 07:00:00 +02:00,19975.62,15558.22
28.04.2025 08:00:00 +02:00,19327.00,15771.55
28.04.2025 09:00:00 +02:00,18328.06,15890.49
28.04.2025 10:00:00 +02:00,15959.60,15962.36
28.04.2025 11:00:00 +02:00,15616.14,15895.25
28.04.2025 12:00:00 +02:00,14871.79,15585.91
28.04.2025 13:00:00 +02:00,14804.60,15404.37
28.04.2025 14:00:00 +02:00,14661.03,15241.21
28.04.2025 15:00:00 +02:00,15419.03,15276.90
28.04.2025 16:00:00 +02:00,16289.50,15362.32
28.04.2025 17:00:00 +02:00,17305.59,15074.48
28.04.2025 18:00:00 +02:00,17810.17,14994.71
28.04.2025 19:00:00 +02:00,18528.34,15257.57
28.04.2025 20:00:00 +02:00,18705.60,15089.40
28.04.2025 21:00:00 +02:00,18686.76,15045.79
28.04.2025 22:00:00 +02:00,17874.32,14811.90
28.04.2025 23:00:00 +02:00,16743.94,14258.52
29.04.2025 00:00:00 +02:00,15970.82,13972.99
29.04.2025 01:00:00 +02:00,15763.93,13553.05
29.04.2025 02:00:00 +02:00,15353.28,13332.22
29.04.2025 03:00:00 +02:00,15447.24,13413.02
29.04.2025 04:00:00 +02:00,16101.31,13439.62
29.04.2025 05:00:00 +02:00,17418.26,13659.30
29.04.2025 06:00:00 +02:00,18763.35,14524.82
29.04.2025 07:00:00 +02:00,19363.36,15507.62
29.04.2025 08:00:00 +02:00,19193.60,15325.60
29.04.2025 09:00:00 +02:00,17221.89,14857.18
29.04.2025 10:00:00 +02:00,14829.60,14697.77
29.04.2025 11:00:00 +02:00,14592.36,14570.84
29.04.2025 12:00:00 +02:00,14221.78,14388.88
29.04.2025 13:00:00 +02:00,14060.30,14563.64
29.04.2025 14:00:00 +02:00,14243.34,14613.06
29.04.2025 15:00:00 +02:00,14966.00,14899.37
29.04.2025 16:00:00 +02:00,15462.18,15218.65
29.04.2025 17:00:00 +02:00,18574.90,15373.69
29.04.2025 18:00:00 +02:00,19174.34,15328.28
29.04.2025 19:00:00 +02:00,19523.04,15164.07
29.04.2025 20:00:00 +02:00,19159.08,15296.79
29.04.2025 21:00:00 +02:00,19364.46,15284.78
29.04.2025 22:00:00 +02:00,19381.49,15176.56
29.04.2025 23:00:00 +02:00,19048.82,14472.10
30.04.2025 00:00:00 +02:00,18319.46,14077.96
30.04.2025 01:00:00 +02:00,17730.81,13625.68
30.04.2025 02:00:00 +02:00,17631.46,13563.70
30.04.2025 03:00:00 +02:00,17184.53,13448.46
30.04.2025 04:00:00 +02:00,16861.90,13541.09
30.04.2025 05:00:00 +02:00,17546.39,13725.50
30.04.2025 06:00:00 +02:00,18316.86,14641.84
30.04.2025 07:00:00 +02:00,19456.49,15550.26
30.04.2025 08:00:00 +02:00,18813.87,15458.55
30.04.2025 09:00:00 +02:00,17063.47,15155.94
30.04.2025 10:00:00 +02:00,14880.30,14829.44
30.04.2025 11:00:00 +02:00,14647.94,14838.96
30.04.2025 12:00:00 +02:00,14089.74,14499.68
30.04.2025 13:00:00 +02:00,13746.87,14328.30
30.04.2025 14:00:00 +02:00,13939.03,14180.71
30.04.2025 15:00:00 +02:00,14186.96,14168.65
30.04.2025 16:00:00 +02:00,13667.58,14399.14
30.04.2025 17:00:00 +02:00,17756.42,14623.87
30.04.2025 18:00:00 +02:00,19059.59,14573.76
30.04.2025 19:00:00 +02:00,18855.94,14581.98
30.04.2025 20:00:00 +02:00,19055.40,14708.36
30.04.2025 21:00:00 +02:00,19479.46,14676.56
30.04.2025 22:00:00 +02:00,19469.46,14486.97
30.04.2025 23:00:00 +02:00,19209.75,14107.30
01.05.2025 00:00:00 +02:00,19091.60,13696.64
01.05.2025 01:00:00 +02:00,18836.93,13268.31
01.05.2025 02:00:00 +02:00,18966.63,12991.14
01.05.2025 03:00:00 +02:00,18634.22,12861.92
01.05.2025 04:00:00 +02:00,18495.06,12881.73
01.05.2025 05:00:00 +02:00,18417.13,12613.16
01.05.2025 06:00:00 +02:00,17702.81,12711.92
01.05.2025 07:00:00 +02:00,16711.06,13360.36
01.05.2025 08:00:00 +02:00,15035.03,13737.56
01.05.2025 09:00:00 +02:00,12666.96,14084.16
01.05.2025 10:00:00 +02:00,13102.54,14313.40
01.05.2025 11:00:00 +02:00,12688.63,14178.44
01.05.2025 12:00:00 +02:00,12514.08,14025.66
01.05.2025 13:00:00 +02:00,12520.50,13802.69
01.05.2025 14:00:00 +02:00,12468.10,13795.48
01.05.2025 15:00:00 +02:00,12644.67,13913.70
01.05.2025 16:00:00 +02:00,12791.14,13980.84
01.05.2025 17:00:00 +02:00,13554.10,14122.43
01.05.2025 18:00:00 +02:00,17691.33,14356.55
01.05.2025 19:00:00 +02:00,19092.38,14284.07
01.05.2025 20:00:00 +02:00,19062.66,13948.98
01.05.2025 21:00:00 +02:00,18371.60,13860.64
01.05.2025 22:00:00 +02:00,17280.69,13955.35
01.05.2025 23:00:00 +02:00,16908.92,13659.09
02.05.2025 00:00:00 +02:00,15937.25,13209.50
02.05.2025 01:00:00 +02:00,14753.45,12803.76
02.05.2025 02:00:00 +02:00,14443.33,12829.44
02.05.2025 03:00:00 +02:00,14529.40,12980.18
02.05.2025 04:00:00 +02:00,14558.14,13006.76
02.05.2025 05:00:00 +02:00,14917.74,13070.94
02.05.2025 06:00:00 +02:00,16283.03,13735.76
02.05.2025 07:00:00 +02:00,17753.94,14556.83
02.05.2025 08:00:00 +02:00,17633.75,14853.64
02.05.2025 09:00:00 +02:00,14658.85,14781.38
02.05.2025 10:00:00 +02:00,13690.09,14859.95
02.05.2025 11:00:00 +02:00,13906.44,14832.24
02.05.2025 12:00:00 +02:00,13991.68,14929.06
02.05.2025 13:00:00 +02:00,13554.90,14544.17
02.05.2025 14:00:00 +02:00,13581.69,14429.65
02.05.2025 15:00:00 +02:00,13983.68,14503.46
02.05.2025 16:00:00 +02:00,14347.61,14330.01
02.05.2025 17:00:00 +02:00,15068.01,14368.62
02.05.2025 18:00:00 +02:00,17051.02,14633.20
02.05.2025 19:00:00 +02:00,17876.62,14538.24
02.05.2025 20:00:00 +02:00,18048.80,14503.38
02.05.2025 21:00:00 +02:00,17955.58,14418.64
02.05.2025 22:00:00 +02:00,17386.53,14390.91
02.05.2025 23:00:00 +02:00,16854.10,14001.40
03.05.2025 00:00:00 +02:00,16865.02,13746.78
03.05.2025 01:00:00 +02:00,16641.03,13660.96
03.05.2025 02:00:00 +02:00,16453.73,13310.50
03.05.2025 03:00:00 +02:00,16190.94,13063.66
03.05.2025 04:00:00 +02:00,16231.09,13205.61
03.05.2025 05:00:00 +02:00,16845.36,13103.05
03.05.2025 06:00:00 +02:00,16835.16,13173.80
03.05.2025 07:00:00 +02:00,16402.06,13422.59
03.05.2025 08:00:00 +02:00,15989.46,13799.05
03.05.2025 09:00:00 +02:00,13505.94,13950.88
03.05.2025 10:00:00 +02:00,13026.68,14214.24
03.05.2025 11:00:00 +02:00,12617.96,13879.67
03.05.2025 12:00:00 +02:00,12887.42,13894.68
03.05.2025 13:00:00 +02:00,13004.46,13830.07
03.05.2025 14:00:00 +02:00,12601.17,13968.80
03.05.2025 15:00:00 +02:00,12729.60,13938.81
03.05.2025 16:00:00 +02:00,13550.05,14049.13
03.05.2025 17:00:00 +02:00,14901.20,14153.54
03.05.2025 18:00:00 +02:00,17907.06,14325.51
03.05.2025 19:00:00 +02:00,19393.02,14559.83
03.05.2025 20:00:00 +02:00,19838.65,14549.60
03.05.2025 21:00:00 +02:00,19972.58,14571.94
03.05.2025 22:00:00 +02:00,19525.31,14449.22
03.05.2025 23:00:00 +02:00,18479.00,14003.49
04.05.2025 00:00:00 +02:00,15234.11,13350.31
04.05.2025 01:00:00 +02:00,12960.80,12901.44
04.05.2025 02:00:00 +02:00,12527.98,13123.48
04.05.2025 03:00:00 +02:00,12284.06,13222.54
04.05.2025 04:00:00 +02:00,12329.88,13452.88
04.05.2025 05:00:00 +02:00,12377.15,13352.05
04.05.2025 06:00:00 +02:00,11915.22,13346.40
04.05.2025 07:00:00 +02:00,11553.84,13468.39
04.05.2025 08:00:00 +02:00,11100.69,13574.39
04.05.2025 09:00:00 +02:00,10895.38,13629.13
04.05.2025 10:00:00 +02:00,11100.40,13961.52
04.05.2025 11:00:00 +02:00,11176.08,14097.21
04.05.2025 12:00:00 +02:00,11534.04,14119.87
04.05.2025 13:00:00 +02:00,11971.40,14205.75
04.05.2025 14:00:00 +02:00,11902.01,14150.92
04.05.2025 15:00:00 +02:00,11661.54,14154.18
04.05.2025 16:00:00 +02:00,11942.50,14066.00
04.05.2025 17:00:00 +02:00,13259.97,14093.51
04.05.2025 18:00:00 +02:00,16959.03,14457.32
04.05.2025 19:00:00 +02:00,19312.85,14817.99
04.05.2025 20:00:00 +02:00,19951.08,14956.61
04.05.2025 21:00:00 +02:00,19688.75,14728.80
04.05.2025 22:00:00 +02:00,18649.04,14637.52
04.05.2025 23:00:00 +02:00,18415.12,14037.10
05.05.2025 00:00:00 +02:00,18092.78,14191.27
05.05.2025 01:00:00 +02:00,18440.73,13969.84
05.05.2025 02:00:00 +02:00,17871.81,13773.23
05.05.2025 03:00:00 +02:00,17595.72,13826.48
05.05.2025 04:00:00 +02:00,18137.32,14168.56
05.05.2025 05:00:00 +02:00,18979.35,14634.08
05.05.2025 06:00:00 +02:00,20016.67,15533.20
05.05.2025 07:00:00 +02:00,20483.40,16374.28
05.05.2025 08:00:00 +02:00,19612.00,16376.92
05.05.2025 09:00:00 +02:00,18848.57,15947.51
05.05.2025 10:00:00 +02:00,17565.18,15781.33
05.05.2025 11:00:00 +02:00,16423.81,15834.65
05.05.2025 12:00:00 +02:00,15765.88,15459.42
05.05.2025 13:00:00 +02:00,15701.93,15488.31
05.05.2025 14:00:00 +02:00,16804.07,15403.93
05.05.2025 15:00:00 +02:00,17229.46,15230.34
05.05.2025 16:00:00 +02:00,17789.13,15190.60
05.05.2025 17:00:00 +02:00,18312.87,15226.64
05.05.2025 18:00:00 +02:00,19305.26,15286.17
05.05.2025 19:00:00 +02:00,19464.21,15277.60
05.05.2025 20:00:00 +02:00,19767.22,15497.12
05.05.2025 21:00:00 +02:00,19753.36,15739.80
05.05.2025 22:00:00 +02:00,19684.28,15510.09
05.05.2025 23:00:00 +02:00,19068.80,14873.00
06.05.2025 00:00:00 +02:00,17779.41,14305.32
06.05.2025 01:00:00 +02:00,17154.32,13904.04
06.05.2025 02:00:00 +02:00,16856.14,13808.08
06.05.2025 03:00:00 +02:00,16532.06,13729.97
06.05.2025 04:00:00 +02:00,16661.34,13782.12
06.05.2025 05:00:00 +02:00,17187.54,14043.03
06.05.2025 06:00:00 +02:00,18232.41,14933.04
06.05.2025 07:00:00 +02:00,18817.28,16056.30
06.05.2025 08:00:00 +02:00,18060.65,16003.62
06.05.2025 09:00:00 +02:00,17336.01,15415.69
06.05.2025 10:00:00 +02:00,16096.53,15381.54
06.05.2025 11:00:00 +02:00,14564.56,15017.64
06.05.2025 12:00:00 +02:00,13615.07,14947.75
06.05.2025 13:00:00 +02:00,13200.70,14694.73
06.05.2025 14:00:00 +02:00,14020.38,14824.22
06.05.2025 15:00:00 +02:00,15261.63,14815.28
06.05.2025 16:00:00 +02:00,16778.79,14882.34
06.05.2025 17:00:00 +02:00,17867.68,14862.68
06.05.2025 18:00:00 +02:00,18393.32,14881.14
06.05.2025 19:00:00 +02:00,18673.57,14959.18
06.05.2025 20:00:00 +02:00,18925.48,15112.56
06.05.2025 21:00:00 +02:00,18967.46,15393.60
06.05.2025 22:00:00 +02:00,19089.52,15314.88
06.05.2025 23:00:00 +02:00,18514.94,14655.52
07.05.2025 00:00:00 +02:00,17756.76,14077.80
07.05.2025 01:00:00 +02:00,17649.14,13665.53
07.05.2025 02:00:00 +02:00,17748.33,13611.92
07.05.2025 03:00:00 +02:00,17384.76,13452.62
07.05.2025 04:00:00 +02:00,17395.74,13500.47
07.05.2025 05:00:00 +02:00,17558.54,13669.03
07.05.2025 06:00:00 +02:00,18097.36,14556.72
07.05.2025 07:00:00 +02:00,18135.92,15282.10
07.05.2025 08:00:00 +02:00,16980.18,15263.88
07.05.2025 09:00:00 +02:00,16233.63,15001.81
07.05.2025 10:00:00 +02:00,15804.41,14709.70
07.05.2025 11:00:00 +02:00,14810.56,14568.72
07.05.2025 12:00:00 +02:00,13991.01,14330.59
07.05.2025 13:00:00 +02:00,14384.40,14293.90
07.05.2025 14:00:00 +02:00,14699.38,14321.72
07.05.2025 15:00:00 +02:00,15554.32,14378.91
07.05.2025 16:00:00 +02:00,16431.30,14597.69
07.05.2025 17:00:00 +02:00,17041.18,14503.60
07.05.2025 18:00:00 +02:00,17687.10,14559.38
07.05.2025 19:00:00 +02:00,18281.44,14673.75
07.05.2025 20:00:00 +02:00,18364.57,14890.50
07.05.2025 21:00:00 +02:00,18050.44,15043.69
07.05.2025 22:00:00 +02:00,17924.01,14814.72
07.05.2025 23:00:00 +02:00,17496.79,14307.72
08.05.2025 00:00:00 +02:00,16132.25,13712.62
08.05.2025 01:00:00 +02:00,15740.83,13453.21
08.05.2025 02:00:00 +02:00,15594.54,13307.83
08.05.2025 03:00:00 +02:00,15572.26,13131.14
08.05.2025 04:00:00 +02:00,16279.00,13229.52
08.05.2025 05:00:00 +02:00,17395.40,13383.84
08.05.2025 06:00:00 +02:00,18068.42,14152.22
08.05.2025 07:00:00 +02:00,18320.86,15073.86
08.05.2025 08:00:00 +02:00,18508.40,15261.38
08.05.2025 09:00:00 +02:00,18085.39,14923.17
08.05.2025 10:00:00 +02:00,17150.56,14486.59
08.05.2025 11:00:00 +02:00,16030.20,14375.30
08.05.2025 12:00:00 +02:00,14340.64,14092.17
08.05.2025 13:00:00 +02:00,14193.24,14094.42
08.05.2025 14:00:00 +02:00,15211.87,14208.35
08.05.2025 15:00:00 +02:00,16094.68,14249.84
08.05.2025 16:00:00 +02:00,16676.42,14355.85
08.05.2025 17:00:00 +02:00,17469.14,14410.20
08.05.2025 18:00:00 +02:00,18069.18,14614.12
08.05.2025 19:00:00 +02:00,17204.83,14403.15
08.05.2025 20:00:00 +02:00,17024.98,14337.30
08.05.2025 21:00:00 +02:00,17164.34,14311.32
08.05.2025 22:00:00 +02:00,16857.39,14230.04
08.05.2025 23:00:00 +02:00,16818.44,13745.28
09.05.2025 00:00:00 +02:00,17478.60,13229.94
09.05.2025 01:00:00 +02:00,17222.24,12860.03
09.05.2025 02:00:00 +02:00,16979.56,12772.97
09.05.2025 03:00:00 +02:00,16987.16,12660.50
09.05.2025 04:00:00 +02:00,16849.77,12562.27
09.05.2025 05:00:00 +02:00,17284.62,12973.82
09.05.2025 06:00:00 +02:00,17842.50,13756.75
09.05.2025 07:00:00 +02:00,18064.53,14772.84
09.05.2025 08:00:00 +02:00,17794.26,15024.10
09.05.2025 09:00:00 +02:00,17204.52,14835.20
09.05.2025 10:00:00 +02:00,15175.19,14478.06
09.05.2025 11:00:00 +02:00,14298.79,14450.15
09.05.2025 12:00:00 +02:00,13926.54,14375.56
09.05.2025 13:00:00 +02:00,13555.77,14078.33
09.05.2025 14:00:00 +02:00,13551.12,13922.55
09.05.2025 15:00:00 +02:00,14203.11,13942.35
09.05.2025 16:00:00 +02:00,15255.95,14174.05
09.05.2025 17:00:00 +02:00,17096.99,14058.94
09.05.2025 18:00:00 +02:00,18325.57,14025.72
09.05.2025 19:00:00 +02:00,18859.81,13947.94
09.05.2025 20:00:00 +02:00,19195.09,13980.38
09.05.2025 21:00:00 +02:00,19414.18,13835.83
09.05.2025 22:00:00 +02:00,18733.55,13656.85
09.05.2025 23:00:00 +02:00,17705.87,13361.45
10.05.2025 00:00:00 +02:00,18040.44,13126.59
10.05.2025 01:00:00 +02:00,18057.20,12819.26
10.05.2025 02:00:00 +02:00,17944.77,12533.09
10.05.2025 03:00:00 +02:00,17659.64,12483.76
10.05.2025 04:00:00 +02:00,17516.30,12314.76
10.05.2025 05:00:00 +02:00,17435.88,12327.78
10.05.2025 06:00:00 +02:00,17030.42,12544.74
10.05.2025 07:00:00 +02:00,16471.90,12741.00
10.05.2025 08:00:00 +02:00,14844.28,12970.32
10.05.2025 09:00:00 +02:00,13260.44,13303.44
10.05.2025 10:00:00 +02:00,12834.84,13697.99
10.05.2025 11:00:00 +02:00,12945.78,13468.88
10.05.2025 12:00:00 +02:00,12526.82,13309.26
10.05.2025 13:00:00 +02:00,12027.84,13174.01
10.05.2025 14:00:00 +02:00,11456.10,13113.68
10.05.2025 15:00:00 +02:00,11203.66,12811.42
10.05.2025 16:00:00 +02:00,11226.92,12798.62
10.05.2025 17:00:00 +02:00,12639.80,12915.60
10.05.2025 18:00:00 +02:00,15547.61,13024.80
10.05.2025 19:00:00 +02:00,17562.74,13209.16
10.05.2025 20:00:00 +02:00,18369.12,13122.00
10.05.2025 21:00:00 +02:00,18247.07,13129.97
10.05.2025 22:00:00 +02:00,17754.83,13276.76
10.05.2025 23:00:00 +02:00,17614.55,13017.16
11.05.2025 00:00:00 +02:00,16829.18,12480.15
11.05.2025 01:00:00 +02:00,16374.02,12107.88
11.05.2025 02:00:00 +02:00,16344.63,11894.48
11.05.2025 03:00:00 +02:00,16242.07,11993.89
11.05.2025 04:00:00 +02:00,15903.96,12035.06
11.05.2025 05:00:00 +02:00,15311.91,12056.41
11.05.2025 06:00:00 +02:00,14209.37,11931.08
11.05.2025 07:00:00 +02:00,12469.62,11879.79
11.05.2025 08:00:00 +02:00,11558.62,12263.53
11.05.2025 09:00:00 +02:00,11707.28,12648.93
11.05.2025 10:00:00 +02:00,12034.59,12837.62
11.05.2025 11:00:00 +02:00,11640.95,12712.63
11.05.2025 12:00:00 +02:00,11375.09,12652.37
11.05.2025 13:00:00 +02:00,11184.34,12621.64
11.05.2025 14:00:00 +02:00,10955.49,12494.24
11.05.2025 15:00:00 +02:00,10980.22,12430.57
11.05.2025 16:00:00 +02:00,11461.68,12490.44
11.05.2025 17:00:00 +02:00,11973.89,12783.08
11.05.2025 18:00:00 +02:00,15347.29,12923.88
11.05.2025 19:00:00 +02:00,18047.00,12984.26
11.05.2025 20:00:00 +02:00,18361.12,13054.63
11.05.2025 21:00:00 +02:00,18184.46,13210.60
11.05.2025 22:00:00 +02:00,17441.64,13236.94
11.05.2025 23:00:00 +02:00,16558.82,12912.40
12.05.2025 00:00:00 +02:00,16393.96,12699.32
12.05.2025 01:00:00 +02:00,16079.36,12255.61
12.05.2025 02:00:00 +02:00,15617.04,11930.15
12.05.2025 03:00:00 +02:00,15274.55,11996.50
12.05.2025 04:00:00 +02:00,15456.84,11906.68
12.05.2025 05:00:00 +02:00,16685.74,11923.53
12.05.2025 06:00:00 +02:00,16865.05,13047.23
12.05.2025 07:00:00 +02:00,17873.92,14171.47
12.05.2025 08:00:00 +02:00,17320.69,14058.94
12.05.2025 09:00:00 +02:00,14902.66,13874.70
12.05.2025 10:00:00 +02:00,12494.60,13561.34
12.05.2025 11:00:00 +02:00,11388.38,13570.61
12.05.2025 12:00:00 +02:00,10893.33,13510.37
12.05.2025 13:00:00 +02:00,10996.48,13457.41
12.05.2025 14:00:00 +02:00,10803.74,13448.02
12.05.2025 15:00:00 +02:00,10854.52,13461.66
12.05.2025 16:00:00 +02:00,11855.04,13573.39
12.05.2025 17:00:00 +02:00,14377.48,13655.43
12.05.2025 18:00:00 +02:00,16676.80,13715.53
12.05.2025 19:00:00 +02:00,17885.14,13790.04
12.05.2025 20:00:00 +02:00,18366.71,13797.44
12.05.2025 21:00:00 +02:00,18256.36,13761.15
12.05.2025 22:00:00 +02:00,18418.93,13799.87
12.05.2025 23:00:00 +02:00,17414.41,13325.16
13.05.2025 00:00:00 +02:00,17315.33,12726.82
13.05.2025 01:00:00 +02:00,17137.60,12321.72
13.05.2025 02:00:00 +02:00,16803.94,12106.32
13.05.2025 03:00:00 +02:00,16447.32,12041.15
13.05.2025 04:00:00 +02:00,16063.43,11962.81
13.05.2025 05:00:00 +02:00,17200.08,12155.23
13.05.2025 06:00:00 +02:00,18504.45,13147.30
13.05.2025 07:00:00 +02:00,18688.17,13983.70
13.05.2025 08:00:00 +02:00,17479.26,13913.91
13.05.2025 09:00:00 +02:00,14283.61,13795.04
13.05.2025 10:00:00 +02:00,11986.96,13780.67
13.05.2025 11:00:00 +02:00,11855.36,13859.04
13.05.2025 12:00:00 +02:00,11679.32,13690.97
13.05.2025 13:00:00 +02:00,12522.74,13835.74
13.05.2025 14:00:00 +02:00,12485.79,13918.26
13.05.2025 15:00:00 +02:00,12931.70,14068.67
13.05.2025 16:00:00 +02:00,13459.74,13998.17
13.05.2025 17:00:00 +02:00,14623.08,13993.42
13.05.2025 18:00:00 +02:00,17974.99,14067.75
13.05.2025 19:00:00 +02:00,19883.80,14016.96
13.05.2025 20:00:00 +02:00,18963.05,13821.05
13.05.2025 21:00:00 +02:00,18514.78,13902.08
13.05.2025 22:00:00 +02:00,18325.10,13904.49
13.05.2025 23:00:00 +02:00,18586.73,13371.64
14.05.2025 00:00:00 +02:00,18045.46,13066.12
14.05.2025 01:00:00 +02:00,16962.75,12483.93
14.05.2025 02:00:00 +02:00,15709.38,12411.88
14.05.2025 03:00:00 +02:00,15552.22,12427.42
14.05.2025 04:00:00 +02:00,15447.82,12508.32
14.05.2025 05:00:00 +02:00,15269.98,12686.88
14.05.2025 06:00:00 +02:00,16301.72,13551.44
14.05.2025 07:00:00 +02:00,17139.77,14625.24
14.05.2025 08:00:00 +02:00,16670.19,14794.78
14.05.2025 09:00:00 +02:00,13992.86,14468.70
14.05.2025 10:00:00 +02:00,12926.45,14337.71
14.05.2025 11:00:00 +02:00,13086.76,13920.52
14.05.2025 12:00:00 +02:00,13140.90,13861.63
14.05.2025 13:00:00 +02:00,12755.74,13840.59
14.05.2025 14:00:00 +02:00,12909.13,13850.38
14.05.2025 15:00:00 +02:00,12325.70,14020.40
14.05.2025 16:00:00 +02:00,11899.86,14031.36
14.05.2025 17:00:00 +02:00,12660.88,14089.36
14.05.2025 18:00:00 +02:00,15461.00,14209.78
14.05.2025 19:00:00 +02:00,17627.81,14549.79
14.05.2025 20:00:00 +02:00,17595.90,14501.04
14.05.2025 21:00:00 +02:00,17287.53,14385.64
14.05.2025 22:00:00 +02:00,16260.50,14276.97
14.05.2025 23:00:00 +02:00,15779.27,13820.73
15.05.2025 00:00:00 +02:00,15099.79,13340.64
15.05.2025 01:00:00 +02:00,14657.58,13169.27
15.05.2025 02:00:00 +02:00,14099.42,12909.12
15.05.2025 03:00:00 +02:00,13636.80,12818.62
15.05.2025 04:00:00 +02:00,13243.28,12728.54
15.05.2025 05:00:00 +02:00,13652.00,12862.38
15.05.2025 06:00:00 +02:00,15130.04,13730.26
15.05.2025 07:00:00 +02:00,15751.31,14796.82
15.05.2025 08:00:00 +02:00,14976.59,14841.50
15.05.2025 09:00:00 +02:00,13720.91,14658.76
15.05.2025 10:00:00 +02:00,12224.11,14464.59
15.05.2025 11:00:00 +02:00,11925.23,14004.91
15.05.2025 12:00:00 +02:00,12452.92,13984.99
15.05.2025 13:00:00 +02:00,12817.46,13976.99
15.05.2025 14:00:00 +02:00,12710.04,13759.36
15.05.2025 15:00:00 +02:00,12314.65,13815.77
15.05.2025 16:00:00 +02:00,12213.20,14084.82
15.05.2025 17:00:00 +02:00,11961.43,14065.26
15.05.2025 18:00:00 +02:00,14406.62,14251.03
15.05.2025 19:00:00 +02:00,17375.25,14319.89
15.05.2025 20:00:00 +02:00,18255.45,14464.12
15.05.2025 21:00:00 +02:00,17808.70,14364.14
15.05.2025 22:00:00 +02:00,16949.55,14287.59
15.05.2025 23:00:00 +02:00,16001.43,13867.40
16.05.2025 00:00:00 +02:00,15156.52,13283.40
16.05.2025 01:00:00 +02:00,15478.72,12934.34
16.05.2025 02:00:00 +02:00,15411.28,12828.46
16.05.2025 03:00:00 +02:00,14994.51,12765.32
16.05.2025 04:00:00 +02:00,15032.25,12675.64
16.05.2025 05:00:00 +02:00,15025.87,12956.83
16.05.2025 06:00:00 +02:00,16205.02,13771.42
16.05.2025 07:00:00 +02:00,17224.08,14697.00
16.05.2025 08:00:00 +02:00,15497.59,14586.57
16.05.2025 09:00:00 +02:00,14056.86,14517.71
16.05.2025 10:00:00 +02:00,13169.74,14478.72
16.05.2025 11:00:00 +02:00,13303.14,14069.14
16.05.2025 12:00:00 +02:00,12768.35,13893.24
16.05.2025 13:00:00 +02:00,12662.11,13658.85
16.05.2025 14:00:00 +02:00,12430.58,13584.38
16.05.2025 15:00:00 +02:00,12387.77,13636.01
16.05.2025 16:00:00 +02:00,12699.31,13882.56
16.05.2025 17:00:00 +02:00,13608.04,13795.42
16.05.2025 18:00:00 +02:00,15060.98,13787.99
16.05.2025 19:00:00 +02:00,16275.90,13905.26
16.05.2025 20:00:00 +02:00,17028.82,13906.78
16.05.2025 21:00:00 +02:00,17152.19,13742.09
16.05.2025 22:00:00 +02:00,16813.74,13594.96
16.05.2025 23:00:00 +02:00,15768.56,13137.85
17.05.2025 00:00:00 +02:00,15668.39,12618.37
17.05.2025 01:00:00 +02:00,15077.90,12354.19
17.05.2025 02:00:00 +02:00,14197.41,12079.50
17.05.2025 03:00:00 +02:00,13771.92,11879.78
17.05.2025 04:00:00 +02:00,13676.80,11875.07
17.05.2025 05:00:00 +02:00,13765.84,11811.43
17.05.2025 06:00:00 +02:00,13901.01,12043.35
17.05.2025 07:00:00 +02:00,13761.40,12572.28
17.05.2025 08:00:00 +02:00,12710.00,13056.14
17.05.2025 09:00:00 +02:00,12094.88,13025.84
17.05.2025 10:00:00 +02:00,11671.11,12605.70
17.05.2025 11:00:00 +02:00,11455.05,12246.28
17.05.2025 12:00:00 +02:00,11071.40,12110.97
17.05.2025 13:00:00 +02:00,10713.86,11933.28
17.05.2025 14:00:00 +02:00,10533.86,11897.74
17.05.2025 15:00:00 +02:00,10245.83,11815.14
17.05.2025 16:00:00 +02:00,10318.85,11765.82
17.05.2025 17:00:00 +02:00,11119.68,11823.68
17.05.2025 18:00:00 +02:00,14008.65,12108.67
17.05.2025 19:00:00 +02:00,15190.29,12195.67
17.05.2025 20:00:00 +02:00,16030.14,12383.24
17.05.2025 21:00:00 +02:00,15730.56,12602.87
17.05.2025 22:00:00 +02:00,15682.88,12611.05
17.05.2025 23:00:00 +02:00,15659.90,12584.03
18.05.2025 00:00:00 +02:00,14218.00,12577.77
18.05.2025 01:00:00 +02:00,13616.10,12447.66
18.05.2025 02:00:00 +02:00,13440.59,12460.10
18.05.2025 03:00:00 +02:00,13759.54,12309.30
18.05.2025 04:00:00 +02:00,14009.88,12056.76
18.05.2025 05:00:00 +02:00,14143.32,12073.38
18.05.2025 06:00:00 +02:00,13813.27,12018.58
18.05.2025 07:00:00 +02:00,12637.64,12073.66
18.05.2025 08:00:00 +02:00,11687.49,12041.64
18.05.2025 09:00:00 +02:00,11673.91,12222.96
18.05.2025 10:00:00 +02:00,11791.94,12408.06
18.05.2025 11:00:00 +02:00,11917.88,12606.44
18.05.2025 12:00:00 +02:00,11697.04,12559.86
18.05.2025 13:00:00 +02:00,11570.10,12490.22
18.05.2025 14:00:00 +02:00,11543.32,12395.66
18.05.2025 15:00:00 +02:00,11582.40,12307.04
18.05.2025 16:00:00 +02:00,11648.60,12320.30
18.05.2025 17:00:00 +02:00,11953.11,12500.26
18.05.2025 18:00:00 +02:00,13571.92,12892.22
18.05.2025 19:00:00 +02:00,15638.49,13042.04
18.05.2025 20:00:00 +02:00,16094.16,13160.56
18.05.2025 21:00:00 +02:00,16005.02,13175.54
18.05.2025 22:00:00 +02:00,15794.89,13252.86
18.05.2025 23:00:00 +02:00,15253.27,12856.95
19.05.2025 00:00:00 +02:00,14508.14,12521.34
19.05.2025 01:00:00 +02:00,13903.56,12291.77
19.05.2025 02:00:00 +02:00,13812.48,12112.92
19.05.2025 03:00:00 +02:00,13984.31,12063.64
19.05.2025 04:00:00 +02:00,14071.02,12054.70
19.05.2025 05:00:00 +02:00,15252.02,12282.38
19.05.2025 06:00:00 +02:00,17574.50,13087.04
19.05.2025 07:00:00 +02:00,18302.06,13967.97
19.05.2025 08:00:00 +02:00,17250.90,13674.59
19.05.2025 09:00:00 +02:00,15808.09,13601.71
19.05.2025 10:00:00 +02:00,14718.64,13544.14
19.05.2025 11:00:00 +02:00,13494.24,13542.70
19.05.2025 12:00:00 +02:00,13417.03,13333.34
19.05.2025 13:00:00 +02:00,13475.30,13388.53
19.05.2025 14:00:00 +02:00,13426.00,13270.68
19.05.2025 15:00:00 +02:00,13648.03,13095.65
19.05.2025 16:00:00 +02:00,15155.98,13160.12
19.05.2025 17:00:00 +02:00,17762.61,13320.54
19.05.2025 18:00:00 +02:00,19029.59,13481.43
19.05.2025 19:00:00 +02:00,19408.96,13530.56
19.05.2025 20:00:00 +02:00,19289.66,13636.89
19.05.2025 21:00:00 +02:00,18985.98,13533.85
19.05.2025 22:00:00 +02:00,18419.46,13334.14
19.05.2025 23:00:00 +02:00,16536.75,12972.29
20.05.2025 00:00:00 +02:00,15867.92,12595.70
20.05.2025 01:00:00 +02:00,15597.90,12096.00
20.05.2025 02:00:00 +02:00,15299.38,11805.96
20.05.2025 03:00:00 +02:00,15355.45,11753.97
20.05.2025 04:00:00 +02:00,15614.27,11729.28
20.05.2025 05:00:00 +02:00,16368.98,11900.09
20.05.2025 06:00:00 +02:00,17528.91,12745.84
20.05.2025 07:00:00 +02:00,18558.01,13700.02
20.05.2025 08:00:00 +02:00,17418.67,13902.96
20.05.2025 09:00:00 +02:00,15853.76,13806.49
20.05.2025 10:00:00 +02:00,14360.22,13716.16
20.05.2025 11:00:00 +02:00,13036.62,13454.38
20.05.2025 12:00:00 +02:00,13098.55,13539.11
20.05.2025 13:00:00 +02:00,12909.25,13641.24
20.05.2025 14:00:00 +02:00,12973.04,13683.94
20.05.2025 15:00:00 +02:00,13023.38,13673.84
20.05.2025 16:00:00 +02:00,13301.56,13511.97
20.05.2025 17:00:00 +02:00,16120.71,13556.17
20.05.2025 18:00:00 +02:00,17708.46,13375.52
20.05.2025 19:00:00 +02:00,19901.78,13703.38
20.05.2025 20:00:00 +02:00,20154.03,14012.48
20.05.2025 21:00:00 +02:00,20089.56,14172.04
20.05.2025 22:00:00 +02:00,19618.53,13783.39
20.05.2025 23:00:00 +02:00,18422.69,13362.42
21.05.2025 00:00:00 +02:00,16519.54,12681.74
21.05.2025 01:00:00 +02:00,16025.87,12398.30
21.05.2025 02:00:00 +02:00,15548.02,12395.50
21.05.2025 03:00:00 +02:00,15133.65,12319.20
21.05.2025 04:00:00 +02:00,14671.56,12165.38
21.05.2025 05:00:00 +02:00,14892.95,12267.26
21.05.2025 06:00:00 +02:00,16367.55,12969.42
21.05.2025 07:00:00 +02:00,16985.31,13879.72
21.05.2025 08:00:00 +02:00,16215.92,13825.68
21.05.2025 09:00:00 +02:00,14443.47,13816.44
21.05.2025 10:00:00 +02:00,12603.36,13810.18
21.05.2025 11:00:00 +02:00,12681.51,13670.03
21.05.2025 12:00:00 +02:00,12332.94,13569.78
21.05.2025 13:00:00 +02:00,12443.37,13613.27
21.05.2025 14:00:00 +02:00,12525.98,13557.43
21.05.2025 15:00:00 +02:00,12684.36,13982.39
21.05.2025 16:00:00 +02:00,12908.03,13973.56
21.05.2025 17:00:00 +02:00,13143.67,13974.96
21.05.2025 18:00:00 +02:00,14661.24,14094.01
21.05.2025 19:00:00 +02:00,15356.47,14115.09
21.05.2025 20:00:00 +02:00,15806.46,14172.64
21.05.2025 21:00:00 +02:00,16526.03,14176.99
21.05.2025 22:00:00 +02:00,15919.16,14095.82
21.05.2025 23:00:00 +02:00,14632.15,13802.98
22.05.2025 00:00:00 +02:00,13707.56,13346.24
22.05.2025 01:00:00 +02:00,13144.29,12846.13
22.05.2025 02:00:00 +02:00,12838.86,12638.30
22.05.2025 03:00:00 +02:00,12392.60,12617.46
22.05.2025 04:00:00 +02:00,12314.02,12751.32
22.05.2025 05:00:00 +02:00,12742.43,12926.07
22.05.2025 06:00:00 +02:00,13430.30,13812.76
22.05.2025 07:00:00 +02:00,14332.66,14737.72
22.05.2025 08:00:00 +02:00,13992.08,14632.66
22.05.2025 09:00:00 +02:00,13369.24,14448.77
22.05.2025 10:00:00 +02:00,12415.75,14479.93
22.05.2025 11:00:00 +02:00,12109.31,14761.36
22.05.2025 12:00:00 +02:00,12127.94,14539.28
22.05.2025 13:00:00 +02:00,12072.79,14468.33
22.05.2025 14:00:00 +02:00,11927.43,14314.31
22.05.2025 15:00:00 +02:00,12163.46,14388.82
22.05.2025 16:00:00 +02:00,13058.34,14512.45
22.05.2025 17:00:00 +02:00,14020.18,14368.28
22.05.2025 18:00:00 +02:00,15166.54,14809.56
22.05.2025 19:00:00 +02:00,16567.35,14906.00
22.05.2025 20:00:00 +02:00,16802.56,15022.10
22.05.2025 21:00:00 +02:00,17254.90,14701.45
22.05.2025 22:00:00 +02:00,17209.64,14546.37
22.05.2025 23:00:00 +02:00,17571.92,14126.48
23.05.2025 00:00:00 +02:00,17118.72,13673.19
23.05.2025 01:00:00 +02:00,16944.45,13450.29
23.05.2025 02:00:00 +02:00,16865.16,13164.78
23.05.2025 03:00:00 +02:00,16812.00,13066.94
23.05.2025 04:00:00 +02:00,16805.06,13067.29
23.05.2025 05:00:00 +02:00,17228.89,13347.66
23.05.2025 06:00:00 +02:00,18340.26,14090.55
23.05.2025 07:00:00 +02:00,18619.04,14900.43
23.05.2025 08:00:00 +02:00,18301.35,15118.64
23.05.2025 09:00:00 +02:00,17133.34,15069.68
23.05.2025 10:00:00 +02:00,15426.30,14895.93
23.05.2025 11:00:00 +02:00,14085.46,14676.03
23.05.2025 12:00:00 +02:00,12406.37,14675.78
23.05.2025 13:00:00 +02:00,12109.62,14693.32
23.05.2025 14:00:00 +02:00,11974.51,14561.08
23.05.2025 15:00:00 +02:00,12009.62,14436.12
23.05.2025 16:00:00 +02:00,12569.14,14430.34
23.05.2025 17:00:00 +02:00,14232.23,14426.68
23.05.2025 18:00:00 +02:00,16373.86,14540.67
23.05.2025 19:00:00 +02:00,17922.90,14624.58
23.05.2025 20:00:00 +02:00,18764.66,14394.60
23.05.2025 21:00:00 +02:00,19115.42,14272.25
23.05.2025 22:00:00 +02:00,18675.48,14042.63
23.05.2025 23:00:00 +02:00,18031.17,13877.71
24.05.2025 00:00:00 +02:00,17642.66,13438.68
24.05.2025 01:00:00 +02:00,17155.84,12851.50
24.05.2025 02:00:00 +02:00,16395.65,12620.59
24.05.2025 03:00:00 +02:00,16270.66,12445.81
24.05.2025 04:00:00 +02:00,15989.20,12252.75
24.05.2025 05:00:00 +02:00,15996.81,12333.86
24.05.2025 06:00:00 +02:00,15716.66,12644.82
24.05.2025 07:00:00 +02:00,15402.76,12917.19
24.05.2025 08:00:00 +02:00,13969.51,13423.18
24.05.2025 09:00:00 +02:00,12267.33,13919.23
24.05.2025 10:00:00 +02:00,12381.40,14221.70
24.05.2025 11:00:00 +02:00,12319.69,14200.08
24.05.2025 12:00:00 +02:00,12266.06,14141.41
24.05.2025 13:00:00 +02:00,11813.34,13818.52
24.05.2025 14:00:00 +02:00,11254.02,13482.11
24.05.2025 15:00:00 +02:00,11515.86,13281.98
24.05.2025 16:00:00 +02:00,12371.77,13336.48
24.05.2025 17:00:00 +02:00,14379.59,13442.16
24.05.2025 18:00:00 +02:00,17257.86,13625.90
24.05.2025 19:00:00 +02:00,18463.90,13839.26
24.05.2025 20:00:00 +02:00,19099.43,13529.46
24.05.2025 21:00:00 +02:00,18650.96,13249.34
24.05.2025 22:00:00 +02:00,18170.76,13180.34
24.05.2025 23:00:00 +02:00,17017.80,12948.77
25.05.2025 00:00:00 +02:00,13661.94,12562.61
25.05.2025 01:00:00 +02:00,13271.70,12717.88
25.05.2025 02:00:00 +02:00,12233.24,12769.38
25.05.2025 03:00:00 +02:00,11883.60,12582.80
25.05.2025 04:00:00 +02:00,11449.79,12437.47
25.05.2025 05:00:00 +02:00,11105.34,12395.09
25.05.2025 06:00:00 +02:00,11126.17,12658.89
25.05.2025 07:00:00 +02:00,10692.07,12805.24
25.05.2025 08:00:00 +02:00,11049.64,13136.77
25.05.2025 09:00:00 +02:00,11608.48,13350.06
25.05.2025 10:00:00 +02:00,11351.32,13575.90
25.05.2025 11:00:00 +02:00,12012.94,13917.34
25.05.2025 12:00:00 +02:00,11823.07,14013.38
25.05.2025 13:00:00 +02:00,11972.26,13854.08
25.05.2025 14:00:00 +02:00,11996.64,13836.16
25.05.2025 15:00:00 +02:00,12016.36,13940.88
25.05.2025 16:00:00 +02:00,11791.95,13942.62
25.05.2025 17:00:00 +02:00,11442.86,13998.18
25.05.2025 18:00:00 +02:00,12798.38,14280.43
25.05.2025 19:00:00 +02:00,14580.32,14124.05
25.05.2025 20:00:00 +02:00,15570.20,13918.57
25.05.2025 21:00:00 +02:00,15914.56,13853.89
25.05.2025 22:00:00 +02:00,15602.76,13445.32
25.05.2025 23:00:00 +02:00,14567.80,13046.29
26.05.2025 00:00:00 +02:00,13715.02,12798.22
26.05.2025 01:00:00 +02:00,12930.18,12576.46
26.05.2025 02:00:00 +02:00,12701.76,12211.52
26.05.2025 03:00:00 +02:00,12538.39,12300.58
26.05.2025 04:00:00 +02:00,12898.95,12105.28
26.05.2025 05:00:00 +02:00,13234.64,12231.24
26.05.2025 06:00:00 +02:00,14524.54,13452.40
26.05.2025 07:00:00 +02:00,15935.02,14170.36
26.05.2025 08:00:00 +02:00,15973.73,14285.84
26.05.2025 09:00:00 +02:00,14304.44,14251.78
26.05.2025 10:00:00 +02:00,12428.84,14123.63
26.05.2025 11:00:00 +02:00,11295.79,13783.30
26.05.2025 12:00:00 +02:00,10057.35,13726.62
26.05.2025 13:00:00 +02:00,10605.06,13893.74
26.05.2025 14:00:00 +02:00,10747.22,13828.04
26.05.2025 15:00:00 +02:00,10777.76,13951.49
26.05.2025 16:00:00 +02:00,12694.84,14147.35
26.05.2025 17:00:00 +02:00,13350.44,14028.39
26.05.2025 18:00:00 +02:00,15744.94,13633.59
26.05.2025 19:00:00 +02:00,17830.85,13944.85
26.05.2025 20:00:00 +02:00,19195.20,14085.09
26.05.2025 21:00:00 +02:00,19823.58,13854.62
26.05.2025 22:00:00 +02:00,19381.29,13684.22
26.05.2025 23:00:00 +02:00,18568.52,13372.78
27.05.2025 00:00:00 +02:00,16577.34,12662.04
27.05.2025 01:00:00 +02:00,15210.28,12496.18
27.05.2025 02:00:00 +02:00,14337.62,12509.05
27.05.2025 03:00:00 +02:00,13654.44,12377.97
27.05.2025 04:00:00 +02:00,12803.22,12243.04
27.05.2025 05:00:00 +02:00,13295.38,12406.28
27.05.2025 06:00:00 +02:00,14734.70,13161.79
27.05.2025 07:00:00 +02:00,15364.69,14079.78
27.05.2025 08:00:00 +02:00,15176.81,14402.16
27.05.2025 09:00:00 +02:00,14257.39,14236.00
27.05.2025 10:00:00 +02:00,13466.62,14333.55
27.05.2025 11:00:00 +02:00,13017.36,14573.48
27.05.2025 12:00:00 +02:00,13157.18,14224.30
27.05.2025 13:00:00 +02:00,13165.72,13985.76
27.05.2025 14:00:00 +02:00,13819.28,13681.48
27.05.2025 15:00:00 +02:00,14007.67,13796.22
27.05.2025 16:00:00 +02:00,14734.63,14020.42
27.05.2025 17:00:00 +02:00,15983.50,13746.48
27.05.2025 18:00:00 +02:00,17525.34,13575.91
27.05.2025 19:00:00 +02:00,18850.57,13680.74
27.05.2025 20:00:00 +02:00,19427.98,13247.40
27.05.2025 21:00:00 +02:00,19291.04,14093.43
27.05.2025 22:00:00 +02:00,19156.04,14071.74
27.05.2025 23:00:00 +02:00,18586.54,13616.79
28.05.2025 00:00:00 +02:00,18024.93,13134.12
28.05.2025 01:00:00 +02:00,17180.41,13107.04
28.05.2025 02:00:00 +02:00,16520.25,12837.04
28.05.2025 03:00:00 +02:00,15655.12,12649.06
28.05.2025 04:00:00 +02:00,16127.30,12577.14
28.05.2025 05:00:00 +02:00,17004.62,12659.22
28.05.2025 06:00:00 +02:00,18753.01,13443.72
28.05.2025 07:00:00 +02:00,19523.58,14338.84
28.05.2025 08:00:00 +02:00,19683.88,14270.24
28.05.2025 09:00:00 +02:00,18971.72,14008.18
28.05.2025 10:00:00 +02:00,17977.88,13876.24
28.05.2025 11:00:00 +02:00,17396.36,13637.64
28.05.2025 12:00:00 +02:00,16793.43,13796.80
28.05.2025 13:00:00 +02:00,16473.37,13645.77
28.05.2025 14:00:00 +02:00,16516.69,13429.16
28.05.2025 15:00:00 +02:00,16100.50,13324.47
28.05.2025 16:00:00 +02:00,16503.09,13381.25
28.05.2025 17:00:00 +02:00,17315.62,13356.38
28.05.2025 18:00:00 +02:00,18322.22,13244.43
28.05.2025 19:00:00 +02:00,18821.14,13187.27
28.05.2025 20:00:00 +02:00,18993.71,13284.22
28.05.2025 21:00:00 +02:00,18941.42,13247.14
28.05.2025 22:00:00 +02:00,18814.11,13395.84
28.05.2025 23:00:00 +02:00,18310.78,13171.42
29.05.2025 00:00:00 +02:00,17536.52,12700.47
29.05.2025 01:00:00 +02:00,16701.71,12262.47
29.05.2025 02:00:00 +02:00,16706.22,12219.37
29.05.2025 03:00:00 +02:00,16630.48,12183.40
29.05.2025 04:00:00 +02:00,16364.69,12003.00
29.05.2025 05:00:00 +02:00,15816.70,12072.62
29.05.2025 06:00:00 +02:00,15789.85,12257.75
29.05.2025 07:00:00 +02:00,16005.43,12372.58
29.05.2025 08:00:00 +02:00,14889.94,12604.49
29.05.2025 09:00:00 +02:00,13384.15,12906.23
29.05.2025 10:00:00 +02:00,10932.24,12890.30
29.05.2025 11:00:00 +02:00,11029.26,13258.60
29.05.2025 12:00:00 +02:00,10913.09,13133.61
29.05.2025 13:00:00 +02:00,10658.47,13001.97
29.05.2025 14:00:00 +02:00,10766.60,13030.40
29.05.2025 15:00:00 +02:00,11029.09,12936.87
29.05.2025 16:00:00 +02:00,11845.76,13171.26
29.05.2025 17:00:00 +02:00,11907.49,13087.28
29.05.2025 18:00:00 +02:00,14359.02,13319.56
29.05.2025 19:00:00 +02:00,15644.34,13528.22
29.05.2025 20:00:00 +02:00,16528.62,13588.69
29.05.2025 21:00:00 +02:00,16592.48,13429.34
29.05.2025 22:00:00 +02:00,15432.41,13256.69
29.05.2025 23:00:00 +02:00,14874.44,13000.39
30.05.2025 00:00:00 +02:00,13101.60,12436.84
30.05.2025 01:00:00 +02:00,12443.90,12088.16
30.05.2025 02:00:00 +02:00,12546.36,11997.50
30.05.2025 03:00:00 +02:00,12327.50,11955.40
30.05.2025 04:00:00 +02:00,12221.62,11733.53
30.05.2025 05:00:00 +02:00,12395.82,12000.18
30.05.2025 06:00:00 +02:00,12712.13,12672.02
30.05.2025 07:00:00 +02:00,14298.20,13465.26
30.05.2025 08:00:00 +02:00,13818.21,13884.78
30.05.2025 09:00:00 +02:00,12080.68,13643.59
30.05.2025 10:00:00 +02:00,12630.08,13852.46
30.05.2025 11:00:00 +02:00,12592.70,13891.27
30.05.2025 12:00:00 +02:00,12885.04,13755.68
30.05.2025 13:00:00 +02:00,12445.00,13604.79
30.05.2025 14:00:00 +02:00,12968.34,13559.42
30.05.2025 15:00:00 +02:00,12656.19,13694.04
30.05.2025 16:00:00 +02:00,12461.30,13650.68
30.05.2025 17:00:00 +02:00,12158.65,13589.04
30.05.2025 18:00:00 +02:00,15267.34,13575.40
30.05.2025 19:00:00 +02:00,16667.69,13314.38
30.05.2025 20:00:00 +02:00,16814.97,13308.84
30.05.2025 21:00:00 +02:00,16815.65,13168.00
30.05.2025 22:00:00 +02:00,15735.40,13157.79
30.05.2025 23:00:00 +02:00,15561.36,13010.23
31.05.2025 00:00:00 +02:00,14832.91,12884.02
31.05.2025 01:00:00 +02:00,14604.76,12516.88
31.05.2025 02:00:00 +02:00,14472.86,12280.63
31.05.2025 03:00:00 +02:00,14485.04,12213.86
31.05.2025 04:00:00 +02:00,14816.36,12131.30
31.05.2025 05:00:00 +02:00,14916.84,12067.80
31.05.2025 06:00:00 +02:00,15041.26,12241.35
31.05.2025 07:00:00 +02:00,14491.07,12330.42
31.05.2025 08:00:00 +02:00,13599.04,12437.57
31.05.2025 09:00:00 +02:00,11315.40,12721.20
31.05.2025 10:00:00 +02:00,10814.44,13069.29
31.05.2025 11:00:00 +02:00,10599.94,13038.24
31.05.2025 12:00:00 +02:00,10117.50,12747.94
31.05.2025 13:00:00 +02:00,10104.45,12753.72
31.05.2025 14:00:00 +02:00,9487.60,12527.42
31.05.2025 15:00:00 +02:00,9935.58,12505.71
31.05.2025 16:00:00 +02:00,10351.27,12722.16
31.05.2025 17:00:00 +02:00,11975.67,13023.60
31.05.2025 18:00:00 +02:00,15959.01,13183.99
31.05.2025 19:00:00 +02:00,17743.44,13150.10
31.05.2025 20:00:00 +02:00,18496.52,13105.66
31.05.2025 21:00:00 +02:00,18518.85,12885.48
31.05.2025 22:00:00 +02:00,18432.00,12801.62
31.05.2025 23:00:00 +02:00,17873.99,12682.59
01.06.2025 00:00:00 +02:00,18332.12,12364.06
01.06.2025 01:00:00 +02:00,17416.96,12186.48
01.06.2025 02:00:00 +02:00,16617.88,12129.57
01.06.2025 03:00:00 +02:00,16022.68,12214.78
01.06.2025 04:00:00 +02:00,15510.67,11956.29
01.06.2025 05:00:00 +02:00,14510.99,11801.59
01.06.2025 06:00:00 +02:00,12778.00,11946.70
01.06.2025 07:00:00 +02:00,12276.86,12082.07
01.06.2025 08:00:00 +02:00,11480.42,12266.84
01.06.2025 09:00:00 +02:00,9795.53,13013.93
01.06.2025 10:00:00 +02:00,10231.01,12957.77
01.06.2025 11:00:00 +02:00,9563.06,13141.39
01.06.2025 12:00:00 +02:00,10460.84,13337.98
01.06.2025 13:00:00 +02:00,10167.19,13111.60
01.06.2025 14:00:00 +02:00,10280.76,12980.16
01.06.2025 15:00:00 +02:00,10516.56,12828.78
01.06.2025 16:00:00 +02:00,11037.16,12867.80
01.06.2025 17:00:00 +02:00,11244.11,13125.82
01.06.2025 18:00:00 +02:00,12754.04,13264.80
01.06.2025 19:00:00 +02:00,15981.66,13428.88
01.06.2025 20:00:00 +02:00,17404.20,13466.51
01.06.2025 21:00:00 +02:00,18160.40,13353.74
01.06.2025 22:00:00 +02:00,17910.81,13308.50
01.06.2025 23:00:00 +02:00,16664.01,12931.02
02.06.2025 00:00:00 +02:00,15389.22,12679.98
02.06.2025 01:00:00 +02:00,14627.47,12438.33
02.06.2025 02:00:00 +02:00,14639.50,12216.38
02.06.2025 03:00:00 +02:00,15031.36,12163.01
02.06.2025 04:00:00 +02:00,15050.27,12226.76
02.06.2025 05:00:00 +02:00,16107.70,12486.87
02.06.2025 06:00:00 +02:00,17919.06,13115.91
02.06.2025 07:00:00 +02:00,19193.33,13932.18
02.06.2025 08:00:00 +02:00,18404.00,13990.76
02.06.2025 09:00:00 +02:00,17039.97,13871.14
02.06.2025 10:00:00 +02:00,15954.94,14044.34
02.06.2025 11:00:00 +02:00,14895.28,13952.42
02.06.2025 12:00:00 +02:00,13908.36,13725.89
02.06.2025 13:00:00 +02:00,13670.90,13748.54
02.06.2025 14:00:00 +02:00,13499.99,13830.58
02.06.2025 15:00:00 +02:00,13893.30,13749.12
02.06.2025 16:00:00 +02:00,14030.67,13838.48
02.06.2025 17:00:00 +02:00,16509.32,14050.88
02.06.2025 18:00:00 +02:00,18554.94,13747.56
02.06.2025 19:00:00 +02:00,19489.42,13611.24
02.06.2025 20:00:00 +02:00,20083.60,13735.28
02.06.2025 21:00:00 +02:00,19882.28,13961.18
02.06.2025 22:00:00 +02:00,19210.80,13838.56
02.06.2025 23:00:00 +02:00,18003.98,13584.01
03.06.2025 00:00:00 +02:00,16804.16,12938.72
03.06.2025 01:00:00 +02:00,15799.16,12671.98
03.06.2025 02:00:00 +02:00,15530.88,12508.42
03.06.2025 03:00:00 +02:00,15424.81,12492.90
03.06.2025 04:00:00 +02:00,15444.32,12472.48
03.06.2025 05:00:00 +02:00,16250.51,12729.56
03.06.2025 06:00:00 +02:00,17628.92,13519.04
03.06.2025 07:00:00 +02:00,17892.00,14122.05
03.06.2025 08:00:00 +02:00,17008.22,14063.00
03.06.2025 09:00:00 +02:00,14593.19,13806.07
03.06.2025 10:00:00 +02:00,12610.01,13901.20
03.06.2025 11:00:00 +02:00,12151.52,13317.40
03.06.2025 12:00:00 +02:00,11287.25,13357.95
03.06.2025 13:00:00 +02:00,10549.93,13670.94
03.06.2025 14:00:00 +02:00,10713.72,13734.98
03.06.2025 15:00:00 +02:00,11776.60,13855.00
03.06.2025 16:00:00 +02:00,12587.66,13903.37
03.06.2025 17:00:00 +02:00,15062.31,14285.94
03.06.2025 18:00:00 +02:00,16986.82,14174.67
03.06.2025 19:00:00 +02:00,18657.30,14308.79
03.06.2025 20:00:00 +02:00,19297.96,14463.64
03.06.2025 21:00:00 +02:00,19081.24,13978.26
03.06.2025 22:00:00 +02:00,18217.12,13465.35
03.06.2025 23:00:00 +02:00,17366.06,13105.56
04.06.2025 00:00:00 +02:00,14597.87,12545.36
04.06.2025 01:00:00 +02:00,13138.95,12301.34
04.06.2025 02:00:00 +02:00,12443.31,12027.27
04.06.2025 03:00:00 +02:00,12149.52,11951.78
04.06.2025 04:00:00 +02:00,12384.17,11800.09
04.06.2025 05:00:00 +02:00,13273.79,11819.18
04.06.2025 06:00:00 +02:00,15547.22,12631.06
04.06.2025 07:00:00 +02:00,17200.12,13817.08
04.06.2025 08:00:00 +02:00,17810.28,13838.59
04.06.2025 09:00:00 +02:00,16322.16,13801.37
04.06.2025 10:00:00 +02:00,13543.33,13593.59
04.06.2025 11:00:00 +02:00,11917.92,13449.52
04.06.2025 12:00:00 +02:00,10391.88,13451.94
04.06.2025 13:00:00 +02:00,10313.21,13425.57
04.06.2025 14:00:00 +02:00,10520.88,13458.05
04.06.2025 15:00:00 +02:00,11291.43,13378.59
04.06.2025 16:00:00 +02:00,12907.74,13744.58
04.06.2025 17:00:00 +02:00,16068.23,13770.15
04.06.2025 18:00:00 +02:00,18255.76,13571.52
04.06.2025 19:00:00 +02:00,18800.58,13834.56
04.06.2025 20:00:00 +02:00,19088.87,13793.93
04.06.2025 21:00:00 +02:00,19106.70,13546.04
04.06.2025 22:00:00 +02:00,18141.49,13548.21
04.06.2025 23:00:00 +02:00,17836.86,13412.90
05.06.2025 00:00:00 +02:00,16615.38,12722.89
05.06.2025 01:00:00 +02:00,15799.17,12451.93
05.06.2025 02:00:00 +02:00,15430.30,12108.28
05.06.2025 03:00:00 +02:00,15018.84,11984.18
05.06.2025 04:00:00 +02:00,15126.17,11993.43
05.06.2025 05:00:00 +02:00,16176.26,12046.18
05.06.2025 06:00:00 +02:00,18054.90,12871.76
05.06.2025 07:00:00 +02:00,18717.03,14067.00
05.06.2025 08:00:00 +02:00,18825.88,14150.77
05.06.2025 09:00:00 +02:00,18309.02,13974.93
05.06.2025 10:00:00 +02:00,16018.30,13941.81
05.06.2025 11:00:00 +02:00,13266.54,13727.61
05.06.2025 12:00:00 +02:00,12378.26,13944.08
05.06.2025 13:00:00 +02:00,12067.39,14063.01
05.06.2025 14:00:00 +02:00,13510.30,14130.03
05.06.2025 15:00:00 +02:00,13472.86,14189.29
05.06.2025 16:00:00 +02:00,15553.04,14093.09
05.06.2025 17:00:00 +02:00,17876.50,14091.40
05.06.2025 18:00:00 +02:00,18411.56,13813.05
05.06.2025 19:00:00 +02:00,19201.94,14009.48
05.06.2025 20:00:00 +02:00,19549.20,14149.84
05.06.2025 21:00:00 +02:00,19456.31,14076.12
05.06.2025 22:00:00 +02:00,19071.04,13735.11
05.06.2025 23:00:00 +02:00,17965.22,13192.84
06.06.2025 00:00:00 +02:00,16039.66,12667.78
06.06.2025 01:00:00 +02:00,14514.68,12562.40
06.06.2025 02:00:00 +02:00,14384.96,12402.00
06.06.2025 03:00:00 +02:00,13711.15,12358.38
06.06.2025 04:00:00 +02:00,13723.28,12241.47
06.06.2025 05:00:00 +02:00,14001.63,12238.53
06.06.2025 06:00:00 +02:00,14933.95,13014.28
06.06.2025 07:00:00 +02:00,15397.70,14156.33
06.06.2025 08:00:00 +02:00,14194.94,14113.31
06.06.2025 09:00:00 +02:00,12415.40,14294.53
06.06.2025 10:00:00 +02:00,12055.37,14255.61
06.06.2025 11:00:00 +02:00,11848.41,14092.78
06.06.2025 12:00:00 +02:00,11518.83,14002.70
06.06.2025 13:00:00 +02:00,11158.99,13872.58
06.06.2025 14:00:00 +02:00,11398.88,13667.10
06.06.2025 15:00:00 +02:00,11874.28,13899.66
06.06.2025 16:00:00 +02:00,12028.56,13945.98
06.06.2025 17:00:00 +02:00,12263.60,13806.82
06.06.2025 18:00:00 +02:00,13927.16,13873.87
06.06.2025 19:00:00 +02:00,16277.85,13876.83
06.06.2025 20:00:00 +02:00,16719.81,13629.59
06.06.2025 21:00:00 +02:00,16548.32,13310.60
06.06.2025 22:00:00 +02:00,15873.68,13140.56
06.06.2025 23:00:00 +02:00,15260.52,12996.42
07.06.2025 00:00:00 +02:00,14491.90,12694.01
07.06.2025 01:00:00 +02:00,14266.55,12435.65
07.06.2025 02:00:00 +02:00,14047.02,12092.65
07.06.2025 03:00:00 +02:00,13753.56,12036.54
07.06.2025 04:00:00 +02:00,14101.64,11947.66
07.06.2025 05:00:00 +02:00,13963.51,11912.03
07.06.2025 06:00:00 +02:00,14453.28,12126.04
07.06.2025 07:00:00 +02:00,14515.17,12456.40
07.06.2025 08:00:00 +02:00,13976.96,12582.34
07.06.2025 09:00:00 +02:00,13298.22,12911.78
07.06.2025 10:00:00 +02:00,12233.94,13005.60
07.06.2025 11:00:00 +02:00,11460.29,13008.34
07.06.2025 12:00:00 +02:00,11270.57,12956.48
07.06.2025 13:00:00 +02:00,10818.51,12771.54
07.06.2025 14:00:00 +02:00,10565.40,12570.48
07.06.2025 15:00:00 +02:00,10827.81,12456.56
07.06.2025 16:00:00 +02:00,11407.41,12474.65
07.06.2025 17:00:00 +02:00,12423.15,12638.59
07.06.2025 18:00:00 +02:00,16293.90,13016.41
07.06.2025 19:00:00 +02:00,17250.39,12746.43
07.06.2025 20:00:00 +02:00,17657.73,12687.06
07.06.2025 21:00:00 +02:00,17879.14,12558.26
07.06.2025 22:00:00 +02:00,18071.34,12586.80
07.06.2025 23:00:00 +02:00,17458.93,12478.19
08.06.2025 00:00:00 +02:00,17335.50,12206.85
08.06.2025 01:00:00 +02:00,16981.17,11949.54
08.06.2025 02:00:00 +02:00,15890.96,11809.23
08.06.2025 03:00:00 +02:00,14549.73,11646.58
08.06.2025 04:00:00 +02:00,13790.50,11529.53
08.06.2025 05:00:00 +02:00,12365.80,11328.60
08.06.2025 06:00:00 +02:00,11112.35,11383.55
08.06.2025 07:00:00 +02:00,9620.75,11331.39
08.06.2025 08:00:00 +02:00,9284.43,11857.20
08.06.2025 09:00:00 +02:00,8930.10,12259.08
08.06.2025 10:00:00 +02:00,8520.15,12448.85
08.06.2025 11:00:00 +02:00,8720.51,12491.43
08.06.2025 12:00:00 +02:00,8950.59,12409.95
08.06.2025 13:00:00 +02:00,9174.56,12364.94
08.06.2025 14:00:00 +02:00,9253.65,12323.34
08.06.2025 15:00:00 +02:00,9847.06,12429.34
08.06.2025 16:00:00 +02:00,10141.14,12474.21
08.06.2025 17:00:00 +02:00,10846.02,12529.06
08.06.2025 18:00:00 +02:00,11345.68,12596.96
08.06.2025 19:00:00 +02:00,11913.26,12736.38
08.06.2025 20:00:00 +02:00,13368.00,12789.27
08.06.2025 21:00:00 +02:00,14164.74,12644.41
08.06.2025 22:00:00 +02:00,13674.68,12659.97
08.06.2025 23:00:00 +02:00,12740.70,12616.47
09.06.2025 00:00:00 +02:00,12105.79,12253.98
09.06.2025 01:00:00 +02:00,11345.84,12110.26
09.06.2025 02:00:00 +02:00,11012.68,12155.59
09.06.2025 03:00:00 +02:00,11024.27,11980.29
09.06.2025 04:00:00 +02:00,11430.60,11846.83
09.06.2025 05:00:00 +02:00,12375.56,11811.39
09.06.2025 06:00:00 +02:00,12683.58,12087.47
09.06.2025 07:00:00 +02:00,12220.38,12394.82
09.06.2025 08:00:00 +02:00,11468.89,12612.61
09.06.2025 09:00:00 +02:00,11108.85,12835.21
09.06.2025 10:00:00 +02:00,10973.90,12965.64
09.06.2025 11:00:00 +02:00,10445.18,12938.36
09.06.2025 12:00:00 +02:00,10675.02,12943.79
09.06.2025 13:00:00 +02:00,11194.21,12873.56
09.06.2025 14:00:00 +02:00,11499.34,12850.70
09.06.2025 15:00:00 +02:00,12289.02,13098.91
09.06.2025 16:00:00 +02:00,12814.92,13161.16
09.06.2025 17:00:00 +02:00,12833.74,13098.28
09.06.2025 18:00:00 +02:00,15247.62,13314.49
09.06.2025 19:00:00 +02:00,17139.34,13492.51
09.06.2025 20:00:00 +02:00,18277.93,13542.20
09.06.2025 21:00:00 +02:00,17860.76,13351.99
09.06.2025 22:00:00 +02:00,17467.98,13224.29
09.06.2025 23:00:00 +02:00,17337.46,13118.96
10.06.2025 00:00:00 +02:00,16406.10,12648.40
10.06.2025 01:00:00 +02:00,15922.17,12391.02
10.06.2025 02:00:00 +02:00,14932.49,12240.85
10.06.2025 03:00:00 +02:00,14166.02,12216.59
10.06.2025 04:00:00 +02:00,13575.01,12052.96
10.06.2025 05:00:00 +02:00,14219.40,12228.68
10.06.2025 06:00:00 +02:00,15871.57,13061.18
10.06.2025 07:00:00 +02:00,17188.50,14051.16
10.06.2025 08:00:00 +02:00,16146.02,14119.63
10.06.2025 09:00:00 +02:00,14208.66,14123.34
10.06.2025 10:00:00 +02:00,12470.33,14092.09
10.06.2025 11:00:00 +02:00,11785.07,14091.89
10.06.2025 12:00:00 +02:00,11667.93,14019.38
10.06.2025 13:00:00 +02:00,12098.49,14067.27
10.06.2025 14:00:00 +02:00,12208.28,13940.34
10.06.2025 15:00:00 +02:00,12472.84,14085.70
10.06.2025 16:00:00 +02:00,12976.32,14299.74
10.06.2025 17:00:00 +02:00,14505.92,14099.18
10.06.2025 18:00:00 +02:00,15638.54,14033.21
10.06.2025 19:00:00 +02:00,17108.28,13932.99
10.06.2025 20:00:00 +02:00,17261.88,13962.14
10.06.2025 21:00:00 +02:00,18216.67,13918.55
10.06.2025 22:00:00 +02:00,18176.06,13743.90
10.06.2025 23:00:00 +02:00,18141.94,13340.74
11.06.2025 00:00:00 +02:00,16924.07,13007.00
11.06.2025 01:00:00 +02:00,16524.55,12686.27
11.06.2025 02:00:00 +02:00,16529.49,12325.23
11.06.2025 03:00:00 +02:00,16242.63,12125.26
11.06.2025 04:00:00 +02:00,16668.94,12312.47
11.06.2025 05:00:00 +02:00,17698.14,12530.35
11.06.2025 06:00:00 +02:00,18571.24,13220.78
11.06.2025 07:00:00 +02:00,18483.81,13845.22
11.06.2025 08:00:00 +02:00,17035.89,13771.09
11.06.2025 09:00:00 +02:00,15751.08,13736.73
11.06.2025 10:00:00 +02:00,14067.28,13714.69
11.06.2025 11:00:00 +02:00,12969.38,13483.40
11.06.2025 12:00:00 +02:00,12319.76,13485.26
11.06.2025 13:00:00 +02:00,12352.50,13544.52
11.06.2025 14:00:00 +02:00,12664.06,13448.82
11.06.2025 15:00:00 +02:00,13115.73,13604.78
11.06.2025 16:00:00 +02:00,14500.93,13740.36
11.06.2025 17:00:00 +02:00,15736.58,13710.50
11.06.2025 18:00:00 +02:00,18044.07,13679.94
11.06.2025 19:00:00 +02:00,18881.47,13764.54
11.06.2025 20:00:00 +02:00,19133.18,13743.80
11.06.2025 21:00:00 +02:00,19398.75,13737.83
11.06.2025 22:00:00 +02:00,19124.40,13560.72
11.06.2025 23:00:00 +02:00,18322.92,13230.54
12.06.2025 00:00:00 +02:00,17711.02,12816.48
12.06.2025 01:00:00 +02:00,16909.46,12474.18
12.06.2025 02:00:00 +02:00,16208.95,12288.22
12.06.2025 03:00:00 +02:00,15836.00,12228.40
12.06.2025 04:00:00 +02:00,14689.64,12211.50
12.06.2025 05:00:00 +02:00,14294.03,12383.18
12.06.2025 06:00:00 +02:00,14983.25,12993.66
12.06.2025 07:00:00 +02:00,16116.54,13894.83
12.06.2025 08:00:00 +02:00,15792.17,13976.80
12.06.2025 09:00:00 +02:00,12786.91,13530.47
12.06.2025 10:00:00 +02:00,10328.08,13415.97
12.06.2025 11:00:00 +02:00,9208.59,13342.55
12.06.2025 12:00:00 +02:00,9289.21,13112.13
12.06.2025 13:00:00 +02:00,9113.94,13088.82
12.06.2025 14:00:00 +02:00,9081.42,13106.86
12.06.2025 15:00:00 +02:00,9805.40,13163.27
12.06.2025 16:00:00 +02:00,11191.13,13221.39
12.06.2025 17:00:00 +02:00,12525.43,13223.19
12.06.2025 18:00:00 +02:00,15435.51,13242.23
12.06.2025 19:00:00 +02:00,17135.29,13405.32
12.06.2025 20:00:00 +02:00,18162.28,13523.34
12.06.2025 21:00:00 +02:00,18579.19,13474.48
12.06.2025 22:00:00 +02:00,19001.84,13458.46
12.06.2025 23:00:00 +02:00,18400.36,13033.58
13.06.2025 00:00:00 +02:00,16767.66,12459.45
13.06.2025 01:00:00 +02:00,15652.73,12041.00
13.06.2025 02:00:00 +02:00,15472.46,11944.68
13.06.2025 03:00:00 +02:00,15676.92,11587.56
13.06.2025 04:00:00 +02:00,15366.54,11311.04
13.06.2025 05:00:00 +02:00,15874.37,11405.53
13.06.2025 06:00:00 +02:00,16888.75,12320.89
13.06.2025 07:00:00 +02:00,17302.00,13143.26
13.06.2025 08:00:00 +02:00,16303.75,13294.27
13.06.2025 09:00:00 +02:00,14153.70,13011.16
13.06.2025 10:00:00 +02:00,12564.47,12873.59
13.06.2025 11:00:00 +02:00,11483.87,12645.82
13.06.2025 12:00:00 +02:00,11346.32,12879.53
13.06.2025 13:00:00 +02:00,11388.99,13044.45
13.06.2025 14:00:00 +02:00,11990.70,12895.14
13.06.2025 15:00:00 +02:00,11567.44,12809.34
13.06.2025 16:00:00 +02:00,11460.63,12963.02
13.06.2025 17:00:00 +02:00,13348.00,13105.13
13.06.2025 18:00:00 +02:00,15603.93,12957.20
13.06.2025 19:00:00 +02:00,17557.61,12850.77
13.06.2025 20:00:00 +02:00,18464.20,12734.41
13.06.2025 21:00:00 +02:00,18390.57,12417.46
13.06.2025 22:00:00 +02:00,17666.76,12299.36
13.06.2025 23:00:00 +02:00,17283.61,12114.68
14.06.2025 00:00:00 +02:00,17063.97,11770.53
14.06.2025 01:00:00 +02:00,15966.71,11372.32
14.06.2025 02:00:00 +02:00,15162.00,11103.12
14.06.2025 03:00:00 +02:00,14869.00,11020.11
14.06.2025 04:00:00 +02:00,13948.20,10748.08
14.06.2025 05:00:00 +02:00,13068.01,10493.05
14.06.2025 06:00:00 +02:00,12855.90,10558.61
14.06.2025 07:00:00 +02:00,12913.42,10803.74
14.06.2025 08:00:00 +02:00,12164.00,11326.14
14.06.2025 09:00:00 +02:00,10876.26,11642.72
14.06.2025 10:00:00 +02:00,10863.00,12010.92
14.06.2025 11:00:00 +02:00,10699.60,12105.22
14.06.2025 12:00:00 +02:00,11129.34,12095.18
14.06.2025 13:00:00 +02:00,10653.67,11976.23
14.06.2025 14:00:00 +02:00,10306.18,11832.53
14.06.2025 15:00:00 +02:00,10317.94,11838.90
14.06.2025 16:00:00 +02:00,10768.66,11868.73
14.06.2025 17:00:00 +02:00,13555.21,12219.67
14.06.2025 18:00:00 +02:00,15480.66,12050.10
14.06.2025 19:00:00 +02:00,17802.66,12223.34
14.06.2025 20:00:00 +02:00,18476.32,12154.57
14.06.2025 21:00:00 +02:00,18463.48,12000.35
14.06.2025 22:00:00 +02:00,18402.07,11783.46
14.06.2025 23:00:00 +02:00,17803.18,11634.84
15.06.2025 00:00:00 +02:00,17752.94,11376.19
15.06.2025 01:00:00 +02:00,17470.24,10826.76
15.06.2025 02:00:00 +02:00,17089.00,10634.93
15.06.2025 03:00:00 +02:00,17103.10,10558.26
15.06.2025 04:00:00 +02:00,16390.82,10885.74
15.06.2025 05:00:00 +02:00,15875.16,10726.90
15.06.2025 06:00:00 +02:00,14963.05,10748.72
15.06.2025 07:00:00 +02:00,14126.66,10973.40
15.06.2025 08:00:00 +02:00,13400.34,11261.82
15.06.2025 09:00:00 +02:00,12751.08,11496.26
15.06.2025 10:00:00 +02:00,11916.25,11721.41
15.06.2025 11:00:00 +02:00,11337.70,12092.46
15.06.2025 12:00:00 +02:00,11128.20,12026.35
15.06.2025 13:00:00 +02:00,10801.68,12055.37
15.06.2025 14:00:00 +02:00,10466.73,12148.39
15.06.2025 15:00:00 +02:00,11238.87,12256.51
15.06.2025 16:00:00 +02:00,12526.66,12359.34
15.06.2025 17:00:00 +02:00,14942.40,12731.96
15.06.2025 18:00:00 +02:00,17607.95,12727.00
15.06.2025 19:00:00 +02:00,18418.14,12733.50
15.06.2025 20:00:00 +02:00,18939.83,12796.39
15.06.2025 21:00:00 +02:00,18889.79,12725.14
15.06.2025 22:00:00 +02:00,18601.48,12466.78
15.06.2025 23:00:00 +02:00,18459.65,12089.59
16.06.2025 00:00:00 +02:00,17748.22,11540.12
16.06.2025 01:00:00 +02:00,16884.59,11267.53
16.06.2025 02:00:00 +02:00,16959.61,11173.52
16.06.2025 03:00:00 +02:00,16967.42,11101.21
16.06.2025 04:00:00 +02:00,16817.54,11008.67
16.06.2025 05:00:00 +02:00,16840.17,11266.92
16.06.2025 06:00:00 +02:00,17383.50,12074.66
16.06.2025 07:00:00 +02:00,18407.12,12946.67
16.06.2025 08:00:00 +02:00,17818.94,12819.25
16.06.2025 09:00:00 +02:00,16409.69,13156.48
16.06.2025 10:00:00 +02:00,15071.78,12926.35
16.06.2025 11:00:00 +02:00,13487.19,12988.63
16.06.2025 12:00:00 +02:00,12926.94,13222.14
16.06.2025 13:00:00 +02:00,12341.66,13034.67
16.06.2025 14:00:00 +02:00,13079.04,13249.52
16.06.2025 15:00:00 +02:00,13290.89,13392.82
16.06.2025 16:00:00 +02:00,13594.68,13681.75
16.06.2025 17:00:00 +02:00,14482.38,13435.20
16.06.2025 18:00:00 +02:00,16111.50,13447.52
16.06.2025 19:00:00 +02:00,17110.52,13295.44
16.06.2025 20:00:00 +02:00,17643.48,13177.28
16.06.2025 21:00:00 +02:00,17518.12,13097.32
16.06.2025 22:00:00 +02:00,17136.69,12989.73
16.06.2025 23:00:00 +02:00,16257.63,12715.85
17.06.2025 00:00:00 +02:00,14551.85,12112.84
17.06.2025 01:00:00 +02:00,13778.73,11755.48
17.06.2025 02:00:00 +02:00,13548.01,11447.61
17.06.2025 03:00:00 +02:00,13469.11,11238.74
17.06.2025 04:00:00 +02:00,13517.88,11209.73
17.06.2025 05:00:00 +02:00,13906.45,11469.43
17.06.2025 06:00:00 +02:00,16552.32,12272.05
17.06.2025 07:00:00 +02:00,17863.29,13053.02
17.06.2025 08:00:00 +02:00,16966.76,13934.44
17.06.2025 09:00:00 +02:00,14960.42,13813.78
17.06.2025 10:00:00 +02:00,12282.52,13642.58
17.06.2025 11:00:00 +02:00,12089.32,13592.94
17.06.2025 12:00:00 +02:00,12138.09,13496.49
17.06.2025 13:00:00 +02:00,12020.84,13468.94
17.06.2025 14:00:00 +02:00,12348.76,13606.46
17.06.2025 15:00:00 +02:00,12891.00,13534.92
17.06.2025 16:00:00 +02:00,13602.88,13732.39
17.06.2025 17:00:00 +02:00,15059.09,13665.62
17.06.2025 18:00:00 +02:00,16185.60,13331.62
17.06.2025 19:00:00 +02:00,17921.85,13292.65
17.06.2025 20:00:00 +02:00,18323.77,13267.13
17.06.2025 21:00:00 +02:00,18310.11,13465.08
17.06.2025 22:00:00 +02:00,17627.58,13165.81
17.06.2025 23:00:00 +02:00,17399.40,13135.63
18.06.2025 00:00:00 +02:00,16300.66,12633.25
18.06.2025 01:00:00 +02:00,15721.94,12076.00
18.06.2025 02:00:00 +02:00,15754.52,11791.02
18.06.2025 03:00:00 +02:00,15558.16,11606.06
18.06.2025 04:00:00 +02:00,15534.24,11393.83
18.06.2025 05:00:00 +02:00,16199.00,11797.85
18.06.2025 06:00:00 +02:00,17423.43,12614.94
18.06.2025 07:00:00 +02:00,18360.27,13342.73
18.06.2025 08:00:00 +02:00,17654.30,13373.74
18.06.2025 09:00:00 +02:00,15958.31,13541.23
18.06.2025 10:00:00 +02:00,13166.85,13648.51
18.06.2025 11:00:00 +02:00,12213.88,13474.21
18.06.2025 12:00:00 +02:00,11795.82,13618.15
18.06.2025 13:00:00 +02:00,11526.25,13190.54
18.06.2025 14:00:00 +02:00,11314.94,13203.84
18.06.2025 15:00:00 +02:00,12081.78,13462.74
18.06.2025 16:00:00 +02:00,13118.62,13775.75
18.06.2025 17:00:00 +02:00,15107.02,13771.60
18.06.2025 18:00:00 +02:00,17243.26,13437.67
18.06.2025 19:00:00 +02:00,17852.60,13428.60
18.06.2025 20:00:00 +02:00,19180.76,13451.47
18.06.2025 21:00:00 +02:00,19292.70,13413.26
18.06.2025 22:00:00 +02:00,18697.24,13198.79
18.06.2025 23:00:00 +02:00,17659.46,12907.34
19.06.2025 00:00:00 +02:00,16661.44,12427.80
19.06.2025 01:00:00 +02:00,15783.84,11969.16
19.06.2025 02:00:00 +02:00,14894.15,11844.31
19.06.2025 03:00:00 +02:00,14488.92,11856.54
19.06.2025 04:00:00 +02:00,14155.29,11598.67
19.06.2025 05:00:00 +02:00,14266.87,11904.63
19.06.2025 06:00:00 +02:00,15136.84,12634.85
19.06.2025 07:00:00 +02:00,15370.17,13553.41
19.06.2025 08:00:00 +02:00,13573.98,13618.12
19.06.2025 09:00:00 +02:00,13172.84,13622.15
19.06.2025 10:00:00 +02:00,12018.00,13546.70
19.06.2025 11:00:00 +02:00,11745.30,13554.21
19.06.2025 12:00:00 +02:00,11596.08,13281.98
19.06.2025 13:00:00 +02:00,11353.79,13247.90
19.06.2025 14:00:00 +02:00,11728.85,13246.91
19.06.2025 15:00:00 +02:00,11897.09,13442.48
19.06.2025 16:00:00 +02:00,12342.66,13740.93
19.06.2025 17:00:00 +02:00,13309.68,13756.18
19.06.2025 18:00:00 +02:00,15410.46,13764.03
19.06.2025 19:00:00 +02:00,17525.85,13624.19
19.06.2025 20:00:00 +02:00,18061.20,13500.26
19.06.2025 21:00:00 +02:00,18394.93,13511.72
19.06.2025 22:00:00 +02:00,17963.58,13413.74
19.06.2025 23:00:00 +02:00,17521.46,13052.25
20.06.2025 00:00:00 +02:00,15893.26,12806.62
20.06.2025 01:00:00 +02:00,15469.44,12436.40
20.06.2025 02:00:00 +02:00,14641.65,11979.96
20.06.2025 03:00:00 +02:00,14529.40,11849.73
20.06.2025 04:00:00 +02:00,14757.05,11870.09
20.06.2025 05:00:00 +02:00,14971.58,12094.89
20.06.2025 06:00:00 +02:00,15685.64,12738.45
20.06.2025 07:00:00 +02:00,16916.92,13516.21
20.06.2025 08:00:00 +02:00,16820.90,13718.07
20.06.2025 09:00:00 +02:00,15691.81,13485.34
20.06.2025 10:00:00 +02:00,13669.57,13313.10
20.06.2025 11:00:00 +02:00,12521.02,13336.50
20.06.2025 12:00:00 +02:00,12125.27,13335.00
20.06.2025 13:00:00 +02:00,12002.07,13393.91
20.06.2025 14:00:00 +02:00,12247.71,13343.94
20.06.2025 15:00:00 +02:00,12984.12,13549.74
20.06.2025 16:00:00 +02:00,14298.41,13699.04
20.06.2025 17:00:00 +02:00,16363.84,13777.74
20.06.2025 18:00:00 +02:00,17697.48,13756.76
20.06.2025 19:00:00 +02:00,18107.82,13599.57
20.06.2025 20:00:00 +02:00,17935.20,13138.22
20.06.2025 21:00:00 +02:00,18154.16,13057.19
20.06.2025 22:00:00 +02:00,18006.78,12770.54
20.06.2025 23:00:00 +02:00,17407.76,12571.24
21.06.2025 00:00:00 +02:00,17555.49,12279.74
21.06.2025 01:00:00 +02:00,16927.40,12016.44
21.06.2025 02:00:00 +02:00,16615.18,11779.06
21.06.2025 03:00:00 +02:00,16679.44,11408.52
21.06.2025 04:00:00 +02:00,16142.04,11227.61
21.06.2025 05:00:00 +02:00,15368.53,11318.01
21.06.2025 06:00:00 +02:00,14905.12,11413.13
21.06.2025 07:00:00 +02:00,14552.70,11698.95
21.06.2025 08:00:00 +02:00,14058.34,11910.54
21.06.2025 09:00:00 +02:00,12701.88,12406.78
21.06.2025 10:00:00 +02:00,11840.03,12497.72
21.06.2025 11:00:00 +02:00,11397.53,12416.59
21.06.2025 12:00:00 +02:00,10744.28,12343.86
21.06.2025 13:00:00 +02:00,11021.26,12155.93
21.06.2025 14:00:00 +02:00,10764.94,12111.52
21.06.2025 15:00:00 +02:00,11298.08,12182.27
21.06.2025 16:00:00 +02:00,11926.60,12241.45
21.06.2025 17:00:00 +02:00,13949.18,12393.16
21.06.2025 18:00:00 +02:00,16003.28,12318.86
21.06.2025 19:00:00 +02:00,16523.80,12147.96
21.06.2025 20:00:00 +02:00,17300.67,12225.81
21.06.2025 21:00:00 +02:00,17372.50,12171.97
21.06.2025 22:00:00 +02:00,16182.87,11971.38
21.06.2025 23:00:00 +02:00,16262.20,11917.78
22.06.2025 00:00:00 +02:00,16348.24,11735.56
22.06.2025 01:00:00 +02:00,16169.62,11579.90
22.06.2025 02:00:00 +02:00,16053.68,11303.68
22.06.2025 03:00:00 +02:00,15381.27,11185.69
22.06.2025 04:00:00 +02:00,14990.30,11126.05
22.06.2025 05:00:00 +02:00,14474.42,10923.16
22.06.2025 06:00:00 +02:00,13266.34,10998.29
22.06.2025 07:00:00 +02:00,11529.04,11095.34
22.06.2025 08:00:00 +02:00,10777.28,11228.37
22.06.2025 09:00:00 +02:00,10211.85,11790.42
22.06.2025 10:00:00 +02:00,10025.45,12085.62
22.06.2025 11:00:00 +02:00,10166.28,12256.60
22.06.2025 12:00:00 +02:00,10073.04,12286.64
22.06.2025 13:00:00 +02:00,9641.46,12372.21
22.06.2025 14:00:00 +02:00,9885.14,12561.74
22.06.2025 15:00:00 +02:00,10188.11,12633.88
22.06.2025 16:00:00 +02:00,11226.52,12724.44
22.06.2025 17:00:00 +02:00,12459.51,13142.36
22.06.2025 18:00:00 +02:00,14134.13,13222.61
22.06.2025 19:00:00 +02:00,16680.48,13118.02
22.06.2025 20:00:00 +02:00,17479.74,13171.42
22.06.2025 21:00:00 +02:00,17323.32,12961.77
22.06.2025 22:00:00 +02:00,17465.27,12549.03
22.06.2025 23:00:00 +02:00,16979.14,12426.87
23.06.2025 00:00:00 +02:00,15667.98,12153.34
23.06.2025 01:00:00 +02:00,14293.59,11754.80
23.06.2025 02:00:00 +02:00,13692.72,11446.14
23.06.2025 03:00:00 +02:00,13019.87,11169.71
23.06.2025 04:00:00 +02:00,12278.90,11036.19
23.06.2025 05:00:00 +02:00,11798.70,11236.14
23.06.2025 06:00:00 +02:00,13297.67,12077.87
23.06.2025 07:00:00 +02:00,13656.26,12875.75
23.06.2025 08:00:00 +02:00,13795.42,13260.11
23.06.2025 09:00:00 +02:00,12129.52,13478.39
23.06.2025 10:00:00 +02:00,11376.16,13571.92
23.06.2025 11:00:00 +02:00,10708.21,13139.00
23.06.2025 12:00:00 +02:00,10440.63,13375.29
23.06.2025 13:00:00 +02:00,10815.60,13344.23
23.06.2025 14:00:00 +02:00,10074.50,13425.46
23.06.2025 15:00:00 +02:00,10275.43,13485.14
23.06.2025 16:00:00 +02:00,10408.14,13468.43
23.06.2025 17:00:00 +02:00,11509.10,13570.25
23.06.2025 18:00:00 +02:00,12070.69,13492.28
23.06.2025 19:00:00 +02:00,13343.75,13358.90
23.06.2025 20:00:00 +02:00,14273.37,13459.98
23.06.2025 21:00:00 +02:00,14825.72,12912.99
23.06.2025 22:00:00 +02:00,14891.59,12730.04
23.06.2025 23:00:00 +02:00,14672.78,12612.43
24.06.2025 00:00:00 +02:00,13822.27,12159.26
24.06.2025 01:00:00 +02:00,13159.50,11825.11
24.06.2025 02:00:00 +02:00,13212.25,11725.94
24.06.2025 03:00:00 +02:00,13218.12,11706.64
24.06.2025 04:00:00 +02:00,12818.20,11559.30
24.06.2025 05:00:00 +02:00,12791.32,11699.48
24.06.2025 06:00:00 +02:00,13549.20,12336.87
24.06.2025 07:00:00 +02:00,14550.49,13162.39
24.06.2025 08:00:00 +02:00,13996.48,13329.46
24.06.2025 09:00:00 +02:00,13205.68,13296.28
24.06.2025 10:00:00 +02:00,12817.10,13426.11
24.06.2025 11:00:00 +02:00,12166.21,13337.59
24.06.2025 12:00:00 +02:00,11647.70,13288.24
24.06.2025 13:00:00 +02:00,11764.10,13403.80
24.06.2025 14:00:00 +02:00,11731.78,13391.69
24.06.2025 15:00:00 +02:00,11283.20,13266.13
24.06.2025 16:00:00 +02:00,12152.00,13575.00
24.06.2025 17:00:00 +02:00,12966.68,13703.48
24.06.2025 18:00:00 +02:00,14992.26,13789.83
24.06.2025 19:00:00 +02:00,16334.84,13639.84
24.06.2025 20:00:00 +02:00,16978.36,13525.38
24.06.2025 21:00:00 +02:00,16831.19,13300.04
24.06.2025 22:00:00 +02:00,17073.62,13033.02
24.06.2025 23:00:00 +02:00,16670.42,12715.08
25.06.2025 00:00:00 +02:00,15518.56,12103.44
25.06.2025 01:00:00 +02:00,14676.68,11636.20
25.06.2025 02:00:00 +02:00,14349.10,11540.60
25.06.2025 03:00:00 +02:00,14123.28,11332.31
25.06.2025 04:00:00 +02:00,14266.41,11202.04
25.06.2025 05:00:00 +02:00,14242.09,11465.84
25.06.2025 06:00:00 +02:00,15289.25,12198.01
25.06.2025 07:00:00 +02:00,15881.55,12911.85
25.06.2025 08:00:00 +02:00,15354.24,13148.55
25.06.2025 09:00:00 +02:00,14690.47,13300.23
25.06.2025 10:00:00 +02:00,14002.40,13476.06
25.06.2025 11:00:00 +02:00,13463.71,13347.19
25.06.2025 12:00:00 +02:00,12930.70,13259.85
25.06.2025 13:00:00 +02:00,13091.08,13391.96
25.06.2025 14:00:00 +02:00,13278.77,13366.76
25.06.2025 15:00:00 +02:00,13785.84,13356.54
25.06.2025 16:00:00 +02:00,14989.08,13303.68
25.06.2025 17:00:00 +02:00,15942.33,13305.75
25.06.2025 18:00:00 +02:00,17405.52,13428.97
25.06.2025 19:00:00 +02:00,19119.45,13291.78
25.06.2025 20:00:00 +02:00,19998.76,13272.55
25.06.2025 21:00:00 +02:00,19945.35,13140.88
25.06.2025 22:00:00 +02:00,18953.67,12972.50
25.06.2025 23:00:00 +02:00,18004.15,12623.36
26.06.2025 00:00:00 +02:00,16729.66,12308.53
26.06.2025 01:00:00 +02:00,16433.42,12093.62
26.06.2025 02:00:00 +02:00,15957.91,11789.18
26.06.2025 03:00:00 +02:00,16290.60,11658.11
26.06.2025 04:00:00 +02:00,16069.34,11558.52
26.06.2025 05:00:00 +02:00,16465.17,11687.28
26.06.2025 06:00:00 +02:00,16986.50,12341.60
26.06.2025 07:00:00 +02:00,18344.56,13056.83
26.06.2025 08:00:00 +02:00,18659.88,13359.26
26.06.2025 09:00:00 +02:00,17488.12,13329.24
26.06.2025 10:00:00 +02:00,17086.33,13322.43
26.06.2025 11:00:00 +02:00,16919.62,13332.34
26.06.2025 12:00:00 +02:00,16203.76,13262.28
26.06.2025 13:00:00 +02:00,13861.77,13191.89
26.06.2025 14:00:00 +02:00,12775.69,13308.32
26.06.2025 15:00:00 +02:00,12874.86,13467.13
26.06.2025 16:00:00 +02:00,14187.03,13615.74
26.06.2025 17:00:00 +02:00,16417.60,13683.84
26.06.2025 18:00:00 +02:00,18655.74,13659.71
26.06.2025 19:00:00 +02:00,19300.87,13472.96
26.06.2025 20:00:00 +02:00,20055.82,13464.14
26.06.2025 21:00:00 +02:00,20097.42,13229.64
26.06.2025 22:00:00 +02:00,19444.61,12992.70
26.06.2025 23:00:00 +02:00,18669.61,12619.61
27.06.2025 00:00:00 +02:00,17086.57,11993.34
27.06.2025 01:00:00 +02:00,16140.20,11467.28
27.06.2025 02:00:00 +02:00,15545.87,11304.01
27.06.2025 03:00:00 +02:00,14837.51,11399.98
27.06.2025 04:00:00 +02:00,14551.30,11105.85
27.06.2025 05:00:00 +02:00,14402.47,11073.20
27.06.2025 06:00:00 +02:00,16033.74,12026.90
27.06.2025 07:00:00 +02:00,17115.55,12743.17
27.06.2025 08:00:00 +02:00,16834.11,12912.45
27.06.2025 09:00:00 +02:00,15859.58,13072.66
27.06.2025 10:00:00 +02:00,15207.64,13068.02
27.06.2025 11:00:00 +02:00,13996.50,13123.20
27.06.2025 12:00:00 +02:00,13087.90,12858.72
27.06.2025 13:00:00 +02:00,12231.14,12978.60
27.06.2025 14:00:00 +02:00,11686.97,12808.43
27.06.2025 15:00:00 +02:00,11818.36,12994.42
27.06.2025 16:00:00 +02:00,12973.64,13181.12
27.06.2025 17:00:00 +02:00,13579.58,13056.93
27.06.2025 18:00:00 +02:00,14007.74,13004.92
27.06.2025 19:00:00 +02:00,14933.16,12930.64
27.06.2025 20:00:00 +02:00,15037.81,13019.30
27.06.2025 21:00:00 +02:00,15052.79,12713.81
27.06.2025 22:00:00 +02:00,15041.67,12469.03
27.06.2025 23:00:00 +02:00,15179.80,12338.46
28.06.2025 00:00:00 +02:00,15077.67,12166.14
28.06.2025 01:00:00 +02:00,14569.73,11930.94
28.06.2025 02:00:00 +02:00,13893.63,11689.77
28.06.2025 03:00:00 +02:00,13026.66,11439.08
28.06.2025 04:00:00 +02:00,12293.74,11160.23
28.06.2025 05:00:00 +02:00,12425.25,11039.22
28.06.2025 06:00:00 +02:00,12578.71,11178.68
28.06.2025 07:00:00 +02:00,12839.30,11591.13
28.06.2025 08:00:00 +02:00,12743.34,12077.84
28.06.2025 09:00:00 +02:00,11930.40,12450.06
28.06.2025 10:00:00 +02:00,10608.24,12776.00
28.06.2025 11:00:00 +02:00,9715.26,12812.57
28.06.2025 12:00:00 +02:00,9656.47,12732.41
28.06.2025 13:00:00 +02:00,9629.72,12720.90
28.06.2025 14:00:00 +02:00,9276.68,12747.04
28.06.2025 15:00:00 +02:00,10088.48,12716.64
28.06.2025 16:00:00 +02:00,11239.73,12676.48
28.06.2025 17:00:00 +02:00,12392.32,12481.14
28.06.2025 18:00:00 +02:00,14104.62,12442.89
28.06.2025 19:00:00 +02:00,15021.10,12392.13
28.06.2025 20:00:00 +02:00,15091.44,12314.81
28.06.2025 21:00:00 +02:00,15095.01,12240.73
28.06.2025 22:00:00 +02:00,14732.16,12126.73
28.06.2025 23:00:00 +02:00,14629.77,12193.08
29.06.2025 00:00:00 +02:00,15081.08,12102.36
29.06.2025 01:00:00 +02:00,15536.35,11624.34
29.06.2025 02:00:00 +02:00,14921.10,11430.74
29.06.2025 03:00:00 +02:00,14729.30,11320.38
29.06.2025 04:00:00 +02:00,14439.89,11243.65
29.06.2025 05:00:00 +02:00,14984.71,11266.99
29.06.2025 06:00:00 +02:00,15079.65,11446.54
29.06.2025 07:00:00 +02:00,14034.02,11525.50
29.06.2025 08:00:00 +02:00,12751.34,11641.34
29.06.2025 09:00:00 +02:00,11319.48,11959.40
29.06.2025 10:00:00 +02:00,10346.88,12378.15
29.06.2025 11:00:00 +02:00,10190.04,12477.06
29.06.2025 12:00:00 +02:00,10020.04,12504.94
29.06.2025 13:00:00 +02:00,9825.90,12554.17
29.06.2025 14:00:00 +02:00,9983.22,12423.39
29.06.2025 15:00:00 +02:00,10625.92,12269.85
29.06.2025 16:00:00 +02:00,11370.55,12417.81
29.06.2025 17:00:00 +02:00,12696.58,12793.17
29.06.2025 18:00:00 +02:00,13995.78,12892.82
29.06.2025 19:00:00 +02:00,15155.42,12903.44
29.06.2025 20:00:00 +02:00,16188.35,12946.30
29.06.2025 21:00:00 +02:00,16068.78,12966.01
29.06.2025 22:00:00 +02:00,16061.90,12898.70
29.06.2025 23:00:00 +02:00,16304.22,12647.26
30.06.2025 00:00:00 +02:00,15479.15,12414.26
30.06.2025 01:00:00 +02:00,15499.61,12039.88
30.06.2025 02:00:00 +02:00,15583.24,11858.26
30.06.2025 03:00:00 +02:00,15212.44,11561.36
30.06.2025 04:00:00 +02:00,15353.48,11435.84
30.06.2025 05:00:00 +02:00,15734.74,11697.16
30.06.2025 06:00:00 +02:00,15654.10,12373.67
30.06.2025 07:00:00 +02:00,16090.08,13194.20
30.06.2025 08:00:00 +02:00,15970.82,13405.48
30.06.2025 09:00:00 +02:00,15473.78,13381.04
30.06.2025 10:00:00 +02:00,14332.79,13351.38
30.06.2025 11:00:00 +02:00,13481.47,13331.62
30.06.2025 12:00:00 +02:00,12794.32,13427.04
30.06.2025 13:00:00 +02:00,12722.52,13505.76
30.06.2025 14:00:00 +02:00,12536.56,13506.22
30.06.2025 15:00:00 +02:00,13891.42,13592.77
30.06.2025 16:00:00 +02:00,15966.26,13483.34
30.06.2025 17:00:00 +02:00,18147.08,13354.11
30.06.2025 18:00:00 +02:00,18601.52,13278.70
30.06.2025 19:00:00 +02:00,19682.13,13382.76
30.06.2025 20:00:00 +02:00,19938.42,13354.12
30.06.2025 21:00:00 +02:00,19710.52,13249.13
30.06.2025 22:00:00 +02:00,18893.28,13017.41
30.06.2025 23:00:00 +02:00,18263.56,12639.84
01.07.2025 00:00:00 +02:00,17522.01,12446.31
01.07.2025 01:00:00 +02:00,16687.31,12101.34
01.07.2025 02:00:00 +02:00,16498.88,11739.44
01.07.2025 03:00:00 +02:00,16338.75,11558.51
01.07.2025 04:00:00 +02:00,16014.48,11485.51
01.07.2025 05:00:00 +02:00,16388.50,11530.66
01.07.2025 06:00:00 +02:00,17135.76,12120.98
01.07.2025 07:00:00 +02:00,18085.28,12701.84
01.07.2025 08:00:00 +02:00,18005.65,12976.14
01.07.2025 09:00:00 +02:00,17371.81,13062.67
01.07.2025 10:00:00 +02:00,16489.78,13240.05
01.07.2025 11:00:00 +02:00,15623.09,13465.33
01.07.2025 12:00:00 +02:00,15255.38,13586.06
01.07.2025 13:00:00 +02:00,15209.26,13410.02
01.07.2025 14:00:00 +02:00,15812.52,13717.64
01.07.2025 15:00:00 +02:00,16596.55,13762.31
01.07.2025 16:00:00 +02:00,16968.36,13796.90
01.07.2025 17:00:00 +02:00,18008.10,13610.84
01.07.2025 18:00:00 +02:00,19148.91,13350.57
01.07.2025 19:00:00 +02:00,20423.67,13345.66
01.07.2025 20:00:00 +02:00,20304.64,13343.24
01.07.2025 21:00:00 +02:00,19669.01,13203.32
01.07.2025 22:00:00 +02:00,18470.76,12961.87
01.07.2025 23:00:00 +02:00,17421.81,12765.96
02.07.2025 00:00:00 +02:00,16529.59,12319.94
02.07.2025 01:00:00 +02:00,16168.90,11992.38
02.07.2025 02:00:00 +02:00,15846.98,11785.65
02.07.2025 03:00:00 +02:00,15691.08,11613.85
02.07.2025 04:00:00 +02:00,15976.64,11392.32
02.07.2025 05:00:00 +02:00,16121.46,11475.95
02.07.2025 06:00:00 +02:00,17366.24,12180.46
02.07.2025 07:00:00 +02:00,18525.10,12780.10
02.07.2025 08:00:00 +02:00,18601.07,13088.64
02.07.2025 09:00:00 +02:00,17707.84,13073.86
02.07.2025 10:00:00 +02:00,16662.12,13194.29
02.07.2025 11:00:00 +02:00,15819.91,13158.81
02.07.2025 12:00:00 +02:00,15182.08,13190.01
02.07.2025 13:00:00 +02:00,15682.98,13278.18
02.07.2025 14:00:00 +02:00,16074.47,13242.62
02.07.2025 15:00:00 +02:00,16367.30,13319.83
02.07.2025 16:00:00 +02:00,16766.86,13403.60
02.07.2025 17:00:00 +02:00,17760.72,13264.94
02.07.2025 18:00:00 +02:00,18989.14,13311.62
02.07.2025 19:00:00 +02:00,19453.68,13426.77
02.07.2025 20:00:00 +02:00,19259.18,13265.48
02.07.2025 21:00:00 +02:00,19352.92,13204.64
02.07.2025 22:00:00 +02:00,18359.22,12941.28
02.07.2025 23:00:00 +02:00,17378.11,12586.86
03.07.2025 00:00:00 +02:00,16371.95,12177.56
03.07.2025 01:00:00 +02:00,15555.70,11885.82
03.07.2025 02:00:00 +02:00,15201.07,11674.48
03.07.2025 03:00:00 +02:00,15066.48,11518.88
03.07.2025 04:00:00 +02:00,13875.43,11496.82
03.07.2025 05:00:00 +02:00,13768.08,11712.22
03.07.2025 06:00:00 +02:00,14496.41,12281.46
03.07.2025 07:00:00 +02:00,14841.54,13111.32
03.07.2025 08:00:00 +02:00,14768.36,13381.03
03.07.2025 09:00:00 +02:00,13970.26,13592.88
03.07.2025 10:00:00 +02:00,14066.98,13786.11
03.07.2025 11:00:00 +02:00,13940.48,13567.92
03.07.2025 12:00:00 +02:00,13305.04,13231.72
03.07.2025 13:00:00 +02:00,12972.18,13080.83
03.07.2025 14:00:00 +02:00,13284.50,13015.38
03.07.2025 15:00:00 +02:00,13510.18,13115.68
03.07.2025 16:00:00 +02:00,13974.39,13186.76
03.07.2025 17:00:00 +02:00,14688.90,13210.95
03.07.2025 18:00:00 +02:00,14935.08,13320.10
03.07.2025 19:00:00 +02:00,15642.42,13321.81
03.07.2025 20:00:00 +02:00,16669.54,13347.86
03.07.2025 21:00:00 +02:00,16547.30,13196.80
03.07.2025 22:00:00 +02:00,16758.78,13373.86
03.07.2025 23:00:00 +02:00,15584.16,13009.01
04.07.2025 00:00:00 +02:00,15776.28,12723.55
04.07.2025 01:00:00 +02:00,15833.58,12137.05
04.07.2025 02:00:00 +02:00,15270.94,11919.27
04.07.2025 03:00:00 +02:00,15193.23,11924.30
04.07.2025 04:00:00 +02:00,14895.80,11779.41
04.07.2025 05:00:00 +02:00,15586.83,11960.87
04.07.2025 06:00:00 +02:00,16510.72,12344.11
04.07.2025 07:00:00 +02:00,17455.92,12815.38
04.07.2025 08:00:00 +02:00,16990.97,13398.15
04.07.2025 09:00:00 +02:00,15871.00,13488.12
04.07.2025 10:00:00 +02:00,14328.56,13371.99
04.07.2025 11:00:00 +02:00,12565.61,13178.24
04.07.2025 12:00:00 +02:00,11430.57,13212.64
04.07.2025 13:00:00 +02:00,11008.03,13326.55
04.07.2025 14:00:00 +02:00,10139.69,13151.81
04.07.2025 15:00:00 +02:00,11384.62,13242.98
04.07.2025 16:00:00 +02:00,12309.04,13308.49
04.07.2025 17:00:00 +02:00,13476.36,13321.93
04.07.2025 18:00:00 +02:00,15524.01,13199.81
04.07.2025 19:00:00 +02:00,17337.14,13117.15
04.07.2025 20:00:00 +02:00,17443.15,13188.85
04.07.2025 21:00:00 +02:00,17281.91,13079.55
04.07.2025 22:00:00 +02:00,16456.95,12730.61
04.07.2025 23:00:00 +02:00,15997.00,12552.43
05.07.2025 00:00:00 +02:00,15120.49,12207.72
05.07.2025 01:00:00 +02:00,13998.75,11875.76
05.07.2025 02:00:00 +02:00,12965.59,11652.64
05.07.2025 03:00:00 +02:00,12445.52,11482.64
05.07.2025 04:00:00 +02:00,11868.06,11390.56
05.07.2025 05:00:00 +02:00,11914.86,11313.82
05.07.2025 06:00:00 +02:00,11833.25,11365.82
05.07.2025 07:00:00 +02:00,11645.57,11735.79
05.07.2025 08:00:00 +02:00,11610.48,12165.91
05.07.2025 09:00:00 +02:00,11262.59,12560.17
05.07.2025 10:00:00 +02:00,11157.86,12906.98
05.07.2025 11:00:00 +02:00,10135.00,12867.28
05.07.2025 12:00:00 +02:00,9228.81,12742.66
05.07.2025 13:00:00 +02:00,8904.60,12669.84
05.07.2025 14:00:00 +02:00,8900.52,12580.00
05.07.2025 15:00:00 +02:00,10557.70,12659.71
05.07.2025 16:00:00 +02:00,11315.44,12591.40
05.07.2025 17:00:00 +02:00,11728.93,12671.66
05.07.2025 18:00:00 +02:00,13092.64,12704.38
05.07.2025 19:00:00 +02:00,15262.22,12561.67
05.07.2025 20:00:00 +02:00,16451.56,12441.98
05.07.2025 21:00:00 +02:00,16777.14,12201.24
05.07.2025 22:00:00 +02:00,16394.97,12042.11
05.07.2025 23:00:00 +02:00,16280.87,12064.50
06.07.2025 00:00:00 +02:00,15938.66,11777.28
06.07.2025 01:00:00 +02:00,16129.21,11548.56
06.07.2025 02:00:00 +02:00,15779.89,11365.04
06.07.2025 03:00:00 +02:00,15875.30,11291.37
06.07.2025 04:00:00 +02:00,15177.34,11098.36
06.07.2025 05:00:00 +02:00,14853.65,10900.49
06.07.2025 06:00:00 +02:00,14482.48,10981.86
06.07.2025 07:00:00 +02:00,14037.24,11145.69
06.07.2025 08:00:00 +02:00,12827.81,11399.49
06.07.2025 09:00:00 +02:00,12796.07,11850.54
06.07.2025 10:00:00 +02:00,12276.88,11962.50
06.07.2025 11:00:00 +02:00,12165.88,12018.97
06.07.2025 12:00:00 +02:00,11914.98,12040.06
06.07.2025 13:00:00 +02:00,12258.36,12039.00
06.07.2025 14:00:00 +02:00,12040.90,12027.44
06.07.2025 15:00:00 +02:00,13851.94,12277.24
06.07.2025 16:00:00 +02:00,14853.92,12318.95
06.07.2025 17:00:00 +02:00,16508.12,12385.21
06.07.2025 18:00:00 +02:00,17875.10,12326.45
06.07.2025 19:00:00 +02:00,18596.60,12322.25
06.07.2025 20:00:00 +02:00,19024.48,12310.84
06.07.2025 21:00:00 +02:00,19014.76,12306.34
06.07.2025 22:00:00 +02:00,18600.37,12297.00
06.07.2025 23:00:00 +02:00,18084.57,12176.48
07.07.2025 00:00:00 +02:00,16952.69,11876.00
07.07.2025 01:00:00 +02:00,16336.40,11455.29
07.07.2025 02:00:00 +02:00,15853.04,11200.66
07.07.2025 03:00:00 +02:00,15736.96,11213.91
07.07.2025 04:00:00 +02:00,15837.00,11153.67
07.07.2025 05:00:00 +02:00,15865.01,11247.64
07.07.2025 06:00:00 +02:00,15840.80,11697.61
07.07.2025 07:00:00 +02:00,16650.44,12163.43
07.07.2025 08:00:00 +02:00,16848.67,12693.44
07.07.2025 09:00:00 +02:00,17264.59,12921.29
07.07.2025 10:00:00 +02:00,17042.50,13082.21
07.07.2025 11:00:00 +02:00,16361.94,12905.62
07.07.2025 12:00:00 +02:00,16034.16,13150.90
07.07.2025 13:00:00 +02:00,14289.05,13203.17
07.07.2025 14:00:00 +02:00,13287.62,13232.34
07.07.2025 15:00:00 +02:00,12984.63,13285.68
07.07.2025 16:00:00 +02:00,13986.36,13256.57
07.07.2025 17:00:00 +02:00,14762.94,13118.44
07.07.2025 18:00:00 +02:00,16334.69,13136.11
07.07.2025 19:00:00 +02:00,16947.16,13229.67
07.07.2025 20:00:00 +02:00,17670.51,13147.18
07.07.2025 21:00:00 +02:00,17762.61,12908.39
07.07.2025 22:00:00 +02:00,17888.54,12588.74
07.07.2025 23:00:00 +02:00,16933.98,12347.31
08.07.2025 00:00:00 +02:00,15968.56,11921.96
08.07.2025 01:00:00 +02:00,15912.34,11626.21
08.07.2025 02:00:00 +02:00,15828.88,11402.09
08.07.2025 03:00:00 +02:00,15628.72,11292.79
08.07.2025 04:00:00 +02:00,15699.00,11294.34
08.07.2025 05:00:00 +02:00,15591.11,11452.07
08.07.2025 06:00:00 +02:00,16634.05,11924.86
08.07.2025 07:00:00 +02:00,17038.94,12491.47
08.07.2025 08:00:00 +02:00,17747.91,12807.68
08.07.2025 09:00:00 +02:00,17186.68,12931.57
08.07.2025 10:00:00 +02:00,17064.34,13060.09
08.07.2025 11:00:00 +02:00,16231.88,12915.82
08.07.2025 12:00:00 +02:00,14880.80,12794.94
08.07.2025 13:00:00 +02:00,14300.11,12780.04
08.07.2025 14:00:00 +02:00,13659.16,12492.69
08.07.2025 15:00:00 +02:00,14185.08,12592.86
08.07.2025 16:00:00 +02:00,15221.34,12695.85
08.07.2025 17:00:00 +02:00,17003.04,12631.03
08.07.2025 18:00:00 +02:00,17746.19,12802.76
08.07.2025 19:00:00 +02:00,17369.05,12808.94
08.07.2025 20:00:00 +02:00,17976.35,12867.61
08.07.2025 21:00:00 +02:00,17878.81,12717.58
08.07.2025 22:00:00 +02:00,18084.26,12666.75
08.07.2025 23:00:00 +02:00,18012.24,12380.63
09.07.2025 00:00:00 +02:00,17311.98,12034.00
09.07.2025 01:00:00 +02:00,16720.20,11684.82
09.07.2025 02:00:00 +02:00,16837.09,11552.98
09.07.2025 03:00:00 +02:00,16570.18,11407.51
09.07.2025 04:00:00 +02:00,16309.46,11276.39
09.07.2025 05:00:00 +02:00,16957.62,11376.76
09.07.2025 06:00:00 +02:00,16925.89,11850.36
09.07.2025 07:00:00 +02:00,17276.59,12237.66
09.07.2025 08:00:00 +02:00,17457.78,12708.66
09.07.2025 09:00:00 +02:00,17669.34,12792.72
09.07.2025 10:00:00 +02:00,17458.07,12946.49
09.07.2025 11:00:00 +02:00,17271.43,13029.39
09.07.2025 12:00:00 +02:00,16812.00,13015.14
09.07.2025 13:00:00 +02:00,15128.76,13053.21
09.07.2025 14:00:00 +02:00,14114.65,13015.05
09.07.2025 15:00:00 +02:00,15755.68,13049.87
09.07.2025 16:00:00 +02:00,17131.47,13085.15
09.07.2025 17:00:00 +02:00,17968.63,13022.75
09.07.2025 18:00:00 +02:00,17923.93,13026.50
09.07.2025 19:00:00 +02:00,17892.07,13017.80
09.07.2025 20:00:00 +02:00,17776.30,12887.86
09.07.2025 21:00:00 +02:00,17905.95,12774.12
09.07.2025 22:00:00 +02:00,17988.86,12681.66
09.07.2025 23:00:00 +02:00,17657.24,12523.28
10.07.2025 00:00:00 +02:00,16271.67,12048.17
10.07.2025 01:00:00 +02:00,15505.00,11713.44
10.07.2025 02:00:00 +02:00,15535.24,11555.42
10.07.2025 03:00:00 +02:00,15111.76,11430.87
10.07.2025 04:00:00 +02:00,15011.46,11327.96
10.07.2025 05:00:00 +02:00,15323.19,11354.55
10.07.2025 06:00:00 +02:00,16103.48,11774.68
10.07.2025 07:00:00 +02:00,16910.45,12364.24
10.07.2025 08:00:00 +02:00,17233.39,12767.39
10.07.2025 09:00:00 +02:00,16742.51,12798.20
10.07.2025 10:00:00 +02:00,15948.34,12924.64
10.07.2025 11:00:00 +02:00,15042.48,12923.42
10.07.2025 12:00:00 +02:00,13198.45,12930.68
10.07.2025 13:00:00 +02:00,12433.02,12738.02
10.07.2025 14:00:00 +02:00,12442.91,12830.37
10.07.2025 15:00:00 +02:00,14319.67,12762.37
10.07.2025 16:00:00 +02:00,15413.31,12841.45
10.07.2025 17:00:00 +02:00,16595.60,12805.20
10.07.2025 18:00:00 +02:00,16854.96,12855.71
10.07.2025 19:00:00 +02:00,17513.20,12860.48
10.07.2025 20:00:00 +02:00,17487.54,12881.18
10.07.2025 21:00:00 +02:00,17159.04,12745.41
10.07.2025 22:00:00 +02:00,16703.03,12617.68
10.07.2025 23:00:00 +02:00,16556.83,12423.43
11.07.2025 00:00:00 +02:00,15587.27,12004.47
11.07.2025 01:00:00 +02:00,15366.36,11696.44
11.07.2025 02:00:00 +02:00,15106.87,11600.50
11.07.2025 03:00:00 +02:00,15279.58,11437.13
11.07.2025 04:00:00 +02:00,14862.68,11291.22
11.07.2025 05:00:00 +02:00,14626.49,11353.72
11.07.2025 06:00:00 +02:00,14911.37,11789.87
11.07.2025 07:00:00 +02:00,15897.90,12332.98
11.07.2025 08:00:00 +02:00,15816.07,12672.36
11.07.2025 09:00:00 +02:00,15341.97,12805.74
11.07.2025 10:00:00 +02:00,14945.53,12861.84
11.07.2025 11:00:00 +02:00,14492.62,12791.12
11.07.2025 12:00:00 +02:00,13725.73,12794.64
11.07.2025 13:00:00 +02:00,12865.61,12786.87
11.07.2025 14:00:00 +02:00,12200.88,12745.39
11.07.2025 15:00:00 +02:00,12752.84,12718.09
11.07.2025 16:00:00 +02:00,14184.75,12672.63
11.07.2025 17:00:00 +02:00,15030.48,12672.96
11.07.2025 18:00:00 +02:00,15789.21,12656.31
11.07.2025 19:00:00 +02:00,15906.75,12742.57
11.07.2025 20:00:00 +02:00,16070.56,12674.56
11.07.2025 21:00:00 +02:00,15835.07,12608.13
11.07.2025 22:00:00 +02:00,15513.95,12515.42
11.07.2025 23:00:00 +02:00,15603.55,12308.70
12.07.2025 00:00:00 +02:00,15870.36,11996.05
12.07.2025 01:00:00 +02:00,14839.56,11533.37
12.07.2025 02:00:00 +02:00,14856.82,11286.51
12.07.2025 03:00:00 +02:00,14452.32,11163.38
12.07.2025 04:00:00 +02:00,14258.61,11007.67
12.07.2025 05:00:00 +02:00,14270.76,10946.59
12.07.2025 06:00:00 +02:00,14112.82,11032.64
12.07.2025 07:00:00 +02:00,13920.86,11183.14
12.07.2025 08:00:00 +02:00,13369.21,11433.43
12.07.2025 09:00:00 +02:00,12128.58,11807.99
12.07.2025 10:00:00 +02:00,11474.60,12287.94
12.07.2025 11:00:00 +02:00,11163.43,12421.50
12.07.2025 12:00:00 +02:00,11114.24,12438.81
12.07.2025 13:00:00 +02:00,11030.10,12333.06
12.07.2025 14:00:00 +02:00,11223.70,12290.06
12.07.2025 15:00:00 +02:00,11617.92,12328.42
12.07.2025 16:00:00 +02:00,12245.72,12165.81
12.07.2025 17:00:00 +02:00,13661.48,12139.63
12.07.2025 18:00:00 +02:00,14768.49,12213.09
12.07.2025 19:00:00 +02:00,15871.23,12274.55
12.07.2025 20:00:00 +02:00,15582.56,12222.07
12.07.2025 21:00:00 +02:00,15931.68,12123.92
12.07.2025 22:00:00 +02:00,15338.01,12094.32
12.07.2025 23:00:00 +02:00,15163.91,11995.67
13.07.2025 00:00:00 +02:00,14214.86,11674.21
13.07.2025 01:00:00 +02:00,13985.97,11383.12
13.07.2025 02:00:00 +02:00,14070.64,11121.13
13.07.2025 03:00:00 +02:00,14003.09,11028.21
13.07.2025 04:00:00 +02:00,13699.56,10886.07
13.07.2025 05:00:00 +02:00,12847.38,10783.23
13.07.2025 06:00:00 +02:00,12394.12,10754.36
13.07.2025 07:00:00 +02:00,12048.02,10881.06
13.07.2025 08:00:00 +02:00,11386.97,11020.14
13.07.2025 09:00:00 +02:00,10693.82,11380.14
13.07.2025 10:00:00 +02:00,10073.31,11890.85
13.07.2025 11:00:00 +02:00,9437.40,12014.18
13.07.2025 12:00:00 +02:00,9340.54,12151.05
13.07.2025 13:00:00 +02:00,9338.52,12109.25
13.07.2025 14:00:00 +02:00,9584.92,12137.14
13.07.2025 15:00:00 +02:00,9703.46,11994.21
13.07.2025 16:00:00 +02:00,10188.22,11895.79
13.07.2025 17:00:00 +02:00,12281.28,11944.75
13.07.2025 18:00:00 +02:00,13632.23,12007.99
13.07.2025 19:00:00 +02:00,14686.80,12091.99
13.07.2025 20:00:00 +02:00,14964.24,12166.11
13.07.2025 21:00:00 +02:00,15409.70,12135.06
13.07.2025 22:00:00 +02:00,15167.75,12106.54
13.07.2025 23:00:00 +02:00,14851.19,11915.73
14.07.2025 00:00:00 +02:00,14201.55,11553.33
14.07.2025 01:00:00 +02:00,13830.63,11215.80
14.07.2025 02:00:00 +02:00,13663.97,11032.67
14.07.2025 03:00:00 +02:00,13286.88,10890.36
14.07.2025 04:00:00 +02:00,13454.52,10765.44
14.07.2025 05:00:00 +02:00,13632.93,10784.80
14.07.2025 06:00:00 +02:00,14154.82,11223.41
14.07.2025 07:00:00 +02:00,15042.47,11803.16
14.07.2025 08:00:00 +02:00,15939.24,12292.17
14.07.2025 09:00:00 +02:00,16236.66,12584.18
14.07.2025 10:00:00 +02:00,16072.93,12779.39
14.07.2025 11:00:00 +02:00,15262.58,12799.81
14.07.2025 12:00:00 +02:00,14654.41,12801.67
14.07.2025 13:00:00 +02:00,13056.85,12728.16
14.07.2025 14:00:00 +02:00,12410.24,12779.41
14.07.2025 15:00:00 +02:00,12839.51,12809.16
14.07.2025 16:00:00 +02:00,13927.36,12770.34
14.07.2025 17:00:00 +02:00,15243.87,12667.31
14.07.2025 18:00:00 +02:00,16193.44,12685.45
14.07.2025 19:00:00 +02:00,16523.89,12489.43
14.07.2025 20:00:00 +02:00,16655.26,12420.39
14.07.2025 21:00:00 +02:00,16630.60,12283.52
14.07.2025 22:00:00 +02:00,16659.40,12109.84
14.07.2025 23:00:00 +02:00,15976.23,11816.88
15.07.2025 00:00:00 +02:00,15759.74,11489.96
15.07.2025 01:00:00 +02:00,15526.22,11188.37
15.07.2025 02:00:00 +02:00,15395.48,10942.74
15.07.2025 03:00:00 +02:00,15245.55,10777.35
15.07.2025 04:00:00 +02:00,15012.68,10680.80
15.07.2025 05:00:00 +02:00,14591.47,10648.30
15.07.2025 06:00:00 +02:00,15133.40,11073.46
15.07.2025 07:00:00 +02:00,16200.21,11599.23
15.07.2025 08:00:00 +02:00,16537.71,11925.76
15.07.2025 09:00:00 +02:00,15884.81,12131.71
15.07.2025 10:00:00 +02:00,15310.36,12348.59
15.07.2025 11:00:00 +02:00,14250.56,12624.26
15.07.2025 12:00:00 +02:00,13177.22,12569.05
15.07.2025 13:00:00 +02:00,12111.97,12597.36
15.07.2025 14:00:00 +02:00,11891.82,12691.65
15.07.2025 15:00:00 +02:00,12853.40,12708.05
15.07.2025 16:00:00 +02:00,14254.96,12734.40
15.07.2025 17:00:00 +02:00,15960.06,12707.41
15.07.2025 18:00:00 +02:00,16357.78,12625.10
15.07.2025 19:00:00 +02:00,17313.44,12583.52
15.07.2025 20:00:00 +02:00,17420.45,12543.58
15.07.2025 21:00:00 +02:00,17598.60,12401.24
15.07.2025 22:00:00 +02:00,17267.60,12039.34
15.07.2025 23:00:00 +02:00,16405.75,11705.20
16.07.2025 00:00:00 +02:00,16645.75,11369.48
16.07.2025 01:00:00 +02:00,16167.45,11059.75
16.07.2025 02:00:00 +02:00,15727.23,10911.09
16.07.2025 03:00:00 +02:00,15419.17,10840.72
16.07.2025 04:00:00 +02:00,14936.49,10741.57
16.07.2025 05:00:00 +02:00,15493.60,10767.80
16.07.2025 06:00:00 +02:00,16001.38,11129.50
16.07.2025 07:00:00 +02:00,16600.61,11588.21
16.07.2025 08:00:00 +02:00,16664.67,11934.81
16.07.2025 09:00:00 +02:00,16960.76,12282.94
16.07.2025 10:00:00 +02:00,16871.67,12448.72
16.07.2025 11:00:00 +02:00,16636.76,12569.99
16.07.2025 12:00:00 +02:00,16134.90,12614.72
16.07.2025 13:00:00 +02:00,15597.85,12667.97
16.07.2025 14:00:00 +02:00,14867.33,12598.58
16.07.2025 15:00:00 +02:00,15164.68,12597.14
16.07.2025 16:00:00 +02:00,15458.16,12523.11
16.07.2025 17:00:00 +02:00,16550.51,12357.07
16.07.2025 18:00:00 +02:00,16746.93,12106.42
16.07.2025 19:00:00 +02:00,17210.10,12062.40
16.07.2025 20:00:00 +02:00,16852.72,12053.42
16.07.2025 21:00:00 +02:00,16486.76,11961.02
16.07.2025 22:00:00 +02:00,16570.70,11887.17
16.07.2025 23:00:00 +02:00,16170.24,11769.60
17.07.2025 00:00:00 +02:00,15013.51,11307.86
17.07.2025 01:00:00 +02:00,14505.86,10913.12
17.07.2025 02:00:00 +02:00,14720.26,10766.62
17.07.2025 03:00:00 +02:00,14159.14,10606.12
17.07.2025 04:00:00 +02:00,14176.74,10514.84
17.07.2025 05:00:00 +02:00,14558.57,10539.50
17.07.2025 06:00:00 +02:00,15196.52,10906.73
17.07.2025 07:00:00 +02:00,16037.89,11342.39
17.07.2025 08:00:00 +02:00,16284.81,11686.06
17.07.2025 09:00:00 +02:00,16233.08,11874.04
17.07.2025 10:00:00 +02:00,16013.16,12118.08
17.07.2025 11:00:00 +02:00,15152.54,12255.06
17.07.2025 12:00:00 +02:00,14298.58,12303.87
17.07.2025 13:00:00 +02:00,13325.98,12334.06
17.07.2025 14:00:00 +02:00,12855.94,12353.30
17.07.2025 15:00:00 +02:00,13667.34,12391.98
17.07.2025 16:00:00 +02:00,14904.66,12442.97
17.07.2025 17:00:00 +02:00,16218.10,12522.86
17.07.2025 18:00:00 +02:00,17170.17,12544.56
17.07.2025 19:00:00 +02:00,17793.10,12578.54
17.07.2025 20:00:00 +02:00,17780.31,12550.43
17.07.2025 21:00:00 +02:00,17673.75,12457.82
17.07.2025 22:00:00 +02:00,17518.55,12422.48
17.07.2025 23:00:00 +02:00,17218.91,12220.06
18.07.2025 00:00:00 +02:00,17283.46,11807.65
18.07.2025 01:00:00 +02:00,16923.68,11462.45
18.07.2025 02:00:00 +02:00,16196.30,11294.96
18.07.2025 03:00:00 +02:00,16095.79,11152.39
18.07.2025 04:00:00 +02:00,15868.75,11045.15
18.07.2025 05:00:00 +02:00,16003.63,11018.29
18.07.2025 06:00:00 +02:00,16454.68,11309.03
18.07.2025 07:00:00 +02:00,17086.36,11877.49
18.07.2025 08:00:00 +02:00,17341.70,12183.39
18.07.2025 09:00:00 +02:00,16980.20,12248.66
18.07.2025 10:00:00 +02:00,16774.56,12420.96
18.07.2025 11:00:00 +02:00,15809.47,12359.08
18.07.2025 12:00:00 +02:00,15586.46,12467.31
18.07.2025 13:00:00 +02:00,15168.56,12469.58
18.07.2025 14:00:00 +02:00,14636.88,12464.52
18.07.2025 15:00:00 +02:00,14673.82,12415.58
18.07.2025 16:00:00 +02:00,15612.13,12466.26
18.07.2025 17:00:00 +02:00,16828.25,12449.74
18.07.2025 18:00:00 +02:00,17654.93,12501.30
18.07.2025 19:00:00 +02:00,18049.02,12562.65
18.07.2025 20:00:00 +02:00,17904.82,12502.27
18.07.2025 21:00:00 +02:00,17663.40,12362.22
18.07.2025 22:00:00 +02:00,17493.73,12223.89
18.07.2025 23:00:00 +02:00,17077.56,12036.36
19.07.2025 00:00:00 +02:00,16029.68,11697.02
19.07.2025 01:00:00 +02:00,15621.22,11403.22
19.07.2025 02:00:00 +02:00,15510.12,11205.33
19.07.2025 03:00:00 +02:00,15257.53,11054.24
19.07.2025 04:00:00 +02:00,14884.68,10720.48
19.07.2025 05:00:00 +02:00,14373.78,10801.20
19.07.2025 06:00:00 +02:00,13987.96,10979.52
19.07.2025 07:00:00 +02:00,13880.60,11131.27
19.07.2025 08:00:00 +02:00,13549.06,11459.06
19.07.2025 09:00:00 +02:00,12804.90,11820.74
19.07.2025 10:00:00 +02:00,10599.98,12241.49
19.07.2025 11:00:00 +02:00,10771.72,12369.25
19.07.2025 12:00:00 +02:00,10677.44,12361.03
19.07.2025 13:00:00 +02:00,10833.10,12328.18
19.07.2025 14:00:00 +02:00,10934.17,12316.68
19.07.2025 15:00:00 +02:00,10931.58,12343.18
19.07.2025 16:00:00 +02:00,11753.18,12187.55
19.07.2025 17:00:00 +02:00,14541.62,12161.02
19.07.2025 18:00:00 +02:00,15956.88,12157.33
19.07.2025 19:00:00 +02:00,17169.45,12193.40
19.07.2025 20:00:00 +02:00,17549.90,12169.48
19.07.2025 21:00:00 +02:00,17211.76,12065.66
19.07.2025 22:00:00 +02:00,16854.86,12015.21
19.07.2025 23:00:00 +02:00,16490.48,11864.26
20.07.2025 00:00:00 +02:00,15735.97,11524.08
20.07.2025 01:00:00 +02:00,15468.14,11223.95
20.07.2025 02:00:00 +02:00,15124.85,10982.17
20.07.2025 03:00:00 +02:00,14677.48,10848.16
20.07.2025 04:00:00 +02:00,14623.42,10752.64
20.07.2025 05:00:00 +02:00,14373.10,10626.38
20.07.2025 06:00:00 +02:00,14002.63,10638.22
20.07.2025 07:00:00 +02:00,14085.38,10716.56
20.07.2025 08:00:00 +02:00,13657.26,10890.15
20.07.2025 09:00:00 +02:00,12404.02,11221.51
20.07.2025 10:00:00 +02:00,11087.73,11741.14
20.07.2025 11:00:00 +02:00,11408.23,11891.87
20.07.2025 12:00:00 +02:00,10900.01,11970.69
20.07.2025 13:00:00 +02:00,11059.23,11957.58
20.07.2025 14:00:00 +02:00,11176.26,11929.52
20.07.2025 15:00:00 +02:00,10635.00,11734.94
20.07.2025 16:00:00 +02:00,13216.57,11638.46
20.07.2025 17:00:00 +02:00,15555.34,11642.33
20.07.2025 18:00:00 +02:00,16435.90,11826.06
20.07.2025 19:00:00 +02:00,17233.00,11983.81
20.07.2025 20:00:00 +02:00,17069.70,12071.46
20.07.2025 21:00:00 +02:00,16914.43,12046.55
20.07.2025 22:00:00 +02:00,16628.10,12044.95
20.07.2025 23:00:00 +02:00,16419.46,11896.64
21.07.2025 00:00:00 +02:00,15888.36,11552.51
21.07.2025 01:00:00 +02:00,15561.96,11245.88
21.07.2025 02:00:00 +02:00,15107.90,10980.11
21.07.2025 03:00:00 +02:00,15170.19,10897.48
21.07.2025 04:00:00 +02:00,15245.28,10802.30
21.07.2025 05:00:00 +02:00,15158.93,10718.04
21.07.2025 06:00:00 +02:00,15923.07,11113.30
21.07.2025 07:00:00 +02:00,17199.52,11692.83
21.07.2025 08:00:00 +02:00,17573.17,12122.84
21.07.2025 09:00:00 +02:00,17328.80,12438.14
21.07.2025 10:00:00 +02:00,16604.34,12649.80
21.07.2025 11:00:00 +02:00,16218.27,12740.50
21.07.2025 12:00:00 +02:00,16193.92,12720.76
21.07.2025 13:00:00 +02:00,16413.68,12748.32
21.07.2025 14:00:00 +02:00,16331.68,12766.21
21.07.2025 15:00:00 +02:00,16807.88,12770.71
21.07.2025 16:00:00 +02:00,17385.72,12799.31
21.07.2025 17:00:00 +02:00,17472.15,12719.55
21.07.2025 18:00:00 +02:00,18288.93,12659.47
21.07.2025 19:00:00 +02:00,18561.25,12635.34
21.07.2025 20:00:00 +02:00,18458.23,12521.09
21.07.2025 21:00:00 +02:00,18367.93,12389.26
21.07.2025 22:00:00 +02:00,18000.06,12278.89
21.07.2025 23:00:00 +02:00,17873.10,12028.89
22.07.2025 00:00:00 +02:00,17083.43,11537.48
22.07.2025 01:00:00 +02:00,16631.56,11233.21
22.07.2025 02:00:00 +02:00,16077.79,11053.83
22.07.2025 03:00:00 +02:00,15573.42,10888.66
22.07.2025 04:00:00 +02:00,14963.19,10785.34
22.07.2025 05:00:00 +02:00,15583.77,10811.81
22.07.2025 06:00:00 +02:00,16187.07,11242.64
22.07.2025 07:00:00 +02:00,16795.70,11780.38
22.07.2025 08:00:00 +02:00,16835.59,12099.05
22.07.2025 09:00:00 +02:00,16202.84,12432.48
22.07.2025 10:00:00 +02:00,15138.64,12625.84
22.07.2025 11:00:00 +02:00,14171.72,12697.86
22.07.2025 12:00:00 +02:00,12525.46,12663.72
22.07.2025 13:00:00 +02:00,11241.10,12666.53
22.07.2025 14:00:00 +02:00,10890.24,12646.22
22.07.2025 15:00:00 +02:00,11746.04,12598.60
22.07.2025 16:00:00 +02:00,12720.97,12530.18
22.07.2025 17:00:00 +02:00,14055.08,12455.66
22.07.2025 18:00:00 +02:00,15595.03,12526.38
22.07.2025 19:00:00 +02:00,16782.15,12486.46
22.07.2025 20:00:00 +02:00,17123.95,12368.94
22.07.2025 21:00:00 +02:00,17254.54,12255.81
22.07.2025 22:00:00 +02:00,17467.61,12199.49
22.07.2025 23:00:00 +02:00,16950.81,11981.94
23.07.2025 00:00:00 +02:00,15976.88,11518.19
23.07.2025 01:00:00 +02:00,14981.14,11187.98
23.07.2025 02:00:00 +02:00,14475.74,10980.54
23.07.2025 03:00:00 +02:00,14183.48,10840.92
23.07.2025 04:00:00 +02:00,14216.38,10745.01
23.07.2025 05:00:00 +02:00,14533.62,10746.22
23.07.2025 06:00:00 +02:00,14736.93,11077.50
23.07.2025 07:00:00 +02:00,16034.20,11545.20
23.07.2025 08:00:00 +02:00,16033.90,11922.09
23.07.2025 09:00:00 +02:00,15438.23,12164.74
23.07.2025 10:00:00 +02:00,14659.57,12297.38
23.07.2025 11:00:00 +02:00,13957.53,12348.36
23.07.2025 12:00:00 +02:00,12621.24,12389.70
23.07.2025 13:00:00 +02:00,11917.26,12494.90
23.07.2025 14:00:00 +02:00,11878.80,12511.27
23.07.2025 15:00:00 +02:00,13220.06,12470.69
23.07.2025 16:00:00 +02:00,14400.93,12544.07
23.07.2025 17:00:00 +02:00,16410.68,12544.51
23.07.2025 18:00:00 +02:00,17321.06,12581.03
23.07.2025 19:00:00 +02:00,17724.81,12582.22
23.07.2025 20:00:00 +02:00,17683.67,12492.62
23.07.2025 21:00:00 +02:00,17905.75,12366.78
23.07.2025 22:00:00 +02:00,17952.86,12256.67
23.07.2025 23:00:00 +02:00,17692.68,12000.04
24.07.2025 00:00:00 +02:00,17523.66,11561.57
24.07.2025 01:00:00 +02:00,17313.42,11254.73
24.07.2025 02:00:00 +02:00,16903.76,11070.42
24.07.2025 03:00:00 +02:00,16525.55,10886.42
24.07.2025 04:00:00 +02:00,16433.62,10794.48
24.07.2025 05:00:00 +02:00,16153.03,10805.47
24.07.2025 06:00:00 +02:00,16251.69,11171.86
24.07.2025 07:00:00 +02:00,17536.88,11577.96
24.07.2025 08:00:00 +02:00,17663.36,12043.45
24.07.2025 09:00:00 +02:00,17863.22,12352.42
24.07.2025 10:00:00 +02:00,17390.16,12563.81
24.07.2025 11:00:00 +02:00,16057.94,12588.85
24.07.2025 12:00:00 +02:00,15201.13,12505.30
24.07.2025 13:00:00 +02:00,14887.23,12554.12
24.07.2025 14:00:00 +02:00,15007.23,12646.88
24.07.2025 15:00:00 +02:00,15437.18,12639.98
24.07.2025 16:00:00 +02:00,15969.48,12734.06
24.07.2025 17:00:00 +02:00,16925.31,12741.96
24.07.2025 18:00:00 +02:00,17304.51,12689.70
24.07.2025 19:00:00 +02:00,17674.02,12237.45
24.07.2025 20:00:00 +02:00,17664.24,12256.14
24.07.2025 21:00:00 +02:00,18075.64,12206.02
24.07.2025 22:00:00 +02:00,17825.28,12178.17
24.07.2025 23:00:00 +02:00,17430.55,11882.14
25.07.2025 00:00:00 +02:00,16258.35,11332.47
25.07.2025 01:00:00 +02:00,16473.78,10999.46
25.07.2025 02:00:00 +02:00,16186.46,10814.04
25.07.2025 03:00:00 +02:00,15488.86,10691.79
25.07.2025 04:00:00 +02:00,15552.70,10656.33
25.07.2025 05:00:00 +02:00,15848.10,10670.23
25.07.2025 06:00:00 +02:00,16204.90,10975.80
25.07.2025 07:00:00 +02:00,17143.98,11473.65
25.07.2025 08:00:00 +02:00,17551.81,11978.87
25.07.2025 09:00:00 +02:00,17171.61,11831.74
25.07.2025 10:00:00 +02:00,16847.77,12382.43
25.07.2025 11:00:00 +02:00,15871.66,12594.06
25.07.2025 12:00:00 +02:00,14544.74,12336.90
25.07.2025 13:00:00 +02:00,14077.26,12322.44
25.07.2025 14:00:00 +02:00,13959.95,12316.46
25.07.2025 15:00:00 +02:00,14239.86,12357.55
25.07.2025 16:00:00 +02:00,14941.37,12376.98
25.07.2025 17:00:00 +02:00,16279.62,12327.40
25.07.2025 18:00:00 +02:00,17639.74,12412.91
25.07.2025 19:00:00 +02:00,18280.71,12420.32
25.07.2025 20:00:00 +02:00,18274.75,12292.03
25.07.2025 21:00:00 +02:00,17700.80,12129.21
25.07.2025 22:00:00 +02:00,17123.96,12039.56
25.07.2025 23:00:00 +02:00,16194.19,11821.37
26.07.2025 00:00:00 +02:00,14587.81,11531.50
26.07.2025 01:00:00 +02:00,13801.02,11245.15
26.07.2025 02:00:00 +02:00,13855.09,11054.09
26.07.2025 03:00:00 +02:00,13432.74,10955.67
26.07.2025 04:00:00 +02:00,13131.90,10837.72
26.07.2025 05:00:00 +02:00,13838.90,10712.45
26.07.2025 06:00:00 +02:00,13991.15,10758.81
26.07.2025 07:00:00 +02:00,13866.30,10978.19
26.07.2025 08:00:00 +02:00,13629.84,11281.82
26.07.2025 09:00:00 +02:00,13376.22,11625.22
26.07.2025 10:00:00 +02:00,13039.44,11872.82
26.07.2025 11:00:00 +02:00,12393.13,11922.68
26.07.2025 12:00:00 +02:00,11958.28,11927.84
26.07.2025 13:00:00 +02:00,12350.85,11865.33
26.07.2025 14:00:00 +02:00,12525.94,11846.38
26.07.2025 15:00:00 +02:00,12820.34,11863.80
26.07.2025 16:00:00 +02:00,13342.20,11890.28
26.07.2025 17:00:00 +02:00,14159.62,12020.52
26.07.2025 18:00:00 +02:00,15734.50,12046.76
26.07.2025 19:00:00 +02:00,16950.02,12051.79
26.07.2025 20:00:00 +02:00,17455.01,11968.14
26.07.2025 21:00:00 +02:00,17051.14,11870.56
26.07.2025 22:00:00 +02:00,16684.73,11814.37
26.07.2025 23:00:00 +02:00,16158.88,11614.84
27.07.2025 00:00:00 +02:00,14914.23,11299.23
27.07.2025 01:00:00 +02:00,14393.05,11021.42
27.07.2025 02:00:00 +02:00,14497.67,10798.62
27.07.2025 03:00:00 +02:00,14625.07,10746.03
27.07.2025 04:00:00 +02:00,14345.02,10710.75
27.07.2025 05:00:00 +02:00,14049.29,10583.99
27.07.2025 06:00:00 +02:00,14102.91,10613.90
27.07.2025 07:00:00 +02:00,13808.44,10687.21
27.07.2025 08:00:00 +02:00,13144.08,10941.12
27.07.2025 09:00:00 +02:00,12130.10,11240.56
27.07.2025 10:00:00 +02:00,11689.83,11499.96
27.07.2025 11:00:00 +02:00,11291.18,11858.67
27.07.2025 12:00:00 +02:00,10861.56,11963.96
27.07.2025 13:00:00 +02:00,11140.18,12080.80
27.07.2025 14:00:00 +02:00,11306.01,12108.99
27.07.2025 15:00:00 +02:00,10877.97,12054.76
27.07.2025 16:00:00 +02:00,12288.59,11939.93
27.07.2025 17:00:00 +02:00,14061.05,11941.94
27.07.2025 18:00:00 +02:00,15956.92,12042.43
27.07.2025 19:00:00 +02:00,17397.92,12122.89
27.07.2025 20:00:00 +02:00,17880.92,12082.58
27.07.2025 21:00:00 +02:00,17992.89,12052.84
27.07.2025 22:00:00 +02:00,17586.23,12033.56
27.07.2025 23:00:00 +02:00,16812.37,11765.53
28.07.2025 00:00:00 +02:00,16332.44,11332.36
28.07.2025 01:00:00 +02:00,15302.25,11060.45
28.07.2025 02:00:00 +02:00,14379.28,10831.03
28.07.2025 03:00:00 +02:00,14034.60,10801.28
28.07.2025 04:00:00 +02:00,13738.22,10714.58
28.07.2025 05:00:00 +02:00,14348.46,10734.86
28.07.2025 06:00:00 +02:00,14674.44,11135.88
28.07.2025 07:00:00 +02:00,16623.48,11823.16
28.07.2025 08:00:00 +02:00,17036.57,12216.14
28.07.2025 09:00:00 +02:00,16195.50,12426.32
28.07.2025 10:00:00 +02:00,15711.71,12516.28
28.07.2025 11:00:00 +02:00,14615.90,12545.68
28.07.2025 12:00:00 +02:00,13996.62,12554.31
28.07.2025 13:00:00 +02:00,13528.83,12567.26
28.07.2025 14:00:00 +02:00,13154.09,12503.88
28.07.2025 15:00:00 +02:00,13330.19,12515.45
28.07.2025 16:00:00 +02:00,14021.04,12599.49
28.07.2025 17:00:00 +02:00,14623.00,12538.68
28.07.2025 18:00:00 +02:00,16149.40,12529.63
28.07.2025 19:00:00 +02:00,16896.15,12526.65
28.07.2025 20:00:00 +02:00,17046.91,12512.22
28.07.2025 21:00:00 +02:00,16696.08,12430.18
28.07.2025 22:00:00 +02:00,16243.82,12356.44
28.07.2025 23:00:00 +02:00,15946.82,12079.72
29.07.2025 00:00:00 +02:00,14639.57,11595.20
29.07.2025 01:00:00 +02:00,14334.59,11235.67
29.07.2025 02:00:00 +02:00,14364.62,11060.53
29.07.2025 03:00:00 +02:00,14037.67,10922.81
29.07.2025 04:00:00 +02:00,13333.83,10888.22
29.07.2025 05:00:00 +02:00,13059.67,10874.51
29.07.2025 06:00:00 +02:00,13845.82,11289.89
29.07.2025 07:00:00 +02:00,14312.74,11873.28
29.07.2025 08:00:00 +02:00,13618.67,12219.49
29.07.2025 09:00:00 +02:00,12633.39,12408.13
29.07.2025 10:00:00 +02:00,12055.48,12717.29
29.07.2025 11:00:00 +02:00,11731.10,12940.90
29.07.2025 12:00:00 +02:00,11531.38,13117.84
29.07.2025 13:00:00 +02:00,11446.68,11844.42
29.07.2025 14:00:00 +02:00,11809.82,13259.16
29.07.2025 15:00:00 +02:00,11968.95,13258.54
29.07.2025 16:00:00 +02:00,12968.14,12991.55
29.07.2025 17:00:00 +02:00,14083.95,12825.74
29.07.2025 18:00:00 +02:00,15169.22,12818.97
29.07.2025 19:00:00 +02:00,16010.31,12817.67
29.07.2025 20:00:00 +02:00,15884.10,12720.68
29.07.2025 21:00:00 +02:00,15967.41,12619.03
29.07.2025 22:00:00 +02:00,16311.02,12532.55
29.07.2025 23:00:00 +02:00,15756.24,12160.69
30.07.2025 00:00:00 +02:00,13786.84,11632.25
30.07.2025 01:00:00 +02:00,13278.31,11233.16
30.07.2025 02:00:00 +02:00,13984.80,11195.54
30.07.2025 03:00:00 +02:00,13823.59,10957.90
30.07.2025 04:00:00 +02:00,13166.68,10844.04
30.07.2025 05:00:00 +02:00,12764.48,10896.55
30.07.2025 06:00:00 +02:00,13624.28,11256.39
30.07.2025 07:00:00 +02:00,14595.07,11830.14
30.07.2025 08:00:00 +02:00,14404.43,12198.16
30.07.2025 09:00:00 +02:00,13410.62,12515.74
30.07.2025 10:00:00 +02:00,12508.49,12735.75
30.07.2025 11:00:00 +02:00,11797.59,13001.93
30.07.2025 12:00:00 +02:00,11961.54,13221.69
30.07.2025 13:00:00 +02:00,11772.92,13216.61
30.07.2025 14:00:00 +02:00,12330.88,13155.04
30.07.2025 15:00:00 +02:00,11772.29,13134.76
30.07.2025 16:00:00 +02:00,12455.01,12901.14
30.07.2025 17:00:00 +02:00,14321.06,12701.16
30.07.2025 18:00:00 +02:00,16102.59,12655.90
30.07.2025 19:00:00 +02:00,17109.45,12640.17
30.07.2025 20:00:00 +02:00,16606.92,12532.73
30.07.2025 21:00:00 +02:00,16335.92,12473.04
30.07.2025 22:00:00 +02:00,16022.41,12399.53
30.07.2025 23:00:00 +02:00,15029.36,12073.21
31.07.2025 00:00:00 +02:00,15258.79,11594.31
31.07.2025 01:00:00 +02:00,15243.50,11261.06
31.07.2025 02:00:00 +02:00,14613.10,11093.83
31.07.2025 03:00:00 +02:00,14208.65,10975.06
31.07.2025 04:00:00 +02:00,14567.72,10933.23
31.07.2025 05:00:00 +02:00,14690.59,10918.47
31.07.2025 06:00:00 +02:00,14907.57,11315.46
31.07.2025 07:00:00 +02:00,15664.75,11921.40
31.07.2025 08:00:00 +02:00,15846.67,12343.70
31.07.2025 09:00:00 +02:00,15584.20,12606.78
31.07.2025 10:00:00 +02:00,14587.66,12678.77
31.07.2025 11:00:00 +02:00,13831.09,12662.22
31.07.2025 12:00:00 +02:00,13020.99,12720.90
31.07.2025 13:00:00 +02:00,12904.70,12703.21
31.07.2025 14:00:00 +02:00,13130.00,12773.99
31.07.2025 15:00:00 +02:00,13124.10,12789.54
31.07.2025 16:00:00 +02:00,14258.62,12806.32
31.07.2025 17:00:00 +02:00,15718.56,12763.62
31.07.2025 18:00:00 +02:00,16781.90,12777.43
31.07.2025 19:00:00 +02:00,17149.54,12758.95
31.07.2025 20:00:00 +02:00,17616.38,12683.56
31.07.2025 21:00:00 +02:00,17495.54,12573.88
31.07.2025 22:00:00 +02:00,17597.52,12508.73
31.07.2025 23:00:00 +02:00,16707.04,12134.52
01.08.2025 00:00:00 +02:00,16734.71,11628.52
01.08.2025 01:00:00 +02:00,16156.65,11305.08
01.08.2025 02:00:00 +02:00,16113.18,11117.78
01.08.2025 03:00:00 +02:00,15553.90,10988.62
01.08.2025 04:00:00 +02:00,15228.05,10884.30
01.08.2025 05:00:00 +02:00,15075.40,10912.90
01.08.2025 06:00:00 +02:00,15999.56,11312.40
01.08.2025 07:00:00 +02:00,17575.44,11922.30
01.08.2025 08:00:00 +02:00,17874.16,12285.04
01.08.2025 09:00:00 +02:00,17280.62,12523.25
01.08.2025 10:00:00 +02:00,16886.94,12722.10
01.08.2025 11:00:00 +02:00,15443.87,12745.60
01.08.2025 12:00:00 +02:00,14185.56,12679.49
01.08.2025 13:00:00 +02:00,12705.95,12520.52
01.08.2025 14:00:00 +02:00,11540.56,12437.53
01.08.2025 15:00:00 +02:00,12411.51,12514.42
01.08.2025 16:00:00 +02:00,13272.11,12486.66
01.08.2025 17:00:00 +02:00,15727.84,12478.16
01.08.2025 18:00:00 +02:00,17330.34,12564.02
01.08.2025 19:00:00 +02:00,18445.34,12528.19
01.08.2025 20:00:00 +02:00,18408.72,12355.48
01.08.2025 21:00:00 +02:00,18512.72,12167.53
01.08.2025 22:00:00 +02:00,18418.56,12073.61
01.08.2025 23:00:00 +02:00,17934.50,11740.22
02.08.2025 00:00:00 +02:00,16170.29,11370.55
02.08.2025 01:00:00 +02:00,15975.02,11077.30
02.08.2025 02:00:00 +02:00,15244.40,10848.26
02.08.2025 03:00:00 +02:00,14946.23,10767.59
02.08.2025 04:00:00 +02:00,15231.78,10737.57
02.08.2025 05:00:00 +02:00,14465.10,10622.60
02.08.2025 06:00:00 +02:00,13581.50,10672.20
02.08.2025 07:00:00 +02:00,13248.48,10852.83
02.08.2025 08:00:00 +02:00,12655.08,11069.43
02.08.2025 09:00:00 +02:00,11803.32,11487.60
02.08.2025 10:00:00 +02:00,10757.06,11970.66
02.08.2025 11:00:00 +02:00,10629.81,12461.31
02.08.2025 12:00:00 +02:00,10504.70,12458.76
02.08.2025 13:00:00 +02:00,10632.73,12463.35
02.08.2025 14:00:00 +02:00,10894.27,12494.25
02.08.2025 15:00:00 +02:00,11277.34,12566.27
02.08.2025 16:00:00 +02:00,12139.48,12434.52
02.08.2025 17:00:00 +02:00,13917.80,12317.73
02.08.2025 18:00:00 +02:00,15855.57,12255.53
02.08.2025 19:00:00 +02:00,17201.92,12212.47
02.08.2025 20:00:00 +02:00,17607.08,12113.29
02.08.2025 21:00:00 +02:00,17432.66,11923.52
02.08.2025 22:00:00 +02:00,17254.82,11842.30
02.08.2025 23:00:00 +02:00,17041.84,11614.93
03.08.2025 00:00:00 +02:00,14702.02,11222.75
03.08.2025 01:00:00 +02:00,13880.40,10974.41
03.08.2025 02:00:00 +02:00,12745.07,10802.86
03.08.2025 03:00:00 +02:00,12468.63,10722.50
03.08.2025 04:00:00 +02:00,12012.00,10654.50
03.08.2025 05:00:00 +02:00,10859.50,10539.07
03.08.2025 06:00:00 +02:00,10125.77,10557.86
03.08.2025 07:00:00 +02:00,10572.69,10852.37
03.08.2025 08:00:00 +02:00,10664.06,11348.13
03.08.2025 09:00:00 +02:00,9884.57,11785.14
03.08.2025 10:00:00 +02:00,10592.86,12098.17
03.08.2025 11:00:00 +02:00,10838.97,12239.42
03.08.2025 12:00:00 +02:00,10593.84,12326.54
03.08.2025 13:00:00 +02:00,10351.90,12350.27
03.08.2025 14:00:00 +02:00,10181.68,12470.26
03.08.2025 15:00:00 +02:00,10059.42,12482.60
03.08.2025 16:00:00 +02:00,10140.72,12433.32
03.08.2025 17:00:00 +02:00,11146.44,12435.63
03.08.2025 18:00:00 +02:00,13574.61,12434.91
03.08.2025 19:00:00 +02:00,15225.26,12308.84
03.08.2025 20:00:00 +02:00,16040.14,12301.20
03.08.2025 21:00:00 +02:00,16292.98,12280.68
03.08.2025 22:00:00 +02:00,15931.45,12245.36
03.08.2025 23:00:00 +02:00,15001.92,11904.76
04.08.2025 00:00:00 +02:00,15215.08,11588.60
04.08.2025 01:00:00 +02:00,13998.37,11283.84
04.08.2025 02:00:00 +02:00,14072.45,11090.02
04.08.2025 03:00:00 +02:00,14653.72,11081.80
04.08.2025 04:00:00 +02:00,15150.21,11018.62
04.08.2025 05:00:00 +02:00,15922.78,11101.86
04.08.2025 06:00:00 +02:00,16917.67,11684.84
04.08.2025 07:00:00 +02:00,18187.24,12525.49
04.08.2025 08:00:00 +02:00,18086.79,12868.90
04.08.2025 09:00:00 +02:00,17060.06,12982.37
04.08.2025 10:00:00 +02:00,15814.50,13123.87
04.08.2025 11:00:00 +02:00,13890.45,13262.52
04.08.2025 12:00:00 +02:00,12971.51,13476.50
04.08.2025 13:00:00 +02:00,12045.42,13639.56
04.08.2025 14:00:00 +02:00,12038.18,13683.72
04.08.2025 15:00:00 +02:00,12363.79,13724.56
04.08.2025 16:00:00 +02:00,13485.61,13783.55
04.08.2025 17:00:00 +02:00,14881.96,13546.34
04.08.2025 18:00:00 +02:00,15550.49,13280.86
04.08.2025 19:00:00 +02:00,16337.70,13229.83
04.08.2025 20:00:00 +02:00,16422.32,13141.42
04.08.2025 21:00:00 +02:00,16133.34,13009.38
04.08.2025 22:00:00 +02:00,15606.62,12865.08
04.08.2025 23:00:00 +02:00,13929.02,12357.31
05.08.2025 00:00:00 +02:00,11838.84,12051.66
05.08.2025 01:00:00 +02:00,12005.31,11870.07
05.08.2025 02:00:00 +02:00,11854.12,11702.62
05.08.2025 03:00:00 +02:00,11511.26,11625.72
05.08.2025 04:00:00 +02:00,11476.73,11644.62
05.08.2025 05:00:00 +02:00,11898.52,11724.84
05.08.2025 06:00:00 +02:00,12905.17,12279.34
05.08.2025 07:00:00 +02:00,14754.58,13056.56
05.08.2025 08:00:00 +02:00,14840.99,13462.94
05.08.2025 09:00:00 +02:00,13113.14,13620.12
05.08.2025 10:00:00 +02:00,11511.18,13751.91
05.08.2025 11:00:00 +02:00,11298.70,13736.62
05.08.2025 12:00:00 +02:00,10565.78,13841.93
05.08.2025 13:00:00 +02:00,10538.30,13913.30
05.08.2025 14:00:00 +02:00,10657.25,13909.40
05.08.2025 15:00:00 +02:00,10444.89,13897.88
05.08.2025 16:00:00 +02:00,10922.95,13993.82
05.08.2025 17:00:00 +02:00,11466.98,13855.58
05.08.2025 18:00:00 +02:00,13132.99,13817.70
05.08.2025 19:00:00 +02:00,15099.87,13708.07
05.08.2025 20:00:00 +02:00,15452.13,13590.46
05.08.2025 21:00:00 +02:00,15545.39,13520.41
05.08.2025 22:00:00 +02:00,14943.50,13328.69
05.08.2025 23:00:00 +02:00,14054.55,12864.06
06.08.2025 00:00:00 +02:00,13497.73,12450.11
06.08.2025 01:00:00 +02:00,13296.14,12173.80
06.08.2025 02:00:00 +02:00,12899.05,12004.80
06.08.2025 03:00:00 +02:00,12626.59,11873.03
06.08.2025 04:00:00 +02:00,12574.76,11824.82
06.08.2025 05:00:00 +02:00,13095.95,11906.82
06.08.2025 06:00:00 +02:00,13270.00,12502.14
06.08.2025 07:00:00 +02:00,13959.90,13366.03
06.08.2025 08:00:00 +02:00,13941.85,13641.58
06.08.2025 09:00:00 +02:00,13462.50,13821.36
06.08.2025 10:00:00 +02:00,12836.69,13963.98
06.08.2025 11:00:00 +02:00,12456.04,14082.98
06.08.2025 12:00:00 +02:00,12050.33,13993.74
06.08.2025 13:00:00 +02:00,11891.49,13873.81
06.08.2025 14:00:00 +02:00,12140.68,13850.48
06.08.2025 15:00:00 +02:00,12537.51,13855.86
06.08.2025 16:00:00 +02:00,13162.68,13868.00
06.08.2025 17:00:00 +02:00,14408.47,13798.16
06.08.2025 18:00:00 +02:00,15148.05,13714.36
06.08.2025 19:00:00 +02:00,16144.64,13421.42
06.08.2025 20:00:00 +02:00,16613.51,13296.53
06.08.2025 21:00:00 +02:00,16861.78,13273.02
06.08.2025 22:00:00 +02:00,15991.71,13174.41
06.08.2025 23:00:00 +02:00,15312.07,12732.10
07.08.2025 00:00:00 +02:00,15264.94,12215.13
07.08.2025 01:00:00 +02:00,14853.60,11936.50
07.08.2025 02:00:00 +02:00,14207.87,11752.58
07.08.2025 03:00:00 +02:00,13524.41,11764.24
07.08.2025 04:00:00 +02:00,13051.77,11939.68
07.08.2025 05:00:00 +02:00,13340.02,12032.28
07.08.2025 06:00:00 +02:00,13732.65,12451.99
07.08.2025 07:00:00 +02:00,15317.10,13181.32
07.08.2025 08:00:00 +02:00,15105.28,13601.50
07.08.2025 09:00:00 +02:00,14776.23,13793.64
07.08.2025 10:00:00 +02:00,13423.19,13919.54
07.08.2025 11:00:00 +02:00,12162.71,13872.69
07.08.2025 12:00:00 +02:00,11467.61,13912.48
07.08.2025 13:00:00 +02:00,11023.09,13903.82
07.08.2025 14:00:00 +02:00,11466.04,14087.44
07.08.2025 15:00:00 +02:00,11663.97,14136.38
07.08.2025 16:00:00 +02:00,12975.26,14310.66
07.08.2025 17:00:00 +02:00,16335.35,14329.31
07.08.2025 18:00:00 +02:00,17694.44,14187.59
07.08.2025 19:00:00 +02:00,18628.48,13865.68
07.08.2025 20:00:00 +02:00,18998.87,13760.78
07.08.2025 21:00:00 +02:00,19260.74,13617.56
07.08.2025 22:00:00 +02:00,18783.26,13424.66
07.08.2025 23:00:00 +02:00,17942.39,12913.31
08.08.2025 00:00:00 +02:00,16754.03,12398.88
08.08.2025 01:00:00 +02:00,16228.06,12089.80
08.08.2025 02:00:00 +02:00,15786.91,11908.97
08.08.2025 03:00:00 +02:00,15046.04,11775.12
08.08.2025 04:00:00 +02:00,14675.80,11763.53
08.08.2025 05:00:00 +02:00,14381.90,11746.18
08.08.2025 06:00:00 +02:00,16128.42,12291.51
08.08.2025 07:00:00 +02:00,18162.50,13057.94
08.08.2025 08:00:00 +02:00,18320.99,13423.19
08.08.2025 09:00:00 +02:00,17014.92,13547.06
08.08.2025 10:00:00 +02:00,15403.68,13790.50
08.08.2025 11:00:00 +02:00,13164.66,13968.83
08.08.2025 12:00:00 +02:00,12691.98,13949.14
08.08.2025 13:00:00 +02:00,12677.43,13852.56
08.08.2025 14:00:00 +02:00,12302.19,13786.14
08.08.2025 15:00:00 +02:00,11647.20,13753.36
08.08.2025 16:00:00 +02:00,12681.54,13751.97
08.08.2025 17:00:00 +02:00,15297.02,13449.97
08.08.2025 18:00:00 +02:00,17361.42,13426.09
08.08.2025 19:00:00 +02:00,18298.76,13435.11
08.08.2025 20:00:00 +02:00,18188.82,13249.61
08.08.2025 21:00:00 +02:00,17930.43,13109.24
08.08.2025 22:00:00 +02:00,17165.49,12939.13
08.08.2025 23:00:00 +02:00,16693.32,12526.31
09.08.2025 00:00:00 +02:00,15988.68,12287.11
09.08.2025 01:00:00 +02:00,15332.14,11996.66
09.08.2025 02:00:00 +02:00,14484.42,11728.37
09.08.2025 03:00:00 +02:00,14005.72,11605.82
09.08.2025 04:00:00 +02:00,13496.77,11538.81
09.08.2025 05:00:00 +02:00,12905.04,11417.67
09.08.2025 06:00:00 +02:00,12232.08,11480.20
09.08.2025 07:00:00 +02:00,12644.66,11665.26
09.08.2025 08:00:00 +02:00,12499.96,12090.65
09.08.2025 09:00:00 +02:00,11616.30,12701.88
09.08.2025 10:00:00 +02:00,12005.67,12957.17
09.08.2025 11:00:00 +02:00,10891.75,12952.43
09.08.2025 12:00:00 +02:00,10075.92,13019.80
09.08.2025 13:00:00 +02:00,9733.62,12943.32
09.08.2025 14:00:00 +02:00,9745.29,12967.64
09.08.2025 15:00:00 +02:00,10055.00,13074.01
09.08.2025 16:00:00 +02:00,11634.02,13223.14
09.08.2025 17:00:00 +02:00,12209.66,13121.64
09.08.2025 18:00:00 +02:00,14580.08,13009.84
09.08.2025 19:00:00 +02:00,16344.09,12904.36
09.08.2025 20:00:00 +02:00,16715.53,12699.88
09.08.2025 21:00:00 +02:00,17291.70,12628.62
09.08.2025 22:00:00 +02:00,17080.53,12519.09
09.08.2025 23:00:00 +02:00,16357.14,12227.11
10.08.2025 00:00:00 +02:00,15061.54,11867.01
10.08.2025 01:00:00 +02:00,14852.58,11608.13
10.08.2025 02:00:00 +02:00,14401.09,11382.76
10.08.2025 03:00:00 +02:00,14230.81,11308.79
10.08.2025 04:00:00 +02:00,13719.71,11362.86
10.08.2025 05:00:00 +02:00,12913.98,11224.32
10.08.2025 06:00:00 +02:00,12644.40,11235.20
10.08.2025 07:00:00 +02:00,12482.74,11340.55
10.08.2025 08:00:00 +02:00,11904.07,11664.75
10.08.2025 09:00:00 +02:00,11786.89,12124.18
10.08.2025 10:00:00 +02:00,10649.65,12373.26
10.08.2025 11:00:00 +02:00,10202.69,12563.74
10.08.2025 12:00:00 +02:00,10471.87,12709.20
10.08.2025 13:00:00 +02:00,10559.97,12753.92
10.08.2025 14:00:00 +02:00,10650.30,12800.78
10.08.2025 15:00:00 +02:00,10793.72,12939.78
10.08.2025 16:00:00 +02:00,11017.74,12998.72
10.08.2025 17:00:00 +02:00,12143.26,13042.81
10.08.2025 18:00:00 +02:00,13992.47,12989.93
10.08.2025 19:00:00 +02:00,16600.70,13134.26
10.08.2025 20:00:00 +02:00,17529.06,13144.54
10.08.2025 21:00:00 +02:00,18130.82,13196.20
10.08.2025 22:00:00 +02:00,17103.14,13061.80
10.08.2025 23:00:00 +02:00,15834.14,12645.27
11.08.2025 00:00:00 +02:00,16111.68,12358.19
11.08.2025 01:00:00 +02:00,15157.17,12059.16
11.08.2025 02:00:00 +02:00,14588.95,11947.33
11.08.2025 03:00:00 +02:00,14399.80,11833.97
11.08.2025 04:00:00 +02:00,14479.88,11836.33
11.08.2025 05:00:00 +02:00,15298.47,11993.16
11.08.2025 06:00:00 +02:00,16866.75,12670.40
11.08.2025 07:00:00 +02:00,18167.04,13508.10
11.08.2025 08:00:00 +02:00,17234.90,13805.37
11.08.2025 09:00:00 +02:00,15540.14,13812.29
11.08.2025 10:00:00 +02:00,13314.36,13863.03
11.08.2025 11:00:00 +02:00,12534.22,13796.74
11.08.2025 12:00:00 +02:00,11999.10,13804.92
11.08.2025 13:00:00 +02:00,11879.17,13847.87
11.08.2025 14:00:00 +02:00,12217.42,13959.08
11.08.2025 15:00:00 +02:00,12955.01,13966.94
11.08.2025 16:00:00 +02:00,14168.85,14018.91
11.08.2025 17:00:00 +02:00,16929.62,13904.67
11.08.2025 18:00:00 +02:00,17750.04,13729.73
11.08.2025 19:00:00 +02:00,18566.29,13660.94
11.08.2025 20:00:00 +02:00,18521.30,13609.36
11.08.2025 21:00:00 +02:00,17993.00,13545.29
11.08.2025 22:00:00 +02:00,17343.48,13337.48
11.08.2025 23:00:00 +02:00,16968.16,12929.85
12.08.2025 00:00:00 +02:00,16490.19,12370.18
12.08.2025 01:00:00 +02:00,15924.99,12067.54
12.08.2025 02:00:00 +02:00,15798.05,13394.83
12.08.2025 03:00:00 +02:00,15448.40,13283.04
12.08.2025 04:00:00 +02:00,15151.19,13310.26
12.08.2025 05:00:00 +02:00,15488.83,13427.89
12.08.2025 06:00:00 +02:00,17101.83,13990.19
12.08.2025 07:00:00 +02:00,17914.62,14246.14
12.08.2025 08:00:00 +02:00,16725.28,14290.68
12.08.2025 09:00:00 +02:00,15474.34,13729.32
12.08.2025 10:00:00 +02:00,13224.43,12945.18
12.08.2025 11:00:00 +02:00,12273.28,12949.78
12.08.2025 12:00:00 +02:00,12429.72,13048.84
12.08.2025 13:00:00 +02:00,12111.69,12850.42
12.08.2025 14:00:00 +02:00,12282.86,12955.10
12.08.2025 15:00:00 +02:00,12282.80,12962.20
12.08.2025 16:00:00 +02:00,14265.63,13883.28
12.08.2025 17:00:00 +02:00,16091.78,14730.43
12.08.2025 18:00:00 +02:00,16814.66,14247.72
12.08.2025 19:00:00 +02:00,17626.38,14097.32
12.08.2025 20:00:00 +02:00,17767.15,14708.06
12.08.2025 21:00:00 +02:00,17800.35,14674.57
12.08.2025 22:00:00 +02:00,17532.20,14464.81
12.08.2025 23:00:00 +02:00,16769.37,13924.53
13.08.2025 00:00:00 +02:00,16333.89,13316.33
13.08.2025 01:00:00 +02:00,15739.55,12549.56
13.08.2025 02:00:00 +02:00,15336.82,11950.73
13.08.2025 03:00:00 +02:00,14919.29,11788.25
13.08.2025 04:00:00 +02:00,15092.12,12138.90
13.08.2025 05:00:00 +02:00,16016.46,12878.42
13.08.2025 06:00:00 +02:00,16605.61,13501.68
13.08.2025 07:00:00 +02:00,17123.88,14311.18
13.08.2025 08:00:00 +02:00,17077.24,14563.86
13.08.2025 09:00:00 +02:00,15751.64,14248.39
13.08.2025 10:00:00 +02:00,14497.71,13464.23
13.08.2025 11:00:00 +02:00,13352.61,13181.46
13.08.2025 12:00:00 +02:00,12485.83,12682.60
13.08.2025 13:00:00 +02:00,12284.72,12576.52
13.08.2025 14:00:00 +02:00,12459.41,12641.16
13.08.2025 15:00:00 +02:00,13966.37,13333.55
13.08.2025 16:00:00 +02:00,15143.21,14224.34
13.08.2025 17:00:00 +02:00,16513.57,14532.77
13.08.2025 18:00:00 +02:00,17844.85,14833.11
13.08.2025 19:00:00 +02:00,18860.27,14902.63
13.08.2025 20:00:00 +02:00,18587.44,14911.60
13.08.2025 21:00:00 +02:00,18658.38,14723.10
13.08.2025 22:00:00 +02:00,18154.88,14419.40
13.08.2025 23:00:00 +02:00,17381.75,13846.69
14.08.2025 00:00:00 +02:00,17080.83,13413.31
14.08.2025 01:00:00 +02:00,16487.62,13054.68
14.08.2025 02:00:00 +02:00,15493.90,12949.63
14.08.2025 03:00:00 +02:00,15356.72,12913.30
14.08.2025 04:00:00 +02:00,15476.76,12877.03
14.08.2025 05:00:00 +02:00,16824.28,12963.52
14.08.2025 06:00:00 +02:00,18065.80,13512.76
14.08.2025 07:00:00 +02:00,18980.98,14263.98
14.08.2025 08:00:00 +02:00,18591.05,13953.04
14.08.2025 09:00:00 +02:00,17846.66,13550.00
14.08.2025 10:00:00 +02:00,15973.25,13018.70
14.08.2025 11:00:00 +02:00,14358.05,12383.98
14.08.2025 12:00:00 +02:00,13760.28,12392.25
14.08.2025 13:00:00 +02:00,13513.10,12603.13
14.08.2025 14:00:00 +02:00,13675.85,12698.88
14.08.2025 15:00:00 +02:00,15155.42,13831.38
14.08.2025 16:00:00 +02:00,16086.01,14600.68
14.08.2025 17:00:00 +02:00,18217.12,15054.66
14.08.2025 18:00:00 +02:00,19324.97,15049.76
14.08.2025 19:00:00 +02:00,19208.74,15005.72
14.08.2025 20:00:00 +02:00,19074.16,14833.09
14.08.2025 21:00:00 +02:00,19038.64,14765.96
14.08.2025 22:00:00 +02:00,18795.02,14501.79
14.08.2025 23:00:00 +02:00,17834.29,13947.57
15.08.2025 00:00:00 +02:00,16424.92,13321.69
15.08.2025 01:00:00 +02:00,15925.24,12952.14
15.08.2025 02:00:00 +02:00,15206.48,12743.68
15.08.2025 03:00:00 +02:00,14959.10,12714.05
15.08.2025 04:00:00 +02:00,14750.48,12773.26
15.08.2025 05:00:00 +02:00,15151.76,12922.57
15.08.2025 06:00:00 +02:00,15978.38,13452.00
15.08.2025 07:00:00 +02:00,17197.70,14095.52
15.08.2025 08:00:00 +02:00,16822.33,13896.34
15.08.2025 09:00:00 +02:00,15696.17,13193.46
15.08.2025 10:00:00 +02:00,13863.86,13133.15
15.08.2025 11:00:00 +02:00,13176.65,13258.12
15.08.2025 12:00:00 +02:00,12254.40,12591.95
15.08.2025 13:00:00 +02:00,11691.39,12546.01
15.08.2025 14:00:00 +02:00,12069.11,12916.03
15.08.2025 15:00:00 +02:00,12899.89,13024.34
15.08.2025 16:00:00 +02:00,13924.38,13746.17
15.08.2025 17:00:00 +02:00,15982.54,14481.24
15.08.2025 18:00:00 +02:00,16875.84,14310.29
15.08.2025 19:00:00 +02:00,17640.78,14352.25
15.08.2025 20:00:00 +02:00,18730.88,14354.62
15.08.2025 21:00:00 +02:00,17799.54,14259.76
15.08.2025 22:00:00 +02:00,17122.30,14150.17
15.08.2025 23:00:00 +02:00,16547.51,13802.80
16.08.2025 00:00:00 +02:00,15499.31,13351.21
16.08.2025 01:00:00 +02:00,15143.90,13084.97
16.08.2025 02:00:00 +02:00,15383.16,12913.56
16.08.2025 03:00:00 +02:00,14790.48,12840.99
16.08.2025 04:00:00 +02:00,14473.15,12755.74
16.08.2025 05:00:00 +02:00,14368.40,12327.65
16.08.2025 06:00:00 +02:00,14229.30,12379.54
16.08.2025 07:00:00 +02:00,14287.12,11978.02
16.08.2025 08:00:00 +02:00,14051.28,12031.14
16.08.2025 09:00:00 +02:00,13211.01,12301.13
16.08.2025 10:00:00 +02:00,12530.81,12718.22
16.08.2025 11:00:00 +02:00,11953.06,12588.60
16.08.2025 12:00:00 +02:00,11220.83,12443.02
16.08.2025 13:00:00 +02:00,10784.64,12454.47
16.08.2025 14:00:00 +02:00,10700.13,12027.26
16.08.2025 15:00:00 +02:00,11147.57,12403.16
16.08.2025 16:00:00 +02:00,12053.33,12726.39
16.08.2025 17:00:00 +02:00,12782.87,12774.78
16.08.2025 18:00:00 +02:00,14516.62,12781.93
16.08.2025 19:00:00 +02:00,16080.67,13225.37
16.08.2025 20:00:00 +02:00,16609.00,12967.68
16.08.2025 21:00:00 +02:00,16954.43,13250.49
16.08.2025 22:00:00 +02:00,16560.26,13205.24
16.08.2025 23:00:00 +02:00,15754.09,12668.78
17.08.2025 00:00:00 +02:00,14998.82,12477.62
17.08.2025 01:00:00 +02:00,14064.85,12115.04
17.08.2025 02:00:00 +02:00,13829.72,11856.11
17.08.2025 03:00:00 +02:00,13440.70,11988.33
17.08.2025 04:00:00 +02:00,13604.27,12228.86
17.08.2025 05:00:00 +02:00,12995.36,12308.81
17.08.2025 06:00:00 +02:00,12437.60,12107.70
17.08.2025 07:00:00 +02:00,12433.66,11729.20
17.08.2025 08:00:00 +02:00,12331.81,11596.34
17.08.2025 09:00:00 +02:00,12129.37,12171.25
17.08.2025 10:00:00 +02:00,11299.19,12279.84
17.08.2025 11:00:00 +02:00,11137.52,12247.96
17.08.2025 12:00:00 +02:00,10196.88,12114.62
17.08.2025 13:00:00 +02:00,10015.62,11846.92
17.08.2025 14:00:00 +02:00,10689.41,12288.09
17.08.2025 15:00:00 +02:00,11035.94,12569.17
17.08.2025 16:00:00 +02:00,11938.44,12673.30
17.08.2025 17:00:00 +02:00,14121.83,12511.88
17.08.2025 18:00:00 +02:00,17274.88,13038.80
17.08.2025 19:00:00 +02:00,18517.76,13690.67
17.08.2025 20:00:00 +02:00,18452.31,14134.22
17.08.2025 21:00:00 +02:00,18458.36,14329.88
17.08.2025 22:00:00 +02:00,18216.21,14178.63
17.08.2025 23:00:00 +02:00,18100.62,14001.69
18.08.2025 00:00:00 +02:00,17263.89,13488.10
18.08.2025 01:00:00 +02:00,16225.00,13077.72
18.08.2025 02:00:00 +02:00,15761.22,12892.22
18.08.2025 03:00:00 +02:00,15861.98,12797.38
18.08.2025 04:00:00 +02:00,16144.39,12869.14
18.08.2025 05:00:00 +02:00,16785.05,13142.87
18.08.2025 06:00:00 +02:00,17238.58,13814.16
18.08.2025 07:00:00 +02:00,17804.48,14571.14
18.08.2025 08:00:00 +02:00,17596.44,14447.20
18.08.2025 09:00:00 +02:00,16119.58,13663.28
18.08.2025 10:00:00 +02:00,15130.31,13252.84
18.08.2025 11:00:00 +02:00,13737.52,13179.98
18.08.2025 12:00:00 +02:00,13195.48,13366.36
18.08.2025 13:00:00 +02:00,13406.81,13297.00
18.08.2025 14:00:00 +02:00,13389.21,13239.98
18.08.2025 15:00:00 +02:00,14300.33,13662.66
18.08.2025 16:00:00 +02:00,15180.40,14095.42
18.08.2025 17:00:00 +02:00,16706.90,14784.44
18.08.2025 18:00:00 +02:00,18144.55,15020.70
18.08.2025 19:00:00 +02:00,18385.11,15139.18
18.08.2025 20:00:00 +02:00,17684.91,14615.00
18.08.2025 21:00:00 +02:00,18294.60,14265.45
18.08.2025 22:00:00 +02:00,18460.88,13990.82
18.08.2025 23:00:00 +02:00,17982.04,13399.00
19.08.2025 00:00:00 +02:00,16443.85,12160.58
19.08.2025 01:00:00 +02:00,15735.24,11814.90
19.08.2025 02:00:00 +02:00,15930.84,12027.63
19.08.2025 03:00:00 +02:00,15481.68,12021.69
19.08.2025 04:00:00 +02:00,15902.44,12388.18
19.08.2025 05:00:00 +02:00,15704.32,12143.00
19.08.2025 06:00:00 +02:00,16582.80,13012.96
19.08.2025 07:00:00 +02:00,16396.82,14230.66
19.08.2025 08:00:00 +02:00,16764.82,14313.28
19.08.2025 09:00:00 +02:00,15465.76,13705.43
19.08.2025 10:00:00 +02:00,14270.42,13091.15
19.08.2025 11:00:00 +02:00,13219.91,13018.48
19.08.2025 12:00:00 +02:00,12788.98,12900.74
19.08.2025 13:00:00 +02:00,12635.24,12812.52
19.08.2025 14:00:00 +02:00,12987.86,12936.06
19.08.2025 15:00:00 +02:00,13473.12,13335.16
19.08.2025 16:00:00 +02:00,14719.58,13705.80
19.08.2025 17:00:00 +02:00,15639.66,14154.85
19.08.2025 18:00:00 +02:00,16849.02,14819.46
19.08.2025 19:00:00 +02:00,16820.39,15037.81
19.08.2025 20:00:00 +02:00,16476.22,15145.70
19.08.2025 21:00:00 +02:00,17145.69,15269.88
19.08.2025 22:00:00 +02:00,16651.44,15059.30
19.08.2025 23:00:00 +02:00,16284.87,14327.44
20.08.2025 00:00:00 +02:00,14716.95,13745.65
20.08.2025 01:00:00 +02:00,13777.92,13058.37
20.08.2025 02:00:00 +02:00,14113.62,12243.58
20.08.2025 03:00:00 +02:00,13988.42,11880.90
20.08.2025 04:00:00 +02:00,13661.78,11855.05
20.08.2025 05:00:00 +02:00,13548.72,12076.78
20.08.2025 06:00:00 +02:00,14672.84,12786.82
20.08.2025 07:00:00 +02:00,16443.12,13697.24
20.08.2025 08:00:00 +02:00,16836.54,13836.02
20.08.2025 09:00:00 +02:00,15791.26,13692.46
20.08.2025 10:00:00 +02:00,15119.32,13608.64
20.08.2025 11:00:00 +02:00,14220.75,13484.40
20.08.2025 12:00:00 +02:00,13472.72,13589.67
20.08.2025 13:00:00 +02:00,12654.92,13586.34
20.08.2025 14:00:00 +02:00,13108.58,13570.57
20.08.2025 15:00:00 +02:00,14527.62,13726.92
20.08.2025 16:00:00 +02:00,15320.48,13933.08
20.08.2025 17:00:00 +02:00,16826.83,13910.28
20.08.2025 18:00:00 +02:00,17838.35,13861.71
20.08.2025 19:00:00 +02:00,18948.64,13998.82
20.08.2025 20:00:00 +02:00,18863.30,14041.85
20.08.2025 21:00:00 +02:00,18827.73,14051.27
20.08.2025 22:00:00 +02:00,18543.70,13796.09
20.08.2025 23:00:00 +02:00,17783.29,13245.78
21.08.2025 00:00:00 +02:00,16482.70,12711.87
21.08.2025 01:00:00 +02:00,15788.05,12353.26
21.08.2025 02:00:00 +02:00,15430.82,12252.07
21.08.2025 03:00:00 +02:00,15379.09,12198.69
21.08.2025 04:00:00 +02:00,15160.59,12185.70
21.08.2025 05:00:00 +02:00,15669.17,12418.35
21.08.2025 06:00:00 +02:00,16256.72,13115.24
21.08.2025 07:00:00 +02:00,17408.13,14011.65
21.08.2025 08:00:00 +02:00,17689.60,14202.07
21.08.2025 09:00:00 +02:00,16606.88,13954.11
21.08.2025 10:00:00 +02:00,15625.92,13845.74
21.08.2025 11:00:00 +02:00,14603.45,13749.23
21.08.2025 12:00:00 +02:00,13524.20,13638.85
21.08.2025 13:00:00 +02:00,13712.07,13661.25
21.08.2025 14:00:00 +02:00,13603.97,13625.32
21.08.2025 15:00:00 +02:00,14177.91,13744.85
21.08.2025 16:00:00 +02:00,14671.38,13873.11
21.08.2025 17:00:00 +02:00,15301.70,13802.59
21.08.2025 18:00:00 +02:00,16621.40,13793.29
21.08.2025 19:00:00 +02:00,18018.04,13880.64
21.08.2025 20:00:00 +02:00,18443.72,13985.20
21.08.2025 21:00:00 +02:00,18605.12,14105.32
21.08.2025 22:00:00 +02:00,18242.48,13753.57
21.08.2025 23:00:00 +02:00,17192.80,13170.94
22.08.2025 00:00:00 +02:00,15795.48,12625.77
22.08.2025 01:00:00 +02:00,15706.77,12367.70
22.08.2025 02:00:00 +02:00,14950.38,12250.21
22.08.2025 03:00:00 +02:00,14677.52,12174.60
22.08.2025 04:00:00 +02:00,14677.45,12153.70
22.08.2025 05:00:00 +02:00,15945.84,12325.70
22.08.2025 06:00:00 +02:00,17493.31,13044.50
22.08.2025 07:00:00 +02:00,18635.65,14088.10
22.08.2025 08:00:00 +02:00,18336.20,14304.24
22.08.2025 09:00:00 +02:00,16805.64,14195.63
22.08.2025 10:00:00 +02:00,14548.86,14051.88
22.08.2025 11:00:00 +02:00,13692.26,14045.98
22.08.2025 12:00:00 +02:00,12734.90,13968.35
22.08.2025 13:00:00 +02:00,11844.67,13845.94
22.08.2025 14:00:00 +02:00,11439.22,13766.32
22.08.2025 15:00:00 +02:00,12043.80,13823.78
22.08.2025 16:00:00 +02:00,13460.80,13873.18
22.08.2025 17:00:00 +02:00,14912.34,13786.25
22.08.2025 18:00:00 +02:00,17652.26,13807.08
22.08.2025 19:00:00 +02:00,19044.72,13864.82
22.08.2025 20:00:00 +02:00,19411.26,13790.78
22.08.2025 21:00:00 +02:00,18534.18,13702.57
22.08.2025 22:00:00 +02:00,17356.06,13417.48
22.08.2025 23:00:00 +02:00,16504.41,12992.66
23.08.2025 00:00:00 +02:00,15774.05,12692.68
23.08.2025 01:00:00 +02:00,14689.70,12422.64
23.08.2025 02:00:00 +02:00,14073.63,12229.42
23.08.2025 03:00:00 +02:00,13892.98,12201.05
23.08.2025 04:00:00 +02:00,13320.82,12117.69
23.08.2025 05:00:00 +02:00,13468.28,12132.89
23.08.2025 06:00:00 +02:00,13327.37,12169.95
23.08.2025 07:00:00 +02:00,13473.88,12414.78
23.08.2025 08:00:00 +02:00,13775.11,12777.14
23.08.2025 09:00:00 +02:00,13126.45,13193.62
23.08.2025 10:00:00 +02:00,11699.75,13445.38
23.08.2025 11:00:00 +02:00,11793.60,13545.13
23.08.2025 12:00:00 +02:00,11542.16,13406.68
23.08.2025 13:00:00 +02:00,11402.85,13313.04
23.08.2025 14:00:00 +02:00,11673.18,13215.12
23.08.2025 15:00:00 +02:00,11531.45,13195.40
23.08.2025 16:00:00 +02:00,11804.40,13039.14
23.08.2025 17:00:00 +02:00,12965.45,13094.93
23.08.2025 18:00:00 +02:00,15524.98,13148.87
23.08.2025 19:00:00 +02:00,17922.24,13228.07
23.08.2025 20:00:00 +02:00,17795.12,13238.35
23.08.2025 21:00:00 +02:00,18184.06,13170.38
23.08.2025 22:00:00 +02:00,18010.56,12954.97
23.08.2025 23:00:00 +02:00,17487.75,12716.80
24.08.2025 00:00:00 +02:00,16018.93,12471.82
24.08.2025 01:00:00 +02:00,14995.24,12191.61
24.08.2025 02:00:00 +02:00,14723.14,12048.61
24.08.2025 03:00:00 +02:00,14050.23,11974.03
24.08.2025 04:00:00 +02:00,13710.92,11940.82
24.08.2025 05:00:00 +02:00,13117.86,11952.92
24.08.2025 06:00:00 +02:00,13004.16,11925.51
24.08.2025 07:00:00 +02:00,13238.89,12009.32
24.08.2025 08:00:00 +02:00,12595.82,12273.52
24.08.2025 09:00:00 +02:00,11227.23,12609.45
24.08.2025 10:00:00 +02:00,11331.08,12965.12
24.08.2025 11:00:00 +02:00,10444.31,13048.68
24.08.2025 12:00:00 +02:00,10505.33,13059.68
24.08.2025 13:00:00 +02:00,10771.92,12981.13
24.08.2025 14:00:00 +02:00,11212.44,13037.55
24.08.2025 15:00:00 +02:00,11619.86,13077.93
24.08.2025 16:00:00 +02:00,11703.27,13204.00
24.08.2025 17:00:00 +02:00,13012.12,13130.62
24.08.2025 18:00:00 +02:00,15843.12,13189.43
24.08.2025 19:00:00 +02:00,17087.74,13301.28
24.08.2025 20:00:00 +02:00,17985.05,13564.12
24.08.2025 21:00:00 +02:00,18298.88,13656.28
24.08.2025 22:00:00 +02:00,17466.86,13347.50
24.08.2025 23:00:00 +02:00,16224.30,12888.64
25.08.2025 00:00:00 +02:00,14804.11,12464.17
25.08.2025 01:00:00 +02:00,13419.89,12206.19
25.08.2025 02:00:00 +02:00,13171.06,12032.74
25.08.2025 03:00:00 +02:00,12994.56,11974.64
25.08.2025 04:00:00 +02:00,13477.14,12055.94
25.08.2025 05:00:00 +02:00,14965.49,12301.56
25.08.2025 06:00:00 +02:00,17225.75,13096.62
25.08.2025 07:00:00 +02:00,17337.58,14051.17
25.08.2025 08:00:00 +02:00,16483.14,14169.73
25.08.2025 09:00:00 +02:00,14150.16,14104.40
25.08.2025 10:00:00 +02:00,12620.12,13898.48
25.08.2025 11:00:00 +02:00,11367.37,13644.90
25.08.2025 12:00:00 +02:00,10630.28,13606.12
25.08.2025 13:00:00 +02:00,10361.93,13520.39
25.08.2025 14:00:00 +02:00,10363.76,13524.30
25.08.2025 15:00:00 +02:00,10508.79,13558.62
25.08.2025 16:00:00 +02:00,11523.57,13768.68
25.08.2025 17:00:00 +02:00,14653.61,13739.79
25.08.2025 18:00:00 +02:00,16694.41,13814.34
25.08.2025 19:00:00 +02:00,16465.37,13911.72
25.08.2025 20:00:00 +02:00,17559.00,13987.20
25.08.2025 21:00:00 +02:00,17686.43,14099.79
25.08.2025 22:00:00 +02:00,17891.32,13786.44
25.08.2025 23:00:00 +02:00,17634.11,13254.47
26.08.2025 00:00:00 +02:00,15986.41,12581.70
26.08.2025 01:00:00 +02:00,15422.86,12251.46
26.08.2025 02:00:00 +02:00,14761.02,12157.40
26.08.2025 03:00:00 +02:00,14366.28,12131.32
26.08.2025 04:00:00 +02:00,14281.27,12173.05
26.08.2025 05:00:00 +02:00,15498.17,12437.45
26.08.2025 06:00:00 +02:00,15455.31,13141.60
26.08.2025 07:00:00 +02:00,16452.76,14121.65
26.08.2025 08:00:00 +02:00,15786.96,14288.11
26.08.2025 09:00:00 +02:00,13891.45,14095.28
26.08.2025 10:00:00 +02:00,12994.19,13987.75
26.08.2025 11:00:00 +02:00,11369.72,13650.14
26.08.2025 12:00:00 +02:00,10745.69,13467.08
26.08.2025 13:00:00 +02:00,10829.49,13416.61
26.08.2025 14:00:00 +02:00,11021.36,13428.35
26.08.2025 15:00:00 +02:00,11615.11,13546.64
26.08.2025 16:00:00 +02:00,13445.76,13738.62
26.08.2025 17:00:00 +02:00,15379.03,13690.44
26.08.2025 18:00:00 +02:00,16330.22,13711.32
26.08.2025 19:00:00 +02:00,16930.83,13791.42
26.08.2025 20:00:00 +02:00,17418.56,13856.14
26.08.2025 21:00:00 +02:00,17937.94,13967.31
26.08.2025 22:00:00 +02:00,17646.63,13675.34
26.08.2025 23:00:00 +02:00,16962.69,13103.87
27.08.2025 00:00:00 +02:00,16120.11,12523.58
27.08.2025 01:00:00 +02:00,14858.51,11484.99
27.08.2025 02:00:00 +02:00,13792.24,11932.69
27.08.2025 03:00:00 +02:00,13852.66,11824.11
27.08.2025 04:00:00 +02:00,14352.64,11807.67
27.08.2025 05:00:00 +02:00,15644.94,11989.99
27.08.2025 06:00:00 +02:00,16381.01,12700.51
27.08.2025 07:00:00 +02:00,16897.82,13680.22
27.08.2025 08:00:00 +02:00,16812.43,13756.90
27.08.2025 09:00:00 +02:00,16565.80,13786.52
27.08.2025 10:00:00 +02:00,14017.85,13639.67
27.08.2025 11:00:00 +02:00,12782.69,13620.56
27.08.2025 12:00:00 +02:00,11823.08,13685.10
27.08.2025 13:00:00 +02:00,11089.82,13552.34
27.08.2025 14:00:00 +02:00,11415.85,13575.17
27.08.2025 15:00:00 +02:00,12435.37,13666.00
27.08.2025 16:00:00 +02:00,14185.27,13855.88
27.08.2025 17:00:00 +02:00,16757.46,13879.10
27.08.2025 18:00:00 +02:00,17372.12,13863.04
27.08.2025 19:00:00 +02:00,18121.81,13842.18
27.08.2025 20:00:00 +02:00,18141.91,13808.21
27.08.2025 21:00:00 +02:00,18249.34,13786.71
27.08.2025 22:00:00 +02:00,17876.19,13381.66
27.08.2025 23:00:00 +02:00,17570.11,12925.06
28.08.2025 00:00:00 +02:00,16438.74,12325.31
28.08.2025 01:00:00 +02:00,15545.04,11994.90
28.08.2025 02:00:00 +02:00,14482.12,11896.33
28.08.2025 03:00:00 +02:00,14230.59,11831.72
28.08.2025 04:00:00 +02:00,14790.32,11891.10
28.08.2025 05:00:00 +02:00,15845.70,12073.75
28.08.2025 06:00:00 +02:00,17436.43,12788.74
28.08.2025 07:00:00 +02:00,18247.22,13693.26
28.08.2025 08:00:00 +02:00,18099.55,13972.22
28.08.2025 09:00:00 +02:00,18334.98,13993.62
28.08.2025 10:00:00 +02:00,18013.28,13920.43
28.08.2025 11:00:00 +02:00,16991.10,13801.38
28.08.2025 12:00:00 +02:00,15809.45,13673.48
28.08.2025 13:00:00 +02:00,15618.98,13658.50
28.08.2025 14:00:00 +02:00,15244.03,13682.54
28.08.2025 15:00:00 +02:00,16022.69,13829.58
28.08.2025 16:00:00 +02:00,16335.45,13866.92
28.08.2025 17:00:00 +02:00,17569.29,13808.48
28.08.2025 18:00:00 +02:00,17302.74,13705.44
28.08.2025 19:00:00 +02:00,17985.20,13730.05
28.08.2025 20:00:00 +02:00,18247.18,13905.89
28.08.2025 21:00:00 +02:00,18140.86,13890.83
28.08.2025 22:00:00 +02:00,17370.58,13485.02
28.08.2025 23:00:00 +02:00,16325.04,12912.36
29.08.2025 00:00:00 +02:00,14383.10,12294.46
29.08.2025 01:00:00 +02:00,14188.32,11984.02
29.08.2025 02:00:00 +02:00,14300.00,11854.78
29.08.2025 03:00:00 +02:00,14169.70,11861.14
29.08.2025 04:00:00 +02:00,14130.42,11831.47
29.08.2025 05:00:00 +02:00,15049.07,12009.28
29.08.2025 06:00:00 +02:00,16402.74,12704.29
29.08.2025 07:00:00 +02:00,17218.82,13677.32
29.08.2025 08:00:00 +02:00,17678.51,14037.00
29.08.2025 09:00:00 +02:00,16711.32,14000.37
29.08.2025 10:00:00 +02:00,15051.51,13937.38
29.08.2025 11:00:00 +02:00,14115.09,13870.93
29.08.2025 12:00:00 +02:00,13061.28,13775.92
29.08.2025 13:00:00 +02:00,12765.24,13814.48
29.08.2025 14:00:00 +02:00,12972.02,13767.46
29.08.2025 15:00:00 +02:00,13255.57,13677.94
29.08.2025 16:00:00 +02:00,15220.75,13732.19
29.08.2025 17:00:00 +02:00,17068.82,13751.02
29.08.2025 18:00:00 +02:00,17623.65,13656.67
29.08.2025 19:00:00 +02:00,18098.43,13549.74
29.08.2025 20:00:00 +02:00,18373.34,13490.66
29.08.2025 21:00:00 +02:00,18286.78,13355.10
29.08.2025 22:00:00 +02:00,16719.07,13004.99
29.08.2025 23:00:00 +02:00,15373.60,12564.07
30.08.2025 00:00:00 +02:00,15678.26,12155.98
30.08.2025 01:00:00 +02:00,15217.77,11865.41
30.08.2025 02:00:00 +02:00,14645.80,11689.67
30.08.2025 03:00:00 +02:00,13965.30,11591.54
30.08.2025 04:00:00 +02:00,14274.87,11503.33
30.08.2025 05:00:00 +02:00,15567.61,11448.54
30.08.2025 06:00:00 +02:00,15679.00,11492.84
30.08.2025 07:00:00 +02:00,15351.02,11727.32
30.08.2025 08:00:00 +02:00,15128.31,12181.11
30.08.2025 09:00:00 +02:00,14338.82,12640.30
30.08.2025 10:00:00 +02:00,12188.39,12924.53
30.08.2025 11:00:00 +02:00,11539.92,13123.51
30.08.2025 12:00:00 +02:00,11378.70,13012.34
30.08.2025 13:00:00 +02:00,11268.85,12906.90
30.08.2025 14:00:00 +02:00,10975.50,12826.80
30.08.2025 15:00:00 +02:00,11085.11,12806.92
30.08.2025 16:00:00 +02:00,11364.46,12827.16
30.08.2025 17:00:00 +02:00,14394.04,12756.35
30.08.2025 18:00:00 +02:00,16388.03,12820.87
30.08.2025 19:00:00 +02:00,17034.37,12806.60
30.08.2025 20:00:00 +02:00,17509.98,12778.82
30.08.2025 21:00:00 +02:00,17620.99,12759.67
30.08.2025 22:00:00 +02:00,17135.33,12472.16
30.08.2025 23:00:00 +02:00,16469.24,12175.33
31.08.2025 00:00:00 +02:00,15166.06,11836.46
31.08.2025 01:00:00 +02:00,13781.96,11562.49
31.08.2025 02:00:00 +02:00,13385.07,11386.46
31.08.2025 03:00:00 +02:00,13423.32,11297.60
31.08.2025 04:00:00 +02:00,13329.27,11239.11
31.08.2025 05:00:00 +02:00,13408.08,11169.50
31.08.2025 06:00:00 +02:00,13104.98,11138.14
31.08.2025 07:00:00 +02:00,12586.01,11401.06
31.08.2025 08:00:00 +02:00,11854.99,11813.86
31.08.2025 09:00:00 +02:00,11476.12,12310.99
31.08.2025 10:00:00 +02:00,11259.48,12655.86
31.08.2025 11:00:00 +02:00,10878.00,12746.95
31.08.2025 12:00:00 +02:00,10678.82,12787.92
31.08.2025 13:00:00 +02:00,10961.33,12805.71
31.08.2025 14:00:00 +02:00,11143.96,12880.13
31.08.2025 15:00:00 +02:00,11377.26,12961.62
31.08.2025 16:00:00 +02:00,11727.24,13064.36
31.08.2025 17:00:00 +02:00,14932.64,12903.85
31.08.2025 18:00:00 +02:00,16744.50,12969.93
31.08.2025 19:00:00 +02:00,17709.30,13099.96
31.08.2025 20:00:00 +02:00,18158.09,13172.36
31.08.2025 21:00:00 +02:00,18097.23,13152.03
31.08.2025 22:00:00 +02:00,17470.10,12671.00
31.08.2025 23:00:00 +02:00,16351.96,12326.32
01.09.2025 00:00:00 +02:00,15169.69,11900.62
01.09.2025 01:00:00 +02:00,15040.76,11651.38
01.09.2025 02:00:00 +02:00,14646.49,11507.55
01.09.2025 03:00:00 +02:00,14141.64,11374.86
01.09.2025 04:00:00 +02:00,13827.97,11384.50
01.09.2025 05:00:00 +02:00,16002.22,11602.53
01.09.2025 06:00:00 +02:00,17027.37,12439.25
01.09.2025 07:00:00 +02:00,18207.05,13387.39
01.09.2025 08:00:00 +02:00,18099.17,13687.37
01.09.2025 09:00:00 +02:00,17336.56,13710.70
01.09.2025 10:00:00 +02:00,16473.87,13756.66
01.09.2025 11:00:00 +02:00,15075.38,13811.61
01.09.2025 12:00:00 +02:00,13475.73,13817.52
01.09.2025 13:00:00 +02:00,12834.04,13758.18
01.09.2025 14:00:00 +02:00,12812.82,13739.24
01.09.2025 15:00:00 +02:00,14357.66,13788.09
01.09.2025 16:00:00 +02:00,16057.20,13875.51
01.09.2025 17:00:00 +02:00,17197.40,13675.10
01.09.2025 18:00:00 +02:00,17783.24,13568.26
01.09.2025 19:00:00 +02:00,18242.77,13578.36
01.09.2025 20:00:00 +02:00,18255.15,13637.12
01.09.2025 21:00:00 +02:00,18252.15,13512.64
01.09.2025 22:00:00 +02:00,17713.65,13071.98
01.09.2025 23:00:00 +02:00,16831.46,12471.84
02.09.2025 00:00:00 +02:00,16112.46,11885.64
02.09.2025 01:00:00 +02:00,15754.27,11568.60
02.09.2025 02:00:00 +02:00,15717.64,11469.44
02.09.2025 03:00:00 +02:00,16020.62,11371.04
02.09.2025 04:00:00 +02:00,15826.96,11293.27
02.09.2025 05:00:00 +02:00,16179.48,11530.18
02.09.2025 06:00:00 +02:00,16673.94,12335.11
02.09.2025 07:00:00 +02:00,17576.75,13277.49
02.09.2025 08:00:00 +02:00,17435.48,13438.23
02.09.2025 09:00:00 +02:00,16977.36,13467.31
02.09.2025 10:00:00 +02:00,16043.01,13444.64
02.09.2025 11:00:00 +02:00,15544.47,13374.10
02.09.2025 12:00:00 +02:00,14674.40,13279.98
02.09.2025 13:00:00 +02:00,14010.27,13174.06
02.09.2025 14:00:00 +02:00,14149.28,13176.87
02.09.2025 15:00:00 +02:00,15712.19,13343.87
02.09.2025 16:00:00 +02:00,16840.26,13527.14
02.09.2025 17:00:00 +02:00,17592.44,13379.18
02.09.2025 18:00:00 +02:00,17755.70,13305.48
02.09.2025 19:00:00 +02:00,18009.31,13371.22
02.09.2025 20:00:00 +02:00,17917.14,13464.21
02.09.2025 21:00:00 +02:00,17900.33,13366.18
02.09.2025 22:00:00 +02:00,17751.94,12997.27
02.09.2025 23:00:00 +02:00,16553.00,12408.33
03.09.2025 00:00:00 +02:00,15531.43,11830.15
03.09.2025 01:00:00 +02:00,14794.62,11499.74
03.09.2025 02:00:00 +02:00,14622.20,11377.10
03.09.2025 03:00:00 +02:00,14325.39,11259.46
03.09.2025 04:00:00 +02:00,14512.37,11258.60
03.09.2025 05:00:00 +02:00,15037.76,11414.20
03.09.2025 06:00:00 +02:00,16335.77,12119.06
03.09.2025 07:00:00 +02:00,16967.30,13068.59
03.09.2025 08:00:00 +02:00,16883.60,13301.26
03.09.2025 09:00:00 +02:00,15616.72,13202.27
03.09.2025 10:00:00 +02:00,11368.99,13193.80
03.09.2025 11:00:00 +02:00,10833.67,13096.40
03.09.2025 12:00:00 +02:00,10508.67,13271.80
03.09.2025 13:00:00 +02:00,10465.14,13282.74
03.09.2025 14:00:00 +02:00,10458.46,13271.74
03.09.2025 15:00:00 +02:00,10776.66,13368.36
03.09.2025 16:00:00 +02:00,11454.89,13517.79
03.09.2025 17:00:00 +02:00,13702.84,13429.13
03.09.2025 18:00:00 +02:00,16301.49,13306.67
03.09.2025 19:00:00 +02:00,16782.75,13382.43
03.09.2025 20:00:00 +02:00,16822.28,13457.95
03.09.2025 21:00:00 +02:00,15686.82,13346.57
03.09.2025 22:00:00 +02:00,15085.99,12942.87
03.09.2025 23:00:00 +02:00,13189.20,12449.89
04.09.2025 00:00:00 +02:00,12725.34,12194.96
04.09.2025 01:00:00 +02:00,12571.40,11886.70
04.09.2025 02:00:00 +02:00,12638.66,11805.89
04.09.2025 03:00:00 +02:00,12621.66,11656.76
04.09.2025 04:00:00 +02:00,12812.31,11624.40
04.09.2025 05:00:00 +02:00,13403.02,11718.61
04.09.2025 06:00:00 +02:00,15088.39,12380.35
04.09.2025 07:00:00 +02:00,17180.00,13229.15
04.09.2025 08:00:00 +02:00,17249.52,13511.17
04.09.2025 09:00:00 +02:00,15748.95,13445.36
04.09.2025 10:00:00 +02:00,13340.82,13670.74
04.09.2025 11:00:00 +02:00,12477.24,13716.44
04.09.2025 12:00:00 +02:00,11777.15,13690.60
04.09.2025 13:00:00 +02:00,11858.13,13623.78
04.09.2025 14:00:00 +02:00,12156.46,13399.98
04.09.2025 15:00:00 +02:00,14870.48,13423.82
04.09.2025 16:00:00 +02:00,16385.37,13358.37
04.09.2025 17:00:00 +02:00,18180.07,13360.69
04.09.2025 18:00:00 +02:00,18298.78,13302.56
04.09.2025 19:00:00 +02:00,18346.94,13392.70
04.09.2025 20:00:00 +02:00,18473.55,13547.68
04.09.2025 21:00:00 +02:00,18401.17,13472.60
04.09.2025 22:00:00 +02:00,17936.40,13079.37
04.09.2025 23:00:00 +02:00,17477.26,12459.48
05.09.2025 00:00:00 +02:00,17128.63,12032.62
05.09.2025 01:00:00 +02:00,16328.74,11672.52
05.09.2025 02:00:00 +02:00,16378.50,11689.49
05.09.2025 03:00:00 +02:00,16479.82,11583.21
05.09.2025 04:00:00 +02:00,16573.08,11606.76
05.09.2025 05:00:00 +02:00,16619.79,11732.88
05.09.2025 06:00:00 +02:00,17071.03,12411.26
05.09.2025 07:00:00 +02:00,18467.21,13204.13
05.09.2025 08:00:00 +02:00,18341.32,13553.30
05.09.2025 09:00:00 +02:00,18461.08,13595.74
05.09.2025 10:00:00 +02:00,18386.23,13611.90
05.09.2025 11:00:00 +02:00,17860.73,13506.98
05.09.2025 12:00:00 +02:00,17253.92,13420.27
05.09.2025 13:00:00 +02:00,15776.08,13487.46
05.09.2025 14:00:00 +02:00,15553.54,13404.69
05.09.2025 15:00:00 +02:00,17391.13,13319.66
05.09.2025 16:00:00 +02:00,18151.12,13356.12
05.09.2025 17:00:00 +02:00,18795.06,13308.38
05.09.2025 18:00:00 +02:00,19191.66,13273.00
05.09.2025 19:00:00 +02:00,19368.96,13212.42
05.09.2025 20:00:00 +02:00,19362.28,13150.81
05.09.2025 21:00:00 +02:00,19149.96,12965.14
05.09.2025 22:00:00 +02:00,18300.44,12654.84
05.09.2025 23:00:00 +02:00,17667.34,12275.88
06.09.2025 00:00:00 +02:00,17624.42,11925.15
06.09.2025 01:00:00 +02:00,17066.30,11534.89
06.09.2025 02:00:00 +02:00,17157.56,11355.85
06.09.2025 03:00:00 +02:00,16918.93,11281.32
06.09.2025 04:00:00 +02:00,16872.02,11211.60
06.09.2025 05:00:00 +02:00,16856.56,11272.10
06.09.2025 06:00:00 +02:00,17216.88,11454.29
06.09.2025 07:00:00 +02:00,17331.43,11786.25
06.09.2025 08:00:00 +02:00,17306.14,12169.65
06.09.2025 09:00:00 +02:00,16091.92,12451.34
06.09.2025 10:00:00 +02:00,12948.93,12804.32
06.09.2025 11:00:00 +02:00,12022.62,12862.84
06.09.2025 12:00:00 +02:00,11071.99,12728.67
06.09.2025 13:00:00 +02:00,10696.36,12546.06
06.09.2025 14:00:00 +02:00,10937.68,12464.33
06.09.2025 15:00:00 +02:00,10965.00,12477.18
06.09.2025 16:00:00 +02:00,12615.18,12442.07
06.09.2025 17:00:00 +02:00,16600.56,12428.14
06.09.2025 18:00:00 +02:00,18389.52,12623.87
06.09.2025 19:00:00 +02:00,18810.74,12686.83
06.09.2025 20:00:00 +02:00,18313.14,12697.82
06.09.2025 21:00:00 +02:00,17770.29,12604.62
06.09.2025 22:00:00 +02:00,17106.37,12356.99
06.09.2025 23:00:00 +02:00,16165.35,12021.25
07.09.2025 00:00:00 +02:00,14882.81,11827.49
07.09.2025 01:00:00 +02:00,14575.59,11588.74
07.09.2025 02:00:00 +02:00,14512.16,11494.73
07.09.2025 03:00:00 +02:00,14335.92,11459.08
07.09.2025 04:00:00 +02:00,14083.51,11401.97
07.09.2025 05:00:00 +02:00,13873.11,11499.52
07.09.2025 06:00:00 +02:00,13920.91,11616.18
07.09.2025 07:00:00 +02:00,12743.27,11767.60
07.09.2025 08:00:00 +02:00,11099.76,12048.48
07.09.2025 09:00:00 +02:00,10804.21,12411.78
07.09.2025 10:00:00 +02:00,10468.51,12558.28
07.09.2025 11:00:00 +02:00,10275.97,12512.94
07.09.2025 12:00:00 +02:00,10693.34,12438.54
07.09.2025 13:00:00 +02:00,10561.76,12378.58
07.09.2025 14:00:00 +02:00,10958.90,12366.96
07.09.2025 15:00:00 +02:00,10545.39,12431.97
07.09.2025 16:00:00 +02:00,11269.48,12593.46
07.09.2025 17:00:00 +02:00,12306.53,12588.04
07.09.2025 18:00:00 +02:00,15371.90,12849.71
07.09.2025 19:00:00 +02:00,17119.54,13057.15
07.09.2025 20:00:00 +02:00,18104.72,13140.22
07.09.2025 21:00:00 +02:00,18691.22,13045.27
07.09.2025 22:00:00 +02:00,18383.50,12722.66
07.09.2025 23:00:00 +02:00,18012.13,12302.21
08.09.2025 00:00:00 +02:00,17647.57,11911.43
08.09.2025 01:00:00 +02:00,16905.86,11614.24
08.09.2025 02:00:00 +02:00,17241.36,11483.64
08.09.2025 03:00:00 +02:00,16825.68,11472.90
08.09.2025 04:00:00 +02:00,17180.37,11536.28
08.09.2025 05:00:00 +02:00,17655.61,11774.67
08.09.2025 06:00:00 +02:00,18150.44,12583.97
08.09.2025 07:00:00 +02:00,18978.76,13416.86
08.09.2025 08:00:00 +02:00,19187.06,13694.96
08.09.2025 09:00:00 +02:00,18986.14,13568.42
08.09.2025 10:00:00 +02:00,18785.48,13423.56
08.09.2025 11:00:00 +02:00,18128.83,13364.66
08.09.2025 12:00:00 +02:00,16804.88,13222.35
08.09.2025 13:00:00 +02:00,16422.34,13135.66
08.09.2025 14:00:00 +02:00,17018.46,13104.35
08.09.2025 15:00:00 +02:00,18032.76,13265.44
08.09.2025 16:00:00 +02:00,18616.51,13370.64
08.09.2025 17:00:00 +02:00,19327.66,13196.63
08.09.2025 18:00:00 +02:00,19391.36,13163.83
08.09.2025 19:00:00 +02:00,19372.48,13198.26
08.09.2025 20:00:00 +02:00,19229.09,13440.80
08.09.2025 21:00:00 +02:00,18856.20,13198.76
08.09.2025 22:00:00 +02:00,18697.70,12883.44
08.09.2025 23:00:00 +02:00,18208.48,12433.31
09.09.2025 00:00:00 +02:00,17735.10,11937.59
09.09.2025 01:00:00 +02:00,17373.20,11621.41
09.09.2025 02:00:00 +02:00,17179.16,11467.08
09.09.2025 03:00:00 +02:00,17100.82,11342.38
09.09.2025 04:00:00 +02:00,17335.89,11363.09
09.09.2025 05:00:00 +02:00,17525.36,11588.55
09.09.2025 06:00:00 +02:00,18388.40,12346.75
09.09.2025 07:00:00 +02:00,18953.23,13237.27
09.09.2025 08:00:00 +02:00,19115.06,13483.38
09.09.2025 09:00:00 +02:00,19065.26,13457.69
09.09.2025 10:00:00 +02:00,19082.85,13429.35
09.09.2025 11:00:00 +02:00,18901.44,13300.70
09.09.2025 12:00:00 +02:00,18132.90,13179.70
09.09.2025 13:00:00 +02:00,17359.96,13194.96
09.09.2025 14:00:00 +02:00,17276.80,13394.25
09.09.2025 15:00:00 +02:00,17928.25,13455.17
09.09.2025 16:00:00 +02:00,17977.40,13587.61
09.09.2025 17:00:00 +02:00,17801.83,13455.94
09.09.2025 18:00:00 +02:00,18356.05,13441.46
09.09.2025 19:00:00 +02:00,18611.62,13493.42
09.09.2025 20:00:00 +02:00,18677.15,13701.19
09.09.2025 21:00:00 +02:00,18738.30,13454.04
09.09.2025 22:00:00 +02:00,17975.02,13115.42
09.09.2025 23:00:00 +02:00,17430.32,12496.02
10.09.2025 00:00:00 +02:00,16575.98,11900.00
10.09.2025 01:00:00 +02:00,15618.74,11607.88
10.09.2025 02:00:00 +02:00,15176.79,11531.28
10.09.2025 03:00:00 +02:00,15223.70,11403.68
10.09.2025 04:00:00 +02:00,15416.29,11421.34
10.09.2025 05:00:00 +02:00,15649.05,11649.96
10.09.2025 06:00:00 +02:00,17028.42,12495.86
10.09.2025 07:00:00 +02:00,18191.22,13312.80
10.09.2025 08:00:00 +02:00,18684.55,13461.72
10.09.2025 09:00:00 +02:00,18329.67,13225.11
10.09.2025 10:00:00 +02:00,18202.19,13158.43
10.09.2025 11:00:00 +02:00,17933.98,13091.34
10.09.2025 12:00:00 +02:00,17583.72,13349.28
10.09.2025 13:00:00 +02:00,17368.06,13300.24
10.09.2025 14:00:00 +02:00,17222.06,13385.18
10.09.2025 15:00:00 +02:00,17570.55,13540.10
10.09.2025 16:00:00 +02:00,17773.12,13666.70
10.09.2025 17:00:00 +02:00,17820.15,13610.94
10.09.2025 18:00:00 +02:00,17763.56,13517.09
10.09.2025 19:00:00 +02:00,17580.06,13517.59
10.09.2025 20:00:00 +02:00,18657.40,13742.75
10.09.2025 21:00:00 +02:00,18959.64,13547.96
10.09.2025 22:00:00 +02:00,17565.07,13402.32
10.09.2025 23:00:00 +02:00,16281.86,12809.36
11.09.2025 00:00:00 +02:00,14785.98,12218.21
11.09.2025 01:00:00 +02:00,14057.45,12087.78
11.09.2025 02:00:00 +02:00,13643.24,11943.24
11.09.2025 03:00:00 +02:00,12868.84,11827.98
11.09.2025 04:00:00 +02:00,12836.66,11800.69
11.09.2025 05:00:00 +02:00,13398.25,11963.41
11.09.2025 06:00:00 +02:00,14753.44,12717.67
11.09.2025 07:00:00 +02:00,15890.86,13586.02
11.09.2025 08:00:00 +02:00,16212.87,13871.96
11.09.2025 09:00:00 +02:00,15962.57,13836.18
11.09.2025 10:00:00 +02:00,15023.68,13721.80
11.09.2025 11:00:00 +02:00,12826.75,13740.96
11.09.2025 12:00:00 +02:00,12195.95,13748.06
11.09.2025 13:00:00 +02:00,12081.21,13756.92
11.09.2025 14:00:00 +02:00,11557.58,13887.14
11.09.2025 15:00:00 +02:00,11607.83,14038.30
11.09.2025 16:00:00 +02:00,13077.39,14142.09
11.09.2025 17:00:00 +02:00,15801.37,13904.21
11.09.2025 18:00:00 +02:00,17185.18,13594.70
11.09.2025 19:00:00 +02:00,18302.96,13684.44
11.09.2025 20:00:00 +02:00,18499.08,13824.36
11.09.2025 21:00:00 +02:00,18343.68,13686.82
11.09.2025 22:00:00 +02:00,17065.74,13283.34
11.09.2025 23:00:00 +02:00,15207.50,12819.09
12.09.2025 00:00:00 +02:00,13555.58,12413.98
12.09.2025 01:00:00 +02:00,12566.32,12132.32
12.09.2025 02:00:00 +02:00,11943.76,12045.92
12.09.2025 03:00:00 +02:00,11832.16,11994.66
12.09.2025 04:00:00 +02:00,11447.60,11987.34
12.09.2025 05:00:00 +02:00,11668.06,12185.46
12.09.2025 06:00:00 +02:00,13184.98,12895.36
12.09.2025 07:00:00 +02:00,14444.30,13744.68
12.09.2025 08:00:00 +02:00,14851.70,14079.75
12.09.2025 09:00:00 +02:00,13791.63,14057.19
12.09.2025 10:00:00 +02:00,12096.07,14275.39
12.09.2025 11:00:00 +02:00,11026.55,14149.86
12.09.2025 12:00:00 +02:00,10658.19,14010.48
12.09.2025 13:00:00 +02:00,10678.20,13915.02
12.09.2025 14:00:00 +02:00,11166.73,13838.39
12.09.2025 15:00:00 +02:00,11602.33,13912.76
12.09.2025 16:00:00 +02:00,12531.50,13854.34
12.09.2025 17:00:00 +02:00,14694.18,13520.19
12.09.2025 18:00:00 +02:00,17557.61,13495.44
12.09.2025 19:00:00 +02:00,18331.58,13510.32
12.09.2025 20:00:00 +02:00,18231.07,13473.00
12.09.2025 21:00:00 +02:00,18203.58,13268.06
12.09.2025 22:00:00 +02:00,17330.08,12952.11
12.09.2025 23:00:00 +02:00,16304.23,12405.59
13.09.2025 00:00:00 +02:00,14924.28,12140.54
13.09.2025 01:00:00 +02:00,13734.33,11895.22
13.09.2025 02:00:00 +02:00,13106.15,11828.98
13.09.2025 03:00:00 +02:00,12935.92,11783.15
13.09.2025 04:00:00 +02:00,12595.55,11688.02
13.09.2025 05:00:00 +02:00,12642.46,11766.60
13.09.2025 06:00:00 +02:00,12618.57,11968.53
13.09.2025 07:00:00 +02:00,13047.10,12191.58
13.09.2025 08:00:00 +02:00,14225.88,12631.50
13.09.2025 09:00:00 +02:00,14190.63,13062.73
13.09.2025 10:00:00 +02:00,12128.74,13527.30
13.09.2025 11:00:00 +02:00,11404.80,13468.46
13.09.2025 12:00:00 +02:00,10906.38,13330.22
13.09.2025 13:00:00 +02:00,10648.69,13273.68
13.09.2025 14:00:00 +02:00,10636.69,13183.01
13.09.2025 15:00:00 +02:00,11419.76,13220.41
13.09.2025 16:00:00 +02:00,12959.80,13317.92
13.09.2025 17:00:00 +02:00,15617.39,13235.94
13.09.2025 18:00:00 +02:00,17459.73,13213.62
13.09.2025 19:00:00 +02:00,17914.28,13256.00
13.09.2025 20:00:00 +02:00,17906.20,13220.32
13.09.2025 21:00:00 +02:00,17770.16,12998.31
13.09.2025 22:00:00 +02:00,17271.98,12725.03
13.09.2025 23:00:00 +02:00,16787.64,12420.91
14.09.2025 00:00:00 +02:00,15699.36,12085.96
14.09.2025 01:00:00 +02:00,15346.19,11930.97
14.09.2025 02:00:00 +02:00,15487.73,11753.78
14.09.2025 03:00:00 +02:00,15557.31,11645.44
14.09.2025 04:00:00 +02:00,15612.85,11629.91
14.09.2025 05:00:00 +02:00,15913.06,11626.59
14.09.2025 06:00:00 +02:00,16119.14,11656.67
14.09.2025 07:00:00 +02:00,16277.58,11849.99
14.09.2025 08:00:00 +02:00,16407.45,12221.23
14.09.2025 09:00:00 +02:00,16437.96,12613.02
14.09.2025 10:00:00 +02:00,15498.97,12901.48
14.09.2025 11:00:00 +02:00,13628.41,13222.02
14.09.2025 12:00:00 +02:00,12990.10,13264.27
14.09.2025 13:00:00 +02:00,12434.96,13252.09
14.09.2025 14:00:00 +02:00,12622.42,13274.60
14.09.2025 15:00:00 +02:00,12464.16,13321.80
14.09.2025 16:00:00 +02:00,13970.45,13273.64
14.09.2025 17:00:00 +02:00,16259.68,13284.76
14.09.2025 18:00:00 +02:00,16794.43,13363.39
14.09.2025 19:00:00 +02:00,17036.38,13530.31
14.09.2025 20:00:00 +02:00,16808.17,13705.34
14.09.2025 21:00:00 +02:00,16195.06,13699.92
14.09.2025 22:00:00 +02:00,15302.46,13381.53
14.09.2025 23:00:00 +02:00,13281.04,13138.88
15.09.2025 00:00:00 +02:00,12842.30,12832.05
15.09.2025 01:00:00 +02:00,11772.26,12537.36
15.09.2025 02:00:00 +02:00,11111.10,12344.06
15.09.2025 03:00:00 +02:00,11131.42,12297.74
15.09.2025 04:00:00 +02:00,11392.64,12287.94
15.09.2025 05:00:00 +02:00,11636.04,12535.29
15.09.2025 06:00:00 +02:00,12460.52,13355.40
15.09.2025 07:00:00 +02:00,13563.22,14261.68
15.09.2025 08:00:00 +02:00,13952.76,14551.01
15.09.2025 09:00:00 +02:00,13284.88,14553.56
15.09.2025 10:00:00 +02:00,12397.24,14499.83
15.09.2025 11:00:00 +02:00,11997.55,14447.98
15.09.2025 12:00:00 +02:00,11422.30,14462.78
15.09.2025 13:00:00 +02:00,11059.80,14421.80
15.09.2025 14:00:00 +02:00,10999.88,14523.73
15.09.2025 15:00:00 +02:00,11475.24,14561.22
15.09.2025 16:00:00 +02:00,11225.38,14707.55
15.09.2025 17:00:00 +02:00,12351.12,14673.24
15.09.2025 18:00:00 +02:00,13193.18,14614.62
15.09.2025 19:00:00 +02:00,14378.26,14721.32
15.09.2025 20:00:00 +02:00,14170.88,14775.26
15.09.2025 21:00:00 +02:00,13052.03,14576.12
15.09.2025 22:00:00 +02:00,12114.82,14092.15
15.09.2025 23:00:00 +02:00,10320.63,13520.78
16.09.2025 00:00:00 +02:00,10069.46,12987.71
16.09.2025 01:00:00 +02:00,9870.71,12686.41
16.09.2025 02:00:00 +02:00,9656.56,12552.57
16.09.2025 03:00:00 +02:00,9342.71,12418.82
16.09.2025 04:00:00 +02:00,9473.81,12325.69
16.09.2025 05:00:00 +02:00,9699.50,12584.51
16.09.2025 06:00:00 +02:00,11097.92,13457.44
16.09.2025 07:00:00 +02:00,12395.32,14253.57
16.09.2025 08:00:00 +02:00,13255.67,14515.76
16.09.2025 09:00:00 +02:00,12683.64,14404.91
16.09.2025 10:00:00 +02:00,11912.16,13635.31
16.09.2025 11:00:00 +02:00,12238.59,14096.30
16.09.2025 12:00:00 +02:00,11683.70,13934.49
16.09.2025 13:00:00 +02:00,11577.70,13865.68
16.09.2025 14:00:00 +02:00,11124.56,13885.59
16.09.2025 15:00:00 +02:00,11525.70,14003.62
16.09.2025 16:00:00 +02:00,12221.70,14264.20
16.09.2025 17:00:00 +02:00,13405.14,14132.76
16.09.2025 18:00:00 +02:00,14914.34,14038.72
16.09.2025 19:00:00 +02:00,15865.38,14231.68
16.09.2025 20:00:00 +02:00,15857.29,14317.06
16.09.2025 21:00:00 +02:00,15608.38,13947.85
16.09.2025 22:00:00 +02:00,14875.32,13578.62
16.09.2025 23:00:00 +02:00,14003.41,13009.50
17.09.2025 00:00:00 +02:00,13265.52,12635.74
17.09.2025 01:00:00 +02:00,13099.20,12335.21
17.09.2025 02:00:00 +02:00,12842.66,12292.74
17.09.2025 03:00:00 +02:00,13025.20,12184.10
17.09.2025 04:00:00 +02:00,13369.82,12217.53
17.09.2025 05:00:00 +02:00,14222.26,12359.48
17.09.2025 06:00:00 +02:00,15909.28,13183.69
17.09.2025 07:00:00 +02:00,17802.31,13891.32
17.09.2025 08:00:00 +02:00,17637.82,14093.02
17.09.2025 09:00:00 +02:00,16950.59,14079.29
17.09.2025 10:00:00 +02:00,16455.34,13930.38
17.09.2025 11:00:00 +02:00,15012.05,13823.04
17.09.2025 12:00:00 +02:00,13690.40,13733.18
17.09.2025 13:00:00 +02:00,13227.98,13460.87
17.09.2025 14:00:00 +02:00,13021.43,13388.52
17.09.2025 15:00:00 +02:00,13970.95,13538.75
17.09.2025 16:00:00 +02:00,14959.19,13599.99
17.09.2025 17:00:00 +02:00,16523.41,13693.59
17.09.2025 18:00:00 +02:00,17060.85,13548.71
17.09.2025 19:00:00 +02:00,17305.47,13779.92
17.09.2025 20:00:00 +02:00,17319.14,14006.91
17.09.2025 21:00:00 +02:00,17459.14,13803.23
17.09.2025 22:00:00 +02:00,16586.49,13398.38
17.09.2025 23:00:00 +02:00,15377.88,12936.00
18.09.2025 00:00:00 +02:00,13602.45,12425.18
18.09.2025 01:00:00 +02:00,12227.41,12310.58
18.09.2025 02:00:00 +02:00,11804.47,12180.96
18.09.2025 03:00:00 +02:00,11494.49,12090.41
18.09.2025 04:00:00 +02:00,12092.44,12113.38
18.09.2025 05:00:00 +02:00,13417.04,12288.16
18.09.2025 06:00:00 +02:00,15130.89,13117.62
18.09.2025 07:00:00 +02:00,17971.19,13957.79
18.09.2025 08:00:00 +02:00,18765.58,14273.17
18.09.2025 09:00:00 +02:00,18589.62,14280.63
18.09.2025 10:00:00 +02:00,15934.56,14164.80
18.09.2025 11:00:00 +02:00,13992.42,14179.17
18.09.2025 12:00:00 +02:00,12509.04,14183.15
18.09.2025 13:00:00 +02:00,12197.08,14159.32
18.09.2025 14:00:00 +02:00,11633.26,14118.84
18.09.2025 15:00:00 +02:00,11906.98,14216.61
18.09.2025 16:00:00 +02:00,13219.69,14343.62
18.09.2025 17:00:00 +02:00,16224.88,14217.52
18.09.2025 18:00:00 +02:00,17642.78,14151.25
18.09.2025 19:00:00 +02:00,18533.74,14253.65
18.09.2025 20:00:00 +02:00,18797.74,14409.18
18.09.2025 21:00:00 +02:00,18338.13,14224.75
18.09.2025 22:00:00 +02:00,17403.78,13766.36
18.09.2025 23:00:00 +02:00,16492.14,13096.30
19.09.2025 00:00:00 +02:00,15412.58,12767.36
19.09.2025 01:00:00 +02:00,15194.67,12547.16
19.09.2025 02:00:00 +02:00,14724.67,12377.60
19.09.2025 03:00:00 +02:00,14704.22,12235.13
19.09.2025 04:00:00 +02:00,14537.12,12216.61
19.09.2025 05:00:00 +02:00,14780.74,12529.10
19.09.2025 06:00:00 +02:00,16337.84,13316.35
19.09.2025 07:00:00 +02:00,18576.84,14225.18
19.09.2025 08:00:00 +02:00,19026.38,14489.51
19.09.2025 09:00:00 +02:00,18593.50,14457.08
19.09.2025 10:00:00 +02:00,16384.69,14292.00
19.09.2025 11:00:00 +02:00,13953.96,14102.83
19.09.2025 12:00:00 +02:00,12470.13,14081.29
19.09.2025 13:00:00 +02:00,12250.46,14253.71
19.09.2025 14:00:00 +02:00,12861.69,14202.76
19.09.2025 15:00:00 +02:00,13964.48,14261.76
19.09.2025 16:00:00 +02:00,17050.67,14307.88
19.09.2025 17:00:00 +02:00,18479.94,14249.15
19.09.2025 18:00:00 +02:00,17722.98,14163.94
19.09.2025 19:00:00 +02:00,18314.18,14153.15
19.09.2025 20:00:00 +02:00,18421.16,14023.92
19.09.2025 21:00:00 +02:00,17634.91,13629.40
19.09.2025 22:00:00 +02:00,17072.78,13231.18
19.09.2025 23:00:00 +02:00,16208.14,12944.94
20.09.2025 00:00:00 +02:00,15167.36,12755.14
20.09.2025 01:00:00 +02:00,14173.33,12422.24
20.09.2025 02:00:00 +02:00,13650.20,12257.79
20.09.2025 03:00:00 +02:00,13766.64,12141.71
20.09.2025 04:00:00 +02:00,14114.08,12094.30
20.09.2025 05:00:00 +02:00,14501.18,12162.77
20.09.2025 06:00:00 +02:00,14523.32,12359.86
20.09.2025 07:00:00 +02:00,14861.68,12575.44
20.09.2025 08:00:00 +02:00,14388.00,12985.42
20.09.2025 09:00:00 +02:00,13137.78,13415.43
20.09.2025 10:00:00 +02:00,12557.18,13811.86
20.09.2025 11:00:00 +02:00,11642.81,13846.20
20.09.2025 12:00:00 +02:00,11144.50,13830.08
20.09.2025 13:00:00 +02:00,11869.62,13727.46
20.09.2025 14:00:00 +02:00,12294.30,13710.08
20.09.2025 15:00:00 +02:00,12661.74,13726.01
20.09.2025 16:00:00 +02:00,14050.20,13687.99
20.09.2025 17:00:00 +02:00,16652.45,13802.25
20.09.2025 18:00:00 +02:00,17278.81,13874.93
20.09.2025 19:00:00 +02:00,17350.73,13906.05
20.09.2025 20:00:00 +02:00,16635.44,13767.44
20.09.2025 21:00:00 +02:00,16279.61,13486.98
20.09.2025 22:00:00 +02:00,15275.64,13268.03
20.09.2025 23:00:00 +02:00,13673.09,12963.28
21.09.2025 00:00:00 +02:00,12846.18,12796.53
21.09.2025 01:00:00 +02:00,12394.61,12514.23
21.09.2025 02:00:00 +02:00,12276.56,12325.44
21.09.2025 03:00:00 +02:00,11798.83,12270.15
21.09.2025 04:00:00 +02:00,11947.82,12356.94
21.09.2025 05:00:00 +02:00,12607.46,12319.96
21.09.2025 06:00:00 +02:00,13033.48,12468.04
21.09.2025 07:00:00 +02:00,12638.18,12641.94
21.09.2025 08:00:00 +02:00,12393.53,13046.98
21.09.2025 09:00:00 +02:00,11833.44,13517.10
21.09.2025 10:00:00 +02:00,11578.95,13775.30
21.09.2025 11:00:00 +02:00,11895.78,13821.53
21.09.2025 12:00:00 +02:00,12279.15,13861.88
21.09.2025 13:00:00 +02:00,12463.67,13854.89
21.09.2025 14:00:00 +02:00,12807.59,13835.08
21.09.2025 15:00:00 +02:00,13414.56,13896.53
21.09.2025 16:00:00 +02:00,14536.52,13959.91
21.09.2025 17:00:00 +02:00,15874.02,13939.88
21.09.2025 18:00:00 +02:00,16498.35,14119.26
21.09.2025 19:00:00 +02:00,17145.42,14456.04
21.09.2025 20:00:00 +02:00,17179.81,14494.02
21.09.2025 21:00:00 +02:00,16797.85,14256.96
21.09.2025 22:00:00 +02:00,16621.09,13946.74
21.09.2025 23:00:00 +02:00,15857.24,13532.48
22.09.2025 00:00:00 +02:00,15346.78,13058.70
22.09.2025 01:00:00 +02:00,14665.90,12867.80
22.09.2025 02:00:00 +02:00,14178.66,12777.74
22.09.2025 03:00:00 +02:00,14450.69,12763.37
22.09.2025 04:00:00 +02:00,14575.72,12807.77
22.09.2025 05:00:00 +02:00,16271.15,13148.17
22.09.2025 06:00:00 +02:00,18101.10,14005.74
22.09.2025 07:00:00 +02:00,19442.26,14972.44
22.09.2025 08:00:00 +02:00,20016.83,15241.22
22.09.2025 09:00:00 +02:00,19308.94,15133.79
22.09.2025 10:00:00 +02:00,17997.55,14960.42
22.09.2025 11:00:00 +02:00,16819.25,14833.72
22.09.2025 12:00:00 +02:00,15605.50,14846.30
22.09.2025 13:00:00 +02:00,15021.95,14712.65
22.09.2025 14:00:00 +02:00,14738.26,14522.28
22.09.2025 15:00:00 +02:00,15790.77,14650.95
22.09.2025 16:00:00 +02:00,17115.56,14822.81
22.09.2025 17:00:00 +02:00,18384.73,14856.52
22.09.2025 18:00:00 +02:00,19289.75,14886.80
22.09.2025 19:00:00 +02:00,19440.12,15209.83
22.09.2025 20:00:00 +02:00,20204.96,15329.74
22.09.2025 21:00:00 +02:00,19908.81,15102.19
22.09.2025 22:00:00 +02:00,18994.77,14732.18
22.09.2025 23:00:00 +02:00,17564.30,14173.78
23.09.2025 00:00:00 +02:00,16354.21,13742.03
23.09.2025 01:00:00 +02:00,15558.07,13435.36
23.09.2025 02:00:00 +02:00,15455.00,13291.78
23.09.2025 03:00:00 +02:00,15258.50,13195.84
23.09.2025 04:00:00 +02:00,15230.89,13260.51
23.09.2025 05:00:00 +02:00,16426.10,13659.35
23.09.2025 06:00:00 +02:00,18355.92,14713.91
23.09.2025 07:00:00 +02:00,19890.33,15793.94
23.09.2025 08:00:00 +02:00,20012.34,16030.46
23.09.2025 09:00:00 +02:00,19475.70,15768.39
23.09.2025 10:00:00 +02:00,18061.82,14959.24
23.09.2025 11:00:00 +02:00,17871.85,15035.53
23.09.2025 12:00:00 +02:00,16914.70,14863.78
23.09.2025 13:00:00 +02:00,17175.00,14718.39
23.09.2025 14:00:00 +02:00,17111.87,14689.73
23.09.2025 15:00:00 +02:00,17574.21,14696.40
23.09.2025 16:00:00 +02:00,18115.54,14871.42
23.09.2025 17:00:00 +02:00,18820.60,14899.37
23.09.2025 18:00:00 +02:00,18896.10,15043.41
23.09.2025 19:00:00 +02:00,19001.04,15371.84
23.09.2025 20:00:00 +02:00,18749.79,15533.72
23.09.2025 21:00:00 +02:00,19073.28,15363.10
23.09.2025 22:00:00 +02:00,18444.92,15019.41
23.09.2025 23:00:00 +02:00,18019.28,14441.38
24.09.2025 00:00:00 +02:00,17613.62,13885.43
24.09.2025 01:00:00 +02:00,17608.58,13583.40
24.09.2025 02:00:00 +02:00,17279.12,13537.20
24.09.2025 03:00:00 +02:00,17143.15,13426.44
24.09.2025 04:00:00 +02:00,16762.99,13482.69
24.09.2025 05:00:00 +02:00,17789.72,13770.48
24.09.2025 06:00:00 +02:00,18793.75,14789.51
24.09.2025 07:00:00 +02:00,20237.45,15904.61
24.09.2025 08:00:00 +02:00,19775.44,16098.87
24.09.2025 09:00:00 +02:00,18936.49,15735.64
24.09.2025 10:00:00 +02:00,17337.76,15617.45
24.09.2025 11:00:00 +02:00,16194.28,15255.81
24.09.2025 12:00:00 +02:00,14157.08,14922.62
24.09.2025 13:00:00 +02:00,13174.10,14773.30
24.09.2025 14:00:00 +02:00,13308.47,14697.26
24.09.2025 15:00:00 +02:00,14529.09,14747.36
24.09.2025 16:00:00 +02:00,15956.43,14938.12
24.09.2025 17:00:00 +02:00,17070.63,14845.74
24.09.2025 18:00:00 +02:00,18062.06,14942.34
24.09.2025 19:00:00 +02:00,18666.57,15322.24
24.09.2025 20:00:00 +02:00,18883.74,15449.41
24.09.2025 21:00:00 +02:00,17710.44,15242.15
24.09.2025 22:00:00 +02:00,17611.82,14860.71
24.09.2025 23:00:00 +02:00,16885.96,14324.49
25.09.2025 00:00:00 +02:00,15564.27,13747.37
25.09.2025 01:00:00 +02:00,15352.27,13506.41
25.09.2025 02:00:00 +02:00,15552.31,13416.37
25.09.2025 03:00:00 +02:00,15870.07,13374.92
25.09.2025 04:00:00 +02:00,16131.02,13471.06
25.09.2025 05:00:00 +02:00,16249.34,13871.04
25.09.2025 06:00:00 +02:00,17362.48,14839.78
25.09.2025 07:00:00 +02:00,19315.78,15918.21
25.09.2025 08:00:00 +02:00,19328.50,16116.72
25.09.2025 09:00:00 +02:00,18185.50,15777.20
25.09.2025 10:00:00 +02:00,17304.80,15373.64
25.09.2025 11:00:00 +02:00,16961.71,14946.04
25.09.2025 12:00:00 +02:00,15363.71,15033.24
25.09.2025 13:00:00 +02:00,15199.78,14806.83
25.09.2025 14:00:00 +02:00,14839.57,14755.06
25.09.2025 15:00:00 +02:00,16034.65,14753.29
25.09.2025 16:00:00 +02:00,16613.28,14852.22
25.09.2025 17:00:00 +02:00,17617.09,14800.36
25.09.2025 18:00:00 +02:00,17698.70,14896.35
25.09.2025 19:00:00 +02:00,17882.65,15196.18
25.09.2025 20:00:00 +02:00,18631.14,15364.34
25.09.2025 21:00:00 +02:00,18157.70,15203.34
25.09.2025 22:00:00 +02:00,18058.86,14833.30
25.09.2025 23:00:00 +02:00,17346.34,14277.74
26.09.2025 00:00:00 +02:00,16678.76,13723.29
26.09.2025 01:00:00 +02:00,16173.92,13396.10
26.09.2025 02:00:00 +02:00,16211.02,13303.51
26.09.2025 03:00:00 +02:00,16057.81,13232.42
26.09.2025 04:00:00 +02:00,16336.89,13272.87
26.09.2025 05:00:00 +02:00,16696.22,13546.84
26.09.2025 06:00:00 +02:00,18029.34,14515.80
26.09.2025 07:00:00 +02:00,19763.20,15592.44
26.09.2025 08:00:00 +02:00,20294.45,15818.84
26.09.2025 09:00:00 +02:00,19787.37,15745.13
26.09.2025 10:00:00 +02:00,18933.98,15435.83
26.09.2025 11:00:00 +02:00,18276.81,15115.70
26.09.2025 12:00:00 +02:00,17574.51,14807.32
26.09.2025 13:00:00 +02:00,17124.55,14513.97
26.09.2025 14:00:00 +02:00,17021.13,14431.30
26.09.2025 15:00:00 +02:00,17223.76,14409.04
26.09.2025 16:00:00 +02:00,17682.07,14443.75
26.09.2025 17:00:00 +02:00,18113.68,14526.73
26.09.2025 18:00:00 +02:00,19478.97,14762.20
26.09.2025 19:00:00 +02:00,19836.79,15002.11
26.09.2025 20:00:00 +02:00,19344.35,14869.06
26.09.2025 21:00:00 +02:00,18680.34,14561.18
26.09.2025 22:00:00 +02:00,17945.26,14283.74
26.09.2025 23:00:00 +02:00,17741.61,13817.18
27.09.2025 00:00:00 +02:00,16792.95,13496.54
27.09.2025 01:00:00 +02:00,16600.47,13273.16
27.09.2025 02:00:00 +02:00,16830.12,13075.98
27.09.2025 03:00:00 +02:00,16528.93,12934.40
27.09.2025 04:00:00 +02:00,16270.25,12878.31
27.09.2025 05:00:00 +02:00,16666.54,13001.72
27.09.2025 06:00:00 +02:00,16954.81,13282.32
27.09.2025 07:00:00 +02:00,17359.52,13533.33
27.09.2025 08:00:00 +02:00,17630.16,13959.26
27.09.2025 09:00:00 +02:00,17730.30,14259.05
27.09.2025 10:00:00 +02:00,17211.32,14283.63
27.09.2025 11:00:00 +02:00,16110.09,14048.44
27.09.2025 12:00:00 +02:00,15322.98,13752.00
27.09.2025 13:00:00 +02:00,14979.69,13557.28
27.09.2025 14:00:00 +02:00,15298.41,13397.64
27.09.2025 15:00:00 +02:00,16137.96,13298.63
27.09.2025 16:00:00 +02:00,16874.22,13416.43
27.09.2025 17:00:00 +02:00,17666.36,13690.46
27.09.2025 18:00:00 +02:00,18358.90,13900.72
27.09.2025 19:00:00 +02:00,18768.82,14138.36
27.09.2025 20:00:00 +02:00,18605.04,14028.35
27.09.2025 21:00:00 +02:00,18466.58,13759.46
27.09.2025 22:00:00 +02:00,18205.35,13450.25
27.09.2025 23:00:00 +02:00,17069.92,13105.00
28.09.2025 00:00:00 +02:00,16434.31,12881.81
28.09.2025 01:00:00 +02:00,16422.41,12691.11
28.09.2025 02:00:00 +02:00,16427.26,12511.21
28.09.2025 03:00:00 +02:00,16323.97,12418.21
28.09.2025 04:00:00 +02:00,16120.75,12423.30
28.09.2025 05:00:00 +02:00,16042.74,12449.10
28.09.2025 06:00:00 +02:00,16212.88,12599.91
28.09.2025 07:00:00 +02:00,16542.17,12740.47
28.09.2025 08:00:00 +02:00,16956.12,13090.71
28.09.2025 09:00:00 +02:00,17054.11,13378.54
28.09.2025 10:00:00 +02:00,16587.96,13507.45
28.09.2025 11:00:00 +02:00,14882.81,13585.06
28.09.2025 12:00:00 +02:00,13936.10,13615.54
28.09.2025 13:00:00 +02:00,13424.12,13656.82
28.09.2025 14:00:00 +02:00,13918.32,13622.30
28.09.2025 15:00:00 +02:00,16056.50,13695.23
28.09.2025 16:00:00 +02:00,17439.68,13827.09
28.09.2025 17:00:00 +02:00,17676.00,13985.45
28.09.2025 18:00:00 +02:00,18372.28,14178.07
28.09.2025 19:00:00 +02:00,18346.06,14499.08
28.09.2025 20:00:00 +02:00,17929.10,14448.76
28.09.2025 21:00:00 +02:00,17956.95,14247.32
28.09.2025 22:00:00 +02:00,16808.10,13913.53
28.09.2025 23:00:00 +02:00,15692.28,13450.18
29.09.2025 00:00:00 +02:00,15730.75,12986.06
29.09.2025 01:00:00 +02:00,15430.52,12706.70
29.09.2025 02:00:00 +02:00,15206.78,12513.54
29.09.2025 03:00:00 +02:00,15154.41,12434.49
29.09.2025 04:00:00 +02:00,15252.58,12462.25
29.09.2025 05:00:00 +02:00,16294.46,12821.84
29.09.2025 06:00:00 +02:00,16679.80,13747.12
29.09.2025 07:00:00 +02:00,17747.93,14759.01
29.09.2025 08:00:00 +02:00,17891.98,15113.32
29.09.2025 09:00:00 +02:00,18350.02,15183.27
29.09.2025 10:00:00 +02:00,18225.36,15188.24
29.09.2025 11:00:00 +02:00,17640.70,14974.72
29.09.2025 12:00:00 +02:00,17654.54,14858.25
29.09.2025 13:00:00 +02:00,16954.95,14801.24
29.09.2025 14:00:00 +02:00,16842.49,14794.40
29.09.2025 15:00:00 +02:00,17570.46,14897.19
29.09.2025 16:00:00 +02:00,17919.88,15053.24
29.09.2025 17:00:00 +02:00,18736.39,14985.88
29.09.2025 18:00:00 +02:00,19097.10,14995.20
29.09.2025 19:00:00 +02:00,19409.81,15151.05
29.09.2025 20:00:00 +02:00,18780.13,15083.30
29.09.2025 21:00:00 +02:00,17712.92,14789.84
29.09.2025 22:00:00 +02:00,17056.05,14370.52
29.09.2025 23:00:00 +02:00,17367.22,13804.98
30.09.2025 00:00:00 +02:00,16759.32,13283.81
30.09.2025 01:00:00 +02:00,16754.27,12996.71
30.09.2025 02:00:00 +02:00,16542.58,12873.17
30.09.2025 03:00:00 +02:00,16435.96,12783.70
30.09.2025 04:00:00 +02:00,16205.55,12807.65
30.09.2025 05:00:00 +02:00,16695.50,13071.20
30.09.2025 06:00:00 +02:00,18304.50,14023.21
30.09.2025 07:00:00 +02:00,19312.31,14977.14
30.09.2025 08:00:00 +02:00,19372.89,15139.01
30.09.2025 09:00:00 +02:00,19707.20,15052.90
30.09.2025 10:00:00 +02:00,18429.25,14546.82
30.09.2025 11:00:00 +02:00,18560.62,14783.40
30.09.2025 12:00:00 +02:00,18014.46,14516.04
30.09.2025 13:00:00 +02:00,18297.74,14558.06
30.09.2025 14:00:00 +02:00,18357.89,14482.61
30.09.2025 15:00:00 +02:00,18091.36,14599.44
30.09.2025 16:00:00 +02:00,18532.20,14735.85
30.09.2025 17:00:00 +02:00,18821.35,14745.66
30.09.2025 18:00:00 +02:00,18832.94,14854.14
30.09.2025 19:00:00 +02:00,19465.22,15132.20
30.09.2025 20:00:00 +02:00,19312.60,15066.68
30.09.2025 21:00:00 +02:00,18688.14,14773.04
30.09.2025 22:00:00 +02:00,17780.54,14430.42
30.09.2025 23:00:00 +02:00,16842.59,13944.59
01.10.2025 00:00:00 +02:00,17244.24,13491.97
01.10.2025 01:00:00 +02:00,17086.73,13252.06
01.10.2025 02:00:00 +02:00,16809.06,13072.33
01.10.2025 03:00:00 +02:00,17085.51,12989.21
01.10.2025 04:00:00 +02:00,17005.38,13043.52
01.10.2025 05:00:00 +02:00,17375.50,13355.60
01.10.2025 06:00:00 +02:00,18569.04,14271.96
01.10.2025 07:00:00 +02:00,20014.68,15133.69
01.10.2025 08:00:00 +02:00,20406.56,15318.54
01.10.2025 09:00:00 +02:00,19933.56,15292.62
01.10.2025 10:00:00 +02:00,19542.64,15246.21
01.10.2025 11:00:00 +02:00,18527.27,15124.92
01.10.2025 12:00:00 +02:00,18229.96,14985.52
01.10.2025 13:00:00 +02:00,18111.30,14914.16
01.10.2025 14:00:00 +02:00,18235.70,14878.23
01.10.2025 15:00:00 +02:00,18682.83,14965.54
01.10.2025 16:00:00 +02:00,19220.87,15149.96
01.10.2025 17:00:00 +02:00,20107.72,15109.69
01.10.2025 18:00:00 +02:00,20491.24,15155.41
01.10.2025 19:00:00 +02:00,20666.24,15382.74
01.10.2025 20:00:00 +02:00,20098.50,15260.97
01.10.2025 21:00:00 +02:00,19224.04,14984.36
01.10.2025 22:00:00 +02:00,18627.30,14552.30
01.10.2025 23:00:00 +02:00,17514.33,14030.52
02.10.2025 00:00:00 +02:00,17282.10,13591.20
02.10.2025 01:00:00 +02:00,17059.69,13232.94
02.10.2025 02:00:00 +02:00,16327.48,13039.68
02.10.2025 03:00:00 +02:00,16068.22,13007.04
02.10.2025 04:00:00 +02:00,16344.54,12935.51
02.10.2025 05:00:00 +02:00,17552.01,13211.79
02.10.2025 06:00:00 +02:00,18954.12,14055.22
02.10.2025 07:00:00 +02:00,19410.17,14998.68
02.10.2025 08:00:00 +02:00,19460.49,15313.48
02.10.2025 09:00:00 +02:00,19141.06,15298.27
02.10.2025 10:00:00 +02:00,19191.28,15228.84
02.10.2025 11:00:00 +02:00,18688.74,15164.24
02.10.2025 12:00:00 +02:00,17133.11,15144.14
02.10.2025 13:00:00 +02:00,15811.23,15025.14
02.10.2025 14:00:00 +02:00,17109.60,15043.03
02.10.2025 15:00:00 +02:00,18720.86,15206.70
02.10.2025 16:00:00 +02:00,19225.50,15434.50
02.10.2025 17:00:00 +02:00,19865.20,15349.45
02.10.2025 18:00:00 +02:00,20092.80,15431.49
02.10.2025 19:00:00 +02:00,20622.80,15588.61
02.10.2025 20:00:00 +02:00,19906.09,15400.19
02.10.2025 21:00:00 +02:00,18462.96,15045.31
02.10.2025 22:00:00 +02:00,17857.28,14597.01
02.10.2025 23:00:00 +02:00,16499.18,14044.40
03.10.2025 00:00:00 +02:00,15695.73,13495.19
03.10.2025 01:00:00 +02:00,15656.90,13246.05
03.10.2025 02:00:00 +02:00,15080.84,13040.78
03.10.2025 03:00:00 +02:00,14643.56,12877.16
03.10.2025 04:00:00 +02:00,15351.49,12932.42
03.10.2025 05:00:00 +02:00,15960.29,13063.84
03.10.2025 06:00:00 +02:00,17174.41,13918.03
03.10.2025 07:00:00 +02:00,17847.34,14941.55
03.10.2025 08:00:00 +02:00,19126.83,15330.10
03.10.2025 09:00:00 +02:00,18958.14,15329.66
03.10.2025 10:00:00 +02:00,16613.16,15171.24
03.10.2025 11:00:00 +02:00,15254.46,15165.00
03.10.2025 12:00:00 +02:00,14698.16,15175.00
03.10.2025 13:00:00 +02:00,13835.64,15024.22
03.10.2025 14:00:00 +02:00,14509.42,14915.43
03.10.2025 15:00:00 +02:00,15269.43,14890.81
03.10.2025 16:00:00 +02:00,16612.46,15010.98
03.10.2025 17:00:00 +02:00,18551.60,15161.04
03.10.2025 18:00:00 +02:00,18775.26,15148.72
03.10.2025 19:00:00 +02:00,18513.24,15152.87
03.10.2025 20:00:00 +02:00,17058.15,14832.30
03.10.2025 21:00:00 +02:00,14701.23,14542.30
03.10.2025 22:00:00 +02:00,13159.47,14194.18
03.10.2025 23:00:00 +02:00,11702.14,13759.82
04.10.2025 00:00:00 +02:00,10825.54,13435.96
04.10.2025 01:00:00 +02:00,11248.72,13190.37
04.10.2025 02:00:00 +02:00,10863.33,12906.42
04.10.2025 03:00:00 +02:00,10550.64,12708.80
04.10.2025 04:00:00 +02:00,10530.14,12225.76
04.10.2025 05:00:00 +02:00,10541.21,12390.34
04.10.2025 06:00:00 +02:00,11037.66,12659.66
04.10.2025 07:00:00 +02:00,10686.32,12931.88
04.10.2025 08:00:00 +02:00,12026.49,13246.10
04.10.2025 09:00:00 +02:00,11178.38,13710.23
04.10.2025 10:00:00 +02:00,11686.79,14192.84
04.10.2025 11:00:00 +02:00,11798.80,14285.40
04.10.2025 12:00:00 +02:00,11271.11,14265.84
04.10.2025 13:00:00 +02:00,11726.77,14227.18
04.10.2025 14:00:00 +02:00,11872.30,14197.42
04.10.2025 15:00:00 +02:00,11692.36,14214.04
04.10.2025 16:00:00 +02:00,11937.02,14279.11
04.10.2025 17:00:00 +02:00,13417.14,14292.75
04.10.2025 18:00:00 +02:00,13551.13,14395.64
04.10.2025 19:00:00 +02:00,13553.11,14336.93
04.10.2025 20:00:00 +02:00,13333.36,14077.86
04.10.2025 21:00:00 +02:00,12768.85,13780.82
04.10.2025 22:00:00 +02:00,12358.40,13559.74
04.10.2025 23:00:00 +02:00,12059.01,13274.91
05.10.2025 00:00:00 +02:00,10400.76,12933.46
05.10.2025 01:00:00 +02:00,9617.92,12681.24
05.10.2025 02:00:00 +02:00,9504.59,12509.16
05.10.2025 03:00:00 +02:00,9495.03,12433.03
05.10.2025 04:00:00 +02:00,9349.71,12432.72
05.10.2025 05:00:00 +02:00,9314.44,12371.67
05.10.2025 06:00:00 +02:00,9243.26,12503.11
05.10.2025 07:00:00 +02:00,9711.14,12727.12
05.10.2025 08:00:00 +02:00,9802.24,13065.41
05.10.2025 09:00:00 +02:00,10357.22,13444.56
05.10.2025 10:00:00 +02:00,10797.24,13747.73
05.10.2025 11:00:00 +02:00,10584.64,13772.89
05.10.2025 12:00:00 +02:00,10997.25,13740.26
05.10.2025 13:00:00 +02:00,10854.11,13671.07
05.10.2025 14:00:00 +02:00,11391.80,13624.52
05.10.2025 15:00:00 +02:00,11004.02,13705.13
05.10.2025 16:00:00 +02:00,11371.08,13909.22
05.10.2025 17:00:00 +02:00,12648.17,14082.05
05.10.2025 18:00:00 +02:00,15254.84,14361.60
05.10.2025 19:00:00 +02:00,17118.82,14678.70
05.10.2025 20:00:00 +02:00,16627.79,14580.03
05.10.2025 21:00:00 +02:00,15359.97,14368.70
05.10.2025 22:00:00 +02:00,15146.78,14061.02
05.10.2025 23:00:00 +02:00,14693.14,13653.50
06.10.2025 00:00:00 +02:00,13425.04,13214.84
06.10.2025 01:00:00 +02:00,12940.28,12924.26
06.10.2025 02:00:00 +02:00,12662.42,12772.19
06.10.2025 03:00:00 +02:00,12646.07,12703.40
06.10.2025 04:00:00 +02:00,12739.20,12749.38
06.10.2025 05:00:00 +02:00,13555.62,13146.53
06.10.2025 06:00:00 +02:00,16474.41,14107.20
06.10.2025 07:00:00 +02:00,18544.24,15117.51
06.10.2025 08:00:00 +02:00,19873.17,15482.78
06.10.2025 09:00:00 +02:00,19794.70,15456.43
06.10.2025 10:00:00 +02:00,18881.88,15377.44
06.10.2025 11:00:00 +02:00,18238.92,15149.14
06.10.2025 12:00:00 +02:00,18011.10,15059.08
06.10.2025 13:00:00 +02:00,18372.54,15039.80
06.10.2025 14:00:00 +02:00,18422.92,14988.98
06.10.2025 15:00:00 +02:00,18755.57,15093.68
06.10.2025 16:00:00 +02:00,19833.23,15258.86
06.10.2025 17:00:00 +02:00,20672.24,15245.54
06.10.2025 18:00:00 +02:00,20927.14,15330.55
06.10.2025 19:00:00 +02:00,20564.00,15407.24
06.10.2025 20:00:00 +02:00,19755.96,15202.63
06.10.2025 21:00:00 +02:00,19204.72,14901.21
06.10.2025 22:00:00 +02:00,18227.91,14491.73
06.10.2025 23:00:00 +02:00,16849.68,13917.43
07.10.2025 00:00:00 +02:00,15869.47,13428.59
07.10.2025 01:00:00 +02:00,15194.79,13094.92
07.10.2025 02:00:00 +02:00,14994.24,12869.82
07.10.2025 03:00:00 +02:00,14847.73,12763.00
07.10.2025 04:00:00 +02:00,14756.60,12715.58
07.10.2025 05:00:00 +02:00,15178.62,12950.09
07.10.2025 06:00:00 +02:00,16967.16,13769.12
07.10.2025 07:00:00 +02:00,18237.36,14675.26
07.10.2025 08:00:00 +02:00,18487.44,15112.95
07.10.2025 09:00:00 +02:00,18682.18,15215.86
07.10.2025 10:00:00 +02:00,18899.58,14770.76
07.10.2025 11:00:00 +02:00,18772.03,15068.58
07.10.2025 12:00:00 +02:00,18784.00,15109.00
07.10.2025 13:00:00 +02:00,18132.24,14960.76
07.10.2025 14:00:00 +02:00,17700.78,15015.64
07.10.2025 15:00:00 +02:00,17934.25,15077.82
07.10.2025 16:00:00 +02:00,18360.00,15256.63
07.10.2025 17:00:00 +02:00,18546.92,15178.65
07.10.2025 18:00:00 +02:00,18415.51,15136.63
07.10.2025 19:00:00 +02:00,18561.91,15186.82
07.10.2025 20:00:00 +02:00,18653.52,15072.54
07.10.2025 21:00:00 +02:00,18344.25,14783.95
07.10.2025 22:00:00 +02:00,17918.62,14370.70
07.10.2025 23:00:00 +02:00,16685.33,13837.02
08.10.2025 00:00:00 +02:00,16713.00,13354.79
08.10.2025 01:00:00 +02:00,16703.99,13074.06
08.10.2025 02:00:00 +02:00,16394.02,12871.31
08.10.2025 03:00:00 +02:00,16256.55,12761.66
08.10.2025 04:00:00 +02:00,15973.08,12795.19
08.10.2025 05:00:00 +02:00,16630.33,13101.38
08.10.2025 06:00:00 +02:00,18297.66,14039.54
08.10.2025 07:00:00 +02:00,18783.17,14995.94
08.10.2025 08:00:00 +02:00,19301.78,15217.31
08.10.2025 09:00:00 +02:00,19539.66,15086.94
08.10.2025 10:00:00 +02:00,19171.75,14781.65
08.10.2025 11:00:00 +02:00,18430.88,14529.34
08.10.2025 12:00:00 +02:00,18472.13,14427.85
08.10.2025 13:00:00 +02:00,18651.52,14335.61
08.10.2025 14:00:00 +02:00,18187.74,14351.88
08.10.2025 15:00:00 +02:00,18734.97,14515.02
08.10.2025 16:00:00 +02:00,18526.04,14693.93
08.10.2025 17:00:00 +02:00,18684.02,14732.78
08.10.2025 18:00:00 +02:00,19340.59,14953.62
08.10.2025 19:00:00 +02:00,19554.45,15178.52
08.10.2025 20:00:00 +02:00,18803.56,15054.72
08.10.2025 21:00:00 +02:00,18068.19,14848.66
08.10.2025 22:00:00 +02:00,17699.38,14496.74
08.10.2025 23:00:00 +02:00,17090.22,14000.94
09.10.2025 00:00:00 +02:00,16972.65,13573.82
09.10.2025 01:00:00 +02:00,17270.46,13284.26
09.10.2025 02:00:00 +02:00,17502.99,13116.74
09.10.2025 03:00:00 +02:00,17333.16,13014.92
09.10.2025 04:00:00 +02:00,17025.50,13040.39
09.10.2025 05:00:00 +02:00,16827.95,13331.96
09.10.2025 06:00:00 +02:00,18620.62,14233.46
09.10.2025 07:00:00 +02:00,19723.50,15255.58
09.10.2025 08:00:00 +02:00,19853.15,15553.11
09.10.2025 09:00:00 +02:00,18979.90,15672.48
09.10.2025 10:00:00 +02:00,18984.20,15605.95
09.10.2025 11:00:00 +02:00,18824.70,15512.34
09.10.2025 12:00:00 +02:00,19038.50,15357.20
09.10.2025 13:00:00 +02:00,18912.25,15350.94
09.10.2025 14:00:00 +02:00,18572.44,15248.57
09.10.2025 15:00:00 +02:00,18802.97,15383.09
09.10.2025 16:00:00 +02:00,19012.40,15398.22
09.10.2025 17:00:00 +02:00,18662.75,15361.84
09.10.2025 18:00:00 +02:00,18906.06,15456.54
09.10.2025 19:00:00 +02:00,19159.00,15596.91
09.10.2025 20:00:00 +02:00,18936.94,15498.68
09.10.2025 21:00:00 +02:00,18065.16,15263.42
09.10.2025 22:00:00 +02:00,17303.55,14890.72
09.10.2025 23:00:00 +02:00,16454.15,14470.64
10.10.2025 00:00:00 +02:00,15970.03,14084.30
10.10.2025 01:00:00 +02:00,15715.72,13757.05
10.10.2025 02:00:00 +02:00,15550.23,13584.24
10.10.2025 03:00:00 +02:00,15319.25,13454.30
10.10.2025 04:00:00 +02:00,15569.69,13452.80
10.10.2025 05:00:00 +02:00,16546.52,13838.34
10.10.2025 06:00:00 +02:00,18209.43,14676.23
10.10.2025 07:00:00 +02:00,19132.72,15592.69
10.10.2025 08:00:00 +02:00,19191.73,15848.44
10.10.2025 09:00:00 +02:00,19987.79,15955.47
10.10.2025 10:00:00 +02:00,19306.17,15955.86
10.10.2025 11:00:00 +02:00,18840.20,15797.97
10.10.2025 12:00:00 +02:00,18525.56,15604.26
10.10.2025 13:00:00 +02:00,18235.11,15459.09
10.10.2025 14:00:00 +02:00,18349.84,15366.50
10.10.2025 15:00:00 +02:00,18853.04,15379.66
10.10.2025 16:00:00 +02:00,19159.73,15473.24
10.10.2025 17:00:00 +02:00,19253.20,15486.46
10.10.2025 18:00:00 +02:00,19177.52,15501.84
10.10.2025 19:00:00 +02:00,18856.35,15398.03
10.10.2025 20:00:00 +02:00,18419.20,15019.54
10.10.2025 21:00:00 +02:00,17974.94,14680.32
10.10.2025 22:00:00 +02:00,17108.48,14333.46
10.10.2025 23:00:00 +02:00,16203.87,13883.48
11.10.2025 00:00:00 +02:00,15867.23,13522.56
11.10.2025 01:00:00 +02:00,15392.30,13247.20
11.10.2025 02:00:00 +02:00,15011.76,13044.83
11.10.2025 03:00:00 +02:00,14947.98,12851.52
11.10.2025 04:00:00 +02:00,14899.79,12802.81
11.10.2025 05:00:00 +02:00,14940.93,12846.76
11.10.2025 06:00:00 +02:00,15408.29,13043.51
11.10.2025 07:00:00 +02:00,16450.00,13401.82
11.10.2025 08:00:00 +02:00,16927.61,13752.35
11.10.2025 09:00:00 +02:00,17418.90,14225.58
11.10.2025 10:00:00 +02:00,17491.53,14306.72
11.10.2025 11:00:00 +02:00,16686.72,14260.34
11.10.2025 12:00:00 +02:00,16076.47,14180.19
11.10.2025 13:00:00 +02:00,15853.23,14088.80
11.10.2025 14:00:00 +02:00,16105.00,14071.70
11.10.2025 15:00:00 +02:00,17624.74,14092.92
11.10.2025 16:00:00 +02:00,19020.42,14253.08
11.10.2025 17:00:00 +02:00,19131.75,14600.52
11.10.2025 18:00:00 +02:00,19500.10,14733.55
11.10.2025 19:00:00 +02:00,19537.72,14687.37
11.10.2025 20:00:00 +02:00,18689.68,14395.09
11.10.2025 21:00:00 +02:00,18011.61,14122.07
11.10.2025 22:00:00 +02:00,16966.26,13832.02
11.10.2025 23:00:00 +02:00,16299.16,13471.52
12.10.2025 00:00:00 +02:00,16548.09,13090.41
12.10.2025 01:00:00 +02:00,16295.03,12829.95
12.10.2025 02:00:00 +02:00,15922.28,12646.18
12.10.2025 03:00:00 +02:00,15716.13,12555.72
12.10.2025 04:00:00 +02:00,15479.32,12581.39
12.10.2025 05:00:00 +02:00,15631.81,12657.50
12.10.2025 06:00:00 +02:00,15872.92,12704.16
12.10.2025 07:00:00 +02:00,16482.22,13035.08
12.10.2025 08:00:00 +02:00,17217.00,13382.46
12.10.2025 09:00:00 +02:00,17069.36,13728.54
12.10.2025 10:00:00 +02:00,17182.59,13826.90
12.10.2025 11:00:00 +02:00,16942.58,13831.24
12.10.2025 12:00:00 +02:00,16344.42,13867.98
12.10.2025 13:00:00 +02:00,15855.59,13838.55
12.10.2025 14:00:00 +02:00,16223.63,13879.49
12.10.2025 15:00:00 +02:00,16884.10,14008.76
12.10.2025 16:00:00 +02:00,17776.09,14228.36
12.10.2025 17:00:00 +02:00,18555.64,14517.24
12.10.2025 18:00:00 +02:00,19303.08,14983.23
12.10.2025 19:00:00 +02:00,19693.45,15245.01
12.10.2025 20:00:00 +02:00,19549.60,15305.80
12.10.2025 21:00:00 +02:00,19011.59,15134.86
12.10.2025 22:00:00 +02:00,18068.14,14795.07
12.10.2025 23:00:00 +02:00,16985.14,14379.94
13.10.2025 00:00:00 +02:00,16894.40,13979.14
13.10.2025 01:00:00 +02:00,16761.02,13754.86
13.10.2025 02:00:00 +02:00,16636.71,13599.95
13.10.2025 03:00:00 +02:00,16667.74,13528.84
13.10.2025 04:00:00 +02:00,17218.71,13529.10
13.10.2025 05:00:00 +02:00,18106.12,13805.19
13.10.2025 06:00:00 +02:00,17899.93,14808.45
13.10.2025 07:00:00 +02:00,18800.91,15984.22
13.10.2025 08:00:00 +02:00,19434.89,16257.57
13.10.2025 09:00:00 +02:00,19188.72,16119.96
13.10.2025 10:00:00 +02:00,19861.00,16024.64
13.10.2025 11:00:00 +02:00,19625.89,15837.61
13.10.2025 12:00:00 +02:00,19413.86,15703.09
13.10.2025 13:00:00 +02:00,19291.38,15587.78
13.10.2025 14:00:00 +02:00,18984.48,15546.18
13.10.2025 15:00:00 +02:00,19254.50,15620.84
13.10.2025 16:00:00 +02:00,19568.24,15754.09
13.10.2025 17:00:00 +02:00,20008.70,15755.18
13.10.2025 18:00:00 +02:00,20070.48,15847.98
13.10.2025 19:00:00 +02:00,20003.16,15874.20
13.10.2025 20:00:00 +02:00,19350.82,15789.39
13.10.2025 21:00:00 +02:00,19078.96,15459.98
13.10.2025 22:00:00 +02:00,18815.80,14988.76
13.10.2025 23:00:00 +02:00,18084.71,14356.05
14.10.2025 00:00:00 +02:00,17959.90,13823.28
14.10.2025 01:00:00 +02:00,17499.51,13475.80
14.10.2025 02:00:00 +02:00,17366.48,13319.89
14.10.2025 03:00:00 +02:00,17091.65,13191.13
14.10.2025 04:00:00 +02:00,17084.28,13220.41
14.10.2025 05:00:00 +02:00,17210.64,13531.52
14.10.2025 06:00:00 +02:00,19173.20,14499.55
14.10.2025 07:00:00 +02:00,19965.04,15629.62
14.10.2025 08:00:00 +02:00,20231.83,15876.18
14.10.2025 09:00:00 +02:00,19634.13,15275.91
14.10.2025 10:00:00 +02:00,19696.45,15534.14
14.10.2025 11:00:00 +02:00,18897.30,15329.40
14.10.2025 12:00:00 +02:00,18885.44,15104.52
14.10.2025 13:00:00 +02:00,18600.86,14985.49
14.10.2025 14:00:00 +02:00,18717.08,14894.57
14.10.2025 15:00:00 +02:00,18951.21,15004.76
14.10.2025 16:00:00 +02:00,19333.98,15124.09
14.10.2025 17:00:00 +02:00,19147.08,15145.71
14.10.2025 18:00:00 +02:00,19485.17,15380.45
14.10.2025 19:00:00 +02:00,19507.84,15516.13
14.10.2025 20:00:00 +02:00,19134.32,15437.53
14.10.2025 21:00:00 +02:00,18409.75,15243.42
14.10.2025 22:00:00 +02:00,17206.42,14898.12
14.10.2025 23:00:00 +02:00,16929.65,14286.99
15.10.2025 00:00:00 +02:00,17680.28,13794.32
15.10.2025 01:00:00 +02:00,17143.58,13493.87
15.10.2025 02:00:00 +02:00,16937.80,13322.28
15.10.2025 03:00:00 +02:00,16818.50,13222.62
15.10.2025 04:00:00 +02:00,16449.02,13163.14
15.10.2025 05:00:00 +02:00,16325.63,13469.37
15.10.2025 06:00:00 +02:00,16733.22,14408.91
15.10.2025 07:00:00 +02:00,18051.41,15580.62
15.10.2025 08:00:00 +02:00,18560.82,15768.12
15.10.2025 09:00:00 +02:00,18526.61,15722.19
15.10.2025 10:00:00 +02:00,18439.99,15584.98
15.10.2025 11:00:00 +02:00,18346.45,15391.92
15.10.2025 12:00:00 +02:00,18112.28,15224.89
15.10.2025 13:00:00 +02:00,18523.28,15075.40
15.10.2025 14:00:00 +02:00,18523.28,14966.69
15.10.2025 15:00:00 +02:00,18345.28,15133.72
15.10.2025 16:00:00 +02:00,18168.66,15330.00
15.10.2025 17:00:00 +02:00,18582.16,15456.05
15.10.2025 18:00:00 +02:00,19036.33,15588.38
15.10.2025 19:00:00 +02:00,19924.89,15723.64
15.10.2025 20:00:00 +02:00,20589.58,15659.41
15.10.2025 21:00:00 +02:00,20775.14,15413.19
15.10.2025 22:00:00 +02:00,20283.34,15061.86
15.10.2025 23:00:00 +02:00,19388.40,14484.40
16.10.2025 00:00:00 +02:00,18311.93,14036.06
16.10.2025 01:00:00 +02:00,18042.26,13763.90
16.10.2025 02:00:00 +02:00,17991.98,13577.07
16.10.2025 03:00:00 +02:00,17833.11,13516.36
16.10.2025 04:00:00 +02:00,17781.42,13530.40
16.10.2025 05:00:00 +02:00,17912.62,13835.78
16.10.2025 06:00:00 +02:00,18496.45,14809.86
16.10.2025 07:00:00 +02:00,19461.36,15999.41
16.10.2025 08:00:00 +02:00,20107.46,16259.51
16.10.2025 09:00:00 +02:00,19954.50,16209.42
16.10.2025 10:00:00 +02:00,19181.10,15891.60
16.10.2025 11:00:00 +02:00,19080.02,15761.24
16.10.2025 12:00:00 +02:00,18445.94,15642.96
16.10.2025 13:00:00 +02:00,18077.18,15550.78
16.10.2025 14:00:00 +02:00,18299.98,15466.16
16.10.2025 15:00:00 +02:00,19132.19,15766.81
16.10.2025 16:00:00 +02:00,19380.62,16015.84
16.10.2025 17:00:00 +02:00,19373.76,16101.65
16.10.2025 18:00:00 +02:00,18922.98,16312.10
16.10.2025 19:00:00 +02:00,19140.49,16427.43
16.10.2025 20:00:00 +02:00,19680.18,16414.68
16.10.2025 21:00:00 +02:00,19429.86,16206.37
16.10.2025 22:00:00 +02:00,19268.77,15932.56
16.10.2025 23:00:00 +02:00,19373.18,15395.07
17.10.2025 00:00:00 +02:00,18769.44,14971.34
17.10.2025 01:00:00 +02:00,18631.16,14632.01
17.10.2025 02:00:00 +02:00,18503.08,14490.60
17.10.2025 03:00:00 +02:00,18171.17,14342.89
17.10.2025 04:00:00 +02:00,18188.03,14281.98
17.10.2025 05:00:00 +02:00,18082.15,14433.70
17.10.2025 06:00:00 +02:00,19027.77,15552.40
17.10.2025 07:00:00 +02:00,19964.33,16991.28
17.10.2025 08:00:00 +02:00,20652.09,17416.54
17.10.2025 09:00:00 +02:00,20984.00,17406.15
17.10.2025 10:00:00 +02:00,20663.03,16965.64
17.10.2025 11:00:00 +02:00,20099.88,16468.63
17.10.2025 12:00:00 +02:00,19712.99,16177.25
17.10.2025 13:00:00 +02:00,18940.27,15948.75
17.10.2025 14:00:00 +02:00,18997.06,15951.84
17.10.2025 15:00:00 +02:00,19416.55,16036.92
17.10.2025 16:00:00 +02:00,19690.59,16149.72
17.10.2025 17:00:00 +02:00,20192.14,16364.38
17.10.2025 18:00:00 +02:00,20531.27,16670.06
17.10.2025 19:00:00 +02:00,20330.98,16722.88
17.10.2025 20:00:00 +02:00,20079.36,16503.94
17.10.2025 21:00:00 +02:00,19841.61,16208.45
17.10.2025 22:00:00 +02:00,19560.30,15837.15
17.10.2025 23:00:00 +02:00,19134.27,15405.17
18.10.2025 00:00:00 +02:00,18398.45,15131.20
18.10.2025 01:00:00 +02:00,18482.07,14999.65
18.10.2025 02:00:00 +02:00,18460.24,14828.26
18.10.2025 03:00:00 +02:00,18392.55,14722.75
18.10.2025 04:00:00 +02:00,18598.28,14690.25
18.10.2025 05:00:00 +02:00,18879.21,14817.68
18.10.2025 06:00:00 +02:00,19440.30,15101.18
18.10.2025 07:00:00 +02:00,19980.90,15595.03
18.10.2025 08:00:00 +02:00,20603.35,16096.87
18.10.2025 09:00:00 +02:00,20777.52,16476.87
18.10.2025 10:00:00 +02:00,20938.68,16496.08
18.10.2025 11:00:00 +02:00,20374.59,16254.77
18.10.2025 12:00:00 +02:00,18989.69,15922.99
18.10.2025 13:00:00 +02:00,17378.16,15661.81
18.10.2025 14:00:00 +02:00,18627.07,15611.53
18.10.2025 15:00:00 +02:00,19788.71,15619.16
18.10.2025 16:00:00 +02:00,19922.01,15732.85
18.10.2025 17:00:00 +02:00,20541.43,16015.95
18.10.2025 18:00:00 +02:00,20943.62,16402.35
18.10.2025 19:00:00 +02:00,21216.54,16416.95
18.10.2025 20:00:00 +02:00,20874.39,16167.13
18.10.2025 21:00:00 +02:00,20689.86,15906.34
18.10.2025 22:00:00 +02:00,20351.52,15617.80
18.10.2025 23:00:00 +02:00,19679.74,15344.40
19.10.2025 00:00:00 +02:00,19251.62,15050.63
19.10.2025 01:00:00 +02:00,18239.22,14818.20
19.10.2025 02:00:00 +02:00,17523.68,14649.15
19.10.2025 03:00:00 +02:00,17099.40,14563.53
19.10.2025 04:00:00 +02:00,17060.27,14559.97
19.10.2025 05:00:00 +02:00,16517.94,14569.82
19.10.2025 06:00:00 +02:00,16706.77,14751.00
19.10.2025 07:00:00 +02:00,17210.68,15066.73
19.10.2025 08:00:00 +02:00,17924.49,15437.64
19.10.2025 09:00:00 +02:00,17747.52,15798.63
19.10.2025 10:00:00 +02:00,16770.15,15970.70
19.10.2025 11:00:00 +02:00,14975.65,15868.75
19.10.2025 12:00:00 +02:00,13438.95,15773.18
19.10.2025 13:00:00 +02:00,12974.96,15689.66
19.10.2025 14:00:00 +02:00,13784.76,15612.28
19.10.2025 15:00:00 +02:00,15625.12,15570.84
19.10.2025 16:00:00 +02:00,18524.89,15711.92
19.10.2025 17:00:00 +02:00,20187.44,16036.93
19.10.2025 18:00:00 +02:00,20423.12,16399.84
19.10.2025 19:00:00 +02:00,19997.20,16496.45
19.10.2025 20:00:00 +02:00,19088.72,16386.52
19.10.2025 21:00:00 +02:00,18394.16,16130.72
19.10.2025 22:00:00 +02:00,17581.73,15756.38
19.10.2025 23:00:00 +02:00,16057.22,15263.17
20.10.2025 00:00:00 +02:00,15429.24,14741.41
20.10.2025 01:00:00 +02:00,15076.16,14485.68
20.10.2025 02:00:00 +02:00,15031.25,14341.84
20.10.2025 03:00:00 +02:00,15047.30,14295.46
20.10.2025 04:00:00 +02:00,15292.77,14310.22
20.10.2025 05:00:00 +02:00,15842.50,14674.64
20.10.2025 06:00:00 +02:00,17820.20,15761.08
20.10.2025 07:00:00 +02:00,20649.59,17009.02
20.10.2025 08:00:00 +02:00,21401.88,17270.51
20.10.2025 09:00:00 +02:00,20459.67,17156.03
20.10.2025 10:00:00 +02:00,19566.01,17047.73
20.10.2025 11:00:00 +02:00,18842.84,16702.90
20.10.2025 12:00:00 +02:00,18727.66,16865.46
20.10.2025 13:00:00 +02:00,18842.45,16774.68
20.10.2025 14:00:00 +02:00,19236.70,16877.72
20.10.2025 15:00:00 +02:00,20243.63,16934.79
20.10.2025 16:00:00 +02:00,20741.88,17125.72
20.10.2025 17:00:00 +02:00,20929.90,17130.50
20.10.2025 18:00:00 +02:00,20714.36,17189.77
20.10.2025 19:00:00 +02:00,20359.40,17152.36
20.10.2025 20:00:00 +02:00,19291.58,16919.31
20.10.2025 21:00:00 +02:00,18702.84,16598.47
20.10.2025 22:00:00 +02:00,17539.29,16124.46
20.10.2025 23:00:00 +02:00,15675.00,15458.38
21.10.2025 00:00:00 +02:00,14947.29,14883.11
21.10.2025 01:00:00 +02:00,14223.34,14572.97
21.10.2025 02:00:00 +02:00,13937.62,14355.78
21.10.2025 03:00:00 +02:00,13663.90,14282.23
21.10.2025 04:00:00 +02:00,13576.26,14293.55
21.10.2025 05:00:00 +02:00,14859.80,14521.70
21.10.2025 06:00:00 +02:00,17459.87,15561.89
21.10.2025 07:00:00 +02:00,19953.70,16701.50
21.10.2025 08:00:00 +02:00,20465.03,16953.86
21.10.2025 09:00:00 +02:00,20207.31,16917.04
21.10.2025 10:00:00 +02:00,19124.56,16229.61
21.10.2025 11:00:00 +02:00,18395.80,16407.74
21.10.2025 12:00:00 +02:00,16746.60,16623.66
21.10.2025 13:00:00 +02:00,15556.58,16521.94
21.10.2025 14:00:00 +02:00,16063.88,16594.22
21.10.2025 15:00:00 +02:00,17657.54,16731.40
21.10.2025 16:00:00 +02:00,19050.78,16975.95
21.10.2025 17:00:00 +02:00,19788.10,16924.41
21.10.2025 18:00:00 +02:00,20509.09,16955.59
21.10.2025 19:00:00 +02:00,20152.85,16895.81
21.10.2025 20:00:00 +02:00,19175.27,16699.09
21.10.2025 21:00:00 +02:00,18204.40,16377.83
21.10.2025 22:00:00 +02:00,17564.36,15892.65
21.10.2025 23:00:00 +02:00,16754.88,15164.76
22.10.2025 00:00:00 +02:00,15492.38,14645.21
22.10.2025 01:00:00 +02:00,15108.77,14291.67
22.10.2025 02:00:00 +02:00,14683.67,14016.10
22.10.2025 03:00:00 +02:00,14679.58,13859.13
22.10.2025 04:00:00 +02:00,15005.06,13805.88
22.10.2025 05:00:00 +02:00,15155.48,14073.92
22.10.2025 06:00:00 +02:00,17438.37,14952.06
22.10.2025 07:00:00 +02:00,19852.13,16036.38
22.10.2025 08:00:00 +02:00,20161.64,16241.22
22.10.2025 09:00:00 +02:00,20559.60,16212.60
22.10.2025 10:00:00 +02:00,20272.79,16103.90
22.10.2025 11:00:00 +02:00,20055.16,16037.25
22.10.2025 12:00:00 +02:00,19929.96,15991.42
22.10.2025 13:00:00 +02:00,19826.34,15960.34
22.10.2025 14:00:00 +02:00,19871.39,16028.30
22.10.2025 15:00:00 +02:00,20205.94,16109.00
22.10.2025 16:00:00 +02:00,20893.95,16313.25
22.10.2025 17:00:00 +02:00,21184.36,16314.14
22.10.2025 18:00:00 +02:00,21336.10,16375.71
22.10.2025 19:00:00 +02:00,21157.42,16256.82
22.10.2025 20:00:00 +02:00,20915.14,16082.02
22.10.2025 21:00:00 +02:00,20467.65,15839.06
22.10.2025 22:00:00 +02:00,19660.10,15408.58
22.10.2025 23:00:00 +02:00,18909.02,14797.50
23.10.2025 00:00:00 +02:00,18440.14,14260.74
23.10.2025 01:00:00 +02:00,18103.37,13920.44
23.10.2025 02:00:00 +02:00,17763.90,13747.34
23.10.2025 03:00:00 +02:00,16888.16,13623.24
23.10.2025 04:00:00 +02:00,16719.38,13627.47
23.10.2025 05:00:00 +02:00,16336.74,13926.14
23.10.2025 06:00:00 +02:00,17874.58,14841.64
23.10.2025 07:00:00 +02:00,20241.31,16045.18
23.10.2025 08:00:00 +02:00,20850.47,16337.55
23.10.2025 09:00:00 +02:00,20844.00,16293.24
23.10.2025 10:00:00 +02:00,20329.39,16199.94
23.10.2025 11:00:00 +02:00,18907.07,15905.14
23.10.2025 12:00:00 +02:00,17356.79,15726.52
23.10.2025 13:00:00 +02:00,17275.51,15623.62
23.10.2025 14:00:00 +02:00,17606.62,15720.14
23.10.2025 15:00:00 +02:00,19086.32,15812.68
23.10.2025 16:00:00 +02:00,19973.93,16118.69
23.10.2025 17:00:00 +02:00,20733.82,16204.32
23.10.2025 18:00:00 +02:00,20872.01,16367.47
23.10.2025 19:00:00 +02:00,20216.11,16330.92
23.10.2025 20:00:00 +02:00,19774.18,16043.64
23.10.2025 21:00:00 +02:00,19041.18,15740.49
23.10.2025 22:00:00 +02:00,17872.01,15335.88
23.10.2025 23:00:00 +02:00,15102.63,14799.54
24.10.2025 00:00:00 +02:00,13162.91,14329.10
24.10.2025 01:00:00 +02:00,12590.00,13986.64
24.10.2025 02:00:00 +02:00,11765.52,13731.86
24.10.2025 03:00:00 +02:00,11686.08,13668.42
24.10.2025 04:00:00 +02:00,11838.36,13648.69
24.10.2025 05:00:00 +02:00,12416.85,13913.52
24.10.2025 06:00:00 +02:00,14413.93,14859.34
24.10.2025 07:00:00 +02:00,17775.29,15940.92
24.10.2025 08:00:00 +02:00,19242.37,16311.52
24.10.2025 09:00:00 +02:00,18553.83,16205.20
24.10.2025 10:00:00 +02:00,16734.48,16245.86
24.10.2025 11:00:00 +02:00,15193.72,16225.32
24.10.2025 12:00:00 +02:00,14501.76,16157.68
24.10.2025 13:00:00 +02:00,14367.79,16143.48
24.10.2025 14:00:00 +02:00,14233.08,16232.00
24.10.2025 15:00:00 +02:00,14356.24,16306.72
24.10.2025 16:00:00 +02:00,15403.42,16474.88
24.10.2025 17:00:00 +02:00,17597.18,16569.19
24.10.2025 18:00:00 +02:00,18779.45,16559.26
24.10.2025 19:00:00 +02:00,18212.73,16284.78
24.10.2025 20:00:00 +02:00,16324.42,15887.78
24.10.2025 21:00:00 +02:00,14788.73,15510.22
24.10.2025 22:00:00 +02:00,13446.94,15233.80
24.10.2025 23:00:00 +02:00,12343.99,14887.52
25.10.2025 00:00:00 +02:00,12119.55,14376.26
25.10.2025 01:00:00 +02:00,12593.85,14059.40
25.10.2025 02:00:00 +02:00,12162.28,13859.85
25.10.2025 03:00:00 +02:00,11404.70,13779.93
25.10.2025 04:00:00 +02:00,11055.71,13738.02
25.10.2025 05:00:00 +02:00,11208.84,13757.73
25.10.2025 06:00:00 +02:00,11698.18,13986.88
25.10.2025 07:00:00 +02:00,12351.09,14344.91
25.10.2025 08:00:00 +02:00,12777.69,14836.89
25.10.2025 09:00:00 +02:00,13121.68,15300.42
25.10.2025 10:00:00 +02:00,13537.61,15605.28
25.10.2025 11:00:00 +02:00,13403.11,15564.85
25.10.2025 12:00:00 +02:00,13162.09,15482.52
25.10.2025 13:00:00 +02:00,12682.99,15438.68
25.10.2025 14:00:00 +02:00,13470.10,15406.86
25.10.2025 15:00:00 +02:00,13231.21,15435.12
25.10.2025 16:00:00 +02:00,13664.32,15581.30
25.10.2025 17:00:00 +02:00,14365.67,15838.14
25.10.2025 18:00:00 +02:00,16459.97,16003.77
25.10.2025 19:00:00 +02:00,17148.13,15870.59
25.10.2025 20:00:00 +02:00,14754.92,15505.78
25.10.2025 21:00:00 +02:00,13396.30,15199.04
25.10.2025 22:00:00 +02:00,12674.51,14872.75
25.10.2025 23:00:00 +02:00,11854.90,14627.51
26.10.2025 00:00:00 +02:00,11528.22,14331.30
26.10.2025 01:00:00 +02:00,10792.74,14042.74
26.10.2025 02:00:00 +02:00,10170.75,13873.78
26.10.2025 02:00:00 +01:00,9797.99,13751.66
26.10.2025 03:00:00 +01:00,9809.99,13694.48
26.10.2025 04:00:00 +01:00,9243.10,13676.40
26.10.2025 05:00:00 +01:00,9305.84,13766.10
26.10.2025 06:00:00 +01:00,9860.78,13985.05
26.10.2025 07:00:00 +01:00,10876.59,14347.78
26.10.2025 08:00:00 +01:00,11506.51,14810.96
26.10.2025 09:00:00 +01:00,12568.70,15163.95
26.10.2025 10:00:00 +01:00,12661.00,15287.70
26.10.2025 11:00:00 +01:00,12373.55,15330.85
26.10.2025 12:00:00 +01:00,12614.61,15303.50
26.10.2025 13:00:00 +01:00,12730.82,15341.66
26.10.2025 14:00:00 +01:00,13006.15,15467.91
26.10.2025 15:00:00 +01:00,13514.09,15632.41
26.10.2025 16:00:00 +01:00,14974.65,15901.70
26.10.2025 17:00:00 +01:00,16349.79,16205.91
26.10.2025 18:00:00 +01:00,16621.36,16177.75
26.10.2025 19:00:00 +01:00,15572.39,16113.05
26.10.2025 20:00:00 +01:00,14440.85,16031.72
26.10.2025 21:00:00 +01:00,13989.61,15781.64
26.10.2025 22:00:00 +01:00,13043.46,15456.82
26.10.2025 23:00:00 +01:00,12510.66,14955.18
27.10.2025 00:00:00 +01:00,12900.49,14543.36
27.10.2025 01:00:00 +01:00,12101.02,14332.49
27.10.2025 02:00:00 +01:00,11820.24,14097.00
27.10.2025 03:00:00 +01:00,11600.03,14085.92
27.10.2025 04:00:00 +01:00,11722.13,14128.39
27.10.2025 05:00:00 +01:00,12543.31,14459.81
27.10.2025 06:00:00 +01:00,15692.25,15574.88
27.10.2025 07:00:00 +01:00,19599.16,16820.61
27.10.2025 08:00:00 +01:00,21151.14,17166.60
27.10.2025 09:00:00 +01:00,21524.23,17057.14
27.10.2025 10:00:00 +01:00,21571.94,16920.05
27.10.2025 11:00:00 +01:00,21186.26,16718.44
27.10.2025 12:00:00 +01:00,20787.87,16546.42
27.10.2025 13:00:00 +01:00,20430.39,16468.02
27.10.2025 14:00:00 +01:00,20479.27,16611.99
27.10.2025 15:00:00 +01:00,21116.63,16791.08
27.10.2025 16:00:00 +01:00,21814.73,17160.83
27.10.2025 17:00:00 +01:00,21630.08,17320.91
27.10.2025 18:00:00 +01:00,21548.65,17132.33
27.10.2025 19:00:00 +01:00,21612.23,17025.78
27.10.2025 20:00:00 +01:00,21556.08,16897.85
27.10.2025 21:00:00 +01:00,20847.15,16551.92
27.10.2025 22:00:00 +01:00,20121.19,16142.07
27.10.2025 23:00:00 +01:00,18116.69,15591.68
28.10.2025 00:00:00 +01:00,15455.05,15243.32
28.10.2025 01:00:00 +01:00,13412.59,14954.66
28.10.2025 02:00:00 +01:00,12658.37,14852.44
28.10.2025 03:00:00 +01:00,12856.10,14844.60
28.10.2025 04:00:00 +01:00,12608.31,14886.08
28.10.2025 05:00:00 +01:00,13404.70,15277.83
28.10.2025 06:00:00 +01:00,16929.36,16449.36
28.10.2025 07:00:00 +01:00,19946.37,17517.09
28.10.2025 08:00:00 +01:00,21300.81,17734.72
28.10.2025 09:00:00 +01:00,20668.37,17572.05
28.10.2025 10:00:00 +01:00,19492.00,16915.26
28.10.2025 11:00:00 +01:00,18660.12,16985.27
28.10.2025 12:00:00 +01:00,17564.61,16821.98
28.10.2025 13:00:00 +01:00,17080.78,16815.58
28.10.2025 14:00:00 +01:00,17722.07,16858.39
28.10.2025 15:00:00 +01:00,19644.41,17162.67
28.10.2025 16:00:00 +01:00,21059.58,17519.98
28.10.2025 17:00:00 +01:00,22057.59,17760.10
28.10.2025 18:00:00 +01:00,22119.79,17720.34
28.10.2025 19:00:00 +01:00,22162.78,17685.90
28.10.2025 20:00:00 +01:00,21937.15,17599.83
28.10.2025 21:00:00 +01:00,21157.83,17325.95
28.10.2025 22:00:00 +01:00,20681.48,16861.29
28.10.2025 23:00:00 +01:00,19215.43,16214.98
29.10.2025 00:00:00 +01:00,17162.45,15846.88
29.10.2025 01:00:00 +01:00,16805.87,15576.30
29.10.2025 02:00:00 +01:00,16361.23,15391.24
29.10.2025 03:00:00 +01:00,16200.30,15290.39
29.10.2025 04:00:00 +01:00,15960.27,15275.70
29.10.2025 05:00:00 +01:00,17618.96,15600.99
29.10.2025 06:00:00 +01:00,20027.51,16611.78
29.10.2025 07:00:00 +01:00,21693.85,17706.47
29.10.2025 08:00:00 +01:00,22191.66,17852.12
29.10.2025 09:00:00 +01:00,21446.28,17676.69
29.10.2025 10:00:00 +01:00,20075.87,17419.76
29.10.2025 11:00:00 +01:00,19446.23,17073.38
29.10.2025 12:00:00 +01:00,19549.62,16926.28
29.10.2025 13:00:00 +01:00,21440.96,16982.79
29.10.2025 14:00:00 +01:00,21823.92,17081.64
29.10.2025 15:00:00 +01:00,22369.57,17392.23
29.10.2025 16:00:00 +01:00,22555.73,17810.32
29.10.2025 17:00:00 +01:00,23080.00,17946.56
29.10.2025 18:00:00 +01:00,22893.31,17845.07
29.10.2025 19:00:00 +01:00,22946.65,17748.95
29.10.2025 20:00:00 +01:00,22651.39,17624.37
29.10.2025 21:00:00 +01:00,22458.67,17334.52
29.10.2025 22:00:00 +01:00,21641.23,16937.90
29.10.2025 23:00:00 +01:00,20538.07,16393.82
30.10.2025 00:00:00 +01:00,19642.75,15953.40
30.10.2025 01:00:00 +01:00,19011.61,15626.07
30.10.2025 02:00:00 +01:00,18435.82,15467.21
30.10.2025 03:00:00 +01:00,17549.78,15374.93
30.10.2025 04:00:00 +01:00,16950.51,15422.82
30.10.2025 05:00:00 +01:00,17629.61,15743.11
30.10.2025 06:00:00 +01:00,20315.03,16801.92
30.10.2025 07:00:00 +01:00,22551.47,17853.95
30.10.2025 08:00:00 +01:00,22018.09,18025.32
30.10.2025 09:00:00 +01:00,19878.16,17963.92
30.10.2025 10:00:00 +01:00,18280.46,17850.99
30.10.2025 11:00:00 +01:00,16924.92,17675.41
30.10.2025 12:00:00 +01:00,16764.92,17545.49
30.10.2025 13:00:00 +01:00,16054.88,17460.31
30.10.2025 14:00:00 +01:00,16345.63,17443.39
30.10.2025 15:00:00 +01:00,19032.75,17630.63
30.10.2025 16:00:00 +01:00,20965.99,18031.91
30.10.2025 17:00:00 +01:00,21790.78,18259.19
30.10.2025 18:00:00 +01:00,22074.49,18222.93
30.10.2025 19:00:00 +01:00,21372.80,18200.42
30.10.2025 20:00:00 +01:00,20671.01,18146.25
30.10.2025 21:00:00 +01:00,19958.20,17876.73
30.10.2025 22:00:00 +01:00,19399.21,17527.65
30.10.2025 23:00:00 +01:00,18428.44,16986.12
31.10.2025 00:00:00 +01:00,17531.25,16488.14
31.10.2025 01:00:00 +01:00,16912.15,16192.10
31.10.2025 02:00:00 +01:00,16664.87,16007.34
31.10.2025 03:00:00 +01:00,16563.74,15911.03
31.10.2025 04:00:00 +01:00,16907.21,15947.36
31.10.2025 05:00:00 +01:00,17174.93,16185.92
31.10.2025 06:00:00 +01:00,18788.71,17202.15
31.10.2025 07:00:00 +01:00,20473.46,18458.50
31.10.2025 08:00:00 +01:00,21213.60,18758.50
31.10.2025 09:00:00 +01:00,21800.05,18626.92
31.10.2025 10:00:00 +01:00,22172.12,18510.02
31.10.2025 11:00:00 +01:00,22343.85,18222.18
31.10.2025 12:00:00 +01:00,21894.02,18054.66
31.10.2025 13:00:00 +01:00,22123.98,17966.92
31.10.2025 14:00:00 +01:00,22221.23,18042.37
31.10.2025 15:00:00 +01:00,22331.79,18108.10
31.10.2025 16:00:00 +01:00,22754.14,18393.91
31.10.2025 17:00:00 +01:00,22351.84,18349.60
31.10.2025 18:00:00 +01:00,21962.61,18035.20
31.10.2025 19:00:00 +01:00,21679.01,17765.80
31.10.2025 20:00:00 +01:00,21755.56,17499.88
31.10.2025 21:00:00 +01:00,21055.59,17065.54
31.10.2025 22:00:00 +01:00,20112.53,16658.36
31.10.2025 23:00:00 +01:00,18129.74,16119.70
01.11.2025 00:00:00 +01:00,16369.20,15729.82
01.11.2025 01:00:00 +01:00,15696.26,15469.11
01.11.2025 02:00:00 +01:00,15274.64,15284.24
01.11.2025 03:00:00 +01:00,14973.11,15174.52
01.11.2025 04:00:00 +01:00,14767.24,15084.10
01.11.2025 05:00:00 +01:00,14455.57,15097.85
01.11.2025 06:00:00 +01:00,14369.59,15273.66
01.11.2025 07:00:00 +01:00,13940.13,15565.56
01.11.2025 08:00:00 +01:00,14068.13,15992.82
01.11.2025 09:00:00 +01:00,13919.07,16427.21
01.11.2025 10:00:00 +01:00,13903.45,16829.90
01.11.2025 11:00:00 +01:00,14150.76,16884.56
01.11.2025 12:00:00 +01:00,14534.74,16854.62
01.11.2025 13:00:00 +01:00,15392.36,16771.00
01.11.2025 14:00:00 +01:00,16594.62,16728.47
01.11.2025 15:00:00 +01:00,18294.17,16830.33
01.11.2025 16:00:00 +01:00,20352.23,17003.82
01.11.2025 17:00:00 +01:00,21794.00,17113.88
01.11.2025 18:00:00 +01:00,21537.34,16909.18
01.11.2025 19:00:00 +01:00,21025.89,16560.26
01.11.2025 20:00:00 +01:00,20264.62,16185.88
01.11.2025 21:00:00 +01:00,19789.73,15885.26
01.11.2025 22:00:00 +01:00,18865.60,15541.37
01.11.2025 23:00:00 +01:00,18242.82,15154.20
02.11.2025 00:00:00 +01:00,17488.24,14883.77
02.11.2025 01:00:00 +01:00,16871.75,14601.42
02.11.2025 02:00:00 +01:00,16426.03,14414.86
02.11.2025 03:00:00 +01:00,16399.76,14259.81
02.11.2025 04:00:00 +01:00,16193.21,14208.36
02.11.2025 05:00:00 +01:00,16047.40,14227.84
02.11.2025 06:00:00 +01:00,16073.91,14380.56
02.11.2025 07:00:00 +01:00,16569.67,14605.02
02.11.2025 08:00:00 +01:00,16926.83,14907.11
02.11.2025 09:00:00 +01:00,17849.53,15314.61
02.11.2025 10:00:00 +01:00,17105.06,15481.56
02.11.2025 11:00:00 +01:00,17260.76,15526.11
02.11.2025 12:00:00 +01:00,17790.86,15598.12
02.11.2025 13:00:00 +01:00,18472.84,15695.72
02.11.2025 14:00:00 +01:00,19918.44,15874.42
02.11.2025 15:00:00 +01:00,20647.64,16020.64
02.11.2025 16:00:00 +01:00,21763.26,16394.65
02.11.2025 17:00:00 +01:00,22142.86,16651.91
02.11.2025 18:00:00 +01:00,22263.48,16705.05
02.11.2025 19:00:00 +01:00,22290.83,16646.09
02.11.2025 20:00:00 +01:00,21868.98,16530.66
02.11.2025 21:00:00 +01:00,21493.36,16255.80
02.11.2025 22:00:00 +01:00,20481.92,15981.61
02.11.2025 23:00:00 +01:00,19399.56,15469.50
03.11.2025 00:00:00 +01:00,18668.56,15048.65
03.11.2025 01:00:00 +01:00,17853.06,14804.92
03.11.2025 02:00:00 +01:00,17074.96,14660.06
03.11.2025 03:00:00 +01:00,16591.56,14549.11
03.11.2025 04:00:00 +01:00,16608.34,14533.30
03.11.2025 05:00:00 +01:00,16873.52,14868.32
03.11.2025 06:00:00 +01:00,17790.23,15848.94
03.11.2025 07:00:00 +01:00,17835.26,16979.34
03.11.2025 08:00:00 +01:00,18661.70,17253.91
03.11.2025 09:00:00 +01:00,19471.66,17281.30
03.11.2025 10:00:00 +01:00,19597.73,17002.81
03.11.2025 11:00:00 +01:00,19413.46,16659.90
03.11.2025 12:00:00 +01:00,18430.40,16319.92
03.11.2025 13:00:00 +01:00,18432.43,16242.92
03.11.2025 14:00:00 +01:00,18973.90,16574.09
03.11.2025 15:00:00 +01:00,19393.96,16971.98
03.11.2025 16:00:00 +01:00,20206.38,17468.42
03.11.2025 17:00:00 +01:00,21169.48,17526.67
03.11.2025 18:00:00 +01:00,21122.34,17214.97
03.11.2025 19:00:00 +01:00,20209.14,16736.36
03.11.2025 20:00:00 +01:00,18596.26,16325.26
03.11.2025 21:00:00 +01:00,17060.09,15853.54
03.11.2025 22:00:00 +01:00,15200.56,15255.56
03.11.2025 23:00:00 +01:00,13664.19,14592.67
04.11.2025 00:00:00 +01:00,12616.74,14291.27
04.11.2025 01:00:00 +01:00,12535.79,13980.47
04.11.2025 02:00:00 +01:00,12479.01,13825.16
04.11.2025 03:00:00 +01:00,12345.56,13634.82
04.11.2025 04:00:00 +01:00,12461.06,13461.45
04.11.2025 05:00:00 +01:00,12976.00,13509.32
04.11.2025 06:00:00 +01:00,14762.11,14355.23
04.11.2025 07:00:00 +01:00,15585.64,15500.20
04.11.2025 08:00:00 +01:00,16555.32,15714.49
04.11.2025 09:00:00 +01:00,17058.86,15759.74
04.11.2025 10:00:00 +01:00,17067.42,15651.91
04.11.2025 11:00:00 +01:00,16611.63,15459.66
04.11.2025 12:00:00 +01:00,16540.78,15332.10
04.11.2025 13:00:00 +01:00,17056.14,15396.62
04.11.2025 14:00:00 +01:00,17981.47,15927.64
04.11.2025 15:00:00 +01:00,18966.32,16452.10
04.11.2025 16:00:00 +01:00,19456.71,16866.04
04.11.2025 17:00:00 +01:00,20540.59,16923.12
04.11.2025 18:00:00 +01:00,20089.45,16720.71
04.11.2025 19:00:00 +01:00,19852.24,16553.63
04.11.2025 20:00:00 +01:00,19718.32,16327.50
04.11.2025 21:00:00 +01:00,19276.09,16046.21
04.11.2025 22:00:00 +01:00,18479.34,15469.46
04.11.2025 23:00:00 +01:00,17536.78,14811.99
05.11.2025 00:00:00 +01:00,17033.49,14204.21
05.11.2025 01:00:00 +01:00,15998.53,13595.60
05.11.2025 02:00:00 +01:00,15782.36,13318.70
05.11.2025 03:00:00 +01:00,15468.37,13245.12
05.11.2025 04:00:00 +01:00,15399.76,13202.44
05.11.2025 05:00:00 +01:00,16158.37,13647.43
05.11.2025 06:00:00 +01:00,17451.60,14679.61
05.11.2025 07:00:00 +01:00,18158.23,15799.38
05.11.2025 08:00:00 +01:00,18127.54,16027.45
05.11.2025 09:00:00 +01:00,18569.92,16152.76
05.11.2025 10:00:00 +01:00,18047.10,16050.24
05.11.2025 11:00:00 +01:00,18027.77,15752.16
05.11.2025 12:00:00 +01:00,18005.88,15681.24
05.11.2025 13:00:00 +01:00,18959.45,16003.64
05.11.2025 14:00:00 +01:00,19698.70,16119.63
05.11.2025 15:00:00 +01:00,19794.62,16251.31
05.11.2025 16:00:00 +01:00,20884.85,16648.10
05.11.2025 17:00:00 +01:00,21915.09,16677.88
05.11.2025 18:00:00 +01:00,21334.84,16540.99
05.11.2025 19:00:00 +01:00,20990.81,16406.96
05.11.2025 20:00:00 +01:00,20676.27,16254.98
05.11.2025 21:00:00 +01:00,20107.82,15982.29
05.11.2025 22:00:00 +01:00,19531.71,15563.48
05.11.2025 23:00:00 +01:00,18845.47,14945.06
06.11.2025 00:00:00 +01:00,17943.36,14436.49
06.11.2025 01:00:00 +01:00,17498.78,14086.68
06.11.2025 02:00:00 +01:00,16843.24,13835.52
06.11.2025 03:00:00 +01:00,16816.62,13747.89
06.11.2025 04:00:00 +01:00,16706.86,13770.10
06.11.2025 05:00:00 +01:00,17159.01,14020.33
06.11.2025 06:00:00 +01:00,18913.18,14889.72
06.11.2025 07:00:00 +01:00,20074.06,15996.38
06.11.2025 08:00:00 +01:00,20573.83,16203.16
06.11.2025 09:00:00 +01:00,20324.21,16221.87
06.11.2025 10:00:00 +01:00,20503.76,16133.16
06.11.2025 11:00:00 +01:00,19903.48,15713.41
06.11.2025 12:00:00 +01:00,19614.84,15477.32
06.11.2025 13:00:00 +01:00,19415.96,15993.13
06.11.2025 14:00:00 +01:00,19720.23,16118.19
06.11.2025 15:00:00 +01:00,20620.43,16389.46
06.11.2025 16:00:00 +01:00,21032.14,16778.27
06.11.2025 17:00:00 +01:00,21878.61,16780.24
06.11.2025 18:00:00 +01:00,21663.23,16631.39
06.11.2025 19:00:00 +01:00,21600.28,16481.93
06.11.2025 20:00:00 +01:00,21422.26,16331.23
06.11.2025 21:00:00 +01:00,21093.01,16019.02
06.11.2025 22:00:00 +01:00,20176.52,15616.16
06.11.2025 23:00:00 +01:00,19186.45,15057.27
07.11.2025 00:00:00 +01:00,18409.82,14516.08
07.11.2025 01:00:00 +01:00,18122.84,14180.18
07.11.2025 02:00:00 +01:00,17799.00,13913.23
07.11.2025 03:00:00 +01:00,17586.11,13772.19
07.11.2025 04:00:00 +01:00,17840.63,13773.73
07.11.2025 05:00:00 +01:00,18842.16,14041.09
07.11.2025 06:00:00 +01:00,20001.75,14935.20
07.11.2025 07:00:00 +01:00,20553.92,16031.55
07.11.2025 08:00:00 +01:00,20875.95,16338.16
07.11.2025 09:00:00 +01:00,21260.05,16391.96
07.11.2025 10:00:00 +01:00,21223.28,16381.57
07.11.2025 11:00:00 +01:00,21060.54,16250.05
07.11.2025 12:00:00 +01:00,20852.70,16103.50
07.11.2025 13:00:00 +01:00,20996.27,16096.88
07.11.2025 14:00:00 +01:00,21014.39,16131.32
07.11.2025 15:00:00 +01:00,21271.55,16251.72
07.11.2025 16:00:00 +01:00,21807.58,16489.27
07.11.2025 17:00:00 +01:00,22161.33,16570.62
07.11.2025 18:00:00 +01:00,21801.91,16418.75
07.11.2025 19:00:00 +01:00,21366.82,16149.43
07.11.2025 20:00:00 +01:00,20862.24,15856.58
07.11.2025 21:00:00 +01:00,20468.09,15485.76
07.11.2025 22:00:00 +01:00,19958.32,15223.86
07.11.2025 23:00:00 +01:00,19455.98,14842.76
08.11.2025 00:00:00 +01:00,18973.69,14409.15
08.11.2025 01:00:00 +01:00,18803.37,14183.66
08.11.2025 02:00:00 +01:00,18661.49,14078.99
08.11.2025 03:00:00 +01:00,18086.22,13907.12
08.11.2025 04:00:00 +01:00,17780.88,13839.70
08.11.2025 05:00:00 +01:00,17607.80,13837.35
08.11.2025 06:00:00 +01:00,18462.05,14062.22
08.11.2025 07:00:00 +01:00,19464.76,14463.34
08.11.2025 08:00:00 +01:00,20292.53,14966.37
08.11.2025 09:00:00 +01:00,20994.43,15503.49
08.11.2025 10:00:00 +01:00,21562.81,15853.27
08.11.2025 11:00:00 +01:00,21510.14,15912.11
08.11.2025 12:00:00 +01:00,21597.06,15932.94
08.11.2025 13:00:00 +01:00,21523.96,15991.32
08.11.2025 14:00:00 +01:00,21454.36,16016.97
08.11.2025 15:00:00 +01:00,21434.79,16112.58
08.11.2025 16:00:00 +01:00,21339.76,16373.80
08.11.2025 17:00:00 +01:00,21989.49,16560.97
08.11.2025 18:00:00 +01:00,21936.98,16444.80
08.11.2025 19:00:00 +01:00,21658.18,16198.80
08.11.2025 20:00:00 +01:00,21360.30,15845.98
08.11.2025 21:00:00 +01:00,21082.38,15533.97
08.11.2025 22:00:00 +01:00,20577.64,15293.28
08.11.2025 23:00:00 +01:00,20044.86,14977.69
09.11.2025 00:00:00 +01:00,20416.87,14787.58
09.11.2025 01:00:00 +01:00,19972.18,14544.86
09.11.2025 02:00:00 +01:00,19498.31,14365.76
09.11.2025 03:00:00 +01:00,18789.19,14179.36
09.11.2025 04:00:00 +01:00,18389.59,14100.94
09.11.2025 05:00:00 +01:00,18552.84,14091.77
09.11.2025 06:00:00 +01:00,19015.10,14294.56
09.11.2025 07:00:00 +01:00,19545.18,14611.80
09.11.2025 08:00:00 +01:00,20259.85,15011.98
09.11.2025 09:00:00 +01:00,20952.93,15440.14
09.11.2025 10:00:00 +01:00,21403.66,15763.84
09.11.2025 11:00:00 +01:00,21639.39,15900.37
09.11.2025 12:00:00 +01:00,21594.10,15979.28
09.11.2025 13:00:00 +01:00,21661.13,16059.41
09.11.2025 14:00:00 +01:00,21725.68,16199.46
09.11.2025 15:00:00 +01:00,21948.76,16421.25
09.11.2025 16:00:00 +01:00,22366.10,16711.45
09.11.2025 17:00:00 +01:00,22469.96,16808.02
09.11.2025 18:00:00 +01:00,22377.83,16742.40
09.11.2025 19:00:00 +01:00,22400.22,16703.52
09.11.2025 20:00:00 +01:00,22142.06,16651.71
09.11.2025 21:00:00 +01:00,21665.08,16431.22
09.11.2025 22:00:00 +01:00,21520.58,16118.77
09.11.2025 23:00:00 +01:00,20887.12,15653.06
10.11.2025 00:00:00 +01:00,20558.08,15207.98
10.11.2025 01:00:00 +01:00,20329.98,14925.44
10.11.2025 02:00:00 +01:00,20298.27,14771.68
10.11.2025 03:00:00 +01:00,20168.38,14654.61
10.11.2025 04:00:00 +01:00,20097.23,14692.90
10.11.2025 05:00:00 +01:00,20334.35,14998.89
10.11.2025 06:00:00 +01:00,20535.17,16011.66
10.11.2025 07:00:00 +01:00,21982.67,17258.88
10.11.2025 08:00:00 +01:00,23085.72,17511.18
10.11.2025 09:00:00 +01:00,23571.02,17576.48
10.11.2025 10:00:00 +01:00,23820.68,17531.40
10.11.2025 11:00:00 +01:00,23878.66,17450.62
10.11.2025 12:00:00 +01:00,23825.32,17456.33
10.11.2025 13:00:00 +01:00,23818.29,17394.79
10.11.2025 14:00:00 +01:00,23824.74,17375.27
10.11.2025 15:00:00 +01:00,24362.37,17610.50
10.11.2025 16:00:00 +01:00,24662.22,17866.65
10.11.2025 17:00:00 +01:00,24705.36,17825.68
10.11.2025 18:00:00 +01:00,24643.66,17620.62
10.11.2025 19:00:00 +01:00,24454.89,17500.42
10.11.2025 20:00:00 +01:00,24656.38,17328.70
10.11.2025 21:00:00 +01:00,24404.48,17025.85
10.11.2025 22:00:00 +01:00,23220.37,16522.57
10.11.2025 23:00:00 +01:00,21771.07,15859.60
11.11.2025 00:00:00 +01:00,20968.59,15309.15
11.11.2025 01:00:00 +01:00,20440.47,14999.72
11.11.2025 02:00:00 +01:00,20443.47,14864.48
11.11.2025 03:00:00 +01:00,20388.83,14801.30
11.11.2025 04:00:00 +01:00,19909.26,14787.08
11.11.2025 05:00:00 +01:00,20588.62,15123.96
11.11.2025 06:00:00 +01:00,21775.33,16149.40
11.11.2025 07:00:00 +01:00,21606.46,17213.29
11.11.2025 08:00:00 +01:00,22173.71,17437.42
11.11.2025 09:00:00 +01:00,22075.05,17235.82
11.11.2025 10:00:00 +01:00,21649.06,17304.76
11.11.2025 11:00:00 +01:00,21312.26,17256.23
11.11.2025 12:00:00 +01:00,20886.66,17252.04
11.11.2025 13:00:00 +01:00,21206.00,17315.90
11.11.2025 14:00:00 +01:00,22273.36,17479.02
11.11.2025 15:00:00 +01:00,21996.05,17645.36
11.11.2025 16:00:00 +01:00,22603.28,17982.80
11.11.2025 17:00:00 +01:00,22983.81,17874.45
11.11.2025 18:00:00 +01:00,23027.11,17653.24
11.11.2025 19:00:00 +01:00,23064.28,17602.32
11.11.2025 20:00:00 +01:00,22601.23,17390.03
11.11.2025 21:00:00 +01:00,21932.58,17019.45
11.11.2025 22:00:00 +01:00,20132.63,16585.72
11.11.2025 23:00:00 +01:00,18039.60,15955.40
12.11.2025 00:00:00 +01:00,16761.10,15318.07
12.11.2025 01:00:00 +01:00,16065.56,14965.96
12.11.2025 02:00:00 +01:00,15473.44,14707.03
12.11.2025 03:00:00 +01:00,14916.55,14606.72
12.11.2025 04:00:00 +01:00,14459.87,14550.08
12.11.2025 05:00:00 +01:00,14979.66,14764.54
12.11.2025 06:00:00 +01:00,16117.24,15676.46
12.11.2025 07:00:00 +01:00,16741.07,16752.96
12.11.2025 08:00:00 +01:00,16847.07,17017.85
12.11.2025 09:00:00 +01:00,16333.41,17062.68
12.11.2025 10:00:00 +01:00,16646.74,17010.43
12.11.2025 11:00:00 +01:00,15998.61,16853.54
12.11.2025 12:00:00 +01:00,15444.73,16846.77
12.11.2025 13:00:00 +01:00,15771.37,16797.16
12.11.2025 14:00:00 +01:00,16848.30,16861.16
12.11.2025 15:00:00 +01:00,17474.08,17030.83
12.11.2025 16:00:00 +01:00,18506.71,17422.83
12.11.2025 17:00:00 +01:00,19969.53,17378.74
12.11.2025 18:00:00 +01:00,19399.61,17175.32
12.11.2025 19:00:00 +01:00,18606.06,17023.62
12.11.2025 20:00:00 +01:00,18387.29,16879.16
12.11.2025 21:00:00 +01:00,18297.74,16616.37
12.11.2025 22:00:00 +01:00,17309.44,16222.36
12.11.2025 23:00:00 +01:00,15999.46,15649.96
13.11.2025 00:00:00 +01:00,13492.46,15056.94
13.11.2025 01:00:00 +01:00,12250.70,14728.16
13.11.2025 02:00:00 +01:00,11754.53,14487.45
13.11.2025 03:00:00 +01:00,11584.12,14462.83
13.11.2025 04:00:00 +01:00,11405.81,14501.06
13.11.2025 05:00:00 +01:00,12599.79,14906.84
13.11.2025 06:00:00 +01:00,15306.05,15996.45
13.11.2025 07:00:00 +01:00,17618.97,17289.68
13.11.2025 08:00:00 +01:00,18275.10,17650.72
13.11.2025 09:00:00 +01:00,17639.17,17606.01
13.11.2025 10:00:00 +01:00,16149.19,17513.76
13.11.2025 11:00:00 +01:00,15583.17,17602.86
13.11.2025 12:00:00 +01:00,16273.59,17735.92
13.11.2025 13:00:00 +01:00,18031.80,17772.59
13.11.2025 14:00:00 +01:00,19270.00,17976.03
13.11.2025 15:00:00 +01:00,20530.53,18336.78
13.11.2025 16:00:00 +01:00,21592.34,18777.75
13.11.2025 17:00:00 +01:00,22668.77,18849.08
13.11.2025 18:00:00 +01:00,22718.08,18702.24
13.11.2025 19:00:00 +01:00,22526.44,18615.60
13.11.2025 20:00:00 +01:00,22321.86,18514.91
13.11.2025 21:00:00 +01:00,22128.64,18396.23
13.11.2025 22:00:00 +01:00,21728.87,18084.99
13.11.2025 23:00:00 +01:00,21223.45,17586.06
14.11.2025 00:00:00 +01:00,20467.96,17152.84
14.11.2025 01:00:00 +01:00,20374.77,16848.10
14.11.2025 02:00:00 +01:00,19465.48,16643.75
14.11.2025 03:00:00 +01:00,19100.01,16608.06
14.11.2025 04:00:00 +01:00,19764.57,16651.94
14.11.2025 05:00:00 +01:00,20149.86,17059.66
14.11.2025 06:00:00 +01:00,22170.65,18235.22
14.11.2025 07:00:00 +01:00,22727.86,19512.79
14.11.2025 08:00:00 +01:00,23880.01,19910.45
14.11.2025 09:00:00 +01:00,24551.34,19775.62
14.11.2025 10:00:00 +01:00,24419.02,19476.05
14.11.2025 11:00:00 +01:00,23755.30,19072.69
14.11.2025 12:00:00 +01:00,23358.02,18931.38
14.11.2025 13:00:00 +01:00,22993.29,18763.62
14.11.2025 14:00:00 +01:00,22874.70,18857.51
14.11.2025 15:00:00 +01:00,22877.13,19091.05
14.11.2025 16:00:00 +01:00,23299.91,19505.34
14.11.2025 17:00:00 +01:00,24120.76,19687.68
14.11.2025 18:00:00 +01:00,24328.34,19506.85
14.11.2025 19:00:00 +01:00,24043.78,19377.18
14.11.2025 20:00:00 +01:00,23697.08,19107.88
14.11.2025 21:00:00 +01:00,22381.72,18733.20
14.11.2025 22:00:00 +01:00,20535.73,18397.87
14.11.2025 23:00:00 +01:00,18474.57,17929.37
15.11.2025 00:00:00 +01:00,17398.29,17616.44
15.11.2025 01:00:00 +01:00,16559.62,17292.95
15.11.2025 02:00:00 +01:00,16165.71,17066.56
15.11.2025 03:00:00 +01:00,15919.18,16951.58
15.11.2025 04:00:00 +01:00,15726.28,16946.93
15.11.2025 05:00:00 +01:00,15833.02,17036.95
15.11.2025 06:00:00 +01:00,16735.78,17325.91
15.11.2025 07:00:00 +01:00,18963.97,17744.70
15.11.2025 08:00:00 +01:00,21261.97,18254.05
15.11.2025 09:00:00 +01:00,22560.32,18674.98
15.11.2025 10:00:00 +01:00,23235.79,18813.87
15.11.2025 11:00:00 +01:00,22909.86,18680.12
15.11.2025 12:00:00 +01:00,23103.54,18546.48
15.11.2025 13:00:00 +01:00,23302.76,18508.80
15.11.2025 14:00:00 +01:00,23402.21,18604.02
15.11.2025 15:00:00 +01:00,23910.69,18759.81
15.11.2025 16:00:00 +01:00,24620.23,19073.63
15.11.2025 17:00:00 +01:00,24856.53,19206.58
15.11.2025 18:00:00 +01:00,24722.50,19117.78
15.11.2025 19:00:00 +01:00,23849.67,18842.52
15.11.2025 20:00:00 +01:00,23165.10,18490.72
15.11.2025 21:00:00 +01:00,22378.47,18203.31
15.11.2025 22:00:00 +01:00,21993.50,17859.93
15.11.2025 23:00:00 +01:00,21211.76,17438.94
16.11.2025 00:00:00 +01:00,20531.98,17114.38
16.11.2025 01:00:00 +01:00,20360.61,16880.47
16.11.2025 02:00:00 +01:00,20315.72,16684.81
16.11.2025 03:00:00 +01:00,20347.17,16617.76
16.11.2025 04:00:00 +01:00,20291.30,16529.64
16.11.2025 05:00:00 +01:00,20401.45,16516.13
16.11.2025 06:00:00 +01:00,21054.46,16745.14
16.11.2025 07:00:00 +01:00,21767.08,17057.56
16.11.2025 08:00:00 +01:00,22104.40,17417.53
16.11.2025 09:00:00 +01:00,22267.78,17761.76
16.11.2025 10:00:00 +01:00,22821.65,17889.72
16.11.2025 11:00:00 +01:00,22927.12,17778.45
16.11.2025 12:00:00 +01:00,23234.27,17661.58
16.11.2025 13:00:00 +01:00,23250.47,17699.99
16.11.2025 14:00:00 +01:00,23316.28,17855.72
16.11.2025 15:00:00 +01:00,23260.60,18197.53
16.11.2025 16:00:00 +01:00,23404.21,18636.20
16.11.2025 17:00:00 +01:00,23672.36,18877.95
16.11.2025 18:00:00 +01:00,23656.16,18940.76
16.11.2025 19:00:00 +01:00,24006.38,18972.18
16.11.2025 20:00:00 +01:00,23983.52,18909.77
16.11.2025 21:00:00 +01:00,23859.38,18682.00
16.11.2025 22:00:00 +01:00,23078.20,18335.09
16.11.2025 23:00:00 +01:00,21361.30,17888.74
17.11.2025 00:00:00 +01:00,20928.86,17434.00
17.11.2025 01:00:00 +01:00,20028.72,17051.84
17.11.2025 02:00:00 +01:00,19468.98,16876.84
17.11.2025 03:00:00 +01:00,18748.31,16832.92
17.11.2025 04:00:00 +01:00,18487.51,16881.76
17.11.2025 05:00:00 +01:00,19658.92,17337.16
17.11.2025 06:00:00 +01:00,21705.37,18455.69
17.11.2025 07:00:00 +01:00,23859.28,19754.28
17.11.2025 08:00:00 +01:00,23816.37,20005.46
17.11.2025 09:00:00 +01:00,23445.18,19845.44
17.11.2025 10:00:00 +01:00,23108.39,19676.03
17.11.2025 11:00:00 +01:00,22476.41,19548.11
17.11.2025 12:00:00 +01:00,22051.70,19324.54
17.11.2025 13:00:00 +01:00,22036.07,19313.74
17.11.2025 14:00:00 +01:00,23046.82,19401.71
17.11.2025 15:00:00 +01:00,23437.97,19682.40
17.11.2025 16:00:00 +01:00,23870.90,20186.78
17.11.2025 17:00:00 +01:00,23972.89,19994.10
17.11.2025 18:00:00 +01:00,23547.21,19804.74
17.11.2025 19:00:00 +01:00,23903.67,19653.96
17.11.2025 20:00:00 +01:00,24314.30,19552.70
17.11.2025 21:00:00 +01:00,24206.67,19317.94
17.11.2025 22:00:00 +01:00,23849.79,18824.71
17.11.2025 23:00:00 +01:00,23079.12,18183.77
18.11.2025 00:00:00 +01:00,21580.28,17542.70
18.11.2025 01:00:00 +01:00,20898.19,17235.18
18.11.2025 02:00:00 +01:00,20358.02,17018.22
18.11.2025 03:00:00 +01:00,20068.51,16977.49
18.11.2025 04:00:00 +01:00,20266.33,17039.10
18.11.2025 05:00:00 +01:00,20853.89,17482.51
18.11.2025 06:00:00 +01:00,22562.90,18778.67
18.11.2025 07:00:00 +01:00,23482.90,20058.58
18.11.2025 08:00:00 +01:00,23346.49,20243.91
18.11.2025 09:00:00 +01:00,22954.80,20263.78
18.11.2025 10:00:00 +01:00,22741.11,20167.29
18.11.2025 11:00:00 +01:00,22677.95,19979.36
18.11.2025 12:00:00 +01:00,21974.61,19811.31
18.11.2025 13:00:00 +01:00,22197.60,19574.74
18.11.2025 14:00:00 +01:00,22237.19,19675.93
18.11.2025 15:00:00 +01:00,22897.73,20093.14
18.11.2025 16:00:00 +01:00,23499.99,20557.60
18.11.2025 17:00:00 +01:00,23474.57,20483.69
18.11.2025 18:00:00 +01:00,23321.35,20267.13
18.11.2025 19:00:00 +01:00,23331.42,19994.68
18.11.2025 20:00:00 +01:00,23415.24,19858.28
18.11.2025 21:00:00 +01:00,23357.56,19670.67
18.11.2025 22:00:00 +01:00,23280.58,19334.80
18.11.2025 23:00:00 +01:00,22832.49,18793.98
19.11.2025 00:00:00 +01:00,22378.13,18317.80
19.11.2025 01:00:00 +01:00,22130.52,18024.53
19.11.2025 02:00:00 +01:00,21906.74,17806.18
19.11.2025 03:00:00 +01:00,21799.08,17734.52
19.11.2025 04:00:00 +01:00,21919.19,17797.87
19.11.2025 05:00:00 +01:00,22289.87,18182.48
19.11.2025 06:00:00 +01:00,22594.95,19338.91
19.11.2025 07:00:00 +01:00,23313.41,20588.95
19.11.2025 08:00:00 +01:00,23228.00,20941.16
19.11.2025 09:00:00 +01:00,23386.96,20883.29
19.11.2025 10:00:00 +01:00,23010.89,20687.02
19.11.2025 11:00:00 +01:00,22755.92,20363.74
19.11.2025 12:00:00 +01:00,22558.73,20154.19
19.11.2025 13:00:00 +01:00,22749.48,19994.43
19.11.2025 14:00:00 +01:00,22660.03,20227.92
19.11.2025 15:00:00 +01:00,22399.04,20588.17
19.11.2025 16:00:00 +01:00,22765.28,21130.04
19.11.2025 17:00:00 +01:00,23056.42,21101.88
19.11.2025 18:00:00 +01:00,23365.87,20989.26
19.11.2025 19:00:00 +01:00,23315.39,20944.22
19.11.2025 20:00:00 +01:00,23210.08,20779.72
19.11.2025 21:00:00 +01:00,23185.72,20537.62
19.11.2025 22:00:00 +01:00,23223.93,20148.01
19.11.2025 23:00:00 +01:00,22825.97,19668.38
20.11.2025 00:00:00 +01:00,21873.15,19054.75
20.11.2025 01:00:00 +01:00,21628.87,18739.46
20.11.2025 02:00:00 +01:00,21558.22,18681.47
20.11.2025 03:00:00 +01:00,21833.10,18630.56
20.11.2025 04:00:00 +01:00,22143.26,18649.23
20.11.2025 05:00:00 +01:00,22568.53,19028.96
20.11.2025 06:00:00 +01:00,22855.63,20198.38
20.11.2025 07:00:00 +01:00,23113.00,21397.74
20.11.2025 08:00:00 +01:00,23293.91,21818.02
20.11.2025 09:00:00 +01:00,23395.23,21767.56
20.11.2025 10:00:00 +01:00,23247.86,21388.18
20.11.2025 11:00:00 +01:00,23249.94,21283.54
20.11.2025 12:00:00 +01:00,23213.24,21059.95
20.11.2025 13:00:00 +01:00,23062.52,20898.96
20.11.2025 14:00:00 +01:00,23074.02,20896.13
20.11.2025 15:00:00 +01:00,23067.84,21256.99
20.11.2025 16:00:00 +01:00,22970.71,21689.21
20.11.2025 17:00:00 +01:00,23656.32,21685.50
20.11.2025 18:00:00 +01:00,23505.24,21547.88
20.11.2025 19:00:00 +01:00,23621.50,21426.70
20.11.2025 20:00:00 +01:00,23786.66,21371.32
20.11.2025 21:00:00 +01:00,23397.62,21123.70
20.11.2025 22:00:00 +01:00,23132.99,20777.81
20.11.2025 23:00:00 +01:00,22833.92,20261.91
21.11.2025 00:00:00 +01:00,22611.15,19663.84
21.11.2025 01:00:00 +01:00,22599.76,19383.61
21.11.2025 02:00:00 +01:00,22767.10,19166.03
21.11.2025 03:00:00 +01:00,22693.05,19030.42
21.11.2025 04:00:00 +01:00,22849.32,19011.72
21.11.2025 05:00:00 +01:00,22792.02,19365.13
21.11.2025 06:00:00 +01:00,23437.92,20407.80
21.11.2025 07:00:00 +01:00,23481.86,21726.25
21.11.2025 08:00:00 +01:00,24415.87,22151.97
21.11.2025 09:00:00 +01:00,24407.09,22117.88
21.11.2025 10:00:00 +01:00,24779.07,21979.47
21.11.2025 11:00:00 +01:00,24425.96,21767.50
21.11.2025 12:00:00 +01:00,23900.38,21551.13
21.11.2025 13:00:00 +01:00,23546.09,21268.75
21.11.2025 14:00:00 +01:00,23768.32,21348.42
21.11.2025 15:00:00 +01:00,24145.57,21449.75
21.11.2025 16:00:00 +01:00,24553.14,21724.37
21.11.2025 17:00:00 +01:00,24246.59,21512.40
21.11.2025 18:00:00 +01:00,24493.52,21221.78
21.11.2025 19:00:00 +01:00,24776.92,20867.46
21.11.2025 20:00:00 +01:00,24437.50,20487.08
21.11.2025 21:00:00 +01:00,24183.41,20106.84
21.11.2025 22:00:00 +01:00,24272.64,19660.66
21.11.2025 23:00:00 +01:00,24081.74,19241.31
22.11.2025 00:00:00 +01:00,23337.38,18713.26
22.11.2025 01:00:00 +01:00,22876.92,18328.45
22.11.2025 02:00:00 +01:00,22443.54,17983.09
22.11.2025 03:00:00 +01:00,21772.43,17803.33
22.11.2025 04:00:00 +01:00,20892.06,17697.70
22.11.2025 05:00:00 +01:00,20168.30,17678.65
22.11.2025 06:00:00 +01:00,20517.58,17792.60
22.11.2025 07:00:00 +01:00,21187.25,18104.92
22.11.2025 08:00:00 +01:00,21670.70,18579.20
22.11.2025 09:00:00 +01:00,21133.10,18977.94
22.11.2025 10:00:00 +01:00,21206.21,19116.05
22.11.2025 11:00:00 +01:00,20511.92,19196.68
22.11.2025 12:00:00 +01:00,20087.23,19086.08
22.11.2025 13:00:00 +01:00,19651.80,18969.33
22.11.2025 14:00:00 +01:00,20329.33,19055.12
22.11.2025 15:00:00 +01:00,21179.46,19184.96
22.11.2025 16:00:00 +01:00,21450.06,19378.92
22.11.2025 17:00:00 +01:00,21472.52,19410.80
22.11.2025 18:00:00 +01:00,21422.13,19211.93
22.11.2025 19:00:00 +01:00,20547.27,18901.77
22.11.2025 20:00:00 +01:00,19935.96,18466.91
22.11.2025 21:00:00 +01:00,18862.00,18116.66
22.11.2025 22:00:00 +01:00,17997.88,17766.83
22.11.2025 23:00:00 +01:00,17730.09,17348.47
23.11.2025 00:00:00 +01:00,17197.88,17067.93
23.11.2025 01:00:00 +01:00,16597.13,16783.41
23.11.2025 02:00:00 +01:00,16165.20,16552.40
23.11.2025 03:00:00 +01:00,15508.36,16426.91
23.11.2025 04:00:00 +01:00,15236.59,16309.43
23.11.2025 05:00:00 +01:00,15282.73,16380.62
23.11.2025 06:00:00 +01:00,15378.00,16524.61
23.11.2025 07:00:00 +01:00,16075.01,16756.26
23.11.2025 08:00:00 +01:00,16938.50,17171.76
23.11.2025 09:00:00 +01:00,17663.68,17604.06
23.11.2025 10:00:00 +01:00,18018.59,17901.69
23.11.2025 11:00:00 +01:00,18192.26,18133.32
23.11.2025 12:00:00 +01:00,18136.97,18148.36
23.11.2025 13:00:00 +01:00,17915.88,18210.45
23.11.2025 14:00:00 +01:00,19491.63,18322.54
23.11.2025 15:00:00 +01:00,21610.15,18615.35
23.11.2025 16:00:00 +01:00,22047.79,18907.70
23.11.2025 17:00:00 +01:00,22110.45,18957.22
23.11.2025 18:00:00 +01:00,22427.32,18952.21
23.11.2025 19:00:00 +01:00,22340.73,18805.33
23.11.2025 20:00:00 +01:00,22136.80,18751.14
23.11.2025 21:00:00 +01:00,22045.35,18539.08
23.11.2025 22:00:00 +01:00,22010.89,18289.43
23.11.2025 23:00:00 +01:00,21329.34,17779.64
24.11.2025 00:00:00 +01:00,20622.89,17421.73
24.11.2025 01:00:00 +01:00,20544.64,17138.85
24.11.2025 02:00:00 +01:00,20397.55,16916.80
24.11.2025 03:00:00 +01:00,20533.01,16805.13
24.11.2025 04:00:00 +01:00,20644.84,16863.51
24.11.2025 05:00:00 +01:00,21030.06,17224.98
24.11.2025 06:00:00 +01:00,23035.38,18399.42
24.11.2025 07:00:00 +01:00,24212.19,19739.67
24.11.2025 08:00:00 +01:00,24256.70,20239.52
24.11.2025 09:00:00 +01:00,23984.97,20270.03
24.11.2025 10:00:00 +01:00,23964.38,20120.57
24.11.2025 11:00:00 +01:00,24339.24,20117.94
24.11.2025 12:00:00 +01:00,24497.46,20042.87
24.11.2025 13:00:00 +01:00,24372.56,19866.98
24.11.2025 14:00:00 +01:00,24020.39,19538.52
24.11.2025 15:00:00 +01:00,23803.44,19470.95
24.11.2025 16:00:00 +01:00,23472.53,20157.54
24.11.2025 17:00:00 +01:00,23186.25,20594.40
24.11.2025 18:00:00 +01:00,23576.72,20525.10
24.11.2025 19:00:00 +01:00,23347.53,20452.84
24.11.2025 20:00:00 +01:00,23059.01,20255.67
24.11.2025 21:00:00 +01:00,23194.15,19987.19
24.11.2025 22:00:00 +01:00,23049.57,19572.98
24.11.2025 23:00:00 +01:00,22308.03,18981.47
25.11.2025 00:00:00 +01:00,21935.57,18445.44
25.11.2025 01:00:00 +01:00,21383.91,18117.30
25.11.2025 02:00:00 +01:00,21030.11,17911.77
25.11.2025 03:00:00 +01:00,20576.00,17838.22
25.11.2025 04:00:00 +01:00,20655.13,17948.19
25.11.2025 05:00:00 +01:00,21501.55,18357.48
25.11.2025 06:00:00 +01:00,22229.50,19538.75
25.11.2025 07:00:00 +01:00,23065.80,20674.16
25.11.2025 08:00:00 +01:00,22978.43,21065.34
25.11.2025 09:00:00 +01:00,23064.71,21043.44
25.11.2025 10:00:00 +01:00,23228.69,20891.48
25.11.2025 11:00:00 +01:00,22878.26,20692.77
25.11.2025 12:00:00 +01:00,22371.79,20545.08
25.11.2025 13:00:00 +01:00,22406.16,20466.56
25.11.2025 14:00:00 +01:00,22574.78,20615.90
25.11.2025 15:00:00 +01:00,22587.78,21038.24
25.11.2025 16:00:00 +01:00,22723.29,21428.98
25.11.2025 17:00:00 +01:00,22583.38,21325.66
25.11.2025 18:00:00 +01:00,22595.40,21188.68
25.11.2025 19:00:00 +01:00,22826.78,21069.49
25.11.2025 20:00:00 +01:00,23184.62,21015.01
25.11.2025 21:00:00 +01:00,23257.34,20935.01
25.11.2025 22:00:00 +01:00,22564.03,20439.57
25.11.2025 23:00:00 +01:00,21693.58,19849.17
26.11.2025 00:00:00 +01:00,21717.93,19312.70
26.11.2025 01:00:00 +01:00,21582.64,18984.06
26.11.2025 02:00:00 +01:00,21321.31,18713.07
26.11.2025 03:00:00 +01:00,20370.25,18634.58
26.11.2025 04:00:00 +01:00,20223.51,18643.42
26.11.2025 05:00:00 +01:00,20454.39,18976.70
26.11.2025 06:00:00 +01:00,21307.78,20064.47
26.11.2025 07:00:00 +01:00,24569.91,21204.22
26.11.2025 08:00:00 +01:00,24486.29,21435.80
26.11.2025 09:00:00 +01:00,24490.89,21343.21
26.11.2025 10:00:00 +01:00,24094.45,21158.28
26.11.2025 11:00:00 +01:00,24189.20,20968.44
26.11.2025 12:00:00 +01:00,24135.72,20942.53
26.11.2025 13:00:00 +01:00,24220.97,20864.07
26.11.2025 14:00:00 +01:00,24373.46,20994.12
26.11.2025 15:00:00 +01:00,24665.61,21341.01
26.11.2025 16:00:00 +01:00,24640.75,21553.54
26.11.2025 17:00:00 +01:00,25261.13,21441.58
26.11.2025 18:00:00 +01:00,25583.89,21175.44
26.11.2025 19:00:00 +01:00,25751.02,20985.45
26.11.2025 20:00:00 +01:00,25478.02,20864.79
26.11.2025 21:00:00 +01:00,24656.18,20493.96
26.11.2025 22:00:00 +01:00,23671.29,19901.09
26.11.2025 23:00:00 +01:00,22019.13,19171.70
27.11.2025 00:00:00 +01:00,21411.62,18601.60
27.11.2025 01:00:00 +01:00,20782.85,18195.34
27.11.2025 02:00:00 +01:00,20205.28,17896.32
27.11.2025 03:00:00 +01:00,19130.91,17716.75
27.11.2025 04:00:00 +01:00,17511.16,17639.34
27.11.2025 05:00:00 +01:00,17749.53,17796.17
27.11.2025 06:00:00 +01:00,19168.04,18663.70
27.11.2025 07:00:00 +01:00,21199.52,19658.54
27.11.2025 08:00:00 +01:00,21115.58,19876.41
27.11.2025 09:00:00 +01:00,21115.61,19791.06
27.11.2025 10:00:00 +01:00,20665.87,19706.07
27.11.2025 11:00:00 +01:00,19985.66,19572.52
27.11.2025 12:00:00 +01:00,19072.40,19461.00
27.11.2025 13:00:00 +01:00,18711.50,19398.70
27.11.2025 14:00:00 +01:00,18146.45,19462.40
27.11.2025 15:00:00 +01:00,18425.17,19740.86
27.11.2025 16:00:00 +01:00,20021.50,19943.30
27.11.2025 17:00:00 +01:00,20443.33,19803.38
27.11.2025 18:00:00 +01:00,19914.75,19561.58
27.11.2025 19:00:00 +01:00,19574.15,19313.84
27.11.2025 20:00:00 +01:00,18519.28,19075.39
27.11.2025 21:00:00 +01:00,18226.99,18669.08
27.11.2025 22:00:00 +01:00,17421.72,18149.80
27.11.2025 23:00:00 +01:00,15772.86,17403.60
28.11.2025 00:00:00 +01:00,14539.71,16760.20
28.11.2025 01:00:00 +01:00,14163.87,16341.78
28.11.2025 02:00:00 +01:00,13848.16,16024.89
28.11.2025 03:00:00 +01:00,13261.38,15764.79
28.11.2025 04:00:00 +01:00,13208.84,15700.80
28.11.2025 05:00:00 +01:00,13401.93,15903.00
28.11.2025 06:00:00 +01:00,15344.65,16900.20
28.11.2025 07:00:00 +01:00,17911.94,18100.65
28.11.2025 08:00:00 +01:00,19699.32,18550.55
28.11.2025 09:00:00 +01:00,19910.12,18568.14
28.11.2025 10:00:00 +01:00,19346.79,18488.59
28.11.2025 11:00:00 +01:00,19011.53,18342.54
28.11.2025 12:00:00 +01:00,18596.26,18199.85
28.11.2025 13:00:00 +01:00,18993.13,18186.71
28.11.2025 14:00:00 +01:00,19011.18,18269.98
28.11.2025 15:00:00 +01:00,19365.40,18490.14
28.11.2025 16:00:00 +01:00,19843.36,18680.18
28.11.2025 17:00:00 +01:00,19661.82,18573.07
28.11.2025 18:00:00 +01:00,19176.47,18373.28
28.11.2025 19:00:00 +01:00,18436.41,18070.36
28.11.2025 20:00:00 +01:00,17632.79,17715.53
28.11.2025 21:00:00 +01:00,17284.70,17366.16
28.11.2025 22:00:00 +01:00,16872.51,16973.50
28.11.2025 23:00:00 +01:00,16356.72,16571.35
29.11.2025 00:00:00 +01:00,15435.48,16157.04
29.11.2025 01:00:00 +01:00,15571.14,15857.06
29.11.2025 02:00:00 +01:00,15045.99,15543.72
29.11.2025 03:00:00 +01:00,14794.91,15361.35
29.11.2025 04:00:00 +01:00,14767.17,15298.32
29.11.2025 05:00:00 +01:00,14581.91,15354.86
29.11.2025 06:00:00 +01:00,15514.31,15634.24
29.11.2025 07:00:00 +01:00,16490.22,16073.17
29.11.2025 08:00:00 +01:00,17485.47,16663.93
29.11.2025 09:00:00 +01:00,18296.26,17179.98
29.11.2025 10:00:00 +01:00,18665.69,17469.86
29.11.2025 11:00:00 +01:00,19151.07,17552.22
29.11.2025 12:00:00 +01:00,19435.77,17604.55
29.11.2025 13:00:00 +01:00,19547.31,17618.07
29.11.2025 14:00:00 +01:00,19778.80,17698.38
29.11.2025 15:00:00 +01:00,20524.21,18057.72
29.11.2025 16:00:00 +01:00,20749.18,18387.30
29.11.2025 17:00:00 +01:00,20835.70,18539.08
29.11.2025 18:00:00 +01:00,21354.87,18524.62
29.11.2025 19:00:00 +01:00,20843.74,18370.45
29.11.2025 20:00:00 +01:00,20776.32,18146.96
29.11.2025 21:00:00 +01:00,20993.19,17952.90
29.11.2025 22:00:00 +01:00,20337.58,17681.39
29.11.2025 23:00:00 +01:00,19707.02,17384.57
30.11.2025 00:00:00 +01:00,18196.48,17180.37
30.11.2025 01:00:00 +01:00,17193.92,16902.24
30.11.2025 02:00:00 +01:00,16824.19,16663.23
30.11.2025 03:00:00 +01:00,15958.23,16549.06
30.11.2025 04:00:00 +01:00,15627.38,16476.82
30.11.2025 05:00:00 +01:00,15596.58,16502.16
30.11.2025 06:00:00 +01:00,15817.04,16777.92
30.11.2025 07:00:00 +01:00,16882.44,17061.16
30.11.2025 08:00:00 +01:00,17818.81,17590.81
30.11.2025 09:00:00 +01:00,18572.95,18061.04
30.11.2025 10:00:00 +01:00,18459.01,18384.72
30.11.2025 11:00:00 +01:00,18216.46,18620.32
30.11.2025 12:00:00 +01:00,18366.05,18760.08
30.11.2025 13:00:00 +01:00,18982.43,18854.62
30.11.2025 14:00:00 +01:00,19953.74,18966.78
30.11.2025 15:00:00 +01:00,20777.11,19134.33
30.11.2025 16:00:00 +01:00,21420.97,19255.28
30.11.2025 17:00:00 +01:00,21530.55,19121.58
30.11.2025 18:00:00 +01:00,21439.69,19065.14
30.11.2025 19:00:00 +01:00,20668.37,19081.22
30.11.2025 20:00:00 +01:00,20211.34,19007.55
30.11.2025 21:00:00 +01:00,19379.31,18776.38
30.11.2025 22:00:00 +01:00,18661.68,18413.31
30.11.2025 23:00:00 +01:00,18202.54,17805.66
01.12.2025 00:00:00 +01:00,17587.96,17288.25
01.12.2025 01:00:00 +01:00,16242.34,16940.24
01.12.2025 02:00:00 +01:00,15326.26,16652.18
01.12.2025 03:00:00 +01:00,14524.08,16563.52
01.12.2025 04:00:00 +01:00,14762.34,16586.31
01.12.2025 05:00:00 +01:00,15661.79,16989.38
01.12.2025 06:00:00 +01:00,18005.79,18221.18
01.12.2025 07:00:00 +01:00,21982.73,19647.10
01.12.2025 08:00:00 +01:00,22587.60,20068.40
01.12.2025 09:00:00 +01:00,23004.03,19997.40
01.12.2025 10:00:00 +01:00,22991.05,19793.17
01.12.2025 11:00:00 +01:00,22810.07,19783.58
01.12.2025 12:00:00 +01:00,22177.46,19829.38
01.12.2025 13:00:00 +01:00,22341.65,19743.55
01.12.2025 14:00:00 +01:00,22963.67,19827.79
01.12.2025 15:00:00 +01:00,23382.87,20068.83
01.12.2025 16:00:00 +01:00,23453.25,20294.98
01.12.2025 17:00:00 +01:00,23338.16,20111.68
01.12.2025 18:00:00 +01:00,22626.81,19894.14
01.12.2025 19:00:00 +01:00,21653.14,19670.70
01.12.2025 20:00:00 +01:00,20806.23,19422.42
01.12.2025 21:00:00 +01:00,19915.04,18952.83
01.12.2025 22:00:00 +01:00,19261.40,18451.04
01.12.2025 23:00:00 +01:00,17962.58,17754.92
02.12.2025 00:00:00 +01:00,16858.41,17084.48
02.12.2025 01:00:00 +01:00,16134.14,16587.67
02.12.2025 02:00:00 +01:00,15617.36,16376.80
02.12.2025 03:00:00 +01:00,15132.08,16172.44
02.12.2025 04:00:00 +01:00,14740.99,16084.69
02.12.2025 05:00:00 +01:00,15665.59,16355.68
02.12.2025 06:00:00 +01:00,17582.87,17338.45
02.12.2025 07:00:00 +01:00,19570.63,18463.85
02.12.2025 08:00:00 +01:00,20011.69,18823.96
02.12.2025 09:00:00 +01:00,20098.56,18659.19
02.12.2025 10:00:00 +01:00,20413.06,18753.12
02.12.2025 11:00:00 +01:00,20310.60,18778.00
02.12.2025 12:00:00 +01:00,21532.78,18852.48
02.12.2025 13:00:00 +01:00,21514.63,18840.29
02.12.2025 14:00:00 +01:00,22460.62,18966.89
02.12.2025 15:00:00 +01:00,22721.52,19208.08
02.12.2025 16:00:00 +01:00,23198.57,19404.70
02.12.2025 17:00:00 +01:00,23146.98,19173.20
02.12.2025 18:00:00 +01:00,22801.79,18917.71
02.12.2025 19:00:00 +01:00,22330.69,18814.48
02.12.2025 20:00:00 +01:00,21857.79,18556.11
02.12.2025 21:00:00 +01:00,21356.77,18264.56
02.12.2025 22:00:00 +01:00,20680.88,17785.92
02.12.2025 23:00:00 +01:00,19739.41,17163.63
03.12.2025 00:00:00 +01:00,19316.04,16631.63
03.12.2025 01:00:00 +01:00,19015.70,16252.01
03.12.2025 02:00:00 +01:00,18794.52,15955.96
03.12.2025 03:00:00 +01:00,18492.67,15819.38
03.12.2025 04:00:00 +01:00,18384.27,15801.27
03.12.2025 05:00:00 +01:00,19226.44,16140.74
03.12.2025 06:00:00 +01:00,20856.90,17223.58
03.12.2025 07:00:00 +01:00,22740.49,18316.80
03.12.2025 08:00:00 +01:00,23496.26,18652.88
03.12.2025 09:00:00 +01:00,23825.13,18651.83
03.12.2025 10:00:00 +01:00,23378.51,18535.27
03.12.2025 11:00:00 +01:00,23320.69,18468.51
03.12.2025 12:00:00 +01:00,23348.82,18472.28
03.12.2025 13:00:00 +01:00,23407.31,18562.63
03.12.2025 14:00:00 +01:00,23950.75,18695.11
03.12.2025 15:00:00 +01:00,23924.46,18985.82
03.12.2025 16:00:00 +01:00,23904.88,19123.37
03.12.2025 17:00:00 +01:00,24130.38,18984.01
03.12.2025 18:00:00 +01:00,24072.65,18708.20
03.12.2025 19:00:00 +01:00,24284.22,18566.08
03.12.2025 20:00:00 +01:00,23992.86,18385.27
03.12.2025 21:00:00 +01:00,23653.17,18171.71
03.12.2025 22:00:00 +01:00,22831.64,17865.67
03.12.2025 23:00:00 +01:00,22001.59,17284.14
04.12.2025 00:00:00 +01:00,21482.11,16764.70
04.12.2025 01:00:00 +01:00,21037.91,16324.52
04.12.2025 02:00:00 +01:00,20658.67,16117.08
04.12.2025 03:00:00 +01:00,20284.49,15962.81
04.12.2025 04:00:00 +01:00,19953.06,15994.77
04.12.2025 05:00:00 +01:00,20238.04,16322.31
04.12.2025 06:00:00 +01:00,21365.83,17339.53
04.12.2025 07:00:00 +01:00,23037.68,18447.73
04.12.2025 08:00:00 +01:00,23062.53,18800.36
04.12.2025 09:00:00 +01:00,22929.68,18865.38
04.12.2025 10:00:00 +01:00,23127.04,18597.23
04.12.2025 11:00:00 +01:00,22995.00,18573.96
04.12.2025 12:00:00 +01:00,22692.33,18629.73
04.12.2025 13:00:00 +01:00,22929.97,18704.83
04.12.2025 14:00:00 +01:00,23326.95,18881.71
04.12.2025 15:00:00 +01:00,23537.93,19165.41
04.12.2025 16:00:00 +01:00,23586.26,19375.79
04.12.2025 17:00:00 +01:00,23838.35,19192.00
04.12.2025 18:00:00 +01:00,23524.59,18966.10
04.12.2025 19:00:00 +01:00,23973.65,18860.68
04.12.2025 20:00:00 +01:00,24515.26,18732.97
04.12.2025 21:00:00 +01:00,24672.15,18495.42
04.12.2025 22:00:00 +01:00,24422.87,18158.98
04.12.2025 23:00:00 +01:00,23271.62,17648.03
05.12.2025 00:00:00 +01:00,22530.48,17170.87
05.12.2025 01:00:00 +01:00,22155.49,16822.16
05.12.2025 02:00:00 +01:00,22065.72,16625.88
05.12.2025 03:00:00 +01:00,22023.26,16515.26
05.12.2025 04:00:00 +01:00,21827.66,16486.69
05.12.2025 05:00:00 +01:00,22170.96,16756.27
05.12.2025 06:00:00 +01:00,23397.47,17833.77
05.12.2025 07:00:00 +01:00,23939.49,18915.44
05.12.2025 08:00:00 +01:00,24255.65,19365.98
05.12.2025 09:00:00 +01:00,24204.45,19292.20
05.12.2025 10:00:00 +01:00,24475.04,19366.44
05.12.2025 11:00:00 +01:00,24223.97,19309.41
05.12.2025 12:00:00 +01:00,24149.79,19294.41
05.12.2025 13:00:00 +01:00,24306.77,19242.27
05.12.2025 14:00:00 +01:00,24383.75,19361.86
05.12.2025 15:00:00 +01:00,25015.49,19594.18
05.12.2025 16:00:00 +01:00,24585.37,19706.07
05.12.2025 17:00:00 +01:00,24538.71,19529.15
05.12.2025 18:00:00 +01:00,24233.14,19154.44
05.12.2025 19:00:00 +01:00,24354.37,18803.49
05.12.2025 20:00:00 +01:00,24104.88,18450.06
05.12.2025 21:00:00 +01:00,23882.95,18101.94
05.12.2025 22:00:00 +01:00,22907.27,17694.34
05.12.2025 23:00:00 +01:00,21197.95,17219.76
06.12.2025 00:00:00 +01:00,19813.75,16841.58
06.12.2025 01:00:00 +01:00,19212.41,16550.60
06.12.2025 02:00:00 +01:00,18836.51,16348.84
06.12.2025 03:00:00 +01:00,18239.41,16198.18
06.12.2025 04:00:00 +01:00,17941.61,16127.76
06.12.2025 05:00:00 +01:00,17490.59,16173.87
06.12.2025 06:00:00 +01:00,17165.08,16407.46
06.12.2025 07:00:00 +01:00,17953.13,16763.14
06.12.2025 08:00:00 +01:00,19754.04,17249.93
06.12.2025 09:00:00 +01:00,21710.17,17794.14
06.12.2025 10:00:00 +01:00,22678.79,18168.06
06.12.2025 11:00:00 +01:00,23149.25,18303.60
06.12.2025 12:00:00 +01:00,23748.16,18368.10
06.12.2025 13:00:00 +01:00,23585.07,18301.10
06.12.2025 14:00:00 +01:00,24027.71,18404.28
06.12.2025 15:00:00 +01:00,24289.83,18547.11
06.12.2025 16:00:00 +01:00,24464.93,18656.40
06.12.2025 17:00:00 +01:00,24326.18,18644.42
06.12.2025 18:00:00 +01:00,24015.32,18456.39
06.12.2025 19:00:00 +01:00,22998.75,18167.20
06.12.2025 20:00:00 +01:00,21861.16,17798.86
06.12.2025 21:00:00 +01:00,20642.76,17459.77
06.12.2025 22:00:00 +01:00,19226.48,17137.88
06.12.2025 23:00:00 +01:00,17910.98,16811.58
07.12.2025 00:00:00 +01:00,17300.75,16519.50
07.12.2025 01:00:00 +01:00,17138.31,16256.42
07.12.2025 02:00:00 +01:00,16700.88,16010.55
07.12.2025 03:00:00 +01:00,16663.16,15869.22
07.12.2025 04:00:00 +01:00,16856.25,15809.91
07.12.2025 05:00:00 +01:00,17023.33,15849.83
07.12.2025 06:00:00 +01:00,17774.58,16000.69
07.12.2025 07:00:00 +01:00,19082.12,16256.03
07.12.2025 08:00:00 +01:00,20693.75,16762.72
07.12.2025 09:00:00 +01:00,21872.51,17199.77
07.12.2025 10:00:00 +01:00,22694.07,17576.31
07.12.2025 11:00:00 +01:00,23173.46,17756.22
07.12.2025 12:00:00 +01:00,23364.60,17903.45
07.12.2025 13:00:00 +01:00,23620.69,18024.82
07.12.2025 14:00:00 +01:00,23886.55,18184.72
07.12.2025 15:00:00 +01:00,24351.75,18418.30
07.12.2025 16:00:00 +01:00,24746.03,18592.55
07.12.2025 17:00:00 +01:00,24943.29,18583.30
07.12.2025 18:00:00 +01:00,24732.75,18563.63
07.12.2025 19:00:00 +01:00,23723.23,18460.32
07.12.2025 20:00:00 +01:00,22149.08,18256.04
07.12.2025 21:00:00 +01:00,19833.28,17965.82
07.12.2025 22:00:00 +01:00,17012.23,17623.52
07.12.2025 23:00:00 +01:00,14701.44,17099.79
08.12.2025 00:00:00 +01:00,13556.28,16660.13
08.12.2025 01:00:00 +01:00,12418.75,16397.22
08.12.2025 02:00:00 +01:00,11645.93,16252.47
08.12.2025 03:00:00 +01:00,11582.42,16141.28
08.12.2025 04:00:00 +01:00,11832.03,16140.37
08.12.2025 05:00:00 +01:00,13271.81,16446.23
08.12.2025 06:00:00 +01:00,16645.99,17432.10
08.12.2025 07:00:00 +01:00,19642.10,18574.03
08.12.2025 08:00:00 +01:00,21105.09,19042.58
08.12.2025 09:00:00 +01:00,21039.55,19018.84
08.12.2025 10:00:00 +01:00,20818.37,18979.01
08.12.2025 11:00:00 +01:00,20716.24,18920.78
08.12.2025 12:00:00 +01:00,20877.87,18983.14
08.12.2025 13:00:00 +01:00,20979.74,19076.74
08.12.2025 14:00:00 +01:00,21543.26,19177.92
08.12.2025 15:00:00 +01:00,21742.03,19354.70
08.12.2025 16:00:00 +01:00,22216.40,19457.92
08.12.2025 17:00:00 +01:00,22001.16,19334.26
08.12.2025 18:00:00 +01:00,21532.32,19165.28
08.12.2025 19:00:00 +01:00,21157.14,19081.32
08.12.2025 20:00:00 +01:00,20557.82,18838.84
08.12.2025 21:00:00 +01:00,19895.42,18515.07
08.12.2025 22:00:00 +01:00,19291.78,18041.03
08.12.2025 23:00:00 +01:00,18005.23,17392.79
09.12.2025 00:00:00 +01:00,17523.79,16810.95
09.12.2025 01:00:00 +01:00,17821.99,16403.62
09.12.2025 02:00:00 +01:00,17847.16,16113.34
09.12.2025 03:00:00 +01:00,17448.18,16051.01
09.12.2025 04:00:00 +01:00,16960.62,16083.78
09.12.2025 05:00:00 +01:00,17380.88,16463.58
09.12.2025 06:00:00 +01:00,19950.26,17647.99
09.12.2025 07:00:00 +01:00,23440.48,18940.64
09.12.2025 08:00:00 +01:00,23977.13,19281.69
09.12.2025 09:00:00 +01:00,23475.51,19315.46
09.12.2025 10:00:00 +01:00,23463.37,19289.48
09.12.2025 11:00:00 +01:00,23473.94,19182.62
09.12.2025 12:00:00 +01:00,23194.09,19205.25
09.12.2025 13:00:00 +01:00,23252.79,19161.76
09.12.2025 14:00:00 +01:00,23900.29,19361.84
09.12.2025 15:00:00 +01:00,24751.94,19577.55
09.12.2025 16:00:00 +01:00,25008.84,19825.94
09.12.2025 17:00:00 +01:00,25125.70,19687.15
09.12.2025 18:00:00 +01:00,24960.03,19523.10
09.12.2025 19:00:00 +01:00,24849.58,19455.16
09.12.2025 20:00:00 +01:00,24602.44,19269.38
09.12.2025 21:00:00 +01:00,22752.13,18887.03
09.12.2025 22:00:00 +01:00,20147.82,18351.00
09.12.2025 23:00:00 +01:00,17037.27,17804.84
10.12.2025 00:00:00 +01:00,15645.39,17362.86
10.12.2025 01:00:00 +01:00,14948.66,16947.24
10.12.2025 02:00:00 +01:00,15044.83,16735.16
10.12.2025 03:00:00 +01:00,15091.82,16574.07
10.12.2025 04:00:00 +01:00,15229.54,16467.75
10.12.2025 05:00:00 +01:00,15382.95,16725.99
10.12.2025 06:00:00 +01:00,17358.15,17617.08
10.12.2025 07:00:00 +01:00,20413.44,18754.22
10.12.2025 08:00:00 +01:00,21857.52,18983.67
10.12.2025 09:00:00 +01:00,22138.09,18744.43
10.12.2025 10:00:00 +01:00,21695.46,18683.22
10.12.2025 11:00:00 +01:00,21193.38,18682.21
10.12.2025 12:00:00 +01:00,20645.79,18605.32
10.12.2025 13:00:00 +01:00,20463.04,18598.32
10.12.2025 14:00:00 +01:00,21422.44,18762.92
10.12.2025 15:00:00 +01:00,22118.20,19054.40
10.12.2025 16:00:00 +01:00,22078.71,19240.65
10.12.2025 17:00:00 +01:00,21718.18,19109.12
10.12.2025 18:00:00 +01:00,20389.59,18840.28
10.12.2025 19:00:00 +01:00,19400.28,18703.04
10.12.2025 20:00:00 +01:00,18628.86,18497.54
10.12.2025 21:00:00 +01:00,18137.36,18131.61
10.12.2025 22:00:00 +01:00,17779.25,17734.67
10.12.2025 23:00:00 +01:00,16844.94,17085.08
11.12.2025 00:00:00 +01:00,16088.60,16612.50
11.12.2025 01:00:00 +01:00,15829.04,16236.63
11.12.2025 02:00:00 +01:00,15957.98,15986.05
11.12.2025 03:00:00 +01:00,15483.05,15844.94
11.12.2025 04:00:00 +01:00,15541.65,15821.44
11.12.2025 05:00:00 +01:00,16289.56,16090.51
11.12.2025 06:00:00 +01:00,18987.12,17139.88
11.12.2025 07:00:00 +01:00,20657.55,18272.03
11.12.2025 08:00:00 +01:00,21977.80,18605.43
11.12.2025 09:00:00 +01:00,21875.38,18495.86
11.12.2025 10:00:00 +01:00,21844.12,18285.46
11.12.2025 11:00:00 +01:00,22134.47,18482.98
11.12.2025 12:00:00 +01:00,22286.66,18499.73
11.12.2025 13:00:00 +01:00,21692.42,18374.32
11.12.2025 14:00:00 +01:00,21524.72,18362.53
11.12.2025 15:00:00 +01:00,22394.46,18734.74
11.12.2025 16:00:00 +01:00,23035.88,18945.65
11.12.2025 17:00:00 +01:00,23630.71,18902.38
11.12.2025 18:00:00 +01:00,23611.45,18782.90
11.12.2025 19:00:00 +01:00,23555.80,18590.50
11.12.2025 20:00:00 +01:00,23196.14,18341.64
11.12.2025 21:00:00 +01:00,23178.81,18102.80
11.12.2025 22:00:00 +01:00,22914.68,17807.94
11.12.2025 23:00:00 +01:00,21991.03,17302.86
12.12.2025 00:00:00 +01:00,21701.23,16868.66
12.12.2025 01:00:00 +01:00,21805.62,16514.58
12.12.2025 02:00:00 +01:00,21766.99,16262.46
12.12.2025 03:00:00 +01:00,21510.15,16148.20
12.12.2025 04:00:00 +01:00,21925.02,16130.66
12.12.2025 05:00:00 +01:00,22981.55,16489.63
12.12.2025 06:00:00 +01:00,24805.05,17614.88
12.12.2025 07:00:00 +01:00,25444.05,18762.52
12.12.2025 08:00:00 +01:00,25948.43,19285.54
12.12.2025 09:00:00 +01:00,25642.55,19291.32
12.12.2025 10:00:00 +01:00,25710.84,19192.30
12.12.2025 11:00:00 +01:00,25575.43,19095.32
12.12.2025 12:00:00 +01:00,25790.46,19061.08
12.12.2025 13:00:00 +01:00,25983.21,19014.03
12.12.2025 14:00:00 +01:00,25884.25,19116.11
12.12.2025 15:00:00 +01:00,25713.26,19232.73
12.12.2025 16:00:00 +01:00,25646.43,19324.92
12.12.2025 17:00:00 +01:00,25343.29,19145.64
12.12.2025 18:00:00 +01:00,25312.90,18886.30
12.12.2025 19:00:00 +01:00,25972.90,18592.93
12.12.2025 20:00:00 +01:00,25882.80,18269.45
12.12.2025 21:00:00 +01:00,25126.82,17901.84
12.12.2025 22:00:00 +01:00,24212.70,17457.97
12.12.2025 23:00:00 +01:00,23407.62,16989.92
13.12.2025 00:00:00 +01:00,22674.80,16603.06
13.12.2025 01:00:00 +01:00,22096.61,16218.82
13.12.2025 02:00:00 +01:00,21546.24,15905.38
13.12.2025 03:00:00 +01:00,21550.07,15707.44
13.12.2025 04:00:00 +01:00,21905.27,15672.38
13.12.2025 05:00:00 +01:00,21839.77,15612.98
13.12.2025 06:00:00 +01:00,22119.30,15825.44
13.12.2025 07:00:00 +01:00,22340.74,16209.84
13.12.2025 08:00:00 +01:00,22898.86,16740.95
13.12.2025 09:00:00 +01:00,23682.54,17374.59
13.12.2025 10:00:00 +01:00,23963.37,17730.43
13.12.2025 11:00:00 +01:00,24143.46,17909.89
13.12.2025 12:00:00 +01:00,23751.41,17874.35
13.12.2025 13:00:00 +01:00,23825.10,17851.61
13.12.2025 14:00:00 +01:00,23902.28,17936.43
13.12.2025 15:00:00 +01:00,24336.92,18187.03
13.12.2025 16:00:00 +01:00,24631.08,18412.69
13.12.2025 17:00:00 +01:00,24523.63,18478.48
13.12.2025 18:00:00 +01:00,24096.81,18372.65
13.12.2025 19:00:00 +01:00,23322.56,18094.14
13.12.2025 20:00:00 +01:00,22646.19,17763.35
13.12.2025 21:00:00 +01:00,22387.75,17428.47
13.12.2025 22:00:00 +01:00,21403.68,17180.08
13.12.2025 23:00:00 +01:00,20091.62,16773.48
14.12.2025 00:00:00 +01:00,18685.37,16342.11
14.12.2025 01:00:00 +01:00,17476.13,15969.54
14.12.2025 02:00:00 +01:00,16663.24,15653.57
14.12.2025 03:00:00 +01:00,15783.79,15456.87
14.12.2025 04:00:00 +01:00,15552.28,15350.46
14.12.2025 05:00:00 +01:00,15527.96,15286.32
14.12.2025 06:00:00 +01:00,15509.10,15376.37
14.12.2025 07:00:00 +01:00,16220.32,15585.81
14.12.2025 08:00:00 +01:00,16840.19,15914.43
14.12.2025 09:00:00 +01:00,17341.82,16348.96
14.12.2025 10:00:00 +01:00,17760.77,16683.06
14.12.2025 11:00:00 +01:00,17870.91,16929.92
14.12.2025 12:00:00 +01:00,17978.62,17094.04
14.12.2025 13:00:00 +01:00,17967.90,17168.74
14.12.2025 14:00:00 +01:00,17977.72,17241.62
14.12.2025 15:00:00 +01:00,18616.14,17446.89
14.12.2025 16:00:00 +01:00,19060.04,17599.44
14.12.2025 17:00:00 +01:00,19151.11,17593.02
14.12.2025 18:00:00 +01:00,19368.75,17448.53
14.12.2025 19:00:00 +01:00,18694.11,17338.54
14.12.2025 20:00:00 +01:00,17473.84,17203.42
14.12.2025 21:00:00 +01:00,17048.44,16945.14
14.12.2025 22:00:00 +01:00,16745.02,16603.66
14.12.2025 23:00:00 +01:00,16246.58,16098.38
15.12.2025 00:00:00 +01:00,15647.28,15629.52
15.12.2025 01:00:00 +01:00,15379.65,15259.10
15.12.2025 02:00:00 +01:00,15397.40,14985.52
15.12.2025 03:00:00 +01:00,15428.94,14840.20
15.12.2025 04:00:00 +01:00,14946.66,14816.05
15.12.2025 05:00:00 +01:00,15164.12,15192.14
15.12.2025 06:00:00 +01:00,16725.06,16173.69
15.12.2025 07:00:00 +01:00,19602.02,17330.48
15.12.2025 08:00:00 +01:00,20845.50,17766.74
15.12.2025 09:00:00 +01:00,20717.16,17813.73
15.12.2025 10:00:00 +01:00,20715.14,17759.10
15.12.2025 11:00:00 +01:00,20955.92,17699.27
15.12.2025 12:00:00 +01:00,21103.14,17662.16
15.12.2025 13:00:00 +01:00,21801.39,17633.19
15.12.2025 14:00:00 +01:00,21856.59,17686.27
15.12.2025 15:00:00 +01:00,22532.05,17974.52
15.12.2025 16:00:00 +01:00,22794.03,18169.82
15.12.2025 17:00:00 +01:00,23736.21,18115.78
15.12.2025 18:00:00 +01:00,23786.59,17936.83
15.12.2025 19:00:00 +01:00,23642.29,17772.93
15.12.2025 20:00:00 +01:00,23302.25,17606.07
15.12.2025 21:00:00 +01:00,22594.98,17281.31
15.12.2025 22:00:00 +01:00,21526.27,16811.50
15.12.2025 23:00:00 +01:00,20421.43,16244.06
16.12.2025 00:00:00 +01:00,19630.84,15717.56
16.12.2025 01:00:00 +01:00,19230.03,15337.34
16.12.2025 02:00:00 +01:00,19222.91,15103.87
16.12.2025 03:00:00 +01:00,19194.82,14906.60
16.12.2025 04:00:00 +01:00,19336.49,14846.72
16.12.2025 05:00:00 +01:00,20753.13,15191.11
16.12.2025 06:00:00 +01:00,22622.56,16253.20
16.12.2025 07:00:00 +01:00,24644.56,17540.88
16.12.2025 08:00:00 +01:00,25299.57,18007.59
16.12.2025 09:00:00 +01:00,24900.48,17857.78
16.12.2025 10:00:00 +01:00,24887.51,17859.97
16.12.2025 11:00:00 +01:00,25004.57,18001.68
16.12.2025 12:00:00 +01:00,24814.48,17966.93
16.12.2025 13:00:00 +01:00,24647.55,17993.53
16.12.2025 14:00:00 +01:00,25219.17,18248.93
16.12.2025 15:00:00 +01:00,25326.80,18486.66
16.12.2025 16:00:00 +01:00,25363.89,18575.14
16.12.2025 17:00:00 +01:00,25101.14,18411.24
16.12.2025 18:00:00 +01:00,25303.80,18273.64
16.12.2025 19:00:00 +01:00,25472.96,18149.33
16.12.2025 20:00:00 +01:00,25368.77,18040.65
16.12.2025 21:00:00 +01:00,24817.38,17810.84
16.12.2025 22:00:00 +01:00,23547.44,17386.84
16.12.2025 23:00:00 +01:00,22041.87,16770.80
17.12.2025 00:00:00 +01:00,21353.17,16229.34
17.12.2025 01:00:00 +01:00,20713.49,15837.96
17.12.2025 02:00:00 +01:00,20043.77,15609.12
17.12.2025 03:00:00 +01:00,19823.54,15473.92
17.12.2025 04:00:00 +01:00,19887.82,15433.67
17.12.2025 05:00:00 +01:00,20444.52,15754.30
17.12.2025 06:00:00 +01:00,22101.82,16853.34
17.12.2025 07:00:00 +01:00,23998.92,18292.47
17.12.2025 08:00:00 +01:00,24303.46,18730.76
17.12.2025 09:00:00 +01:00,24152.26,18779.27
17.12.2025 10:00:00 +01:00,24329.97,18746.14
17.12.2025 11:00:00 +01:00,24268.82,18565.25
17.12.2025 12:00:00 +01:00,24279.97,18544.46
17.12.2025 13:00:00 +01:00,24454.42,18558.55
17.12.2025 14:00:00 +01:00,24345.81,18789.63
17.12.2025 15:00:00 +01:00,24728.43,19148.64
17.12.2025 16:00:00 +01:00,25670.38,19491.42
17.12.2025 17:00:00 +01:00,26331.14,19276.49
17.12.2025 18:00:00 +01:00,26444.97,19103.31
17.12.2025 19:00:00 +01:00,26450.91,19017.87
17.12.2025 20:00:00 +01:00,26210.64,18889.05
17.12.2025 21:00:00 +01:00,25561.97,18573.51
17.12.2025 22:00:00 +01:00,24137.31,18034.64
17.12.2025 23:00:00 +01:00,21887.07,17368.44
18.12.2025 00:00:00 +01:00,19442.19,16702.68
18.12.2025 01:00:00 +01:00,18064.96,16238.40
18.12.2025 02:00:00 +01:00,16414.85,15922.40
18.12.2025 03:00:00 +01:00,15437.44,15777.08
18.12.2025 04:00:00 +01:00,15024.02,15723.31
18.12.2025 05:00:00 +01:00,15003.27,15987.16
18.12.2025 06:00:00 +01:00,16144.30,16981.76
18.12.2025 07:00:00 +01:00,18950.36,18094.01
18.12.2025 08:00:00 +01:00,19803.05,18362.78
18.12.2025 09:00:00 +01:00,19558.95,18332.05
18.12.2025 10:00:00 +01:00,19312.16,18373.06
18.12.2025 11:00:00 +01:00,18980.68,18432.43
18.12.2025 12:00:00 +01:00,18802.25,18359.70
18.12.2025 13:00:00 +01:00,19144.45,18309.55
18.12.2025 14:00:00 +01:00,19938.46,18373.13
18.12.2025 15:00:00 +01:00,20902.35,18511.45
18.12.2025 16:00:00 +01:00,21912.62,18707.88
18.12.2025 17:00:00 +01:00,22636.28,18633.24
18.12.2025 18:00:00 +01:00,21527.18,18428.71
18.12.2025 19:00:00 +01:00,20347.30,18269.56
18.12.2025 20:00:00 +01:00,18895.41,18181.31
18.12.2025 21:00:00 +01:00,16953.84,17858.57
18.12.2025 22:00:00 +01:00,16043.56,17481.62
18.12.2025 23:00:00 +01:00,14936.28,17006.67
19.12.2025 00:00:00 +01:00,13790.79,16492.73
19.12.2025 01:00:00 +01:00,13378.01,16089.53
19.12.2025 02:00:00 +01:00,12966.01,15815.20
19.12.2025 03:00:00 +01:00,13028.59,15644.27
19.12.2025 04:00:00 +01:00,13168.16,15595.98
19.12.2025 05:00:00 +01:00,13553.58,15883.28
19.12.2025 06:00:00 +01:00,15427.14,16768.09
19.12.2025 07:00:00 +01:00,17766.93,17779.03
19.12.2025 08:00:00 +01:00,18748.78,18198.82
19.12.2025 09:00:00 +01:00,19432.62,18236.65
19.12.2025 10:00:00 +01:00,19782.84,18208.92
19.12.2025 11:00:00 +01:00,19717.49,18107.46
19.12.2025 12:00:00 +01:00,19750.01,18015.57
19.12.2025 13:00:00 +01:00,19737.91,18001.54
19.12.2025 14:00:00 +01:00,19775.99,18133.75
19.12.2025 15:00:00 +01:00,20385.86,18400.68
19.12.2025 16:00:00 +01:00,20611.17,18577.04
19.12.2025 17:00:00 +01:00,20750.94,18444.09
19.12.2025 18:00:00 +01:00,20504.88,18229.29
19.12.2025 19:00:00 +01:00,20271.94,17899.53
19.12.2025 20:00:00 +01:00,19638.66,17509.80
19.12.2025 21:00:00 +01:00,19373.25,17112.43
19.12.2025 22:00:00 +01:00,18895.20,16770.03
19.12.2025 23:00:00 +01:00,18653.52,16400.24
20.12.2025 00:00:00 +01:00,18571.51,16032.48
20.12.2025 01:00:00 +01:00,18139.05,15681.70
20.12.2025 02:00:00 +01:00,18113.38,15424.41
20.12.2025 03:00:00 +01:00,17601.91,15252.02
20.12.2025 04:00:00 +01:00,17789.01,15184.24
20.12.2025 05:00:00 +01:00,17850.88,15217.82
20.12.2025 06:00:00 +01:00,17939.03,15459.91
20.12.2025 07:00:00 +01:00,18518.22,15837.65
20.12.2025 08:00:00 +01:00,18897.41,16483.99
20.12.2025 09:00:00 +01:00,19673.21,17088.86
20.12.2025 10:00:00 +01:00,19639.71,17314.32
20.12.2025 11:00:00 +01:00,19728.64,17506.18
20.12.2025 12:00:00 +01:00,19655.55,17480.86
20.12.2025 13:00:00 +01:00,19640.46,17491.40
20.12.2025 14:00:00 +01:00,19731.34,17606.85
20.12.2025 15:00:00 +01:00,19797.04,17943.69
20.12.2025 16:00:00 +01:00,20087.82,18231.16
20.12.2025 17:00:00 +01:00,20274.95,18346.23
20.12.2025 18:00:00 +01:00,20412.89,18287.59
20.12.2025 19:00:00 +01:00,20074.44,18054.11
20.12.2025 20:00:00 +01:00,19649.47,17814.89
20.12.2025 21:00:00 +01:00,19534.92,17668.70
20.12.2025 22:00:00 +01:00,19192.48,17408.66
20.12.2025 23:00:00 +01:00,19002.16,17085.28
21.12.2025 00:00:00 +01:00,18740.49,16704.08
21.12.2025 01:00:00 +01:00,18399.86,16399.28
21.12.2025 02:00:00 +01:00,18162.18,16210.46
21.12.2025 03:00:00 +01:00,17950.57,16089.66
21.12.2025 04:00:00 +01:00,18107.00,16217.16
21.12.2025 05:00:00 +01:00,18058.24,16322.92
21.12.2025 06:00:00 +01:00,18304.30,16504.37
21.12.2025 07:00:00 +01:00,18880.34,16802.21
21.12.2025 08:00:00 +01:00,19477.00,17318.87
21.12.2025 09:00:00 +01:00,20159.32,17876.94
21.12.2025 10:00:00 +01:00,20911.91,18239.01
21.12.2025 11:00:00 +01:00,21172.88,18369.19
21.12.2025 12:00:00 +01:00,21342.50,18452.65
21.12.2025 13:00:00 +01:00,21145.32,18537.44
21.12.2025 14:00:00 +01:00,21304.78,18696.18
21.12.2025 15:00:00 +01:00,22028.96,18972.56
21.12.2025 16:00:00 +01:00,22942.11,19234.58
21.12.2025 17:00:00 +01:00,23355.08,19325.46
21.12.2025 18:00:00 +01:00,23034.85,19269.64
21.12.2025 19:00:00 +01:00,22799.02,19228.58
21.12.2025 20:00:00 +01:00,21868.10,19151.90
21.12.2025 21:00:00 +01:00,21476.24,18943.96
21.12.2025 22:00:00 +01:00,21049.70,18730.73
21.12.2025 23:00:00 +01:00,20370.00,18415.34
22.12.2025 00:00:00 +01:00,19704.23,17957.93
22.12.2025 01:00:00 +01:00,19852.97,17609.69
22.12.2025 02:00:00 +01:00,19785.36,17464.14
22.12.2025 03:00:00 +01:00,19323.08,17370.14
22.12.2025 04:00:00 +01:00,19193.29,17367.84
22.12.2025 05:00:00 +01:00,20261.90,17773.37
22.12.2025 06:00:00 +01:00,22214.29,18678.59
22.12.2025 07:00:00 +01:00,25192.31,19586.26
22.12.2025 08:00:00 +01:00,26052.04,20303.96
22.12.2025 09:00:00 +01:00,26459.40,20511.29
22.12.2025 10:00:00 +01:00,26828.14,20580.48
22.12.2025 11:00:00 +01:00,27103.17,20591.99
22.12.2025 12:00:00 +01:00,27108.70,20475.56
22.12.2025 13:00:00 +01:00,27140.91,20420.57
22.12.2025 14:00:00 +01:00,27619.52,20550.94
22.12.2025 15:00:00 +01:00,27896.35,20768.63
22.12.2025 16:00:00 +01:00,28093.71,20932.85
22.12.2025 17:00:00 +01:00,28112.61,20792.42
22.12.2025 18:00:00 +01:00,27833.14,20629.36
22.12.2025 19:00:00 +01:00,27472.21,20524.30
22.12.2025 20:00:00 +01:00,26700.50,20326.59
22.12.2025 21:00:00 +01:00,26457.73,19991.16
22.12.2025 22:00:00 +01:00,25232.57,19616.72
22.12.2025 23:00:00 +01:00,23459.43,19092.23
23.12.2025 00:00:00 +01:00,22438.07,18676.71
23.12.2025 01:00:00 +01:00,20512.11,18183.94
23.12.2025 02:00:00 +01:00,20336.07,17907.56
23.12.2025 03:00:00 +01:00,19304.60,17612.56
23.12.2025 04:00:00 +01:00,18791.06,17509.56
23.12.2025 05:00:00 +01:00,18893.69,17763.54
23.12.2025 06:00:00 +01:00,20714.70,18528.74
23.12.2025 07:00:00 +01:00,23526.75,19392.61
23.12.2025 08:00:00 +01:00,25013.44,19928.78
23.12.2025 09:00:00 +01:00,26056.57,20313.03
23.12.2025 10:00:00 +01:00,25469.73,20529.40
23.12.2025 11:00:00 +01:00,24706.40,20599.50
23.12.2025 12:00:00 +01:00,24613.54,20565.60
23.12.2025 13:00:00 +01:00,24427.49,20544.42
23.12.2025 14:00:00 +01:00,24618.32,20595.76
23.12.2025 15:00:00 +01:00,25742.90,20730.30
23.12.2025 16:00:00 +01:00,25801.48,20774.33
23.12.2025 17:00:00 +01:00,25185.15,20548.57
23.12.2025 18:00:00 +01:00,25266.71,20258.32
23.12.2025 19:00:00 +01:00,24107.63,20086.08
23.12.2025 20:00:00 +01:00,23587.54,19814.14
23.12.2025 21:00:00 +01:00,21723.97,19486.88
23.12.2025 22:00:00 +01:00,21098.36,19236.88
23.12.2025 23:00:00 +01:00,18767.94,18787.54
24.12.2025 00:00:00 +01:00,17644.90,18350.25
24.12.2025 01:00:00 +01:00,16214.88,17960.75
24.12.2025 02:00:00 +01:00,15517.86,17655.98
24.12.2025 03:00:00 +01:00,15005.68,17434.92
24.12.2025 04:00:00 +01:00,14944.27,17425.27
24.12.2025 05:00:00 +01:00,15620.75,17577.61
24.12.2025 06:00:00 +01:00,16736.67,18138.41
24.12.2025 07:00:00 +01:00,18812.27,18649.64
24.12.2025 08:00:00 +01:00,21597.99,19300.64
24.12.2025 09:00:00 +01:00,22757.50,19988.77
24.12.2025 10:00:00 +01:00,22299.00,20358.76
24.12.2025 11:00:00 +01:00,20859.56,20321.13
24.12.2025 12:00:00 +01:00,19608.38,20173.30
24.12.2025 13:00:00 +01:00,19672.95,20191.19
24.12.2025 14:00:00 +01:00,20885.63,20371.71
24.12.2025 15:00:00 +01:00,22056.48,20736.16
24.12.2025 16:00:00 +01:00,23240.07,20777.74
24.12.2025 17:00:00 +01:00,23008.03,19900.22
24.12.2025 18:00:00 +01:00,21780.80,19196.54
24.12.2025 19:00:00 +01:00,19611.62,18756.02
24.12.2025 20:00:00 +01:00,18981.25,18427.60
24.12.2025 21:00:00 +01:00,18343.92,18195.92
24.12.2025 22:00:00 +01:00,18038.58,18136.12
24.12.2025 23:00:00 +01:00,17323.88,18154.22
25.12.2025 00:00:00 +01:00,16559.56,18011.47
25.12.2025 01:00:00 +01:00,15956.05,17695.38
25.12.2025 02:00:00 +01:00,15156.82,17398.71
25.12.2025 03:00:00 +01:00,15017.36,17175.66
25.12.2025 04:00:00 +01:00,14790.54,17116.21
25.12.2025 05:00:00 +01:00,14825.99,17152.63
25.12.2025 06:00:00 +01:00,14897.59,17388.58
25.12.2025 07:00:00 +01:00,15672.02,17723.92
25.12.2025 08:00:00 +01:00,17828.21,18078.36
25.12.2025 09:00:00 +01:00,18404.55,18457.28
25.12.2025 10:00:00 +01:00,17095.67,18801.08
25.12.2025 11:00:00 +01:00,16869.93,19024.87
25.12.2025 12:00:00 +01:00,16959.99,19073.41
25.12.2025 13:00:00 +01:00,17733.48,19072.64
25.12.2025 14:00:00 +01:00,19735.07,19127.70
25.12.2025 15:00:00 +01:00,22008.64,19270.50
25.12.2025 16:00:00 +01:00,22421.88,19333.97
25.12.2025 17:00:00 +01:00,21955.34,19121.13
25.12.2025 18:00:00 +01:00,21784.14,18842.76
25.12.2025 19:00:00 +01:00,21453.60,18628.23
25.12.2025 20:00:00 +01:00,21371.96,18441.83
25.12.2025 21:00:00 +01:00,20975.93,18188.76
25.12.2025 22:00:00 +01:00,20685.82,17923.09
25.12.2025 23:00:00 +01:00,20053.70,17558.92
26.12.2025 00:00:00 +01:00,19958.80,17214.25
26.12.2025 01:00:00 +01:00,19713.89,16892.19
26.12.2025 02:00:00 +01:00,19461.65,16710.24
26.12.2025 03:00:00 +01:00,19387.50,16612.04
26.12.2025 04:00:00 +01:00,19289.42,16649.94
26.12.2025 05:00:00 +01:00,19496.60,16829.00
26.12.2025 06:00:00 +01:00,19815.51,17182.49
26.12.2025 07:00:00 +01:00,20132.19,17604.19
26.12.2025 08:00:00 +01:00,20603.78,18073.80
26.12.2025 09:00:00 +01:00,20765.20,18497.33
26.12.2025 10:00:00 +01:00,21265.92,18768.29
26.12.2025 11:00:00 +01:00,21163.49,18876.64
26.12.2025 12:00:00 +01:00,21293.86,18845.97
26.12.2025 13:00:00 +01:00,21025.08,18813.61
26.12.2025 14:00:00 +01:00,21693.25,18933.07
26.12.2025 15:00:00 +01:00,22677.47,19278.64
26.12.2025 16:00:00 +01:00,23050.05,19398.53
26.12.2025 17:00:00 +01:00,23276.76,19172.34
26.12.2025 18:00:00 +01:00,23219.16,18955.18
26.12.2025 19:00:00 +01:00,22757.64,18809.71
26.12.2025 20:00:00 +01:00,22365.83,18720.41
26.12.2025 21:00:00 +01:00,21743.78,18502.38
26.12.2025 22:00:00 +01:00,20845.64,18170.63
26.12.2025 23:00:00 +01:00,20782.03,17761.58
27.12.2025 00:00:00 +01:00,19810.82,17412.31
27.12.2025 01:00:00 +01:00,19534.24,17140.81
27.12.2025 02:00:00 +01:00,19316.19,16940.50
27.12.2025 03:00:00 +01:00,19627.01,16911.95
27.12.2025 04:00:00 +01:00,19305.93,16899.30
27.12.2025 05:00:00 +01:00,18867.88,16922.91
27.12.2025 06:00:00 +01:00,18874.59,17007.44
27.12.2025 07:00:00 +01:00,18912.13,17251.80
27.12.2025 08:00:00 +01:00,18907.86,17708.80
27.12.2025 09:00:00 +01:00,19420.54,18279.94
27.12.2025 10:00:00 +01:00,19441.10,18622.70
27.12.2025 11:00:00 +01:00,19121.65,18675.90
27.12.2025 12:00:00 +01:00,18420.91,18641.01
27.12.2025 13:00:00 +01:00,18650.74,18689.65
27.12.2025 14:00:00 +01:00,20089.27,18820.04
27.12.2025 15:00:00 +01:00,21813.69,19213.36
27.12.2025 16:00:00 +01:00,22016.98,19519.02
27.12.2025 17:00:00 +01:00,22003.41,19548.27
27.12.2025 18:00:00 +01:00,21667.92,19438.66
27.12.2025 19:00:00 +01:00,21920.81,19272.60
27.12.2025 20:00:00 +01:00,21642.89,18974.23
27.12.2025 21:00:00 +01:00,21391.22,18631.54
27.12.2025 22:00:00 +01:00,20780.03,18359.27
27.12.2025 23:00:00 +01:00,20624.43,18076.20
28.12.2025 00:00:00 +01:00,20166.80,17844.08
28.12.2025 01:00:00 +01:00,20038.89,17639.70
28.12.2025 02:00:00 +01:00,19969.07,17463.42
28.12.2025 03:00:00 +01:00,19744.04,17418.88
28.12.2025 04:00:00 +01:00,19817.62,17425.24
28.12.2025 05:00:00 +01:00,20089.39,17387.84
28.12.2025 06:00:00 +01:00,20246.30,17583.32
28.12.2025 07:00:00 +01:00,20569.90,17914.50
28.12.2025 08:00:00 +01:00,20740.76,18176.62
28.12.2025 09:00:00 +01:00,20902.01,18408.46
28.12.2025 10:00:00 +01:00,21136.41,18861.43
28.12.2025 11:00:00 +01:00,21184.20,19014.51
28.12.2025 12:00:00 +01:00,21580.00,19118.94
28.12.2025 13:00:00 +01:00,21576.25,19206.04
28.12.2025 14:00:00 +01:00,21897.55,19361.86
28.12.2025 15:00:00 +01:00,21986.70,19672.50
28.12.2025 16:00:00 +01:00,22134.27,19893.50
28.12.2025 17:00:00 +01:00,21814.28,19876.52
28.12.2025 18:00:00 +01:00,21411.08,19666.14
28.12.2025 19:00:00 +01:00,20548.04,19536.07
28.12.2025 20:00:00 +01:00,19979.50,19386.30
28.12.2025 21:00:00 +01:00,19585.92,19180.57
28.12.2025 22:00:00 +01:00,19556.66,18896.61
28.12.2025 23:00:00 +01:00,18757.87,18547.72
29.12.2025 00:00:00 +01:00,18404.62,18238.71
29.12.2025 01:00:00 +01:00,18243.49,17938.54
29.12.2025 02:00:00 +01:00,17794.50,17729.43
29.12.2025 03:00:00 +01:00,17708.20,17655.58
29.12.2025 04:00:00 +01:00,17872.54,17691.17
29.12.2025 05:00:00 +01:00,18337.49,17976.38
29.12.2025 06:00:00 +01:00,18954.11,18597.94
29.12.2025 07:00:00 +01:00,20300.70,19397.38
29.12.2025 08:00:00 +01:00,21241.88,20014.74
29.12.2025 09:00:00 +01:00,21966.15,20522.04
29.12.2025 10:00:00 +01:00,22262.13,20787.34
29.12.2025 11:00:00 +01:00,21799.08,20757.84
29.12.2025 12:00:00 +01:00,21377.56,20721.40
29.12.2025 13:00:00 +01:00,21379.40,20632.54
29.12.2025 14:00:00 +01:00,21900.52,20722.71
29.12.2025 15:00:00 +01:00,22541.61,20970.32
29.12.2025 16:00:00 +01:00,22974.24,21219.58
29.12.2025 17:00:00 +01:00,23130.12,21132.99
29.12.2025 18:00:00 +01:00,23001.05,21004.60
29.12.2025 19:00:00 +01:00,22544.53,20820.47
29.12.2025 20:00:00 +01:00,22554.81,20563.94
29.12.2025 21:00:00 +01:00,21913.04,20208.66
29.12.2025 22:00:00 +01:00,21879.15,19880.01
29.12.2025 23:00:00 +01:00,21539.56,19483.42
30.12.2025 00:00:00 +01:00,21002.39,19049.57
30.12.2025 01:00:00 +01:00,20249.41,18723.32
30.12.2025 02:00:00 +01:00,19333.05,18477.09
30.12.2025 03:00:00 +01:00,17669.77,18263.72
30.12.2025 04:00:00 +01:00,17375.18,18290.25
30.12.2025 05:00:00 +01:00,19137.09,18591.71
30.12.2025 06:00:00 +01:00,20439.04,19178.54
30.12.2025 07:00:00 +01:00,21666.94,19885.56
30.12.2025 08:00:00 +01:00,22218.93,20429.42
30.12.2025 09:00:00 +01:00,22126.94,20626.46
30.12.2025 10:00:00 +01:00,22366.61,21062.16
30.12.2025 11:00:00 +01:00,22159.86,21125.26
30.12.2025 12:00:00 +01:00,21902.13,21191.30
30.12.2025 13:00:00 +01:00,22062.55,21180.43
30.12.2025 14:00:00 +01:00,23210.81,20954.36
30.12.2025 15:00:00 +01:00,23860.94,21024.60
30.12.2025 16:00:00 +01:00,24223.42,21144.31
30.12.2025 17:00:00 +01:00,24271.71,20979.53
30.12.2025 18:00:00 +01:00,24286.59,20712.87
30.12.2025 19:00:00 +01:00,23966.34,20291.64
30.12.2025 20:00:00 +01:00,24304.57,20015.75
30.12.2025 21:00:00 +01:00,23904.42,19658.10
30.12.2025 22:00:00 +01:00,23588.48,19215.97
30.12.2025 23:00:00 +01:00,23248.86,18645.12
31.12.2025 00:00:00 +01:00,22943.93,18574.72
31.12.2025 01:00:00 +01:00,21796.08,18336.68
31.12.2025 02:00:00 +01:00,20968.05,18223.62
31.12.2025 03:00:00 +01:00,20324.61,18114.85
31.12.2025 04:00:00 +01:00,19911.99,18092.03
31.12.2025 05:00:00 +01:00,20293.91,18274.37
31.12.2025 06:00:00 +01:00,21572.23,18721.39
31.12.2025 07:00:00 +01:00,23002.60,19193.76
31.12.2025 08:00:00 +01:00,23867.20,19537.22
31.12.2025 09:00:00 +01:00,24108.92,20015.90
31.12.2025 10:00:00 +01:00,23544.43,20418.56
31.12.2025 11:00:00 +01:00,23239.32,20625.13
31.12.2025 12:00:00 +01:00,23093.01,20689.69
31.12.2025 13:00:00 +01:00,22777.46,20736.72
31.12.2025 14:00:00 +01:00,23770.51,20988.10
31.12.2025 15:00:00 +01:00,25120.69,21376.02
31.12.2025 16:00:00 +01:00,25031.79,21581.05
31.12.2025 17:00:00 +01:00,24715.62,21297.40
31.12.2025 18:00:00 +01:00,24526.77,20708.16
31.12.2025 19:00:00 +01:00,24149.76,20012.25
31.12.2025 20:00:00 +01:00,22462.79,19458.22
31.12.2025 21:00:00 +01:00,20934.07,18920.84
31.12.2025 22:00:00 +01:00,20114.97,18471.31
31.12.2025 23:00:00 +01:00,18077.90,18180.96
