Time(Local),Production,Consumption
31.12.2023 23:00:00 +01:00,13723.52,17624.44
01.01.2024 00:00:00 +01:00,13867.72,17824.48
01.01.2024 01:00:00 +01:00,13096.44,17878.74
01.01.2024 02:00:00 +01:00,12377.76,17837.10
01.01.2024 03:00:00 +01:00,11502.30,17691.20
01.01.2024 04:00:00 +01:00,11459.24,17619.45
01.01.2024 05:00:00 +01:00,12068.38,17757.76
01.01.2024 06:00:00 +01:00,12451.05,18051.18
01.01.2024 07:00:00 +01:00,12712.57,18344.21
01.01.2024 08:00:00 +01:00,12579.83,18601.40
01.01.2024 09:00:00 +01:00,13068.61,18923.58
01.01.2024 10:00:00 +01:00,13767.69,19229.31
01.01.2024 11:00:00 +01:00,14554.44,19511.68
01.01.2024 12:00:00 +01:00,15632.76,19680.24
01.01.2024 13:00:00 +01:00,15892.41,19792.29
01.01.2024 14:00:00 +01:00,16726.57,19918.25
01.01.2024 15:00:00 +01:00,17346.17,20175.09
01.01.2024 16:00:00 +01:00,18464.64,20391.84
01.01.2024 17:00:00 +01:00,19455.03,20299.58
01.01.2024 18:00:00 +01:00,18491.43,20141.12
01.01.2024 19:00:00 +01:00,17631.93,20004.84
01.01.2024 20:00:00 +01:00,15977.67,19774.95
01.01.2024 21:00:00 +01:00,14867.53,19523.56
01.01.2024 22:00:00 +01:00,14051.51,19164.53
01.01.2024 23:00:00 +01:00,13691.80,18805.32
02.01.2024 00:00:00 +01:00,13201.33,18459.36
02.01.2024 01:00:00 +01:00,12868.20,18245.34
02.01.2024 02:00:00 +01:00,12780.64,18143.28
02.01.2024 03:00:00 +01:00,12589.57,18117.18
02.01.2024 04:00:00 +01:00,12448.42,18207.63
02.01.2024 05:00:00 +01:00,13188.42,18568.21
02.01.2024 06:00:00 +01:00,14496.12,19602.50
02.01.2024 07:00:00 +01:00,16872.65,20865.15
02.01.2024 08:00:00 +01:00,19381.99,21469.14
02.01.2024 09:00:00 +01:00,21093.43,21729.04
02.01.2024 10:00:00 +01:00,23188.86,21820.08
02.01.2024 11:00:00 +01:00,23966.66,21954.89
02.01.2024 12:00:00 +01:00,24880.67,22034.43
02.01.2024 13:00:00 +01:00,24947.53,22088.10
02.01.2024 14:00:00 +01:00,24866.88,22207.55
02.01.2024 15:00:00 +01:00,25425.30,22366.27
02.01.2024 16:00:00 +01:00,25677.87,22551.43
02.01.2024 17:00:00 +01:00,25285.04,22359.66
02.01.2024 18:00:00 +01:00,23141.47,22141.17
02.01.2024 19:00:00 +01:00,20339.43,21893.52
02.01.2024 20:00:00 +01:00,19061.73,21719.56
02.01.2024 21:00:00 +01:00,17916.78,21371.16
02.01.2024 22:00:00 +01:00,16799.43,20936.69
02.01.2024 23:00:00 +01:00,15902.62,20343.35
03.01.2024 00:00:00 +01:00,15331.16,19865.48
03.01.2024 01:00:00 +01:00,15101.24,19460.08
03.01.2024 02:00:00 +01:00,15406.55,19285.32
03.01.2024 03:00:00 +01:00,14833.50,19253.07
03.01.2024 04:00:00 +01:00,14754.19,19291.53
03.01.2024 05:00:00 +01:00,15579.75,19617.69
03.01.2024 06:00:00 +01:00,17257.03,20695.03
03.01.2024 07:00:00 +01:00,19398.11,22053.75
03.01.2024 08:00:00 +01:00,20173.33,22459.44
03.01.2024 09:00:00 +01:00,21221.84,22502.70
03.01.2024 10:00:00 +01:00,21710.84,22579.31
03.01.2024 11:00:00 +01:00,21206.03,22652.22
03.01.2024 12:00:00 +01:00,21110.29,22622.16
03.01.2024 13:00:00 +01:00,20871.76,22661.99
03.01.2024 14:00:00 +01:00,21707.82,22738.01
03.01.2024 15:00:00 +01:00,23107.79,22938.30
03.01.2024 16:00:00 +01:00,24580.82,23054.92
03.01.2024 17:00:00 +01:00,26211.90,22866.92
03.01.2024 18:00:00 +01:00,26702.39,22563.53
03.01.2024 19:00:00 +01:00,25753.98,22419.07
03.01.2024 20:00:00 +01:00,23858.64,22257.43
03.01.2024 21:00:00 +01:00,21926.40,21914.00
03.01.2024 22:00:00 +01:00,19936.75,21484.07
03.01.2024 23:00:00 +01:00,17577.13,20895.71
04.01.2024 00:00:00 +01:00,16780.19,20315.87
04.01.2024 01:00:00 +01:00,16436.52,20003.51
04.01.2024 02:00:00 +01:00,16416.41,19792.34
04.01.2024 03:00:00 +01:00,16380.78,19713.26
04.01.2024 04:00:00 +01:00,16359.69,19759.25
04.01.2024 05:00:00 +01:00,17218.28,20083.22
04.01.2024 06:00:00 +01:00,21127.44,21133.49
04.01.2024 07:00:00 +01:00,25821.94,22511.01
04.01.2024 08:00:00 +01:00,26607.04,22903.27
04.01.2024 09:00:00 +01:00,26478.18,22978.47
04.01.2024 10:00:00 +01:00,27220.61,22559.27
04.01.2024 11:00:00 +01:00,26566.06,22963.77
04.01.2024 12:00:00 +01:00,26327.63,22867.88
04.01.2024 13:00:00 +01:00,26157.90,22899.69
04.01.2024 14:00:00 +01:00,27112.18,22947.77
04.01.2024 15:00:00 +01:00,27281.69,23162.28
04.01.2024 16:00:00 +01:00,27376.06,23409.91
04.01.2024 17:00:00 +01:00,27375.46,23256.44
04.01.2024 18:00:00 +01:00,27238.07,23000.48
04.01.2024 19:00:00 +01:00,27187.40,22989.29
04.01.2024 20:00:00 +01:00,27050.37,22854.25
04.01.2024 21:00:00 +01:00,26402.05,22555.81
04.01.2024 22:00:00 +01:00,25823.40,22127.74
04.01.2024 23:00:00 +01:00,25463.05,21556.80
05.01.2024 00:00:00 +01:00,23775.92,21081.36
05.01.2024 01:00:00 +01:00,23054.41,20785.39
05.01.2024 02:00:00 +01:00,22368.67,20608.17
05.01.2024 03:00:00 +01:00,21762.39,20576.19
05.01.2024 04:00:00 +01:00,21806.46,20598.83
05.01.2024 05:00:00 +01:00,22305.03,20912.81
05.01.2024 06:00:00 +01:00,23589.58,21950.90
05.01.2024 07:00:00 +01:00,25276.81,23312.04
05.01.2024 08:00:00 +01:00,25427.93,23795.50
05.01.2024 09:00:00 +01:00,25505.78,23749.46
05.01.2024 10:00:00 +01:00,25667.74,23703.34
05.01.2024 11:00:00 +01:00,25601.37,23568.45
05.01.2024 12:00:00 +01:00,24602.95,23351.27
05.01.2024 13:00:00 +01:00,24359.58,23209.46
05.01.2024 14:00:00 +01:00,24512.01,23073.97
05.01.2024 15:00:00 +01:00,24432.09,23071.71
05.01.2024 16:00:00 +01:00,24281.68,23076.01
05.01.2024 17:00:00 +01:00,24218.23,22953.78
05.01.2024 18:00:00 +01:00,24120.22,22751.92
05.01.2024 19:00:00 +01:00,24681.82,22709.31
05.01.2024 20:00:00 +01:00,24768.47,22484.98
05.01.2024 21:00:00 +01:00,24935.50,22201.77
05.01.2024 22:00:00 +01:00,24700.17,21921.01
05.01.2024 23:00:00 +01:00,24190.70,21634.48
06.01.2024 00:00:00 +01:00,23458.91,21322.88
06.01.2024 01:00:00 +01:00,23122.56,21081.19
06.01.2024 02:00:00 +01:00,22515.32,20864.83
06.01.2024 03:00:00 +01:00,22144.91,20753.90
06.01.2024 04:00:00 +01:00,21870.13,20752.88
06.01.2024 05:00:00 +01:00,21603.96,20792.92
06.01.2024 06:00:00 +01:00,21818.68,21001.48
06.01.2024 07:00:00 +01:00,22459.99,21326.38
06.01.2024 08:00:00 +01:00,22823.53,21877.00
06.01.2024 09:00:00 +01:00,23613.00,22417.64
06.01.2024 10:00:00 +01:00,24475.08,22828.50
06.01.2024 11:00:00 +01:00,25086.47,22919.22
06.01.2024 12:00:00 +01:00,25116.15,22872.38
06.01.2024 13:00:00 +01:00,24819.43,22736.18
06.01.2024 14:00:00 +01:00,24561.03,22682.39
06.01.2024 15:00:00 +01:00,24907.45,22810.24
06.01.2024 16:00:00 +01:00,25472.65,23107.77
06.01.2024 17:00:00 +01:00,25942.92,23271.87
06.01.2024 18:00:00 +01:00,25650.17,23303.18
06.01.2024 19:00:00 +01:00,25152.50,23057.90
06.01.2024 20:00:00 +01:00,24922.17,22659.12
06.01.2024 21:00:00 +01:00,23941.57,22276.51
06.01.2024 22:00:00 +01:00,22941.90,22003.41
06.01.2024 23:00:00 +01:00,22323.51,21503.79
07.01.2024 00:00:00 +01:00,23234.46,21199.12
07.01.2024 01:00:00 +01:00,23149.84,20968.73
07.01.2024 02:00:00 +01:00,22106.65,20847.11
07.01.2024 03:00:00 +01:00,21484.38,20783.30
07.01.2024 04:00:00 +01:00,21230.10,20782.28
07.01.2024 05:00:00 +01:00,21024.76,20755.74
07.01.2024 06:00:00 +01:00,21205.48,20843.73
07.01.2024 07:00:00 +01:00,21854.57,21070.51
07.01.2024 08:00:00 +01:00,22264.47,21471.72
07.01.2024 09:00:00 +01:00,23287.54,21891.92
07.01.2024 10:00:00 +01:00,24528.49,22201.55
07.01.2024 11:00:00 +01:00,24806.25,22316.33
07.01.2024 12:00:00 +01:00,24144.34,22218.40
07.01.2024 13:00:00 +01:00,23857.44,22098.06
07.01.2024 14:00:00 +01:00,23420.85,22139.65
07.01.2024 15:00:00 +01:00,23611.64,22363.91
07.01.2024 16:00:00 +01:00,23811.78,22722.83
07.01.2024 17:00:00 +01:00,24668.05,22850.02
07.01.2024 18:00:00 +01:00,24705.31,22752.54
07.01.2024 19:00:00 +01:00,24583.24,22643.07
07.01.2024 20:00:00 +01:00,24798.23,22560.47
07.01.2024 21:00:00 +01:00,24610.96,22321.75
07.01.2024 22:00:00 +01:00,24295.85,21988.84
07.01.2024 23:00:00 +01:00,23110.41,21531.34
08.01.2024 00:00:00 +01:00,22223.72,21089.15
08.01.2024 01:00:00 +01:00,21358.75,20764.97
08.01.2024 02:00:00 +01:00,20678.06,20586.18
08.01.2024 03:00:00 +01:00,20677.28,20506.65
08.01.2024 04:00:00 +01:00,20451.57,20554.42
08.01.2024 05:00:00 +01:00,21131.90,20925.72
08.01.2024 06:00:00 +01:00,23301.42,22038.99
08.01.2024 07:00:00 +01:00,24480.05,23340.70
08.01.2024 08:00:00 +01:00,24472.58,23625.89
08.01.2024 09:00:00 +01:00,24359.34,23566.31
08.01.2024 10:00:00 +01:00,24805.95,23577.22
08.01.2024 11:00:00 +01:00,24103.58,23479.13
08.01.2024 12:00:00 +01:00,23524.01,23264.01
08.01.2024 13:00:00 +01:00,23547.51,23082.12
08.01.2024 14:00:00 +01:00,23407.14,22981.37
08.01.2024 15:00:00 +01:00,23158.73,23093.06
08.01.2024 16:00:00 +01:00,22990.90,23255.23
08.01.2024 17:00:00 +01:00,23620.99,23018.97
08.01.2024 18:00:00 +01:00,23904.65,22736.75
08.01.2024 19:00:00 +01:00,23584.70,22597.65
08.01.2024 20:00:00 +01:00,23330.65,22531.15
08.01.2024 21:00:00 +01:00,23300.73,22274.24
08.01.2024 22:00:00 +01:00,22845.57,21732.27
08.01.2024 23:00:00 +01:00,21939.19,21057.41
09.01.2024 00:00:00 +01:00,21645.44,20572.42
09.01.2024 01:00:00 +01:00,21605.10,20245.29
09.01.2024 02:00:00 +01:00,20967.10,20045.68
09.01.2024 03:00:00 +01:00,20672.34,19921.50
09.01.2024 04:00:00 +01:00,21023.55,19937.64
09.01.2024 05:00:00 +01:00,21679.62,20251.14
09.01.2024 06:00:00 +01:00,23023.81,21269.07
09.01.2024 07:00:00 +01:00,24084.83,22542.84
09.01.2024 08:00:00 +01:00,24555.44,22893.51
09.01.2024 09:00:00 +01:00,24468.53,22822.11
09.01.2024 10:00:00 +01:00,24169.88,22303.15
09.01.2024 11:00:00 +01:00,23983.22,22515.22
09.01.2024 12:00:00 +01:00,22981.01,22272.73
09.01.2024 13:00:00 +01:00,23079.31,22079.81
09.01.2024 14:00:00 +01:00,23591.34,22027.43
09.01.2024 15:00:00 +01:00,23937.44,22136.76
09.01.2024 16:00:00 +01:00,24519.51,22261.97
09.01.2024 17:00:00 +01:00,24371.78,22223.82
09.01.2024 18:00:00 +01:00,23969.14,21806.94
09.01.2024 19:00:00 +01:00,24072.27,21707.61
09.01.2024 20:00:00 +01:00,23281.40,21667.94
09.01.2024 21:00:00 +01:00,23250.44,21388.32
09.01.2024 22:00:00 +01:00,22893.42,20959.98
09.01.2024 23:00:00 +01:00,22282.55,20382.18
10.01.2024 00:00:00 +01:00,21917.04,19832.27
10.01.2024 01:00:00 +01:00,21661.10,19478.49
10.01.2024 02:00:00 +01:00,21724.60,19285.65
10.01.2024 03:00:00 +01:00,21113.42,19234.29
10.01.2024 04:00:00 +01:00,20832.90,19268.93
10.01.2024 05:00:00 +01:00,20624.58,19601.17
10.01.2024 06:00:00 +01:00,21407.29,20679.87
10.01.2024 07:00:00 +01:00,23373.83,21943.77
10.01.2024 08:00:00 +01:00,23705.73,21932.47
10.01.2024 09:00:00 +01:00,23691.59,22032.69
10.01.2024 10:00:00 +01:00,23633.67,22023.81
10.01.2024 11:00:00 +01:00,23284.36,21881.48
10.01.2024 12:00:00 +01:00,23402.88,21806.23
10.01.2024 13:00:00 +01:00,23029.83,21674.30
10.01.2024 14:00:00 +01:00,23688.83,21651.19
10.01.2024 15:00:00 +01:00,24218.88,21563.53
10.01.2024 16:00:00 +01:00,24505.24,21852.71
10.01.2024 17:00:00 +01:00,24535.68,21879.46
10.01.2024 18:00:00 +01:00,24416.54,21539.90
10.01.2024 19:00:00 +01:00,24516.08,21326.72
10.01.2024 20:00:00 +01:00,24308.82,21175.63
10.01.2024 21:00:00 +01:00,23723.31,20968.95
10.01.2024 22:00:00 +01:00,22661.06,20502.53
10.01.2024 23:00:00 +01:00,21815.31,19910.41
11.01.2024 00:00:00 +01:00,20928.18,19268.68
11.01.2024 01:00:00 +01:00,20435.45,18858.89
11.01.2024 02:00:00 +01:00,20085.89,18651.87
11.01.2024 03:00:00 +01:00,19821.09,18527.11
11.01.2024 04:00:00 +01:00,20347.53,18478.69
11.01.2024 05:00:00 +01:00,21939.33,18690.34
11.01.2024 06:00:00 +01:00,23418.19,19734.94
11.01.2024 07:00:00 +01:00,24662.96,20824.37
11.01.2024 08:00:00 +01:00,25172.81,21102.55
11.01.2024 09:00:00 +01:00,24936.92,21005.97
11.01.2024 10:00:00 +01:00,24818.49,20390.28
11.01.2024 11:00:00 +01:00,25755.23,20526.18
11.01.2024 12:00:00 +01:00,25969.44,20487.59
11.01.2024 13:00:00 +01:00,25743.14,20453.81
11.01.2024 14:00:00 +01:00,25873.26,20346.27
11.01.2024 15:00:00 +01:00,25577.28,20385.74
11.01.2024 16:00:00 +01:00,25241.03,20793.41
11.01.2024 17:00:00 +01:00,25549.16,20789.53
11.01.2024 18:00:00 +01:00,26217.37,20563.30
11.01.2024 19:00:00 +01:00,26041.30,20473.83
11.01.2024 20:00:00 +01:00,24918.56,20354.66
11.01.2024 21:00:00 +01:00,24000.86,20034.10
11.01.2024 22:00:00 +01:00,23411.62,19807.77
11.01.2024 23:00:00 +01:00,22487.61,19276.10
12.01.2024 00:00:00 +01:00,21385.75,18722.03
12.01.2024 01:00:00 +01:00,20978.30,18471.17
12.01.2024 02:00:00 +01:00,20344.41,18369.88
12.01.2024 03:00:00 +01:00,19717.15,18297.55
12.01.2024 04:00:00 +01:00,19514.54,18330.68
12.01.2024 05:00:00 +01:00,20349.55,18651.62
12.01.2024 06:00:00 +01:00,21844.33,19651.30
12.01.2024 07:00:00 +01:00,24132.12,20898.35
12.01.2024 08:00:00 +01:00,24565.48,21200.86
12.01.2024 09:00:00 +01:00,24964.16,21069.76
12.01.2024 10:00:00 +01:00,25093.50,21136.45
12.01.2024 11:00:00 +01:00,25422.56,21011.10
12.01.2024 12:00:00 +01:00,25625.64,20882.66
12.01.2024 13:00:00 +01:00,25633.70,20743.60
12.01.2024 14:00:00 +01:00,26249.90,20706.04
12.01.2024 15:00:00 +01:00,26335.07,20750.43
12.01.2024 16:00:00 +01:00,26178.54,20889.61
12.01.2024 17:00:00 +01:00,26360.02,20756.66
12.01.2024 18:00:00 +01:00,26644.16,20527.44
12.01.2024 19:00:00 +01:00,26637.52,20223.99
12.01.2024 20:00:00 +01:00,25955.93,19848.43
12.01.2024 21:00:00 +01:00,24924.90,19610.69
12.01.2024 22:00:00 +01:00,23273.77,19240.43
12.01.2024 23:00:00 +01:00,21864.74,18887.58
13.01.2024 00:00:00 +01:00,21580.93,18429.31
13.01.2024 01:00:00 +01:00,21029.27,18110.42
13.01.2024 02:00:00 +01:00,20624.63,17835.61
13.01.2024 03:00:00 +01:00,19786.34,17692.35
13.01.2024 04:00:00 +01:00,19596.45,17654.68
13.01.2024 05:00:00 +01:00,19296.60,17636.90
13.01.2024 06:00:00 +01:00,19088.24,17823.41
13.01.2024 07:00:00 +01:00,20170.18,18147.85
13.01.2024 08:00:00 +01:00,20872.28,18700.54
13.01.2024 09:00:00 +01:00,21387.03,19246.54
13.01.2024 10:00:00 +01:00,22110.64,19675.95
13.01.2024 11:00:00 +01:00,21584.02,19730.29
13.01.2024 12:00:00 +01:00,20626.29,19723.67
13.01.2024 13:00:00 +01:00,20157.47,19622.42
13.01.2024 14:00:00 +01:00,20059.34,19617.60
13.01.2024 15:00:00 +01:00,20591.13,19737.86
13.01.2024 16:00:00 +01:00,21685.03,20017.18
13.01.2024 17:00:00 +01:00,22474.55,20162.70
13.01.2024 18:00:00 +01:00,22582.86,20034.75
13.01.2024 19:00:00 +01:00,21272.31,19740.12
13.01.2024 20:00:00 +01:00,20324.67,19322.68
13.01.2024 21:00:00 +01:00,19767.97,18925.77
13.01.2024 22:00:00 +01:00,19809.31,18593.23
13.01.2024 23:00:00 +01:00,19159.22,18315.53
14.01.2024 00:00:00 +01:00,18030.19,18000.81
14.01.2024 01:00:00 +01:00,17650.48,17739.25
14.01.2024 02:00:00 +01:00,17257.15,17535.46
14.01.2024 03:00:00 +01:00,17090.69,17379.42
14.01.2024 04:00:00 +01:00,17148.64,17301.57
14.01.2024 05:00:00 +01:00,17341.25,17305.81
14.01.2024 06:00:00 +01:00,18401.91,17482.86
14.01.2024 07:00:00 +01:00,19741.05,17720.26
14.01.2024 08:00:00 +01:00,21673.23,18172.81
14.01.2024 09:00:00 +01:00,23183.68,18646.98
14.01.2024 10:00:00 +01:00,23909.01,18971.24
14.01.2024 11:00:00 +01:00,23746.04,19142.26
14.01.2024 12:00:00 +01:00,23055.65,19211.29
14.01.2024 13:00:00 +01:00,22619.70,19232.00
14.01.2024 14:00:00 +01:00,22279.90,19261.48
14.01.2024 15:00:00 +01:00,22906.33,19464.56
14.01.2024 16:00:00 +01:00,23996.30,19883.90
14.01.2024 17:00:00 +01:00,24703.71,19951.94
14.01.2024 18:00:00 +01:00,24092.47,19880.05
14.01.2024 19:00:00 +01:00,23848.14,19783.73
14.01.2024 20:00:00 +01:00,23642.34,19752.94
14.01.2024 21:00:00 +01:00,21860.26,19590.81
14.01.2024 22:00:00 +01:00,20588.67,19327.82
14.01.2024 23:00:00 +01:00,18786.95,18971.37
15.01.2024 00:00:00 +01:00,17797.02,18617.92
15.01.2024 01:00:00 +01:00,17173.63,18326.49
15.01.2024 02:00:00 +01:00,16359.81,18199.92
15.01.2024 03:00:00 +01:00,16014.18,18254.63
15.01.2024 04:00:00 +01:00,16327.81,18402.24
15.01.2024 05:00:00 +01:00,18597.11,18934.45
15.01.2024 06:00:00 +01:00,22051.98,20195.68
15.01.2024 07:00:00 +01:00,23933.18,21703.40
15.01.2024 08:00:00 +01:00,24124.06,22281.83
15.01.2024 09:00:00 +01:00,24487.81,22215.90
15.01.2024 10:00:00 +01:00,24508.49,22178.77
15.01.2024 11:00:00 +01:00,24907.77,22087.53
15.01.2024 12:00:00 +01:00,24282.94,21883.23
15.01.2024 13:00:00 +01:00,24136.98,21785.00
15.01.2024 14:00:00 +01:00,24539.79,21824.37
15.01.2024 15:00:00 +01:00,24461.70,22034.50
15.01.2024 16:00:00 +01:00,24160.39,22384.29
15.01.2024 17:00:00 +01:00,24617.57,22359.00
15.01.2024 18:00:00 +01:00,24995.69,22243.06
15.01.2024 19:00:00 +01:00,25031.17,22142.95
15.01.2024 20:00:00 +01:00,25157.20,22068.63
15.01.2024 21:00:00 +01:00,25080.77,21962.09
15.01.2024 22:00:00 +01:00,24277.97,21603.96
15.01.2024 23:00:00 +01:00,23910.43,21139.66
16.01.2024 00:00:00 +01:00,23351.34,20766.92
16.01.2024 01:00:00 +01:00,23428.02,20484.24
16.01.2024 02:00:00 +01:00,23941.34,20396.16
16.01.2024 03:00:00 +01:00,23390.42,20327.67
16.01.2024 04:00:00 +01:00,23309.43,20388.53
16.01.2024 05:00:00 +01:00,24249.07,20784.96
16.01.2024 06:00:00 +01:00,25459.26,21671.88
16.01.2024 07:00:00 +01:00,26312.14,22829.57
16.01.2024 08:00:00 +01:00,26499.89,23275.75
16.01.2024 09:00:00 +01:00,26632.63,23203.50
16.01.2024 10:00:00 +01:00,26554.19,22723.16
16.01.2024 11:00:00 +01:00,26902.63,22999.31
16.01.2024 12:00:00 +01:00,26763.28,22938.22
16.01.2024 13:00:00 +01:00,26622.69,22935.03
16.01.2024 14:00:00 +01:00,26237.00,22971.75
16.01.2024 15:00:00 +01:00,26004.19,22960.45
16.01.2024 16:00:00 +01:00,26324.06,23149.81
16.01.2024 17:00:00 +01:00,25884.02,23061.41
16.01.2024 18:00:00 +01:00,25551.60,22786.12
16.01.2024 19:00:00 +01:00,25417.00,22629.04
16.01.2024 20:00:00 +01:00,25136.40,22503.15
16.01.2024 21:00:00 +01:00,24656.74,22205.20
16.01.2024 22:00:00 +01:00,23278.97,21741.03
16.01.2024 23:00:00 +01:00,21615.54,21139.78
17.01.2024 00:00:00 +01:00,21175.25,20512.32
17.01.2024 01:00:00 +01:00,21092.12,20139.65
17.01.2024 02:00:00 +01:00,20941.39,19921.66
17.01.2024 03:00:00 +01:00,20528.29,19844.10
17.01.2024 04:00:00 +01:00,20276.01,19948.99
17.01.2024 05:00:00 +01:00,20361.85,20342.15
17.01.2024 06:00:00 +01:00,22447.90,21351.33
17.01.2024 07:00:00 +01:00,25354.11,22602.65
17.01.2024 08:00:00 +01:00,26340.07,22946.71
17.01.2024 09:00:00 +01:00,26555.70,22778.79
17.01.2024 10:00:00 +01:00,26838.92,22833.78
17.01.2024 11:00:00 +01:00,26163.50,22761.46
17.01.2024 12:00:00 +01:00,25700.12,22558.19
17.01.2024 13:00:00 +01:00,25636.93,22363.62
17.01.2024 14:00:00 +01:00,25204.03,22272.78
17.01.2024 15:00:00 +01:00,25050.47,22338.13
17.01.2024 16:00:00 +01:00,25126.86,22509.58
17.01.2024 17:00:00 +01:00,24965.48,22528.38
17.01.2024 18:00:00 +01:00,25459.56,22338.22
17.01.2024 19:00:00 +01:00,25192.55,22311.17
17.01.2024 20:00:00 +01:00,25002.20,22167.01
17.01.2024 21:00:00 +01:00,24485.49,21823.63
17.01.2024 22:00:00 +01:00,24117.37,21457.14
17.01.2024 23:00:00 +01:00,23379.62,20938.16
18.01.2024 00:00:00 +01:00,23727.74,20400.95
18.01.2024 01:00:00 +01:00,23231.34,20129.84
18.01.2024 02:00:00 +01:00,22770.65,20054.19
18.01.2024 03:00:00 +01:00,22692.07,20023.47
18.01.2024 04:00:00 +01:00,23236.52,20031.67
18.01.2024 05:00:00 +01:00,23888.65,20401.67
18.01.2024 06:00:00 +01:00,24688.18,21513.26
18.01.2024 07:00:00 +01:00,25691.14,22954.73
18.01.2024 08:00:00 +01:00,25233.42,23413.11
18.01.2024 09:00:00 +01:00,25481.56,23320.01
18.01.2024 10:00:00 +01:00,26102.41,22814.72
18.01.2024 11:00:00 +01:00,25664.82,22842.22
18.01.2024 12:00:00 +01:00,25612.53,22588.06
18.01.2024 13:00:00 +01:00,25267.10,22442.22
18.01.2024 14:00:00 +01:00,25397.49,22452.51
18.01.2024 15:00:00 +01:00,25643.70,22577.11
18.01.2024 16:00:00 +01:00,25959.84,22925.41
18.01.2024 17:00:00 +01:00,25287.02,22948.07
18.01.2024 18:00:00 +01:00,25396.54,22795.53
18.01.2024 19:00:00 +01:00,25502.96,22630.22
18.01.2024 20:00:00 +01:00,25230.02,22457.93
18.01.2024 21:00:00 +01:00,24769.58,22174.62
18.01.2024 22:00:00 +01:00,24178.58,21746.42
18.01.2024 23:00:00 +01:00,21993.89,21227.04
19.01.2024 00:00:00 +01:00,20952.65,20712.08
19.01.2024 01:00:00 +01:00,20477.45,20468.82
19.01.2024 02:00:00 +01:00,20025.72,20324.48
19.01.2024 03:00:00 +01:00,19386.30,20242.56
19.01.2024 04:00:00 +01:00,19699.99,20251.01
19.01.2024 05:00:00 +01:00,20843.44,20571.13
19.01.2024 06:00:00 +01:00,24202.61,21592.64
19.01.2024 07:00:00 +01:00,25275.94,22980.13
19.01.2024 08:00:00 +01:00,24728.72,23414.32
19.01.2024 09:00:00 +01:00,24627.06,23352.02
19.01.2024 10:00:00 +01:00,25240.60,23351.10
19.01.2024 11:00:00 +01:00,25403.27,23135.21
19.01.2024 12:00:00 +01:00,25804.79,22966.77
19.01.2024 13:00:00 +01:00,24766.93,22820.23
19.01.2024 14:00:00 +01:00,24232.40,22634.12
19.01.2024 15:00:00 +01:00,24076.29,22553.41
19.01.2024 16:00:00 +01:00,25100.35,22780.75
19.01.2024 17:00:00 +01:00,26125.77,22851.60
19.01.2024 18:00:00 +01:00,26134.40,22648.23
19.01.2024 19:00:00 +01:00,25315.93,22532.09
19.01.2024 20:00:00 +01:00,24953.22,22135.65
19.01.2024 21:00:00 +01:00,24388.04,21695.67
19.01.2024 22:00:00 +01:00,23615.16,21280.82
19.01.2024 23:00:00 +01:00,22482.78,20906.18
20.01.2024 00:00:00 +01:00,21330.03,20497.66
20.01.2024 01:00:00 +01:00,20521.32,20267.72
20.01.2024 02:00:00 +01:00,20370.30,20140.82
20.01.2024 03:00:00 +01:00,19355.66,20095.21
20.01.2024 04:00:00 +01:00,19337.08,20109.59
20.01.2024 05:00:00 +01:00,18954.27,20275.49
20.01.2024 06:00:00 +01:00,19613.27,20533.11
20.01.2024 07:00:00 +01:00,22068.82,20927.41
20.01.2024 08:00:00 +01:00,24926.95,21478.86
20.01.2024 09:00:00 +01:00,25631.24,21999.37
20.01.2024 10:00:00 +01:00,25634.26,22250.43
20.01.2024 11:00:00 +01:00,25161.23,22264.33
20.01.2024 12:00:00 +01:00,24529.37,22198.38
20.01.2024 13:00:00 +01:00,24980.78,22044.19
20.01.2024 14:00:00 +01:00,25672.94,21963.35
20.01.2024 15:00:00 +01:00,26144.81,22078.86
20.01.2024 16:00:00 +01:00,26632.09,22318.55
20.01.2024 17:00:00 +01:00,26443.65,22395.44
20.01.2024 18:00:00 +01:00,26018.67,22165.77
20.01.2024 19:00:00 +01:00,24586.78,21803.51
20.01.2024 20:00:00 +01:00,24255.06,21350.41
20.01.2024 21:00:00 +01:00,23737.80,20910.76
20.01.2024 22:00:00 +01:00,23017.93,20470.08
20.01.2024 23:00:00 +01:00,20458.36,20069.60
21.01.2024 00:00:00 +01:00,18692.12,19736.71
21.01.2024 01:00:00 +01:00,17159.19,19438.77
21.01.2024 02:00:00 +01:00,16220.13,19219.84
21.01.2024 03:00:00 +01:00,15490.71,19103.95
21.01.2024 04:00:00 +01:00,14542.00,19022.99
21.01.2024 05:00:00 +01:00,14323.34,19006.33
21.01.2024 06:00:00 +01:00,15002.00,19043.10
21.01.2024 07:00:00 +01:00,15813.13,19255.99
21.01.2024 08:00:00 +01:00,16603.34,19575.95
21.01.2024 09:00:00 +01:00,17461.74,19903.34
21.01.2024 10:00:00 +01:00,17633.40,20173.90
21.01.2024 11:00:00 +01:00,18036.61,20202.20
21.01.2024 12:00:00 +01:00,18096.43,20214.09
21.01.2024 13:00:00 +01:00,16990.37,20152.07
21.01.2024 14:00:00 +01:00,16520.46,20019.20
21.01.2024 15:00:00 +01:00,17886.42,20048.13
21.01.2024 16:00:00 +01:00,18693.36,20172.80
21.01.2024 17:00:00 +01:00,19284.63,20192.44
21.01.2024 18:00:00 +01:00,19751.68,19946.62
21.01.2024 19:00:00 +01:00,18720.40,19810.63
21.01.2024 20:00:00 +01:00,17074.86,19612.12
21.01.2024 21:00:00 +01:00,15987.45,19282.33
21.01.2024 22:00:00 +01:00,15558.61,18821.28
21.01.2024 23:00:00 +01:00,15088.86,18290.11
22.01.2024 00:00:00 +01:00,13794.45,17861.61
22.01.2024 01:00:00 +01:00,12513.76,17571.07
22.01.2024 02:00:00 +01:00,12090.58,17330.55
22.01.2024 03:00:00 +01:00,11046.86,17180.47
22.01.2024 04:00:00 +01:00,10933.49,17260.76
22.01.2024 05:00:00 +01:00,12107.34,17534.31
22.01.2024 06:00:00 +01:00,14169.52,18391.58
22.01.2024 07:00:00 +01:00,17710.97,19494.92
22.01.2024 08:00:00 +01:00,19172.05,19905.03
22.01.2024 09:00:00 +01:00,18409.75,19827.29
22.01.2024 10:00:00 +01:00,19251.34,19789.47
22.01.2024 11:00:00 +01:00,18208.84,19649.03
22.01.2024 12:00:00 +01:00,16862.39,19512.77
22.01.2024 13:00:00 +01:00,15843.63,19376.31
22.01.2024 14:00:00 +01:00,17035.60,19293.37
22.01.2024 15:00:00 +01:00,18005.31,19257.85
22.01.2024 16:00:00 +01:00,18665.78,19480.77
22.01.2024 17:00:00 +01:00,19700.97,19432.46
22.01.2024 18:00:00 +01:00,19455.54,19213.81
22.01.2024 19:00:00 +01:00,18708.88,19081.62
22.01.2024 20:00:00 +01:00,17857.07,18874.05
22.01.2024 21:00:00 +01:00,16637.25,18526.23
22.01.2024 22:00:00 +01:00,15359.48,18075.74
22.01.2024 23:00:00 +01:00,13271.91,17400.49
23.01.2024 00:00:00 +01:00,11888.44,17002.19
23.01.2024 01:00:00 +01:00,11329.67,16702.41
23.01.2024 02:00:00 +01:00,11058.45,16522.34
23.01.2024 03:00:00 +01:00,10502.33,16447.22
23.01.2024 04:00:00 +01:00,11137.26,16455.01
23.01.2024 05:00:00 +01:00,13608.65,16801.72
23.01.2024 06:00:00 +01:00,16676.90,17919.63
23.01.2024 07:00:00 +01:00,18855.18,19108.51
23.01.2024 08:00:00 +01:00,19691.94,19435.57
23.01.2024 09:00:00 +01:00,19530.39,19309.98
23.01.2024 10:00:00 +01:00,18730.65,18805.89
23.01.2024 11:00:00 +01:00,17447.42,18908.93
23.01.2024 12:00:00 +01:00,16433.61,18717.93
23.01.2024 13:00:00 +01:00,16718.28,18629.53
23.01.2024 14:00:00 +01:00,18663.56,18676.92
23.01.2024 15:00:00 +01:00,19919.39,18883.93
23.01.2024 16:00:00 +01:00,20256.42,19353.84
23.01.2024 17:00:00 +01:00,20611.41,19440.28
23.01.2024 18:00:00 +01:00,20550.79,19355.11
23.01.2024 19:00:00 +01:00,19993.44,19279.34
23.01.2024 20:00:00 +01:00,18671.54,19113.46
23.01.2024 21:00:00 +01:00,17453.69,18849.05
23.01.2024 22:00:00 +01:00,16494.27,18432.88
23.01.2024 23:00:00 +01:00,14137.41,17874.18
24.01.2024 00:00:00 +01:00,13217.85,17306.07
24.01.2024 01:00:00 +01:00,12657.09,16866.96
24.01.2024 02:00:00 +01:00,11581.92,16729.68
24.01.2024 03:00:00 +01:00,10715.15,16613.96
24.01.2024 04:00:00 +01:00,10570.47,16616.85
24.01.2024 05:00:00 +01:00,11390.58,16931.23
24.01.2024 06:00:00 +01:00,13582.10,17941.03
24.01.2024 07:00:00 +01:00,16353.76,19144.90
24.01.2024 08:00:00 +01:00,17894.05,19445.85
24.01.2024 09:00:00 +01:00,17739.92,19371.12
24.01.2024 10:00:00 +01:00,17968.91,19394.16
24.01.2024 11:00:00 +01:00,17035.10,19261.11
24.01.2024 12:00:00 +01:00,16537.06,19254.32
24.01.2024 13:00:00 +01:00,16234.80,19115.50
24.01.2024 14:00:00 +01:00,16425.78,19185.46
24.01.2024 15:00:00 +01:00,17637.23,19413.57
24.01.2024 16:00:00 +01:00,19106.78,19675.68
24.01.2024 17:00:00 +01:00,20584.99,19689.89
24.01.2024 18:00:00 +01:00,20336.20,19492.85
24.01.2024 19:00:00 +01:00,19805.07,19416.85
24.01.2024 20:00:00 +01:00,18892.29,19277.72
24.01.2024 21:00:00 +01:00,17986.29,18947.10
24.01.2024 22:00:00 +01:00,17588.51,18536.38
24.01.2024 23:00:00 +01:00,16060.00,18044.08
25.01.2024 00:00:00 +01:00,15606.66,17468.98
25.01.2024 01:00:00 +01:00,15081.23,17055.26
25.01.2024 02:00:00 +01:00,14561.15,16855.35
25.01.2024 03:00:00 +01:00,14502.17,16721.41
25.01.2024 04:00:00 +01:00,15380.37,16819.92
25.01.2024 05:00:00 +01:00,17048.44,17212.63
25.01.2024 06:00:00 +01:00,20568.22,18314.10
25.01.2024 07:00:00 +01:00,23917.82,19676.45
25.01.2024 08:00:00 +01:00,24531.10,20094.60
25.01.2024 09:00:00 +01:00,24704.22,19993.70
25.01.2024 10:00:00 +01:00,23908.92,19526.54
25.01.2024 11:00:00 +01:00,23640.96,19510.40
25.01.2024 12:00:00 +01:00,23036.25,19246.97
25.01.2024 13:00:00 +01:00,23547.12,19021.92
25.01.2024 14:00:00 +01:00,23734.74,19030.68
25.01.2024 15:00:00 +01:00,23901.63,19219.91
25.01.2024 16:00:00 +01:00,24664.56,19629.75
25.01.2024 17:00:00 +01:00,24762.16,19763.76
25.01.2024 18:00:00 +01:00,24317.59,19598.49
25.01.2024 19:00:00 +01:00,24819.94,19495.29
25.01.2024 20:00:00 +01:00,25810.94,19485.40
25.01.2024 21:00:00 +01:00,25929.88,19304.78
25.01.2024 22:00:00 +01:00,25557.79,18993.17
25.01.2024 23:00:00 +01:00,24121.67,18457.45
26.01.2024 00:00:00 +01:00,22783.34,17903.17
26.01.2024 01:00:00 +01:00,21944.59,17579.87
26.01.2024 02:00:00 +01:00,20281.26,17373.11
26.01.2024 03:00:00 +01:00,18553.00,17275.29
26.01.2024 04:00:00 +01:00,17825.95,17258.93
26.01.2024 05:00:00 +01:00,17981.64,17516.80
26.01.2024 06:00:00 +01:00,20455.73,18432.32
26.01.2024 07:00:00 +01:00,23593.54,19594.00
26.01.2024 08:00:00 +01:00,23964.60,20150.53
26.01.2024 09:00:00 +01:00,23312.58,20086.47
26.01.2024 10:00:00 +01:00,21396.05,20035.47
26.01.2024 11:00:00 +01:00,20216.38,19963.24
26.01.2024 12:00:00 +01:00,18040.08,19934.42
26.01.2024 13:00:00 +01:00,17165.70,19920.44
26.01.2024 14:00:00 +01:00,16752.42,19863.90
26.01.2024 15:00:00 +01:00,17351.29,19782.57
26.01.2024 16:00:00 +01:00,18550.45,19775.31
26.01.2024 17:00:00 +01:00,19828.79,19750.35
26.01.2024 18:00:00 +01:00,19784.00,19568.89
26.01.2024 19:00:00 +01:00,19474.22,19341.56
26.01.2024 20:00:00 +01:00,19180.22,18939.01
26.01.2024 21:00:00 +01:00,19320.50,18485.26
26.01.2024 22:00:00 +01:00,18032.56,18168.57
26.01.2024 23:00:00 +01:00,17127.69,17854.94
27.01.2024 00:00:00 +01:00,16815.80,17409.48
27.01.2024 01:00:00 +01:00,16614.52,17181.15
27.01.2024 02:00:00 +01:00,16260.36,16978.61
27.01.2024 03:00:00 +01:00,16086.02,16840.43
27.01.2024 04:00:00 +01:00,16157.27,16797.53
27.01.2024 05:00:00 +01:00,17164.61,16818.24
27.01.2024 06:00:00 +01:00,17923.58,17078.88
27.01.2024 07:00:00 +01:00,18683.75,17423.17
27.01.2024 08:00:00 +01:00,19403.14,17926.47
27.01.2024 09:00:00 +01:00,20270.73,18432.87
27.01.2024 10:00:00 +01:00,20432.76,18611.41
27.01.2024 11:00:00 +01:00,19253.55,18555.47
27.01.2024 12:00:00 +01:00,17909.02,18406.98
27.01.2024 13:00:00 +01:00,17618.28,18325.46
27.01.2024 14:00:00 +01:00,19056.29,18263.40
27.01.2024 15:00:00 +01:00,20453.83,18294.01
27.01.2024 16:00:00 +01:00,21488.26,18493.62
27.01.2024 17:00:00 +01:00,22184.09,18639.28
27.01.2024 18:00:00 +01:00,22067.15,18508.94
27.01.2024 19:00:00 +01:00,20981.82,18214.74
27.01.2024 20:00:00 +01:00,19877.14,17848.03
27.01.2024 21:00:00 +01:00,18875.90,17418.65
27.01.2024 22:00:00 +01:00,18193.31,17064.67
27.01.2024 23:00:00 +01:00,17987.00,16688.74
28.01.2024 00:00:00 +01:00,17068.25,16365.54
28.01.2024 01:00:00 +01:00,16332.46,16130.81
28.01.2024 02:00:00 +01:00,15918.22,15964.81
28.01.2024 03:00:00 +01:00,15695.10,15784.91
28.01.2024 04:00:00 +01:00,16597.36,15724.00
28.01.2024 05:00:00 +01:00,16808.43,15754.80
28.01.2024 06:00:00 +01:00,16659.39,15901.42
28.01.2024 07:00:00 +01:00,17082.59,16141.04
28.01.2024 08:00:00 +01:00,16701.79,16519.68
28.01.2024 09:00:00 +01:00,16265.07,16956.61
28.01.2024 10:00:00 +01:00,14439.58,17329.65
28.01.2024 11:00:00 +01:00,13475.25,17449.14
28.01.2024 12:00:00 +01:00,12677.74,17584.03
28.01.2024 13:00:00 +01:00,12287.38,17674.70
28.01.2024 14:00:00 +01:00,13846.49,17706.80
28.01.2024 15:00:00 +01:00,16416.81,17816.22
28.01.2024 16:00:00 +01:00,18424.03,18040.95
28.01.2024 17:00:00 +01:00,19240.90,18093.26
28.01.2024 18:00:00 +01:00,18969.61,18048.57
28.01.2024 19:00:00 +01:00,18190.97,17917.59
28.01.2024 20:00:00 +01:00,17267.15,17721.62
28.01.2024 21:00:00 +01:00,16785.84,17345.52
28.01.2024 22:00:00 +01:00,16477.22,16993.20
28.01.2024 23:00:00 +01:00,14939.27,16563.76
29.01.2024 00:00:00 +01:00,13909.45,16147.11
29.01.2024 01:00:00 +01:00,13052.71,15880.70
29.01.2024 02:00:00 +01:00,13112.60,15646.58
29.01.2024 03:00:00 +01:00,12996.62,15500.48
29.01.2024 04:00:00 +01:00,14036.27,15496.10
29.01.2024 05:00:00 +01:00,16085.82,15851.27
29.01.2024 06:00:00 +01:00,17819.49,16948.35
29.01.2024 07:00:00 +01:00,20496.18,18303.94
29.01.2024 08:00:00 +01:00,21900.37,18727.42
29.01.2024 09:00:00 +01:00,21732.32,18660.38
29.01.2024 10:00:00 +01:00,22130.41,18595.02
29.01.2024 11:00:00 +01:00,22304.74,18450.11
29.01.2024 12:00:00 +01:00,22595.17,18296.70
29.01.2024 13:00:00 +01:00,22530.64,18269.96
29.01.2024 14:00:00 +01:00,23059.63,18260.37
29.01.2024 15:00:00 +01:00,23357.38,18252.70
29.01.2024 16:00:00 +01:00,22818.79,18513.93
29.01.2024 17:00:00 +01:00,23011.17,18599.94
29.01.2024 18:00:00 +01:00,22853.00,18545.48
29.01.2024 19:00:00 +01:00,22562.78,18480.39
29.01.2024 20:00:00 +01:00,23163.58,18338.47
29.01.2024 21:00:00 +01:00,22977.93,18112.60
29.01.2024 22:00:00 +01:00,22400.49,17764.81
29.01.2024 23:00:00 +01:00,21452.08,17264.35
30.01.2024 00:00:00 +01:00,21396.61,16804.57
30.01.2024 01:00:00 +01:00,21401.28,16445.00
30.01.2024 02:00:00 +01:00,21254.77,16330.63
30.01.2024 03:00:00 +01:00,21292.95,16313.01
30.01.2024 04:00:00 +01:00,21585.47,16358.30
30.01.2024 05:00:00 +01:00,21906.11,16737.98
30.01.2024 06:00:00 +01:00,22872.94,17898.57
30.01.2024 07:00:00 +01:00,24325.20,19238.41
30.01.2024 08:00:00 +01:00,24249.15,19520.70
30.01.2024 09:00:00 +01:00,24599.13,19506.40
30.01.2024 10:00:00 +01:00,24745.89,19587.46
30.01.2024 11:00:00 +01:00,24759.96,19573.92
30.01.2024 12:00:00 +01:00,24202.03,19545.51
30.01.2024 13:00:00 +01:00,24348.40,19463.85
30.01.2024 14:00:00 +01:00,24037.71,19410.48
30.01.2024 15:00:00 +01:00,23930.83,19593.94
30.01.2024 16:00:00 +01:00,23778.78,19826.01
30.01.2024 17:00:00 +01:00,24347.08,19888.61
30.01.2024 18:00:00 +01:00,24080.93,19736.79
30.01.2024 19:00:00 +01:00,23184.85,19532.30
30.01.2024 20:00:00 +01:00,22251.92,19392.58
30.01.2024 21:00:00 +01:00,21624.54,19152.81
30.01.2024 22:00:00 +01:00,20763.01,18671.44
30.01.2024 23:00:00 +01:00,19881.26,18194.01
31.01.2024 00:00:00 +01:00,19171.66,17705.61
31.01.2024 01:00:00 +01:00,18370.63,17454.98
31.01.2024 02:00:00 +01:00,18243.17,17264.76
31.01.2024 03:00:00 +01:00,18031.42,17187.77
31.01.2024 04:00:00 +01:00,18292.70,17249.13
31.01.2024 05:00:00 +01:00,19108.51,17594.36
31.01.2024 06:00:00 +01:00,21428.65,18649.73
31.01.2024 07:00:00 +01:00,22788.00,19903.64
31.01.2024 08:00:00 +01:00,22461.47,20159.04
31.01.2024 09:00:00 +01:00,21532.75,20004.00
31.01.2024 10:00:00 +01:00,20910.52,19892.16
31.01.2024 11:00:00 +01:00,20275.38,19661.83
31.01.2024 12:00:00 +01:00,19581.64,19536.48
31.01.2024 13:00:00 +01:00,18894.22,19441.01
31.01.2024 14:00:00 +01:00,18682.50,19430.38
31.01.2024 15:00:00 +01:00,18841.67,19543.41
31.01.2024 16:00:00 +01:00,19228.02,19751.30
31.01.2024 17:00:00 +01:00,19384.48,19701.33
31.01.2024 18:00:00 +01:00,18927.80,19430.47
31.01.2024 19:00:00 +01:00,18689.81,19148.50
31.01.2024 20:00:00 +01:00,17977.64,18833.85
31.01.2024 21:00:00 +01:00,17374.48,18440.75
31.01.2024 22:00:00 +01:00,16065.26,17986.14
31.01.2024 23:00:00 +01:00,14902.04,17422.85
01.02.2024 00:00:00 +01:00,14364.98,16802.98
01.02.2024 01:00:00 +01:00,13037.76,16695.88
01.02.2024 02:00:00 +01:00,13273.56,16508.80
01.02.2024 03:00:00 +01:00,13456.37,16467.30
01.02.2024 04:00:00 +01:00,14465.66,16503.07
01.02.2024 05:00:00 +01:00,15624.08,16807.89
01.02.2024 06:00:00 +01:00,17157.81,17937.93
01.02.2024 07:00:00 +01:00,18425.82,19320.97
01.02.2024 08:00:00 +01:00,19245.30,19653.81
01.02.2024 09:00:00 +01:00,19187.84,19547.37
01.02.2024 10:00:00 +01:00,19143.51,19323.60
01.02.2024 11:00:00 +01:00,18448.91,19123.19
01.02.2024 12:00:00 +01:00,18130.09,18801.17
01.02.2024 13:00:00 +01:00,18640.79,18621.24
01.02.2024 14:00:00 +01:00,18716.79,18599.20
01.02.2024 15:00:00 +01:00,19416.34,18806.61
01.02.2024 16:00:00 +01:00,20312.05,19181.04
01.02.2024 17:00:00 +01:00,20573.35,19476.77
01.02.2024 18:00:00 +01:00,20907.40,19397.87
01.02.2024 19:00:00 +01:00,21222.66,19263.56
01.02.2024 20:00:00 +01:00,20717.40,19141.01
01.02.2024 21:00:00 +01:00,20603.38,18809.72
01.02.2024 22:00:00 +01:00,20149.56,18384.37
01.02.2024 23:00:00 +01:00,19187.69,17857.26
02.02.2024 00:00:00 +01:00,18331.84,17347.59
02.02.2024 01:00:00 +01:00,16833.35,17049.85
02.02.2024 02:00:00 +01:00,16336.40,16848.70
02.02.2024 03:00:00 +01:00,15090.28,16732.55
02.02.2024 04:00:00 +01:00,14821.32,16795.09
02.02.2024 05:00:00 +01:00,16377.22,17064.51
02.02.2024 06:00:00 +01:00,17772.24,18051.79
02.02.2024 07:00:00 +01:00,20929.32,19368.73
02.02.2024 08:00:00 +01:00,21672.64,19759.26
02.02.2024 09:00:00 +01:00,21323.94,19703.95
02.02.2024 10:00:00 +01:00,20740.50,19597.47
02.02.2024 11:00:00 +01:00,19845.45,19392.41
02.02.2024 12:00:00 +01:00,19223.86,19177.25
02.02.2024 13:00:00 +01:00,17481.36,18600.40
02.02.2024 14:00:00 +01:00,16749.79,18702.89
02.02.2024 15:00:00 +01:00,16602.57,18641.71
02.02.2024 16:00:00 +01:00,16812.25,18776.84
02.02.2024 17:00:00 +01:00,17981.16,18866.82
02.02.2024 18:00:00 +01:00,18068.94,18621.85
02.02.2024 19:00:00 +01:00,17179.55,18398.96
02.02.2024 20:00:00 +01:00,16563.62,17936.39
02.02.2024 21:00:00 +01:00,15342.80,17491.90
02.02.2024 22:00:00 +01:00,14053.06,16985.25
02.02.2024 23:00:00 +01:00,12302.28,16542.19
03.02.2024 00:00:00 +01:00,11723.53,16148.85
03.02.2024 01:00:00 +01:00,11472.94,15827.11
03.02.2024 02:00:00 +01:00,10315.87,15582.28
03.02.2024 03:00:00 +01:00,9809.61,15546.55
03.02.2024 04:00:00 +01:00,9633.66,15536.07
03.02.2024 05:00:00 +01:00,10051.30,15592.63
03.02.2024 06:00:00 +01:00,10508.44,15817.49
03.02.2024 07:00:00 +01:00,11454.30,16252.85
03.02.2024 08:00:00 +01:00,13505.74,16768.51
03.02.2024 09:00:00 +01:00,14563.83,17277.07
03.02.2024 10:00:00 +01:00,14344.94,17515.42
03.02.2024 11:00:00 +01:00,13716.70,17488.93
03.02.2024 12:00:00 +01:00,13342.21,17340.52
03.02.2024 13:00:00 +01:00,13286.62,17243.26
03.02.2024 14:00:00 +01:00,12880.48,17320.81
03.02.2024 15:00:00 +01:00,13200.05,17416.09
03.02.2024 16:00:00 +01:00,14955.25,17719.67
03.02.2024 17:00:00 +01:00,16446.03,17921.48
03.02.2024 18:00:00 +01:00,16961.15,17947.46
03.02.2024 19:00:00 +01:00,16834.67,17754.46
03.02.2024 20:00:00 +01:00,16385.31,17343.38
03.02.2024 21:00:00 +01:00,14960.24,16997.33
03.02.2024 22:00:00 +01:00,13964.09,16721.15
03.02.2024 23:00:00 +01:00,12928.31,16544.88
04.02.2024 00:00:00 +01:00,11149.33,16134.57
04.02.2024 01:00:00 +01:00,10455.51,15905.33
04.02.2024 02:00:00 +01:00,9912.00,15788.72
04.02.2024 03:00:00 +01:00,8991.66,15734.41
04.02.2024 04:00:00 +01:00,8994.63,15672.71
04.02.2024 05:00:00 +01:00,9332.58,15716.09
04.02.2024 06:00:00 +01:00,9266.06,15928.43
04.02.2024 07:00:00 +01:00,9468.00,16256.84
04.02.2024 08:00:00 +01:00,9526.94,16691.29
04.02.2024 09:00:00 +01:00,10198.25,17091.28
04.02.2024 10:00:00 +01:00,10924.14,17291.36
04.02.2024 11:00:00 +01:00,11277.70,17259.21
04.02.2024 12:00:00 +01:00,11409.78,17243.46
04.02.2024 13:00:00 +01:00,11189.95,17180.39
04.02.2024 14:00:00 +01:00,11449.86,17264.24
04.02.2024 15:00:00 +01:00,11481.80,17262.26
04.02.2024 16:00:00 +01:00,12647.92,17439.22
04.02.2024 17:00:00 +01:00,13977.26,17956.78
04.02.2024 18:00:00 +01:00,14791.18,18168.25
04.02.2024 19:00:00 +01:00,14121.76,18112.92
04.02.2024 20:00:00 +01:00,13621.35,18060.55
04.02.2024 21:00:00 +01:00,13587.45,17858.35
04.02.2024 22:00:00 +01:00,12654.11,17488.90
04.02.2024 23:00:00 +01:00,11647.29,17129.48
05.02.2024 00:00:00 +01:00,11514.85,16730.43
05.02.2024 01:00:00 +01:00,11023.08,16531.58
05.02.2024 02:00:00 +01:00,10936.37,16402.28
05.02.2024 03:00:00 +01:00,10624.34,16410.43
05.02.2024 04:00:00 +01:00,10218.99,16508.76
05.02.2024 05:00:00 +01:00,11018.89,16976.93
05.02.2024 06:00:00 +01:00,13964.72,18175.57
05.02.2024 07:00:00 +01:00,18599.04,19537.54
05.02.2024 08:00:00 +01:00,21247.36,19997.03
05.02.2024 09:00:00 +01:00,20162.97,19953.78
05.02.2024 10:00:00 +01:00,17695.36,19762.15
05.02.2024 11:00:00 +01:00,16706.39,19548.39
05.02.2024 12:00:00 +01:00,16472.29,19384.18
05.02.2024 13:00:00 +01:00,16687.09,19253.73
05.02.2024 14:00:00 +01:00,17295.89,19248.97
05.02.2024 15:00:00 +01:00,18127.81,19384.43
05.02.2024 16:00:00 +01:00,21143.56,19800.19
05.02.2024 17:00:00 +01:00,23658.92,20091.86
05.02.2024 18:00:00 +01:00,23806.66,20016.91
05.02.2024 19:00:00 +01:00,22405.17,19893.80
05.02.2024 20:00:00 +01:00,21717.01,19814.28
05.02.2024 21:00:00 +01:00,20473.34,19618.93
05.02.2024 22:00:00 +01:00,18457.58,19209.33
05.02.2024 23:00:00 +01:00,16111.86,18785.41
06.02.2024 00:00:00 +01:00,13889.93,18376.05
06.02.2024 01:00:00 +01:00,13252.89,18104.30
06.02.2024 02:00:00 +01:00,12527.32,18009.14
06.02.2024 03:00:00 +01:00,12190.72,17984.07
06.02.2024 04:00:00 +01:00,13260.10,18154.93
06.02.2024 05:00:00 +01:00,14728.83,18586.24
06.02.2024 06:00:00 +01:00,19053.93,19892.60
06.02.2024 07:00:00 +01:00,23139.98,21292.35
06.02.2024 08:00:00 +01:00,24652.50,21736.87
06.02.2024 09:00:00 +01:00,24679.52,21643.58
06.02.2024 10:00:00 +01:00,23275.13,21467.41
06.02.2024 11:00:00 +01:00,22829.37,21360.45
06.02.2024 12:00:00 +01:00,21913.87,20490.94
06.02.2024 13:00:00 +01:00,21531.21,21224.17
06.02.2024 14:00:00 +01:00,22187.04,21268.35
06.02.2024 15:00:00 +01:00,22135.72,21465.85
06.02.2024 16:00:00 +01:00,22720.84,21675.91
06.02.2024 17:00:00 +01:00,23981.67,21723.94
06.02.2024 18:00:00 +01:00,23979.44,21607.58
06.02.2024 19:00:00 +01:00,22980.76,21430.93
06.02.2024 20:00:00 +01:00,21662.97,21222.77
06.02.2024 21:00:00 +01:00,19324.62,20951.89
06.02.2024 22:00:00 +01:00,17400.08,20470.96
06.02.2024 23:00:00 +01:00,16141.69,19859.82
07.02.2024 00:00:00 +01:00,16238.69,19360.51
07.02.2024 01:00:00 +01:00,16009.75,19019.24
07.02.2024 02:00:00 +01:00,16060.23,18773.76
07.02.2024 03:00:00 +01:00,16673.15,18754.21
07.02.2024 04:00:00 +01:00,17992.54,18873.38
07.02.2024 05:00:00 +01:00,20099.51,19305.95
07.02.2024 06:00:00 +01:00,23903.62,20460.35
07.02.2024 07:00:00 +01:00,25233.72,21840.22
07.02.2024 08:00:00 +01:00,25266.08,22149.56
07.02.2024 09:00:00 +01:00,25514.60,22099.26
07.02.2024 10:00:00 +01:00,25651.36,21930.61
07.02.2024 11:00:00 +01:00,25479.19,21556.63
07.02.2024 12:00:00 +01:00,24896.53,21271.09
07.02.2024 13:00:00 +01:00,25137.84,21096.78
07.02.2024 14:00:00 +01:00,25635.05,21006.52
07.02.2024 15:00:00 +01:00,26008.23,21132.64
07.02.2024 16:00:00 +01:00,26509.32,21401.29
07.02.2024 17:00:00 +01:00,26800.01,21481.39
07.02.2024 18:00:00 +01:00,26424.64,21336.49
07.02.2024 19:00:00 +01:00,26420.42,21339.79
07.02.2024 20:00:00 +01:00,26232.47,21395.65
07.02.2024 21:00:00 +01:00,26480.80,21252.43
07.02.2024 22:00:00 +01:00,26315.50,20880.11
07.02.2024 23:00:00 +01:00,25318.37,20356.82
08.02.2024 00:00:00 +01:00,25844.58,19808.30
08.02.2024 01:00:00 +01:00,25606.73,19538.73
08.02.2024 02:00:00 +01:00,25081.09,19475.96
08.02.2024 03:00:00 +01:00,24666.53,19395.22
08.02.2024 04:00:00 +01:00,24505.07,19453.22
08.02.2024 05:00:00 +01:00,24458.59,19872.71
08.02.2024 06:00:00 +01:00,25554.91,21007.64
08.02.2024 07:00:00 +01:00,25316.95,22316.95
08.02.2024 08:00:00 +01:00,25199.96,22538.04
08.02.2024 09:00:00 +01:00,25481.70,22515.06
08.02.2024 10:00:00 +01:00,25728.39,22542.48
08.02.2024 11:00:00 +01:00,25880.06,22327.65
08.02.2024 12:00:00 +01:00,25817.86,22035.38
08.02.2024 13:00:00 +01:00,25312.36,21806.41
08.02.2024 14:00:00 +01:00,25204.40,21775.13
08.02.2024 15:00:00 +01:00,25241.48,21859.55
08.02.2024 16:00:00 +01:00,25726.26,22211.07
08.02.2024 17:00:00 +01:00,25463.82,22387.82
08.02.2024 18:00:00 +01:00,25130.87,22354.15
08.02.2024 19:00:00 +01:00,24949.35,22340.16
08.02.2024 20:00:00 +01:00,24891.25,22187.55
08.02.2024 21:00:00 +01:00,25011.54,21956.54
08.02.2024 22:00:00 +01:00,24754.97,21629.51
08.02.2024 23:00:00 +01:00,23311.30,21119.77
09.02.2024 00:00:00 +01:00,23137.85,20628.68
09.02.2024 01:00:00 +01:00,21815.95,20284.61
09.02.2024 02:00:00 +01:00,19787.04,20136.28
09.02.2024 03:00:00 +01:00,18633.45,20088.95
09.02.2024 04:00:00 +01:00,18044.24,20166.19
09.02.2024 05:00:00 +01:00,19233.06,20582.48
09.02.2024 06:00:00 +01:00,21443.38,21718.33
09.02.2024 07:00:00 +01:00,24659.57,23143.99
09.02.2024 08:00:00 +01:00,25611.52,23611.70
09.02.2024 09:00:00 +01:00,25737.53,23590.21
09.02.2024 10:00:00 +01:00,26097.62,23391.72
09.02.2024 11:00:00 +01:00,26020.01,23134.44
09.02.2024 12:00:00 +01:00,25483.61,22778.00
09.02.2024 13:00:00 +01:00,25720.40,22467.77
09.02.2024 14:00:00 +01:00,25908.64,22323.56
09.02.2024 15:00:00 +01:00,26124.89,22305.03
09.02.2024 16:00:00 +01:00,25907.94,22473.64
09.02.2024 17:00:00 +01:00,26919.72,22732.11
09.02.2024 18:00:00 +01:00,26689.11,22510.85
09.02.2024 19:00:00 +01:00,25906.22,22343.61
09.02.2024 20:00:00 +01:00,24993.07,20852.29
09.02.2024 21:00:00 +01:00,24472.14,21522.99
09.02.2024 22:00:00 +01:00,24239.50,21143.87
09.02.2024 23:00:00 +01:00,23345.89,20638.83
10.02.2024 00:00:00 +01:00,23192.45,20309.88
10.02.2024 01:00:00 +01:00,23509.51,19990.00
10.02.2024 02:00:00 +01:00,24124.44,19778.26
10.02.2024 03:00:00 +01:00,24194.13,19680.11
10.02.2024 04:00:00 +01:00,24169.65,19659.29
10.02.2024 05:00:00 +01:00,24158.63,19692.00
10.02.2024 06:00:00 +01:00,24201.65,20004.42
10.02.2024 07:00:00 +01:00,25089.62,20395.14
10.02.2024 08:00:00 +01:00,25343.74,20890.81
10.02.2024 09:00:00 +01:00,26233.47,21422.67
10.02.2024 10:00:00 +01:00,26815.29,21705.93
10.02.2024 11:00:00 +01:00,27089.45,21646.65
10.02.2024 12:00:00 +01:00,26619.44,21573.26
10.02.2024 13:00:00 +01:00,25923.82,21482.58
10.02.2024 14:00:00 +01:00,26108.23,21424.60
10.02.2024 15:00:00 +01:00,25897.20,21500.43
10.02.2024 16:00:00 +01:00,25967.13,21655.22
10.02.2024 17:00:00 +01:00,26109.78,21942.22
10.02.2024 18:00:00 +01:00,26232.66,21899.20
10.02.2024 19:00:00 +01:00,25822.08,21738.69
10.02.2024 20:00:00 +01:00,24292.28,21404.44
10.02.2024 21:00:00 +01:00,23836.86,21002.10
10.02.2024 22:00:00 +01:00,23245.02,20628.34
10.02.2024 23:00:00 +01:00,22068.10,20200.16
11.02.2024 00:00:00 +01:00,20759.63,19848.04
11.02.2024 01:00:00 +01:00,18797.09,19566.07
11.02.2024 02:00:00 +01:00,17562.95,19325.89
11.02.2024 03:00:00 +01:00,16375.13,19159.38
11.02.2024 04:00:00 +01:00,15711.51,19116.09
11.02.2024 05:00:00 +01:00,16242.14,19127.85
11.02.2024 06:00:00 +01:00,16948.40,19285.39
11.02.2024 07:00:00 +01:00,18230.71,19565.58
11.02.2024 08:00:00 +01:00,19873.59,19898.90
11.02.2024 09:00:00 +01:00,21765.65,20327.34
11.02.2024 10:00:00 +01:00,23656.25,20650.85
11.02.2024 11:00:00 +01:00,24816.10,20662.81
11.02.2024 12:00:00 +01:00,24946.31,20638.55
11.02.2024 13:00:00 +01:00,23922.46,20585.09
11.02.2024 14:00:00 +01:00,24300.48,20502.53
11.02.2024 15:00:00 +01:00,25085.05,20514.12
11.02.2024 16:00:00 +01:00,25568.11,20533.30
11.02.2024 17:00:00 +01:00,26021.45,20721.45
11.02.2024 18:00:00 +01:00,26668.72,20815.70
11.02.2024 19:00:00 +01:00,27087.88,20771.59
11.02.2024 20:00:00 +01:00,26871.02,20617.76
11.02.2024 21:00:00 +01:00,26332.13,20373.32
11.02.2024 22:00:00 +01:00,26175.65,20041.23
11.02.2024 23:00:00 +01:00,24827.86,19631.23
12.02.2024 00:00:00 +01:00,24349.35,19145.78
12.02.2024 01:00:00 +01:00,23396.50,18839.50
12.02.2024 02:00:00 +01:00,22860.19,18683.63
12.02.2024 03:00:00 +01:00,22329.33,18645.80
12.02.2024 04:00:00 +01:00,22835.85,18723.40
12.02.2024 05:00:00 +01:00,24465.41,19082.53
12.02.2024 06:00:00 +01:00,27061.00,20253.19
12.02.2024 07:00:00 +01:00,27655.82,21609.91
12.02.2024 08:00:00 +01:00,27116.96,21918.65
12.02.2024 09:00:00 +01:00,27153.00,21903.61
12.02.2024 10:00:00 +01:00,27800.39,21837.30
12.02.2024 11:00:00 +01:00,27810.50,21724.46
12.02.2024 12:00:00 +01:00,27888.12,21623.15
12.02.2024 13:00:00 +01:00,27097.92,21639.41
12.02.2024 14:00:00 +01:00,26228.16,21596.31
12.02.2024 15:00:00 +01:00,25570.51,21613.98
12.02.2024 16:00:00 +01:00,26056.83,21715.86
12.02.2024 17:00:00 +01:00,26930.63,21704.71
12.02.2024 18:00:00 +01:00,26929.14,21491.70
12.02.2024 19:00:00 +01:00,26225.50,21311.10
12.02.2024 20:00:00 +01:00,26100.59,21103.39
12.02.2024 21:00:00 +01:00,25443.29,20794.53
12.02.2024 22:00:00 +01:00,24360.14,20229.86
12.02.2024 23:00:00 +01:00,22518.38,19584.72
13.02.2024 00:00:00 +01:00,22444.85,19004.02
13.02.2024 01:00:00 +01:00,21877.76,18605.67
13.02.2024 02:00:00 +01:00,20874.84,18427.85
13.02.2024 03:00:00 +01:00,19963.00,18395.72
13.02.2024 04:00:00 +01:00,19882.12,18505.83
13.02.2024 05:00:00 +01:00,21097.96,18801.79
13.02.2024 06:00:00 +01:00,23508.21,19930.72
13.02.2024 07:00:00 +01:00,24902.41,21216.66
13.02.2024 08:00:00 +01:00,24652.60,21409.79
13.02.2024 09:00:00 +01:00,24906.55,21447.49
13.02.2024 10:00:00 +01:00,23918.89,20956.38
13.02.2024 11:00:00 +01:00,22542.26,21041.35
13.02.2024 12:00:00 +01:00,20468.60,20934.79
13.02.2024 13:00:00 +01:00,20434.58,20764.87
13.02.2024 14:00:00 +01:00,21629.05,20778.21
13.02.2024 15:00:00 +01:00,23718.23,20872.21
13.02.2024 16:00:00 +01:00,23912.10,21046.89
13.02.2024 17:00:00 +01:00,23758.38,21028.60
13.02.2024 18:00:00 +01:00,24347.81,20898.96
13.02.2024 19:00:00 +01:00,24849.89,20762.59
13.02.2024 20:00:00 +01:00,25125.54,20743.79
13.02.2024 21:00:00 +01:00,24535.12,20492.23
13.02.2024 22:00:00 +01:00,24248.46,19926.73
13.02.2024 23:00:00 +01:00,22045.36,19361.29
14.02.2024 00:00:00 +01:00,20619.36,18778.80
14.02.2024 01:00:00 +01:00,20188.74,18424.14
14.02.2024 02:00:00 +01:00,19140.23,18188.85
14.02.2024 03:00:00 +01:00,18798.24,18062.90
14.02.2024 04:00:00 +01:00,18890.86,18068.89
14.02.2024 05:00:00 +01:00,20673.23,18420.15
14.02.2024 06:00:00 +01:00,23120.70,19545.60
14.02.2024 07:00:00 +01:00,24797.93,20911.29
14.02.2024 08:00:00 +01:00,24787.69,21039.10
14.02.2024 09:00:00 +01:00,24802.70,20849.69
14.02.2024 10:00:00 +01:00,25030.04,20716.03
14.02.2024 11:00:00 +01:00,25197.66,20555.94
14.02.2024 12:00:00 +01:00,23898.54,20221.02
14.02.2024 13:00:00 +01:00,23738.69,20143.92
14.02.2024 14:00:00 +01:00,24595.29,20116.94
14.02.2024 15:00:00 +01:00,25410.68,20150.75
14.02.2024 16:00:00 +01:00,25559.12,20373.85
14.02.2024 17:00:00 +01:00,25494.72,20496.53
14.02.2024 18:00:00 +01:00,25080.33,20320.76
14.02.2024 19:00:00 +01:00,25412.24,20217.83
14.02.2024 20:00:00 +01:00,25447.94,19994.59
14.02.2024 21:00:00 +01:00,25179.49,19655.85
14.02.2024 22:00:00 +01:00,24943.49,19275.34
14.02.2024 23:00:00 +01:00,23028.75,18686.61
15.02.2024 00:00:00 +01:00,21575.36,18181.06
15.02.2024 01:00:00 +01:00,20782.27,17835.47
15.02.2024 02:00:00 +01:00,20356.14,17604.93
15.02.2024 03:00:00 +01:00,19980.80,17521.07
15.02.2024 04:00:00 +01:00,20568.63,17543.45
15.02.2024 05:00:00 +01:00,22497.47,17899.87
15.02.2024 06:00:00 +01:00,24828.49,18980.18
15.02.2024 07:00:00 +01:00,25716.41,20227.01
15.02.2024 08:00:00 +01:00,25703.74,20416.90
15.02.2024 09:00:00 +01:00,25449.76,20409.26
15.02.2024 10:00:00 +01:00,25226.78,20008.81
15.02.2024 11:00:00 +01:00,24871.28,20129.01
15.02.2024 12:00:00 +01:00,25113.28,19979.89
15.02.2024 13:00:00 +01:00,24911.65,19681.07
15.02.2024 14:00:00 +01:00,24859.86,19698.56
15.02.2024 15:00:00 +01:00,25045.80,19793.04
15.02.2024 16:00:00 +01:00,25936.13,19998.93
15.02.2024 17:00:00 +01:00,26595.50,20105.74
15.02.2024 18:00:00 +01:00,26821.62,19964.97
15.02.2024 19:00:00 +01:00,26614.31,19876.83
15.02.2024 20:00:00 +01:00,26355.27,19684.58
15.02.2024 21:00:00 +01:00,25266.98,19346.02
15.02.2024 22:00:00 +01:00,23430.10,18921.58
15.02.2024 23:00:00 +01:00,21057.53,18408.78
16.02.2024 00:00:00 +01:00,19650.88,17932.18
16.02.2024 01:00:00 +01:00,18366.51,17579.22
16.02.2024 02:00:00 +01:00,17801.28,17402.93
16.02.2024 03:00:00 +01:00,17131.61,17265.68
16.02.2024 04:00:00 +01:00,17555.80,17166.79
16.02.2024 05:00:00 +01:00,18522.48,17442.67
16.02.2024 06:00:00 +01:00,21283.33,18336.09
16.02.2024 07:00:00 +01:00,23683.40,19547.12
16.02.2024 08:00:00 +01:00,23764.38,19838.67
16.02.2024 09:00:00 +01:00,23035.79,19799.31
16.02.2024 10:00:00 +01:00,22010.69,19812.68
16.02.2024 11:00:00 +01:00,20492.09,19684.29
16.02.2024 12:00:00 +01:00,20291.96,19578.16
16.02.2024 13:00:00 +01:00,20507.67,19486.07
16.02.2024 14:00:00 +01:00,21322.63,19434.28
16.02.2024 15:00:00 +01:00,22578.15,19428.52
16.02.2024 16:00:00 +01:00,23052.60,19531.47
16.02.2024 17:00:00 +01:00,23500.20,19640.99
16.02.2024 18:00:00 +01:00,22962.67,19635.24
16.02.2024 19:00:00 +01:00,21969.71,19350.48
16.02.2024 20:00:00 +01:00,21189.74,18966.68
16.02.2024 21:00:00 +01:00,20675.71,18505.65
16.02.2024 22:00:00 +01:00,20187.32,18130.84
16.02.2024 23:00:00 +01:00,19486.38,17749.20
17.02.2024 00:00:00 +01:00,19116.96,17380.29
17.02.2024 01:00:00 +01:00,18626.20,17148.33
17.02.2024 02:00:00 +01:00,18443.55,17014.01
17.02.2024 03:00:00 +01:00,18122.34,16927.05
17.02.2024 04:00:00 +01:00,17956.04,16949.11
17.02.2024 05:00:00 +01:00,18074.40,17035.63
17.02.2024 06:00:00 +01:00,18189.38,17334.95
17.02.2024 07:00:00 +01:00,19269.71,17810.08
17.02.2024 08:00:00 +01:00,20321.95,18320.23
17.02.2024 09:00:00 +01:00,21265.83,18769.41
17.02.2024 10:00:00 +01:00,20955.76,18775.16
17.02.2024 11:00:00 +01:00,20160.03,18475.23
17.02.2024 12:00:00 +01:00,19269.66,18139.79
17.02.2024 13:00:00 +01:00,18785.73,17902.40
17.02.2024 14:00:00 +01:00,19648.06,17688.97
17.02.2024 15:00:00 +01:00,20073.64,17705.54
17.02.2024 16:00:00 +01:00,21017.24,18044.96
17.02.2024 17:00:00 +01:00,21451.23,18580.42
17.02.2024 18:00:00 +01:00,21529.67,18891.60
17.02.2024 19:00:00 +01:00,20407.38,18828.04
17.02.2024 20:00:00 +01:00,20648.60,18664.00
17.02.2024 21:00:00 +01:00,20747.22,18388.47
17.02.2024 22:00:00 +01:00,20333.31,18203.35
17.02.2024 23:00:00 +01:00,19806.88,17917.26
18.02.2024 00:00:00 +01:00,19763.14,17661.94
18.02.2024 01:00:00 +01:00,19003.88,17440.78
18.02.2024 02:00:00 +01:00,18283.48,17263.16
18.02.2024 03:00:00 +01:00,18435.91,17236.63
18.02.2024 04:00:00 +01:00,17802.10,17195.95
18.02.2024 05:00:00 +01:00,17694.77,17240.15
18.02.2024 06:00:00 +01:00,17340.77,17456.35
18.02.2024 07:00:00 +01:00,17969.08,17767.47
18.02.2024 08:00:00 +01:00,17878.59,18118.85
18.02.2024 09:00:00 +01:00,17313.38,18602.95
18.02.2024 10:00:00 +01:00,16266.65,18885.63
18.02.2024 11:00:00 +01:00,16667.19,18993.43
18.02.2024 12:00:00 +01:00,16709.57,18918.81
18.02.2024 13:00:00 +01:00,17190.95,18911.00
18.02.2024 14:00:00 +01:00,18277.08,18848.89
18.02.2024 15:00:00 +01:00,19414.02,18948.07
18.02.2024 16:00:00 +01:00,21193.77,18996.83
18.02.2024 17:00:00 +01:00,22821.59,19213.83
18.02.2024 18:00:00 +01:00,23089.59,19371.13
18.02.2024 19:00:00 +01:00,23184.85,19270.35
18.02.2024 20:00:00 +01:00,22211.42,19127.56
18.02.2024 21:00:00 +01:00,21174.46,18852.65
18.02.2024 22:00:00 +01:00,20136.15,18540.60
18.02.2024 23:00:00 +01:00,18661.73,18143.81
19.02.2024 00:00:00 +01:00,17422.25,17715.57
19.02.2024 01:00:00 +01:00,16280.08,17441.97
19.02.2024 02:00:00 +01:00,16108.21,17249.92
19.02.2024 03:00:00 +01:00,15580.85,17201.15
19.02.2024 04:00:00 +01:00,15828.28,17262.61
19.02.2024 05:00:00 +01:00,17965.95,17573.28
19.02.2024 06:00:00 +01:00,23798.55,18599.54
19.02.2024 07:00:00 +01:00,25227.64,19805.21
19.02.2024 08:00:00 +01:00,25118.13,20074.61
19.02.2024 09:00:00 +01:00,24859.81,20167.28
19.02.2024 10:00:00 +01:00,25067.78,20039.88
19.02.2024 11:00:00 +01:00,24655.00,19825.91
19.02.2024 12:00:00 +01:00,24580.49,19572.44
19.02.2024 13:00:00 +01:00,24387.58,19386.76
19.02.2024 14:00:00 +01:00,24395.33,19298.27
19.02.2024 15:00:00 +01:00,24553.11,19317.78
19.02.2024 16:00:00 +01:00,24842.36,19529.05
19.02.2024 17:00:00 +01:00,25104.08,19592.27
19.02.2024 18:00:00 +01:00,24757.56,19569.52
19.02.2024 19:00:00 +01:00,24950.48,19396.26
19.02.2024 20:00:00 +01:00,25555.89,19235.45
19.02.2024 21:00:00 +01:00,25267.92,18957.45
19.02.2024 22:00:00 +01:00,24129.43,18509.67
19.02.2024 23:00:00 +01:00,22635.04,17946.16
20.02.2024 00:00:00 +01:00,22393.64,17453.11
20.02.2024 01:00:00 +01:00,22176.19,17146.24
20.02.2024 02:00:00 +01:00,22007.87,17023.87
20.02.2024 03:00:00 +01:00,21809.76,16958.22
20.02.2024 04:00:00 +01:00,21603.75,16982.14
20.02.2024 05:00:00 +01:00,22165.95,17318.55
20.02.2024 06:00:00 +01:00,24325.38,18356.91
20.02.2024 07:00:00 +01:00,24997.43,19484.67
20.02.2024 08:00:00 +01:00,25008.25,19841.52
20.02.2024 09:00:00 +01:00,24888.39,19647.27
20.02.2024 10:00:00 +01:00,24321.08,19323.46
20.02.2024 11:00:00 +01:00,24815.47,19535.91
20.02.2024 12:00:00 +01:00,25221.70,19456.57
20.02.2024 13:00:00 +01:00,24621.47,19535.94
20.02.2024 14:00:00 +01:00,24893.52,19533.01
20.02.2024 15:00:00 +01:00,25905.32,19534.49
20.02.2024 16:00:00 +01:00,25690.54,19598.24
20.02.2024 17:00:00 +01:00,25905.48,19753.17
20.02.2024 18:00:00 +01:00,26106.67,19694.73
20.02.2024 19:00:00 +01:00,25152.04,19491.32
20.02.2024 20:00:00 +01:00,23627.36,19210.69
20.02.2024 21:00:00 +01:00,22024.79,18766.30
20.02.2024 22:00:00 +01:00,20488.44,18311.94
20.02.2024 23:00:00 +01:00,19237.92,17716.24
21.02.2024 00:00:00 +01:00,18097.20,17159.86
21.02.2024 01:00:00 +01:00,17560.05,16858.77
21.02.2024 02:00:00 +01:00,17031.77,16693.55
21.02.2024 03:00:00 +01:00,16262.07,16574.93
21.02.2024 04:00:00 +01:00,16533.35,16598.76
21.02.2024 05:00:00 +01:00,16937.28,16890.66
21.02.2024 06:00:00 +01:00,18648.51,17803.88
21.02.2024 07:00:00 +01:00,21331.56,18832.64
21.02.2024 08:00:00 +01:00,22489.42,19113.65
21.02.2024 09:00:00 +01:00,22848.87,19078.29
21.02.2024 10:00:00 +01:00,23106.44,18841.55
21.02.2024 11:00:00 +01:00,22640.05,18632.50
21.02.2024 12:00:00 +01:00,21949.79,18424.18
21.02.2024 13:00:00 +01:00,21901.30,18327.45
21.02.2024 14:00:00 +01:00,22445.13,18253.38
21.02.2024 15:00:00 +01:00,23351.55,18432.30
21.02.2024 16:00:00 +01:00,24439.75,18705.27
21.02.2024 17:00:00 +01:00,25971.21,18993.85
21.02.2024 18:00:00 +01:00,25596.86,19062.62
21.02.2024 19:00:00 +01:00,25122.76,18887.42
21.02.2024 20:00:00 +01:00,23574.42,18781.28
21.02.2024 21:00:00 +01:00,21520.76,18560.43
21.02.2024 22:00:00 +01:00,19213.88,18067.64
21.02.2024 23:00:00 +01:00,16363.94,17497.62
22.02.2024 00:00:00 +01:00,13900.32,17024.17
22.02.2024 01:00:00 +01:00,12978.08,16691.16
22.02.2024 02:00:00 +01:00,12960.53,16413.47
22.02.2024 03:00:00 +01:00,12844.50,16234.18
22.02.2024 04:00:00 +01:00,14519.44,16199.81
22.02.2024 05:00:00 +01:00,17631.07,16443.42
22.02.2024 06:00:00 +01:00,21364.19,17399.85
22.02.2024 07:00:00 +01:00,23455.73,18388.88
22.02.2024 08:00:00 +01:00,23764.93,18671.94
22.02.2024 09:00:00 +01:00,23362.26,18710.67
22.02.2024 10:00:00 +01:00,22510.08,18208.59
22.02.2024 11:00:00 +01:00,22071.06,18241.00
22.02.2024 12:00:00 +01:00,22070.90,18138.40
22.02.2024 13:00:00 +01:00,22486.81,18171.11
22.02.2024 14:00:00 +01:00,22724.88,18161.54
22.02.2024 15:00:00 +01:00,22688.10,18322.91
22.02.2024 16:00:00 +01:00,22874.73,18536.35
22.02.2024 17:00:00 +01:00,23169.70,18733.91
22.02.2024 18:00:00 +01:00,22884.04,18670.08
22.02.2024 19:00:00 +01:00,20993.49,18486.60
22.02.2024 20:00:00 +01:00,18428.31,18318.15
22.02.2024 21:00:00 +01:00,16587.08,18000.81
22.02.2024 22:00:00 +01:00,14692.87,17585.90
22.02.2024 23:00:00 +01:00,12968.20,17077.12
23.02.2024 00:00:00 +01:00,12418.29,16573.25
23.02.2024 01:00:00 +01:00,11548.63,16277.05
23.02.2024 02:00:00 +01:00,11290.82,16122.09
23.02.2024 03:00:00 +01:00,11325.31,15957.10
23.02.2024 04:00:00 +01:00,11347.41,15996.57
23.02.2024 05:00:00 +01:00,12661.79,16321.13
23.02.2024 06:00:00 +01:00,16161.85,17243.04
23.02.2024 07:00:00 +01:00,19147.22,18302.90
23.02.2024 08:00:00 +01:00,19903.16,18701.86
23.02.2024 09:00:00 +01:00,20248.19,18791.49
23.02.2024 10:00:00 +01:00,19337.83,18931.35
23.02.2024 11:00:00 +01:00,18304.19,18943.60
23.02.2024 12:00:00 +01:00,17510.10,18890.44
23.02.2024 13:00:00 +01:00,17319.50,18783.20
23.02.2024 14:00:00 +01:00,17804.24,18722.67
23.02.2024 15:00:00 +01:00,18119.46,18588.15
23.02.2024 16:00:00 +01:00,19372.07,18562.58
23.02.2024 17:00:00 +01:00,21322.64,18611.82
23.02.2024 18:00:00 +01:00,21551.83,18708.37
23.02.2024 19:00:00 +01:00,21150.51,18487.70
23.02.2024 20:00:00 +01:00,20853.56,18083.63
23.02.2024 21:00:00 +01:00,21059.46,17667.66
23.02.2024 22:00:00 +01:00,21102.14,17242.35
23.02.2024 23:00:00 +01:00,20141.10,16880.31
24.02.2024 00:00:00 +01:00,18245.50,16428.62
24.02.2024 01:00:00 +01:00,17724.56,16127.33
24.02.2024 02:00:00 +01:00,17386.18,15872.84
24.02.2024 03:00:00 +01:00,17804.18,15659.52
24.02.2024 04:00:00 +01:00,17943.84,15557.86
24.02.2024 05:00:00 +01:00,18148.52,15605.86
24.02.2024 06:00:00 +01:00,18758.14,15877.46
24.02.2024 07:00:00 +01:00,19623.41,16244.59
24.02.2024 08:00:00 +01:00,20252.39,16773.32
24.02.2024 09:00:00 +01:00,20191.09,17308.21
24.02.2024 10:00:00 +01:00,19071.27,17580.43
24.02.2024 11:00:00 +01:00,17456.65,17579.99
24.02.2024 12:00:00 +01:00,15688.89,17463.83
24.02.2024 13:00:00 +01:00,14639.44,17337.23
24.02.2024 14:00:00 +01:00,15984.15,17192.41
24.02.2024 15:00:00 +01:00,17581.77,17266.02
24.02.2024 16:00:00 +01:00,19875.14,17432.02
24.02.2024 17:00:00 +01:00,21866.53,17742.19
24.02.2024 18:00:00 +01:00,22435.31,17845.25
24.02.2024 19:00:00 +01:00,21705.89,17687.40
24.02.2024 20:00:00 +01:00,20834.80,17330.71
24.02.2024 21:00:00 +01:00,20728.28,16980.16
24.02.2024 22:00:00 +01:00,20342.00,16714.50
24.02.2024 23:00:00 +01:00,18998.31,16400.72
25.02.2024 00:00:00 +01:00,19316.44,16053.01
25.02.2024 01:00:00 +01:00,18409.51,15873.55
25.02.2024 02:00:00 +01:00,18024.64,15727.68
25.02.2024 03:00:00 +01:00,17727.10,15648.49
25.02.2024 04:00:00 +01:00,17449.57,15593.68
25.02.2024 05:00:00 +01:00,17622.51,15635.37
25.02.2024 06:00:00 +01:00,17986.34,15744.79
25.02.2024 07:00:00 +01:00,18010.43,15954.92
25.02.2024 08:00:00 +01:00,17987.85,16264.95
25.02.2024 09:00:00 +01:00,18427.97,16670.37
25.02.2024 10:00:00 +01:00,18153.38,16884.35
25.02.2024 11:00:00 +01:00,17480.01,16947.22
25.02.2024 12:00:00 +01:00,17095.80,16978.13
25.02.2024 13:00:00 +01:00,16387.52,16969.92
25.02.2024 14:00:00 +01:00,17503.17,17006.79
25.02.2024 15:00:00 +01:00,19852.84,17115.46
25.02.2024 16:00:00 +01:00,21500.46,17296.98
25.02.2024 17:00:00 +01:00,22433.36,17510.80
25.02.2024 18:00:00 +01:00,22183.67,17756.83
25.02.2024 19:00:00 +01:00,22271.47,17770.20
25.02.2024 20:00:00 +01:00,22208.69,17720.59
25.02.2024 21:00:00 +01:00,22076.40,17463.43
25.02.2024 22:00:00 +01:00,21374.69,17148.16
25.02.2024 23:00:00 +01:00,20476.50,16729.97
26.02.2024 00:00:00 +01:00,19876.48,16282.01
26.02.2024 01:00:00 +01:00,19656.63,16067.63
26.02.2024 02:00:00 +01:00,18876.64,16074.76
26.02.2024 03:00:00 +01:00,17525.59,16065.78
26.02.2024 04:00:00 +01:00,17992.01,16156.44
26.02.2024 05:00:00 +01:00,20302.35,16549.90
26.02.2024 06:00:00 +01:00,21701.20,17651.63
26.02.2024 07:00:00 +01:00,22642.06,18835.25
26.02.2024 08:00:00 +01:00,22816.64,19176.83
26.02.2024 09:00:00 +01:00,23083.36,19019.63
26.02.2024 10:00:00 +01:00,22985.53,18618.48
26.02.2024 11:00:00 +01:00,23264.90,18337.35
26.02.2024 12:00:00 +01:00,22964.86,18122.08
26.02.2024 13:00:00 +01:00,22860.25,17878.90
26.02.2024 14:00:00 +01:00,22500.50,17858.85
26.02.2024 15:00:00 +01:00,23036.77,17871.38
26.02.2024 16:00:00 +01:00,23090.55,18064.58
26.02.2024 17:00:00 +01:00,22680.83,18296.21
26.02.2024 18:00:00 +01:00,23025.86,18589.82
26.02.2024 19:00:00 +01:00,22968.65,18532.66
26.02.2024 20:00:00 +01:00,23390.35,18546.75
26.02.2024 21:00:00 +01:00,23365.79,18316.48
26.02.2024 22:00:00 +01:00,23286.07,18027.40
26.02.2024 23:00:00 +01:00,22673.20,17468.22
27.02.2024 00:00:00 +01:00,22200.09,17025.26
27.02.2024 01:00:00 +01:00,21986.45,16734.45
27.02.2024 02:00:00 +01:00,21595.29,16604.38
27.02.2024 03:00:00 +01:00,21443.11,16556.38
27.02.2024 04:00:00 +01:00,21241.11,16639.60
27.02.2024 05:00:00 +01:00,21731.16,17031.39
27.02.2024 06:00:00 +01:00,23291.22,18122.43
27.02.2024 07:00:00 +01:00,23208.37,19279.53
27.02.2024 08:00:00 +01:00,23506.69,19436.05
27.02.2024 09:00:00 +01:00,23833.68,19324.39
27.02.2024 10:00:00 +01:00,24604.76,19276.46
27.02.2024 11:00:00 +01:00,24495.58,19072.88
27.02.2024 12:00:00 +01:00,24268.39,18866.76
27.02.2024 13:00:00 +01:00,23639.61,18831.58
27.02.2024 14:00:00 +01:00,23368.54,18837.65
27.02.2024 15:00:00 +01:00,23506.21,18912.65
27.02.2024 16:00:00 +01:00,23707.16,19047.39
27.02.2024 17:00:00 +01:00,23923.85,19095.38
27.02.2024 18:00:00 +01:00,24333.39,19180.07
27.02.2024 19:00:00 +01:00,23973.51,19028.21
27.02.2024 20:00:00 +01:00,23862.32,18857.42
27.02.2024 21:00:00 +01:00,23926.81,18522.94
27.02.2024 22:00:00 +01:00,23124.60,18016.71
27.02.2024 23:00:00 +01:00,21792.37,17461.13
28.02.2024 00:00:00 +01:00,21205.48,16910.38
28.02.2024 01:00:00 +01:00,20592.65,16574.53
28.02.2024 02:00:00 +01:00,20073.49,16349.30
28.02.2024 03:00:00 +01:00,19928.56,16237.63
28.02.2024 04:00:00 +01:00,20334.90,16219.78
28.02.2024 05:00:00 +01:00,20973.64,16503.17
28.02.2024 06:00:00 +01:00,22495.72,17485.82
28.02.2024 07:00:00 +01:00,23360.52,18571.51
28.02.2024 08:00:00 +01:00,22742.57,18688.44
28.02.2024 09:00:00 +01:00,22473.79,18517.20
28.02.2024 10:00:00 +01:00,22310.61,18250.35
28.02.2024 11:00:00 +01:00,21829.29,17917.09
28.02.2024 12:00:00 +01:00,21450.85,17735.04
28.02.2024 13:00:00 +01:00,21539.27,17580.82
28.02.2024 14:00:00 +01:00,21932.68,17548.44
28.02.2024 15:00:00 +01:00,22900.73,17672.99
28.02.2024 16:00:00 +01:00,23518.54,17875.64
28.02.2024 17:00:00 +01:00,23491.47,18064.90
28.02.2024 18:00:00 +01:00,22795.25,18207.19
28.02.2024 19:00:00 +01:00,22474.26,18118.05
28.02.2024 20:00:00 +01:00,22525.78,17977.11
28.02.2024 21:00:00 +01:00,22046.23,17785.64
28.02.2024 22:00:00 +01:00,21005.24,17407.03
28.02.2024 23:00:00 +01:00,19011.30,16818.88
29.02.2024 00:00:00 +01:00,17444.34,16222.11
29.02.2024 01:00:00 +01:00,16272.87,15851.25
29.02.2024 02:00:00 +01:00,15149.47,15704.78
29.02.2024 03:00:00 +01:00,14302.12,15686.06
29.02.2024 04:00:00 +01:00,13573.96,15706.87
29.02.2024 05:00:00 +01:00,14699.06,15955.53
29.02.2024 06:00:00 +01:00,16064.56,16877.34
29.02.2024 07:00:00 +01:00,16807.33,18023.73
29.02.2024 08:00:00 +01:00,17388.72,18339.54
29.02.2024 09:00:00 +01:00,17543.22,18433.36
29.02.2024 10:00:00 +01:00,17639.29,18451.47
29.02.2024 11:00:00 +01:00,17504.69,18073.16
29.02.2024 12:00:00 +01:00,17413.07,18350.44
29.02.2024 13:00:00 +01:00,17592.63,18214.11
29.02.2024 14:00:00 +01:00,17085.31,18153.03
29.02.2024 15:00:00 +01:00,17746.98,18150.85
29.02.2024 16:00:00 +01:00,18807.76,18257.65
29.02.2024 17:00:00 +01:00,20280.93,18282.29
29.02.2024 18:00:00 +01:00,20847.64,18312.32
29.02.2024 19:00:00 +01:00,20354.22,18138.68
29.02.2024 20:00:00 +01:00,19990.98,17867.96
29.02.2024 21:00:00 +01:00,19439.91,17637.80
29.02.2024 22:00:00 +01:00,19188.08,17236.77
29.02.2024 23:00:00 +01:00,18535.64,16674.71
01.03.2024 00:00:00 +01:00,17557.31,16069.41
01.03.2024 01:00:00 +01:00,17252.92,15729.62
01.03.2024 02:00:00 +01:00,17282.93,15503.15
01.03.2024 03:00:00 +01:00,17302.52,15369.10
01.03.2024 04:00:00 +01:00,17215.74,15363.70
01.03.2024 05:00:00 +01:00,17819.17,15632.54
01.03.2024 06:00:00 +01:00,19896.14,16511.51
01.03.2024 07:00:00 +01:00,21590.75,17674.78
01.03.2024 08:00:00 +01:00,22519.49,18087.38
01.03.2024 09:00:00 +01:00,22835.16,18165.04
01.03.2024 10:00:00 +01:00,22974.04,18335.64
01.03.2024 11:00:00 +01:00,21924.77,18200.69
01.03.2024 12:00:00 +01:00,21447.07,17706.87
01.03.2024 13:00:00 +01:00,22246.47,17941.79
01.03.2024 14:00:00 +01:00,22464.86,17812.61
01.03.2024 15:00:00 +01:00,23075.36,17788.47
01.03.2024 16:00:00 +01:00,23218.55,17798.54
01.03.2024 17:00:00 +01:00,23575.99,17827.20
01.03.2024 18:00:00 +01:00,23289.59,17874.70
01.03.2024 19:00:00 +01:00,22979.69,17669.13
01.03.2024 20:00:00 +01:00,22634.27,17276.16
01.03.2024 21:00:00 +01:00,22546.08,16963.83
01.03.2024 22:00:00 +01:00,22044.73,16577.13
01.03.2024 23:00:00 +01:00,21576.21,16178.64
02.03.2024 00:00:00 +01:00,20639.21,15773.53
02.03.2024 01:00:00 +01:00,19176.16,15532.97
02.03.2024 02:00:00 +01:00,18085.10,15400.57
02.03.2024 03:00:00 +01:00,18071.33,15318.96
02.03.2024 04:00:00 +01:00,18202.87,15272.29
02.03.2024 05:00:00 +01:00,18909.25,15336.65
02.03.2024 06:00:00 +01:00,19227.42,15594.26
02.03.2024 07:00:00 +01:00,20949.53,15826.50
02.03.2024 08:00:00 +01:00,21821.69,16284.69
02.03.2024 09:00:00 +01:00,22581.14,16762.35
02.03.2024 10:00:00 +01:00,22457.98,16972.93
02.03.2024 11:00:00 +01:00,21530.90,16952.19
02.03.2024 12:00:00 +01:00,19095.93,16938.34
02.03.2024 13:00:00 +01:00,18730.35,16922.83
02.03.2024 14:00:00 +01:00,20713.10,16818.96
02.03.2024 15:00:00 +01:00,22773.05,16834.39
02.03.2024 16:00:00 +01:00,23803.95,16955.32
02.03.2024 17:00:00 +01:00,24860.04,17158.37
02.03.2024 18:00:00 +01:00,24535.40,17370.00
02.03.2024 19:00:00 +01:00,23625.82,17166.96
02.03.2024 20:00:00 +01:00,22943.19,16827.12
02.03.2024 21:00:00 +01:00,22211.92,16494.89
02.03.2024 22:00:00 +01:00,21440.19,16264.03
02.03.2024 23:00:00 +01:00,19729.39,15966.82
03.03.2024 00:00:00 +01:00,19063.95,15705.13
03.03.2024 01:00:00 +01:00,18984.64,15478.53
03.03.2024 02:00:00 +01:00,18739.97,15314.21
03.03.2024 03:00:00 +01:00,18523.66,15179.90
03.03.2024 04:00:00 +01:00,18537.64,15132.87
03.03.2024 05:00:00 +01:00,18728.03,15188.24
03.03.2024 06:00:00 +01:00,18590.08,15378.28
03.03.2024 07:00:00 +01:00,19011.55,15548.78
03.03.2024 08:00:00 +01:00,18857.72,15922.49
03.03.2024 09:00:00 +01:00,18173.66,16359.00
03.03.2024 10:00:00 +01:00,18226.29,16594.08
03.03.2024 11:00:00 +01:00,17256.33,16671.14
03.03.2024 12:00:00 +01:00,16333.06,16696.47
03.03.2024 13:00:00 +01:00,15404.28,16765.52
03.03.2024 14:00:00 +01:00,16636.65,16762.04
03.03.2024 15:00:00 +01:00,18902.33,16786.16
03.03.2024 16:00:00 +01:00,22229.37,16841.96
03.03.2024 17:00:00 +01:00,23593.79,16940.95
03.03.2024 18:00:00 +01:00,24023.21,17218.53
03.03.2024 19:00:00 +01:00,23178.97,17211.07
03.03.2024 20:00:00 +01:00,22827.79,17117.32
03.03.2024 21:00:00 +01:00,22175.87,16838.07
03.03.2024 22:00:00 +01:00,21677.22,16492.37
03.03.2024 23:00:00 +01:00,21439.71,16016.59
04.03.2024 00:00:00 +01:00,21662.83,15562.45
04.03.2024 01:00:00 +01:00,21735.47,15327.07
04.03.2024 02:00:00 +01:00,21992.68,15146.63
04.03.2024 03:00:00 +01:00,22028.10,15119.26
04.03.2024 04:00:00 +01:00,22266.71,15192.62
04.03.2024 05:00:00 +01:00,23179.06,15527.49
04.03.2024 06:00:00 +01:00,24645.96,16620.15
04.03.2024 07:00:00 +01:00,25937.03,17760.62
04.03.2024 08:00:00 +01:00,25340.64,18027.72
04.03.2024 09:00:00 +01:00,25115.98,17816.96
04.03.2024 10:00:00 +01:00,23536.18,17593.81
04.03.2024 11:00:00 +01:00,22709.03,17464.22
04.03.2024 12:00:00 +01:00,22431.83,17445.88
04.03.2024 13:00:00 +01:00,22024.44,17392.93
04.03.2024 14:00:00 +01:00,22766.70,17315.29
04.03.2024 15:00:00 +01:00,23504.14,17400.16
04.03.2024 16:00:00 +01:00,24482.17,17617.74
04.03.2024 17:00:00 +01:00,25952.80,17600.89
04.03.2024 18:00:00 +01:00,26291.47,17820.04
04.03.2024 19:00:00 +01:00,25436.42,17805.01
04.03.2024 20:00:00 +01:00,24469.43,17734.84
04.03.2024 21:00:00 +01:00,23590.93,17534.00
04.03.2024 22:00:00 +01:00,22504.61,17116.24
04.03.2024 23:00:00 +01:00,21149.41,16559.28
05.03.2024 00:00:00 +01:00,20262.90,16071.06
05.03.2024 01:00:00 +01:00,20476.56,15766.74
05.03.2024 02:00:00 +01:00,20405.85,15618.89
05.03.2024 03:00:00 +01:00,20326.45,15517.46
05.03.2024 04:00:00 +01:00,20402.66,15590.28
05.03.2024 05:00:00 +01:00,21072.07,15987.39
05.03.2024 06:00:00 +01:00,22901.84,17167.37
05.03.2024 07:00:00 +01:00,24094.70,18340.40
05.03.2024 08:00:00 +01:00,23860.69,18490.98
05.03.2024 09:00:00 +01:00,23281.01,18221.57
05.03.2024 10:00:00 +01:00,22653.53,17668.71
05.03.2024 11:00:00 +01:00,22046.00,17634.56
05.03.2024 12:00:00 +01:00,21700.43,17344.73
05.03.2024 13:00:00 +01:00,21340.19,17142.76
05.03.2024 14:00:00 +01:00,21454.99,17052.24
05.03.2024 15:00:00 +01:00,22320.69,17030.05
05.03.2024 16:00:00 +01:00,23270.79,17188.14
05.03.2024 17:00:00 +01:00,24347.75,17303.02
05.03.2024 18:00:00 +01:00,25210.80,17642.79
05.03.2024 19:00:00 +01:00,24779.39,17844.76
05.03.2024 20:00:00 +01:00,24556.65,17864.35
05.03.2024 21:00:00 +01:00,24678.94,17775.39
05.03.2024 22:00:00 +01:00,23817.43,17538.65
05.03.2024 23:00:00 +01:00,22886.19,17049.70
06.03.2024 00:00:00 +01:00,22926.11,16509.61
06.03.2024 01:00:00 +01:00,22889.51,16202.93
06.03.2024 02:00:00 +01:00,22891.97,16086.03
06.03.2024 03:00:00 +01:00,22945.36,16061.11
06.03.2024 04:00:00 +01:00,23489.00,16130.08
06.03.2024 05:00:00 +01:00,24160.74,16538.13
06.03.2024 06:00:00 +01:00,25459.69,17673.22
06.03.2024 07:00:00 +01:00,26004.58,18817.72
06.03.2024 08:00:00 +01:00,25566.40,18824.00
06.03.2024 09:00:00 +01:00,25273.96,18751.30
06.03.2024 10:00:00 +01:00,24623.45,18312.64
06.03.2024 11:00:00 +01:00,24741.32,18187.60
06.03.2024 12:00:00 +01:00,24486.24,17890.50
06.03.2024 13:00:00 +01:00,24070.61,17808.03
06.03.2024 14:00:00 +01:00,24371.28,17730.69
06.03.2024 15:00:00 +01:00,24581.32,17780.52
06.03.2024 16:00:00 +01:00,24531.24,17872.05
06.03.2024 17:00:00 +01:00,25252.05,18002.78
06.03.2024 18:00:00 +01:00,25891.24,18313.42
06.03.2024 19:00:00 +01:00,25463.80,18450.39
06.03.2024 20:00:00 +01:00,25160.95,18479.30
06.03.2024 21:00:00 +01:00,25377.56,18261.49
06.03.2024 22:00:00 +01:00,25582.40,17955.17
06.03.2024 23:00:00 +01:00,24803.68,17479.30
07.03.2024 00:00:00 +01:00,24609.53,16943.49
07.03.2024 01:00:00 +01:00,24413.10,16678.75
07.03.2024 02:00:00 +01:00,24149.30,16569.97
07.03.2024 03:00:00 +01:00,23952.12,16561.80
07.03.2024 04:00:00 +01:00,23839.23,16630.62
07.03.2024 05:00:00 +01:00,24295.91,17054.52
07.03.2024 06:00:00 +01:00,25078.82,18098.10
07.03.2024 07:00:00 +01:00,25043.49,19245.62
07.03.2024 08:00:00 +01:00,24476.35,19495.97
07.03.2024 09:00:00 +01:00,23797.68,19098.68
07.03.2024 10:00:00 +01:00,23633.01,18495.88
07.03.2024 11:00:00 +01:00,23199.70,18054.41
07.03.2024 12:00:00 +01:00,21850.99,17862.91
07.03.2024 13:00:00 +01:00,21169.55,17745.36
07.03.2024 14:00:00 +01:00,22016.81,17573.11
07.03.2024 15:00:00 +01:00,22460.01,17560.19
07.03.2024 16:00:00 +01:00,22741.47,17735.04
07.03.2024 17:00:00 +01:00,23331.40,17870.96
07.03.2024 18:00:00 +01:00,23741.73,18261.46
07.03.2024 19:00:00 +01:00,23507.52,18431.39
07.03.2024 20:00:00 +01:00,23344.57,18397.56
07.03.2024 21:00:00 +01:00,23623.80,18141.19
07.03.2024 22:00:00 +01:00,22628.75,17906.11
07.03.2024 23:00:00 +01:00,22068.08,17426.80
08.03.2024 00:00:00 +01:00,21146.86,16892.64
08.03.2024 01:00:00 +01:00,21171.43,16598.38
08.03.2024 02:00:00 +01:00,21239.70,16484.56
08.03.2024 03:00:00 +01:00,21053.92,16512.43
08.03.2024 04:00:00 +01:00,21375.69,16623.21
08.03.2024 05:00:00 +01:00,22334.32,17016.07
08.03.2024 06:00:00 +01:00,23741.48,18153.32
08.03.2024 07:00:00 +01:00,24679.74,19358.62
08.03.2024 08:00:00 +01:00,24236.91,19568.81
08.03.2024 09:00:00 +01:00,23006.14,19122.02
08.03.2024 10:00:00 +01:00,18884.44,18675.97
08.03.2024 11:00:00 +01:00,15791.92,18162.72
08.03.2024 12:00:00 +01:00,14346.35,17843.53
08.03.2024 13:00:00 +01:00,13705.47,17584.33
08.03.2024 14:00:00 +01:00,13473.25,17406.08
08.03.2024 15:00:00 +01:00,14270.88,17310.32
08.03.2024 16:00:00 +01:00,17129.22,17306.24
08.03.2024 17:00:00 +01:00,21335.98,17481.77
08.03.2024 18:00:00 +01:00,23376.89,17846.95
08.03.2024 19:00:00 +01:00,23102.65,17965.24
08.03.2024 20:00:00 +01:00,22554.83,17797.45
08.03.2024 21:00:00 +01:00,20967.23,17492.00
08.03.2024 22:00:00 +01:00,19249.45,17172.94
08.03.2024 23:00:00 +01:00,18325.42,16864.60
09.03.2024 00:00:00 +01:00,16257.96,16426.94
09.03.2024 01:00:00 +01:00,14706.15,16194.27
09.03.2024 02:00:00 +01:00,13979.39,16023.28
09.03.2024 03:00:00 +01:00,13532.24,15931.72
09.03.2024 04:00:00 +01:00,12716.47,16091.33
09.03.2024 05:00:00 +01:00,12770.48,16197.85
09.03.2024 06:00:00 +01:00,13363.62,16403.40
09.03.2024 07:00:00 +01:00,14515.61,16716.38
09.03.2024 08:00:00 +01:00,14622.59,17242.07
09.03.2024 09:00:00 +01:00,14035.83,17691.07
09.03.2024 10:00:00 +01:00,13715.23,17810.54
09.03.2024 11:00:00 +01:00,13774.72,17656.79
09.03.2024 12:00:00 +01:00,13179.27,17399.33
09.03.2024 13:00:00 +01:00,13324.98,17308.73
09.03.2024 14:00:00 +01:00,13528.15,17265.03
09.03.2024 15:00:00 +01:00,13683.71,17255.04
09.03.2024 16:00:00 +01:00,16206.71,17405.97
09.03.2024 17:00:00 +01:00,19555.80,17726.34
09.03.2024 18:00:00 +01:00,21119.48,18021.44
09.03.2024 19:00:00 +01:00,20739.48,18001.31
09.03.2024 20:00:00 +01:00,19731.86,17715.81
09.03.2024 21:00:00 +01:00,18263.96,17375.28
09.03.2024 22:00:00 +01:00,17153.33,17113.24
09.03.2024 23:00:00 +01:00,16002.05,16744.37
10.03.2024 00:00:00 +01:00,14507.01,16531.30
10.03.2024 01:00:00 +01:00,13362.50,16373.75
10.03.2024 02:00:00 +01:00,12533.56,16294.65
10.03.2024 03:00:00 +01:00,12134.05,16325.52
10.03.2024 04:00:00 +01:00,11995.06,16405.66
10.03.2024 05:00:00 +01:00,12239.66,16519.62
10.03.2024 06:00:00 +01:00,12333.96,16714.11
10.03.2024 07:00:00 +01:00,12465.61,16931.07
10.03.2024 08:00:00 +01:00,12148.64,17353.48
10.03.2024 09:00:00 +01:00,12815.93,17625.09
10.03.2024 10:00:00 +01:00,13184.93,17739.58
10.03.2024 11:00:00 +01:00,13824.74,17571.91
10.03.2024 12:00:00 +01:00,13416.16,17483.68
10.03.2024 13:00:00 +01:00,13321.38,17470.11
10.03.2024 14:00:00 +01:00,13327.70,17490.89
10.03.2024 15:00:00 +01:00,14005.55,17640.22
10.03.2024 16:00:00 +01:00,15665.53,17721.96
10.03.2024 17:00:00 +01:00,17501.68,17873.28
10.03.2024 18:00:00 +01:00,18942.85,18196.00
10.03.2024 19:00:00 +01:00,18833.74,18341.38
10.03.2024 20:00:00 +01:00,18339.14,18312.40
10.03.2024 21:00:00 +01:00,17604.98,18118.91
10.03.2024 22:00:00 +01:00,16977.66,17747.63
10.03.2024 23:00:00 +01:00,16257.75,17299.14
11.03.2024 00:00:00 +01:00,15391.65,17028.87
11.03.2024 01:00:00 +01:00,14686.84,16809.82
11.03.2024 02:00:00 +01:00,14552.25,16641.36
11.03.2024 03:00:00 +01:00,14114.15,16569.93
11.03.2024 04:00:00 +01:00,15181.66,16728.87
11.03.2024 05:00:00 +01:00,17568.54,17101.85
11.03.2024 06:00:00 +01:00,20229.42,18210.33
11.03.2024 07:00:00 +01:00,22032.59,19461.22
11.03.2024 08:00:00 +01:00,22055.87,19733.10
11.03.2024 09:00:00 +01:00,21149.94,19474.52
11.03.2024 10:00:00 +01:00,19957.22,19006.46
11.03.2024 11:00:00 +01:00,19184.03,18674.83
11.03.2024 12:00:00 +01:00,18875.05,18312.71
11.03.2024 13:00:00 +01:00,19274.16,18025.86
11.03.2024 14:00:00 +01:00,19557.82,17931.98
11.03.2024 15:00:00 +01:00,20599.25,17825.37
11.03.2024 16:00:00 +01:00,21769.71,17937.75
11.03.2024 17:00:00 +01:00,23680.50,18167.86
11.03.2024 18:00:00 +01:00,24620.87,18483.30
11.03.2024 19:00:00 +01:00,24636.62,18705.02
11.03.2024 20:00:00 +01:00,24571.96,18599.33
11.03.2024 21:00:00 +01:00,24178.11,18371.88
11.03.2024 22:00:00 +01:00,23547.33,18030.45
11.03.2024 23:00:00 +01:00,22625.04,17475.50
12.03.2024 00:00:00 +01:00,21989.98,17079.63
12.03.2024 01:00:00 +01:00,22400.09,16773.82
12.03.2024 02:00:00 +01:00,22613.10,16645.49
12.03.2024 03:00:00 +01:00,22483.48,16639.55
12.03.2024 04:00:00 +01:00,22919.09,16730.09
12.03.2024 05:00:00 +01:00,23461.63,17184.40
12.03.2024 06:00:00 +01:00,23698.44,18259.11
12.03.2024 07:00:00 +01:00,23891.55,19402.13
12.03.2024 08:00:00 +01:00,23554.29,19458.37
12.03.2024 09:00:00 +01:00,23465.39,19124.22
12.03.2024 10:00:00 +01:00,23515.66,18469.08
12.03.2024 11:00:00 +01:00,23031.42,18122.54
12.03.2024 12:00:00 +01:00,22817.59,17967.84
12.03.2024 13:00:00 +01:00,21997.31,17763.44
12.03.2024 14:00:00 +01:00,22258.73,17613.29
12.03.2024 15:00:00 +01:00,23115.28,17595.07
12.03.2024 16:00:00 +01:00,23878.63,17851.74
12.03.2024 17:00:00 +01:00,24193.78,17977.39
12.03.2024 18:00:00 +01:00,24162.55,18206.36
12.03.2024 19:00:00 +01:00,23707.30,18322.11
12.03.2024 20:00:00 +01:00,23707.31,18299.45
12.03.2024 21:00:00 +01:00,23629.92,18085.00
12.03.2024 22:00:00 +01:00,23653.34,17745.04
12.03.2024 23:00:00 +01:00,22496.31,17154.83
13.03.2024 00:00:00 +01:00,21540.72,16641.95
13.03.2024 01:00:00 +01:00,21047.96,16307.92
13.03.2024 02:00:00 +01:00,20958.27,16169.29
13.03.2024 03:00:00 +01:00,20727.44,16131.36
13.03.2024 04:00:00 +01:00,20867.96,16067.99
13.03.2024 05:00:00 +01:00,21979.81,16334.06
13.03.2024 06:00:00 +01:00,24139.01,17341.49
13.03.2024 07:00:00 +01:00,25253.61,18523.30
13.03.2024 08:00:00 +01:00,25710.32,18747.15
13.03.2024 09:00:00 +01:00,25988.59,18596.94
13.03.2024 10:00:00 +01:00,25534.03,18479.55
13.03.2024 11:00:00 +01:00,24801.33,18265.27
13.03.2024 12:00:00 +01:00,24321.60,18151.55
13.03.2024 13:00:00 +01:00,24100.50,18151.65
13.03.2024 14:00:00 +01:00,24147.37,18219.01
13.03.2024 15:00:00 +01:00,24466.50,18317.95
13.03.2024 16:00:00 +01:00,24852.32,18445.24
13.03.2024 17:00:00 +01:00,24925.90,18379.85
13.03.2024 18:00:00 +01:00,25342.35,18400.88
13.03.2024 19:00:00 +01:00,23973.22,18298.00
13.03.2024 20:00:00 +01:00,22873.79,18093.46
13.03.2024 21:00:00 +01:00,21561.47,17825.11
13.03.2024 22:00:00 +01:00,19710.82,17318.28
13.03.2024 23:00:00 +01:00,18259.01,16675.26
14.03.2024 00:00:00 +01:00,17058.74,16149.02
14.03.2024 01:00:00 +01:00,16409.87,15902.20
14.03.2024 02:00:00 +01:00,16021.22,15657.08
14.03.2024 03:00:00 +01:00,15376.21,15545.42
14.03.2024 04:00:00 +01:00,15559.13,15590.30
14.03.2024 05:00:00 +01:00,16206.25,15945.53
14.03.2024 06:00:00 +01:00,18160.31,16881.36
14.03.2024 07:00:00 +01:00,19577.86,17961.51
14.03.2024 08:00:00 +01:00,19938.04,18152.97
14.03.2024 09:00:00 +01:00,18893.99,17886.04
14.03.2024 10:00:00 +01:00,17380.42,17074.35
14.03.2024 11:00:00 +01:00,16111.07,17149.10
14.03.2024 12:00:00 +01:00,15530.18,16959.51
14.03.2024 13:00:00 +01:00,14319.76,16815.11
14.03.2024 14:00:00 +01:00,15245.26,16849.12
14.03.2024 15:00:00 +01:00,17290.51,16978.68
14.03.2024 16:00:00 +01:00,18749.85,17178.08
14.03.2024 17:00:00 +01:00,20861.08,17298.98
14.03.2024 18:00:00 +01:00,21038.49,17496.36
14.03.2024 19:00:00 +01:00,20650.35,17639.11
14.03.2024 20:00:00 +01:00,19923.40,17520.01
14.03.2024 21:00:00 +01:00,19287.03,17251.95
14.03.2024 22:00:00 +01:00,17973.87,16843.36
14.03.2024 23:00:00 +01:00,16021.22,16236.66
15.03.2024 00:00:00 +01:00,13898.47,15768.35
15.03.2024 01:00:00 +01:00,13134.01,15482.86
15.03.2024 02:00:00 +01:00,12609.83,15356.97
15.03.2024 03:00:00 +01:00,12055.91,15331.29
15.03.2024 04:00:00 +01:00,11956.48,15370.19
15.03.2024 05:00:00 +01:00,13528.44,15684.58
15.03.2024 06:00:00 +01:00,16787.57,16590.18
15.03.2024 07:00:00 +01:00,19991.60,17808.20
15.03.2024 08:00:00 +01:00,20646.70,18206.69
15.03.2024 09:00:00 +01:00,18852.08,18248.93
15.03.2024 10:00:00 +01:00,16522.77,18168.92
15.03.2024 11:00:00 +01:00,13830.84,18092.56
15.03.2024 12:00:00 +01:00,13037.23,18017.86
15.03.2024 13:00:00 +01:00,13745.75,17908.75
15.03.2024 14:00:00 +01:00,15109.16,17909.22
15.03.2024 15:00:00 +01:00,17185.33,17792.19
15.03.2024 16:00:00 +01:00,19158.04,17721.63
15.03.2024 17:00:00 +01:00,21575.97,17801.90
15.03.2024 18:00:00 +01:00,22477.53,17842.07
15.03.2024 19:00:00 +01:00,22185.10,17794.97
15.03.2024 20:00:00 +01:00,20240.52,17456.35
15.03.2024 21:00:00 +01:00,18782.98,17030.19
15.03.2024 22:00:00 +01:00,17427.51,16608.89
15.03.2024 23:00:00 +01:00,15652.09,16210.39
16.03.2024 00:00:00 +01:00,14290.06,15869.55
16.03.2024 01:00:00 +01:00,13128.17,15643.09
16.03.2024 02:00:00 +01:00,12887.13,15545.32
16.03.2024 03:00:00 +01:00,12752.47,15509.87
16.03.2024 04:00:00 +01:00,12378.19,15570.51
16.03.2024 05:00:00 +01:00,12792.15,15675.57
16.03.2024 06:00:00 +01:00,13674.93,15913.35
16.03.2024 07:00:00 +01:00,15555.06,16297.67
16.03.2024 08:00:00 +01:00,16231.30,16937.31
16.03.2024 09:00:00 +01:00,15419.92,17612.85
16.03.2024 10:00:00 +01:00,14634.72,17926.46
16.03.2024 11:00:00 +01:00,13990.67,17949.98
16.03.2024 12:00:00 +01:00,13764.54,17879.74
16.03.2024 13:00:00 +01:00,13845.32,17827.36
16.03.2024 14:00:00 +01:00,14159.85,17746.66
16.03.2024 15:00:00 +01:00,14738.99,17614.22
16.03.2024 16:00:00 +01:00,15331.25,17687.33
16.03.2024 17:00:00 +01:00,17398.51,17932.78
16.03.2024 18:00:00 +01:00,19079.97,18248.29
16.03.2024 19:00:00 +01:00,19297.14,18329.63
16.03.2024 20:00:00 +01:00,19085.32,18100.72
16.03.2024 21:00:00 +01:00,19000.44,17829.59
16.03.2024 22:00:00 +01:00,19311.09,17581.77
16.03.2024 23:00:00 +01:00,19259.08,17268.61
17.03.2024 00:00:00 +01:00,18453.94,16985.63
17.03.2024 01:00:00 +01:00,18655.25,16803.78
17.03.2024 02:00:00 +01:00,17547.03,16772.69
17.03.2024 03:00:00 +01:00,18240.05,16801.36
17.03.2024 04:00:00 +01:00,18471.29,16884.59
17.03.2024 05:00:00 +01:00,18952.55,17041.02
17.03.2024 06:00:00 +01:00,19101.38,17251.31
17.03.2024 07:00:00 +01:00,19381.96,17400.62
17.03.2024 08:00:00 +01:00,18067.11,17599.81
17.03.2024 09:00:00 +01:00,16472.44,17556.96
17.03.2024 10:00:00 +01:00,14753.80,17505.38
17.03.2024 11:00:00 +01:00,14014.70,17343.52
17.03.2024 12:00:00 +01:00,13722.42,17134.55
17.03.2024 13:00:00 +01:00,14304.46,17063.43
17.03.2024 14:00:00 +01:00,16419.36,17014.03
17.03.2024 15:00:00 +01:00,20046.26,17137.70
17.03.2024 16:00:00 +01:00,23657.00,17303.68
17.03.2024 17:00:00 +01:00,25183.35,17535.06
17.03.2024 18:00:00 +01:00,24829.21,17944.12
17.03.2024 19:00:00 +01:00,24486.79,18199.24
17.03.2024 20:00:00 +01:00,23822.53,18229.11
17.03.2024 21:00:00 +01:00,23400.42,18071.71
17.03.2024 22:00:00 +01:00,22240.28,17735.45
17.03.2024 23:00:00 +01:00,20719.47,17412.27
18.03.2024 00:00:00 +01:00,20229.22,17065.55
18.03.2024 01:00:00 +01:00,19504.12,16772.10
18.03.2024 02:00:00 +01:00,18796.99,16622.68
18.03.2024 03:00:00 +01:00,18685.71,16604.85
18.03.2024 04:00:00 +01:00,18898.97,16719.11
18.03.2024 05:00:00 +01:00,20280.00,17025.12
18.03.2024 06:00:00 +01:00,22433.31,18144.50
18.03.2024 07:00:00 +01:00,24051.62,19352.09
18.03.2024 08:00:00 +01:00,24613.75,19638.13
18.03.2024 09:00:00 +01:00,24654.14,19346.34
18.03.2024 10:00:00 +01:00,24088.66,19029.59
18.03.2024 11:00:00 +01:00,23626.33,18743.59
18.03.2024 12:00:00 +01:00,23349.81,18505.68
18.03.2024 13:00:00 +01:00,23263.56,18370.29
18.03.2024 14:00:00 +01:00,23403.51,18265.94
18.03.2024 15:00:00 +01:00,23469.12,18313.41
18.03.2024 16:00:00 +01:00,24452.18,18386.35
18.03.2024 17:00:00 +01:00,24896.04,18436.24
18.03.2024 18:00:00 +01:00,24567.65,18574.02
18.03.2024 19:00:00 +01:00,23966.57,18626.98
18.03.2024 20:00:00 +01:00,23206.25,18510.37
18.03.2024 21:00:00 +01:00,22378.65,18360.64
18.03.2024 22:00:00 +01:00,21438.56,17897.72
18.03.2024 23:00:00 +01:00,19396.95,17224.88
19.03.2024 00:00:00 +01:00,18771.11,16696.31
19.03.2024 01:00:00 +01:00,18342.29,16436.61
19.03.2024 02:00:00 +01:00,17618.93,16282.49
19.03.2024 03:00:00 +01:00,17131.49,16218.18
19.03.2024 04:00:00 +01:00,17893.40,16282.07
19.03.2024 05:00:00 +01:00,19531.16,16592.20
19.03.2024 06:00:00 +01:00,21863.25,17597.03
19.03.2024 07:00:00 +01:00,23143.46,18674.65
19.03.2024 08:00:00 +01:00,24098.67,18843.64
19.03.2024 09:00:00 +01:00,24433.16,18673.31
19.03.2024 10:00:00 +01:00,24176.83,18224.42
19.03.2024 11:00:00 +01:00,23101.04,18463.88
19.03.2024 12:00:00 +01:00,20452.26,18332.79
19.03.2024 13:00:00 +01:00,20229.76,18321.16
19.03.2024 14:00:00 +01:00,22743.94,18360.95
19.03.2024 15:00:00 +01:00,24536.61,18384.34
19.03.2024 16:00:00 +01:00,24470.45,18493.60
19.03.2024 17:00:00 +01:00,24716.85,18460.04
19.03.2024 18:00:00 +01:00,24981.05,18538.93
19.03.2024 19:00:00 +01:00,24162.96,18620.22
19.03.2024 20:00:00 +01:00,23971.99,18487.18
19.03.2024 21:00:00 +01:00,23442.41,18111.88
19.03.2024 22:00:00 +01:00,22386.79,17603.20
19.03.2024 23:00:00 +01:00,21699.20,17051.79
20.03.2024 00:00:00 +01:00,21343.77,16452.94
20.03.2024 01:00:00 +01:00,21057.31,16130.43
20.03.2024 02:00:00 +01:00,20822.19,15903.22
20.03.2024 03:00:00 +01:00,20692.18,15864.53
20.03.2024 04:00:00 +01:00,21351.21,15924.51
20.03.2024 05:00:00 +01:00,21894.20,16260.72
20.03.2024 06:00:00 +01:00,23102.94,17260.24
20.03.2024 07:00:00 +01:00,24065.33,18284.45
20.03.2024 08:00:00 +01:00,24551.38,18502.26
20.03.2024 09:00:00 +01:00,24092.81,18207.24
20.03.2024 10:00:00 +01:00,23844.77,18002.35
20.03.2024 11:00:00 +01:00,23403.53,17601.93
20.03.2024 12:00:00 +01:00,22473.17,17466.22
20.03.2024 13:00:00 +01:00,22878.71,17420.45
20.03.2024 14:00:00 +01:00,22740.98,17308.61
20.03.2024 15:00:00 +01:00,23725.14,17369.57
20.03.2024 16:00:00 +01:00,24109.82,17559.00
20.03.2024 17:00:00 +01:00,24410.80,17665.24
20.03.2024 18:00:00 +01:00,24582.46,17770.66
20.03.2024 19:00:00 +01:00,24685.47,17918.36
20.03.2024 20:00:00 +01:00,23987.22,17908.77
20.03.2024 21:00:00 +01:00,23536.52,17816.26
20.03.2024 22:00:00 +01:00,22951.10,17413.17
20.03.2024 23:00:00 +01:00,22536.27,16879.37
21.03.2024 00:00:00 +01:00,21947.41,16380.38
21.03.2024 01:00:00 +01:00,21472.33,16135.90
21.03.2024 02:00:00 +01:00,20953.00,15951.68
21.03.2024 03:00:00 +01:00,20385.64,15921.54
21.03.2024 04:00:00 +01:00,20642.17,15951.02
21.03.2024 05:00:00 +01:00,22097.24,16230.10
21.03.2024 06:00:00 +01:00,23475.87,17203.07
21.03.2024 07:00:00 +01:00,23611.23,18229.09
21.03.2024 08:00:00 +01:00,24142.65,18342.36
21.03.2024 09:00:00 +01:00,23728.41,17952.96
21.03.2024 10:00:00 +01:00,23807.33,17376.17
21.03.2024 11:00:00 +01:00,23964.58,17406.03
21.03.2024 12:00:00 +01:00,24458.51,17295.14
21.03.2024 13:00:00 +01:00,23172.31,17337.04
21.03.2024 14:00:00 +01:00,24426.42,17424.63
21.03.2024 15:00:00 +01:00,24376.98,17676.51
21.03.2024 16:00:00 +01:00,24503.76,17954.22
21.03.2024 17:00:00 +01:00,25213.72,18007.07
21.03.2024 18:00:00 +01:00,25161.33,18110.23
21.03.2024 19:00:00 +01:00,24205.75,18148.84
21.03.2024 20:00:00 +01:00,24194.19,18108.44
21.03.2024 21:00:00 +01:00,23979.53,17825.22
21.03.2024 22:00:00 +01:00,22856.01,17352.45
21.03.2024 23:00:00 +01:00,19789.07,16737.98
22.03.2024 00:00:00 +01:00,17729.64,16200.07
22.03.2024 01:00:00 +01:00,15786.95,15878.64
22.03.2024 02:00:00 +01:00,14158.79,15664.19
22.03.2024 03:00:00 +01:00,13115.61,15578.80
22.03.2024 04:00:00 +01:00,12951.68,15578.43
22.03.2024 05:00:00 +01:00,14573.63,15807.57
22.03.2024 06:00:00 +01:00,16507.81,16679.51
22.03.2024 07:00:00 +01:00,19666.80,17842.59
22.03.2024 08:00:00 +01:00,20132.13,18067.28
22.03.2024 09:00:00 +01:00,19056.03,17762.20
22.03.2024 10:00:00 +01:00,18444.84,17395.27
22.03.2024 11:00:00 +01:00,17351.84,16963.48
22.03.2024 12:00:00 +01:00,17304.59,16717.87
22.03.2024 13:00:00 +01:00,18287.21,16633.19
22.03.2024 14:00:00 +01:00,18060.74,16576.48
22.03.2024 15:00:00 +01:00,18104.57,16481.83
22.03.2024 16:00:00 +01:00,17990.89,16683.29
22.03.2024 17:00:00 +01:00,19761.92,16877.32
22.03.2024 18:00:00 +01:00,22389.49,17105.25
22.03.2024 19:00:00 +01:00,22758.25,17119.27
22.03.2024 20:00:00 +01:00,21848.18,17066.58
22.03.2024 21:00:00 +01:00,20991.26,16839.41
22.03.2024 22:00:00 +01:00,19766.62,16555.29
22.03.2024 23:00:00 +01:00,18259.56,16136.51
23.03.2024 00:00:00 +01:00,17713.30,15743.20
23.03.2024 01:00:00 +01:00,17014.05,15469.82
23.03.2024 02:00:00 +01:00,16655.21,15271.42
23.03.2024 03:00:00 +01:00,16061.66,15279.49
23.03.2024 04:00:00 +01:00,15503.08,15268.86
23.03.2024 05:00:00 +01:00,15529.88,15255.73
23.03.2024 06:00:00 +01:00,15461.05,15338.39
23.03.2024 07:00:00 +01:00,14785.27,15672.82
23.03.2024 08:00:00 +01:00,13227.51,16141.68
23.03.2024 09:00:00 +01:00,11783.19,16583.01
23.03.2024 10:00:00 +01:00,11242.10,16750.65
23.03.2024 11:00:00 +01:00,10386.16,16615.31
23.03.2024 12:00:00 +01:00,10206.50,16516.89
23.03.2024 13:00:00 +01:00,9986.26,16380.04
23.03.2024 14:00:00 +01:00,10574.90,16257.91
23.03.2024 15:00:00 +01:00,10924.37,16199.57
23.03.2024 16:00:00 +01:00,11849.14,16336.88
23.03.2024 17:00:00 +01:00,13941.16,16574.74
23.03.2024 18:00:00 +01:00,17409.60,16765.09
23.03.2024 19:00:00 +01:00,19220.48,16866.85
23.03.2024 20:00:00 +01:00,17463.33,16602.29
23.03.2024 21:00:00 +01:00,14694.99,16277.26
23.03.2024 22:00:00 +01:00,11871.73,16023.27
23.03.2024 23:00:00 +01:00,10982.74,15770.00
24.03.2024 00:00:00 +01:00,10558.64,15564.28
24.03.2024 01:00:00 +01:00,10349.56,15368.43
24.03.2024 02:00:00 +01:00,10546.78,15253.29
24.03.2024 03:00:00 +01:00,10645.91,15158.67
24.03.2024 04:00:00 +01:00,10587.94,15148.18
24.03.2024 05:00:00 +01:00,10654.88,15149.41
24.03.2024 06:00:00 +01:00,10631.48,15278.52
24.03.2024 07:00:00 +01:00,10954.81,15495.00
24.03.2024 08:00:00 +01:00,11510.25,15796.60
24.03.2024 09:00:00 +01:00,11994.71,16003.48
24.03.2024 10:00:00 +01:00,12081.18,15976.48
24.03.2024 11:00:00 +01:00,12134.10,15811.58
24.03.2024 12:00:00 +01:00,12092.87,15625.72
24.03.2024 13:00:00 +01:00,12691.71,15578.02
24.03.2024 14:00:00 +01:00,12808.43,15529.20
24.03.2024 15:00:00 +01:00,13708.34,15623.37
24.03.2024 16:00:00 +01:00,15540.49,15797.99
24.03.2024 17:00:00 +01:00,20044.39,16008.92
24.03.2024 18:00:00 +01:00,22783.08,16321.65
24.03.2024 19:00:00 +01:00,23169.80,16696.58
24.03.2024 20:00:00 +01:00,22788.45,16728.93
24.03.2024 21:00:00 +01:00,22714.82,16516.25
24.03.2024 22:00:00 +01:00,21897.58,16332.74
24.03.2024 23:00:00 +01:00,21080.81,16108.26
25.03.2024 00:00:00 +01:00,19859.28,15955.06
25.03.2024 01:00:00 +01:00,19674.73,15750.68
25.03.2024 02:00:00 +01:00,19861.88,15621.98
25.03.2024 03:00:00 +01:00,21025.25,15670.18
25.03.2024 04:00:00 +01:00,21513.60,15671.31
25.03.2024 05:00:00 +01:00,22358.49,16003.20
25.03.2024 06:00:00 +01:00,22971.54,16687.38
25.03.2024 07:00:00 +01:00,22690.59,17508.11
25.03.2024 08:00:00 +01:00,22415.40,17925.19
25.03.2024 09:00:00 +01:00,23202.64,18003.11
25.03.2024 10:00:00 +01:00,22809.24,17774.98
25.03.2024 11:00:00 +01:00,22485.21,17611.85
25.03.2024 12:00:00 +01:00,21469.83,17432.81
25.03.2024 13:00:00 +01:00,21681.32,17320.08
25.03.2024 14:00:00 +01:00,22611.95,17220.20
25.03.2024 15:00:00 +01:00,23475.01,17235.59
25.03.2024 16:00:00 +01:00,23215.60,17236.14
25.03.2024 17:00:00 +01:00,23545.58,17243.58
25.03.2024 18:00:00 +01:00,24112.50,17323.82
25.03.2024 19:00:00 +01:00,24739.38,17560.13
25.03.2024 20:00:00 +01:00,24291.41,17543.10
25.03.2024 21:00:00 +01:00,24085.81,17348.94
25.03.2024 22:00:00 +01:00,24371.11,17010.16
25.03.2024 23:00:00 +01:00,23747.17,16589.50
26.03.2024 00:00:00 +01:00,23965.94,16229.88
26.03.2024 01:00:00 +01:00,23838.04,16080.01
26.03.2024 02:00:00 +01:00,23450.54,15943.21
26.03.2024 03:00:00 +01:00,23316.49,15942.82
26.03.2024 04:00:00 +01:00,23439.80,16034.00
26.03.2024 05:00:00 +01:00,23512.46,16233.34
26.03.2024 06:00:00 +01:00,24304.98,16993.51
26.03.2024 07:00:00 +01:00,23987.51,17738.68
26.03.2024 08:00:00 +01:00,23601.33,18034.32
26.03.2024 09:00:00 +01:00,22359.51,18088.35
26.03.2024 10:00:00 +01:00,21117.36,18206.11
26.03.2024 11:00:00 +01:00,20891.52,18002.01
26.03.2024 12:00:00 +01:00,21095.52,17879.75
26.03.2024 13:00:00 +01:00,20690.81,17789.30
26.03.2024 14:00:00 +01:00,21412.70,17726.04
26.03.2024 15:00:00 +01:00,21567.24,17802.20
26.03.2024 16:00:00 +01:00,23060.20,17753.77
26.03.2024 17:00:00 +01:00,23639.29,17732.35
26.03.2024 18:00:00 +01:00,24340.42,17825.21
26.03.2024 19:00:00 +01:00,23891.85,18013.83
26.03.2024 20:00:00 +01:00,22558.38,17887.47
26.03.2024 21:00:00 +01:00,21818.64,17564.09
26.03.2024 22:00:00 +01:00,20725.46,17177.18
26.03.2024 23:00:00 +01:00,19464.25,16725.20
27.03.2024 00:00:00 +01:00,19030.87,16294.89
27.03.2024 01:00:00 +01:00,18534.10,16046.02
27.03.2024 02:00:00 +01:00,18386.79,15812.49
27.03.2024 03:00:00 +01:00,17301.96,15761.37
27.03.2024 04:00:00 +01:00,16875.62,15823.27
27.03.2024 05:00:00 +01:00,16957.54,15932.40
27.03.2024 06:00:00 +01:00,19739.61,16408.87
27.03.2024 07:00:00 +01:00,21499.09,17085.52
27.03.2024 08:00:00 +01:00,22603.19,17457.20
27.03.2024 09:00:00 +01:00,22191.26,17455.11
27.03.2024 10:00:00 +01:00,21387.77,17580.14
27.03.2024 11:00:00 +01:00,20450.91,17425.60
27.03.2024 12:00:00 +01:00,20367.59,17230.39
27.03.2024 13:00:00 +01:00,20677.03,17170.46
27.03.2024 14:00:00 +01:00,21009.12,17012.30
27.03.2024 15:00:00 +01:00,21542.23,16959.07
27.03.2024 16:00:00 +01:00,22028.17,16973.74
27.03.2024 17:00:00 +01:00,22253.47,16919.91
27.03.2024 18:00:00 +01:00,22183.91,16880.40
27.03.2024 19:00:00 +01:00,22119.98,16865.61
27.03.2024 20:00:00 +01:00,22024.87,16665.82
27.03.2024 21:00:00 +01:00,21632.30,16308.51
27.03.2024 22:00:00 +01:00,20982.43,15918.74
27.03.2024 23:00:00 +01:00,20298.89,15558.17
28.03.2024 00:00:00 +01:00,19401.67,15192.36
28.03.2024 01:00:00 +01:00,18731.38,14948.40
28.03.2024 02:00:00 +01:00,17461.18,14776.09
28.03.2024 03:00:00 +01:00,16815.05,14701.23
28.03.2024 04:00:00 +01:00,16490.24,14762.80
28.03.2024 05:00:00 +01:00,17224.40,14808.18
28.03.2024 06:00:00 +01:00,18943.62,15006.55
28.03.2024 07:00:00 +01:00,19618.04,15333.17
28.03.2024 08:00:00 +01:00,19113.65,15633.73
28.03.2024 09:00:00 +01:00,18017.59,15732.67
28.03.2024 10:00:00 +01:00,16228.79,15745.53
28.03.2024 11:00:00 +01:00,14998.47,15698.48
28.03.2024 12:00:00 +01:00,14672.89,15596.92
28.03.2024 13:00:00 +01:00,14124.99,15671.67
28.03.2024 14:00:00 +01:00,12942.92,15760.19
28.03.2024 15:00:00 +01:00,13253.35,15798.89
28.03.2024 16:00:00 +01:00,14911.02,15827.20
28.03.2024 17:00:00 +01:00,16288.03,15857.33
28.03.2024 18:00:00 +01:00,18308.00,15912.37
28.03.2024 19:00:00 +01:00,18675.98,15937.83
28.03.2024 20:00:00 +01:00,16688.58,15763.04
28.03.2024 21:00:00 +01:00,14884.47,15487.77
28.03.2024 22:00:00 +01:00,13131.15,15191.62
28.03.2024 23:00:00 +01:00,11569.46,14937.28
29.03.2024 00:00:00 +01:00,9909.65,14681.77
29.03.2024 01:00:00 +01:00,9713.74,14498.74
29.03.2024 02:00:00 +01:00,9785.16,14421.30
29.03.2024 03:00:00 +01:00,9900.24,14436.25
29.03.2024 04:00:00 +01:00,9976.54,14457.78
29.03.2024 05:00:00 +01:00,9919.68,14543.70
29.03.2024 06:00:00 +01:00,9920.94,14628.96
29.03.2024 07:00:00 +01:00,10638.18,14905.32
29.03.2024 08:00:00 +01:00,11205.08,15189.18
29.03.2024 09:00:00 +01:00,11010.69,15378.08
29.03.2024 10:00:00 +01:00,11312.94,15556.82
29.03.2024 11:00:00 +01:00,11364.53,15588.88
29.03.2024 12:00:00 +01:00,11021.21,15610.88
29.03.2024 13:00:00 +01:00,10710.64,15616.85
29.03.2024 14:00:00 +01:00,11758.09,15554.19
29.03.2024 15:00:00 +01:00,13904.68,15510.43
29.03.2024 16:00:00 +01:00,16907.74,15525.81
29.03.2024 17:00:00 +01:00,18711.70,15590.25
29.03.2024 18:00:00 +01:00,20675.62,15664.29
29.03.2024 19:00:00 +01:00,20979.12,15772.68
29.03.2024 20:00:00 +01:00,20351.31,15648.57
29.03.2024 21:00:00 +01:00,20166.27,15385.81
29.03.2024 22:00:00 +01:00,19523.96,15087.29
29.03.2024 23:00:00 +01:00,18735.02,14815.99
30.03.2024 00:00:00 +01:00,18364.88,14554.98
30.03.2024 01:00:00 +01:00,18297.23,14373.28
30.03.2024 02:00:00 +01:00,18165.23,14249.45
30.03.2024 03:00:00 +01:00,18108.41,14199.37
30.03.2024 04:00:00 +01:00,17825.54,14212.58
30.03.2024 05:00:00 +01:00,17245.61,14239.51
30.03.2024 06:00:00 +01:00,16461.46,14333.10
30.03.2024 07:00:00 +01:00,15232.36,14574.74
30.03.2024 08:00:00 +01:00,14674.76,14931.53
30.03.2024 09:00:00 +01:00,15204.46,15263.44
30.03.2024 10:00:00 +01:00,15205.15,15347.39
30.03.2024 11:00:00 +01:00,13983.95,15449.73
30.03.2024 12:00:00 +01:00,13060.77,15251.87
30.03.2024 13:00:00 +01:00,13200.61,15218.22
30.03.2024 14:00:00 +01:00,15529.43,15199.72
30.03.2024 15:00:00 +01:00,17116.58,15212.62
30.03.2024 16:00:00 +01:00,17441.12,15173.04
30.03.2024 17:00:00 +01:00,18326.89,15300.84
30.03.2024 18:00:00 +01:00,19133.16,15498.60
30.03.2024 19:00:00 +01:00,18921.23,15589.40
30.03.2024 20:00:00 +01:00,18350.83,15417.46
30.03.2024 21:00:00 +01:00,18132.87,15122.40
30.03.2024 22:00:00 +01:00,17956.63,14871.84
30.03.2024 23:00:00 +01:00,17274.91,14598.37
31.03.2024 00:00:00 +01:00,17679.20,14410.94
31.03.2024 01:00:00 +01:00,17613.77,14182.17
31.03.2024 03:00:00 +02:00,17196.18,14075.13
31.03.2024 04:00:00 +02:00,16824.47,14035.85
31.03.2024 05:00:00 +02:00,17314.44,14059.29
31.03.2024 06:00:00 +02:00,16187.02,14075.10
31.03.2024 07:00:00 +02:00,15745.51,14145.47
31.03.2024 08:00:00 +02:00,15217.59,14400.83
31.03.2024 09:00:00 +02:00,14297.51,14765.80
31.03.2024 10:00:00 +02:00,14334.37,15079.79
31.03.2024 11:00:00 +02:00,13339.35,15183.07
31.03.2024 12:00:00 +02:00,11879.42,15183.51
31.03.2024 13:00:00 +02:00,11535.17,15123.74
31.03.2024 14:00:00 +02:00,11805.21,15074.24
31.03.2024 15:00:00 +02:00,11835.91,15042.26
31.03.2024 16:00:00 +02:00,13078.35,14951.79
31.03.2024 17:00:00 +02:00,15304.60,15062.73
31.03.2024 18:00:00 +02:00,18056.08,15152.48
31.03.2024 19:00:00 +02:00,20235.62,15332.09
31.03.2024 20:00:00 +02:00,20414.52,15571.68
31.03.2024 21:00:00 +02:00,19960.58,15536.84
31.03.2024 22:00:00 +02:00,18847.21,15352.61
31.03.2024 23:00:00 +02:00,16026.29,15136.88
01.04.2024 00:00:00 +02:00,13871.91,14899.72
01.04.2024 01:00:00 +02:00,12066.36,14709.17
01.04.2024 02:00:00 +02:00,11766.05,14595.05
01.04.2024 03:00:00 +02:00,11343.45,14575.10
01.04.2024 04:00:00 +02:00,12055.58,14606.56
01.04.2024 05:00:00 +02:00,14002.09,14727.96
01.04.2024 06:00:00 +02:00,15648.31,14996.72
01.04.2024 07:00:00 +02:00,17642.05,15271.26
01.04.2024 08:00:00 +02:00,17835.10,15509.86
01.04.2024 09:00:00 +02:00,17350.77,15550.12
01.04.2024 10:00:00 +02:00,16058.11,15516.40
01.04.2024 11:00:00 +02:00,14924.82,15346.31
01.04.2024 12:00:00 +02:00,14622.02,15121.05
01.04.2024 13:00:00 +02:00,13791.44,15050.42
01.04.2024 14:00:00 +02:00,11945.10,14976.93
01.04.2024 15:00:00 +02:00,11087.50,14999.73
01.04.2024 16:00:00 +02:00,11922.30,15030.49
01.04.2024 17:00:00 +02:00,11906.74,15038.77
01.04.2024 18:00:00 +02:00,14057.01,15100.84
01.04.2024 19:00:00 +02:00,16252.95,15341.36
01.04.2024 20:00:00 +02:00,16210.89,15650.93
01.04.2024 21:00:00 +02:00,14190.52,15737.49
01.04.2024 22:00:00 +02:00,13224.01,15498.76
01.04.2024 23:00:00 +02:00,11834.41,15110.44
02.04.2024 00:00:00 +02:00,10679.73,14768.49
02.04.2024 01:00:00 +02:00,9745.82,14643.12
02.04.2024 02:00:00 +02:00,9184.66,14584.00
02.04.2024 03:00:00 +02:00,9153.52,14667.38
02.04.2024 04:00:00 +02:00,9472.77,14785.45
02.04.2024 05:00:00 +02:00,11243.50,15114.77
02.04.2024 06:00:00 +02:00,14926.80,16113.24
02.04.2024 07:00:00 +02:00,17627.22,17299.42
02.04.2024 08:00:00 +02:00,19007.95,17831.85
02.04.2024 09:00:00 +02:00,16948.44,17803.79
02.04.2024 10:00:00 +02:00,14339.52,17696.45
02.04.2024 11:00:00 +02:00,13792.95,17558.58
02.04.2024 12:00:00 +02:00,14003.88,17460.51
02.04.2024 13:00:00 +02:00,13955.78,17306.96
02.04.2024 14:00:00 +02:00,13738.00,17143.77
02.04.2024 15:00:00 +02:00,13746.56,17012.49
02.04.2024 16:00:00 +02:00,14561.25,17011.84
02.04.2024 17:00:00 +02:00,16110.43,16949.85
02.04.2024 18:00:00 +02:00,18947.46,16920.40
02.04.2024 19:00:00 +02:00,20244.76,17100.68
02.04.2024 20:00:00 +02:00,20934.11,17463.55
02.04.2024 21:00:00 +02:00,21411.50,17515.12
02.04.2024 22:00:00 +02:00,20657.69,17137.64
02.04.2024 23:00:00 +02:00,19965.55,16561.95
03.04.2024 00:00:00 +02:00,19502.77,16093.26
03.04.2024 01:00:00 +02:00,18731.38,15856.69
03.04.2024 02:00:00 +02:00,18433.82,15733.70
03.04.2024 03:00:00 +02:00,18337.30,15703.97
03.04.2024 04:00:00 +02:00,18228.49,15816.51
03.04.2024 05:00:00 +02:00,18466.92,16164.85
03.04.2024 06:00:00 +02:00,19887.14,17280.64
03.04.2024 07:00:00 +02:00,21642.26,18410.79
03.04.2024 08:00:00 +02:00,21420.92,18501.85
03.04.2024 09:00:00 +02:00,21598.22,18210.99
03.04.2024 10:00:00 +02:00,20784.77,17741.41
03.04.2024 11:00:00 +02:00,21360.50,17647.68
03.04.2024 12:00:00 +02:00,22251.73,17494.78
03.04.2024 13:00:00 +02:00,22129.13,17256.98
03.04.2024 14:00:00 +02:00,21345.86,17144.11
03.04.2024 15:00:00 +02:00,21236.79,17318.53
03.04.2024 16:00:00 +02:00,21686.68,17472.67
03.04.2024 17:00:00 +02:00,21933.94,17452.11
03.04.2024 18:00:00 +02:00,22996.84,17409.67
03.04.2024 19:00:00 +02:00,23577.16,17659.07
03.04.2024 20:00:00 +02:00,23509.32,17941.42
03.04.2024 21:00:00 +02:00,23243.74,18063.95
03.04.2024 22:00:00 +02:00,22847.79,17754.62
03.04.2024 23:00:00 +02:00,20138.97,17264.06
04.04.2024 00:00:00 +02:00,19215.58,16771.00
04.04.2024 01:00:00 +02:00,17658.55,16550.93
04.04.2024 02:00:00 +02:00,17119.63,16361.16
04.04.2024 03:00:00 +02:00,17802.02,16329.59
04.04.2024 04:00:00 +02:00,18373.01,16379.63
04.04.2024 05:00:00 +02:00,19747.44,16774.17
04.04.2024 06:00:00 +02:00,22744.83,17859.00
04.04.2024 07:00:00 +02:00,24149.91,19063.57
04.04.2024 08:00:00 +02:00,24491.71,18980.49
04.04.2024 09:00:00 +02:00,23966.24,19232.03
04.04.2024 10:00:00 +02:00,23117.35,19131.22
04.04.2024 11:00:00 +02:00,22013.95,19385.54
04.04.2024 12:00:00 +02:00,21632.31,19330.77
04.04.2024 13:00:00 +02:00,20364.89,19256.44
04.04.2024 14:00:00 +02:00,19439.54,19274.59
04.04.2024 15:00:00 +02:00,19364.07,19243.19
04.04.2024 16:00:00 +02:00,19714.90,19249.14
04.04.2024 17:00:00 +02:00,21536.85,19070.80
04.04.2024 18:00:00 +02:00,22290.56,18918.53
04.04.2024 19:00:00 +02:00,23331.90,18973.58
04.04.2024 20:00:00 +02:00,23216.07,19087.07
04.04.2024 21:00:00 +02:00,22911.38,18988.20
04.04.2024 22:00:00 +02:00,21028.08,18630.40
04.04.2024 23:00:00 +02:00,19410.44,17980.02
05.04.2024 00:00:00 +02:00,17713.76,17458.51
05.04.2024 01:00:00 +02:00,16118.01,17176.77
05.04.2024 02:00:00 +02:00,15211.44,16960.08
05.04.2024 03:00:00 +02:00,15235.14,16927.87
05.04.2024 04:00:00 +02:00,14598.63,17001.72
05.04.2024 05:00:00 +02:00,16424.46,17242.12
05.04.2024 06:00:00 +02:00,19224.16,18227.81
05.04.2024 07:00:00 +02:00,21295.03,19367.43
05.04.2024 08:00:00 +02:00,22574.82,19643.41
05.04.2024 09:00:00 +02:00,21799.83,19366.81
05.04.2024 10:00:00 +02:00,19574.40,19071.18
05.04.2024 11:00:00 +02:00,17443.32,18704.74
05.04.2024 12:00:00 +02:00,15579.22,18443.44
05.04.2024 13:00:00 +02:00,14189.05,18273.88
05.04.2024 14:00:00 +02:00,14292.53,18071.17
05.04.2024 15:00:00 +02:00,14470.50,17738.43
05.04.2024 16:00:00 +02:00,14413.41,18196.55
05.04.2024 17:00:00 +02:00,16212.14,17928.22
05.04.2024 18:00:00 +02:00,18111.32,18141.10
05.04.2024 19:00:00 +02:00,21234.30,18018.02
05.04.2024 20:00:00 +02:00,22268.72,18034.59
05.04.2024 21:00:00 +02:00,21417.74,17893.86
05.04.2024 22:00:00 +02:00,19329.44,17497.76
05.04.2024 23:00:00 +02:00,16976.16,17036.88
06.04.2024 00:00:00 +02:00,14841.61,16691.01
06.04.2024 01:00:00 +02:00,14734.35,16422.26
06.04.2024 02:00:00 +02:00,14576.53,16273.16
06.04.2024 03:00:00 +02:00,14639.93,16138.92
06.04.2024 04:00:00 +02:00,15406.93,16097.20
06.04.2024 05:00:00 +02:00,16526.13,16047.95
06.04.2024 06:00:00 +02:00,17171.19,16178.54
06.04.2024 07:00:00 +02:00,18727.96,16502.24
06.04.2024 08:00:00 +02:00,17910.78,16891.86
06.04.2024 09:00:00 +02:00,15547.34,17214.30
06.04.2024 10:00:00 +02:00,14208.75,17290.61
06.04.2024 11:00:00 +02:00,13806.24,17116.96
06.04.2024 12:00:00 +02:00,13196.19,16899.61
06.04.2024 13:00:00 +02:00,12790.81,16726.79
06.04.2024 14:00:00 +02:00,12688.45,16623.61
06.04.2024 15:00:00 +02:00,12649.64,16588.65
06.04.2024 16:00:00 +02:00,12658.20,16688.96
06.04.2024 17:00:00 +02:00,14596.40,16792.57
06.04.2024 18:00:00 +02:00,17135.16,16876.62
06.04.2024 19:00:00 +02:00,18817.46,16841.13
06.04.2024 20:00:00 +02:00,17883.67,16656.49
06.04.2024 21:00:00 +02:00,16137.82,16432.98
06.04.2024 22:00:00 +02:00,14328.82,16158.67
06.04.2024 23:00:00 +02:00,13048.92,15841.87
07.04.2024 00:00:00 +02:00,11826.67,15528.08
07.04.2024 01:00:00 +02:00,11101.85,15281.77
07.04.2024 02:00:00 +02:00,11155.95,15120.41
07.04.2024 03:00:00 +02:00,11014.07,14978.68
07.04.2024 04:00:00 +02:00,10732.00,14909.09
07.04.2024 05:00:00 +02:00,10799.07,14864.40
07.04.2024 06:00:00 +02:00,10774.99,14913.00
07.04.2024 07:00:00 +02:00,11191.41,15077.89
07.04.2024 08:00:00 +02:00,11507.08,15472.91
07.04.2024 09:00:00 +02:00,11734.72,15879.88
07.04.2024 10:00:00 +02:00,11624.18,16146.35
07.04.2024 11:00:00 +02:00,11688.08,16139.64
07.04.2024 12:00:00 +02:00,11584.59,15899.67
07.04.2024 13:00:00 +02:00,11319.55,15650.55
07.04.2024 14:00:00 +02:00,10838.22,15613.15
07.04.2024 15:00:00 +02:00,10853.22,15572.54
07.04.2024 16:00:00 +02:00,10849.89,15574.74
07.04.2024 17:00:00 +02:00,11704.33,15554.58
07.04.2024 18:00:00 +02:00,13541.36,15588.44
07.04.2024 19:00:00 +02:00,15900.33,15791.56
07.04.2024 20:00:00 +02:00,16904.48,15962.33
07.04.2024 21:00:00 +02:00,16902.01,15931.94
07.04.2024 22:00:00 +02:00,15891.48,15644.46
07.04.2024 23:00:00 +02:00,14212.74,15222.54
08.04.2024 00:00:00 +02:00,13273.27,14968.07
08.04.2024 01:00:00 +02:00,12456.66,14657.12
08.04.2024 02:00:00 +02:00,12040.49,14444.91
08.04.2024 03:00:00 +02:00,12268.11,14341.54
08.04.2024 04:00:00 +02:00,13178.87,14378.61
08.04.2024 05:00:00 +02:00,14536.74,14670.88
08.04.2024 06:00:00 +02:00,16890.11,15674.62
08.04.2024 07:00:00 +02:00,19385.69,16727.66
08.04.2024 08:00:00 +02:00,20527.89,17011.74
08.04.2024 09:00:00 +02:00,20317.93,16845.10
08.04.2024 10:00:00 +02:00,19175.64,16465.82
08.04.2024 11:00:00 +02:00,18198.63,16088.61
08.04.2024 12:00:00 +02:00,16860.64,15717.62
08.04.2024 13:00:00 +02:00,16916.46,15567.45
08.04.2024 14:00:00 +02:00,18171.16,15576.77
08.04.2024 15:00:00 +02:00,18204.48,15645.54
08.04.2024 16:00:00 +02:00,18944.49,15738.66
08.04.2024 17:00:00 +02:00,19381.41,15711.37
08.04.2024 18:00:00 +02:00,21446.38,15661.28
08.04.2024 19:00:00 +02:00,22391.88,15756.03
08.04.2024 20:00:00 +02:00,22303.39,15963.01
08.04.2024 21:00:00 +02:00,21982.61,15988.74
08.04.2024 22:00:00 +02:00,21288.92,15613.76
08.04.2024 23:00:00 +02:00,20456.61,15028.90
09.04.2024 00:00:00 +02:00,20102.21,14552.26
09.04.2024 01:00:00 +02:00,19840.82,14259.46
09.04.2024 02:00:00 +02:00,19586.97,14132.05
09.04.2024 03:00:00 +02:00,18596.68,14056.78
09.04.2024 04:00:00 +02:00,18062.59,14135.84
09.04.2024 05:00:00 +02:00,18504.06,14447.26
09.04.2024 06:00:00 +02:00,20675.70,15358.90
09.04.2024 07:00:00 +02:00,21640.83,16519.77
09.04.2024 08:00:00 +02:00,21423.34,16774.15
09.04.2024 09:00:00 +02:00,20724.33,16524.66
09.04.2024 10:00:00 +02:00,19197.19,16059.77
09.04.2024 11:00:00 +02:00,16346.82,15993.80
09.04.2024 12:00:00 +02:00,14844.52,15774.84
09.04.2024 13:00:00 +02:00,13928.63,15717.43
09.04.2024 14:00:00 +02:00,13527.87,15664.21
09.04.2024 15:00:00 +02:00,14833.73,15709.33
09.04.2024 16:00:00 +02:00,15858.50,15883.37
09.04.2024 17:00:00 +02:00,18982.87,15883.45
09.04.2024 18:00:00 +02:00,19841.12,15828.23
09.04.2024 19:00:00 +02:00,20090.39,15887.93
09.04.2024 20:00:00 +02:00,19231.27,15987.52
09.04.2024 21:00:00 +02:00,18144.93,15862.90
09.04.2024 22:00:00 +02:00,16271.66,15454.45
09.04.2024 23:00:00 +02:00,13249.25,14890.42
10.04.2024 00:00:00 +02:00,11716.99,14460.94
10.04.2024 01:00:00 +02:00,11395.16,14230.94
10.04.2024 02:00:00 +02:00,10633.39,13976.05
10.04.2024 03:00:00 +02:00,10689.35,13853.18
10.04.2024 04:00:00 +02:00,11230.08,13868.09
10.04.2024 05:00:00 +02:00,12354.43,14077.56
10.04.2024 06:00:00 +02:00,13792.04,15055.08
10.04.2024 07:00:00 +02:00,15533.40,16223.79
10.04.2024 08:00:00 +02:00,16528.07,16657.39
10.04.2024 09:00:00 +02:00,15797.95,16533.28
10.04.2024 10:00:00 +02:00,15042.42,16243.25
10.04.2024 11:00:00 +02:00,14139.65,16102.27
10.04.2024 12:00:00 +02:00,13763.35,15975.54
10.04.2024 13:00:00 +02:00,13099.78,15764.46
10.04.2024 14:00:00 +02:00,13299.47,15710.42
10.04.2024 15:00:00 +02:00,13950.72,15620.11
10.04.2024 16:00:00 +02:00,14485.02,15698.82
10.04.2024 17:00:00 +02:00,16551.95,15684.97
10.04.2024 18:00:00 +02:00,18280.45,15673.34
10.04.2024 19:00:00 +02:00,19413.87,15746.58
10.04.2024 20:00:00 +02:00,19622.22,15990.01
10.04.2024 21:00:00 +02:00,19847.71,16079.52
10.04.2024 22:00:00 +02:00,19324.40,15707.50
10.04.2024 23:00:00 +02:00,17285.69,15194.00
11.04.2024 00:00:00 +02:00,14638.43,14749.18
11.04.2024 01:00:00 +02:00,13254.98,14517.06
11.04.2024 02:00:00 +02:00,12534.04,14381.99
11.04.2024 03:00:00 +02:00,12037.63,14313.08
11.04.2024 04:00:00 +02:00,11789.20,14432.55
11.04.2024 05:00:00 +02:00,12868.16,14801.86
11.04.2024 06:00:00 +02:00,14718.22,15630.51
11.04.2024 07:00:00 +02:00,16370.81,16745.56
11.04.2024 08:00:00 +02:00,16703.11,17018.17
11.04.2024 09:00:00 +02:00,15937.52,16995.12
11.04.2024 10:00:00 +02:00,15241.81,16859.53
11.04.2024 11:00:00 +02:00,14126.78,16545.08
11.04.2024 12:00:00 +02:00,13042.09,16225.42
11.04.2024 13:00:00 +02:00,13165.71,15982.22
11.04.2024 14:00:00 +02:00,13689.70,15670.33
11.04.2024 15:00:00 +02:00,15057.39,15524.04
11.04.2024 16:00:00 +02:00,16293.49,15499.44
11.04.2024 17:00:00 +02:00,17304.97,15316.84
11.04.2024 18:00:00 +02:00,17738.80,15247.62
11.04.2024 19:00:00 +02:00,18875.54,15365.01
11.04.2024 20:00:00 +02:00,19409.97,15442.96
11.04.2024 21:00:00 +02:00,19435.31,15584.12
11.04.2024 22:00:00 +02:00,19049.61,15342.25
11.04.2024 23:00:00 +02:00,17983.61,14837.70
12.04.2024 00:00:00 +02:00,17068.38,14364.15
12.04.2024 01:00:00 +02:00,16237.62,14106.31
12.04.2024 02:00:00 +02:00,15079.42,13990.66
12.04.2024 03:00:00 +02:00,14201.71,13925.93
12.04.2024 04:00:00 +02:00,14285.34,14053.58
12.04.2024 05:00:00 +02:00,14950.48,14302.59
12.04.2024 06:00:00 +02:00,17140.16,15097.79
12.04.2024 07:00:00 +02:00,20799.23,16295.09
12.04.2024 08:00:00 +02:00,22169.55,16654.14
12.04.2024 09:00:00 +02:00,20611.61,16537.61
12.04.2024 10:00:00 +02:00,16540.89,16355.72
12.04.2024 11:00:00 +02:00,13173.19,16135.43
12.04.2024 12:00:00 +02:00,11772.36,16005.86
12.04.2024 13:00:00 +02:00,11041.91,15897.18
12.04.2024 14:00:00 +02:00,10811.23,15745.11
12.04.2024 15:00:00 +02:00,11278.59,15545.96
12.04.2024 16:00:00 +02:00,13076.85,15441.76
12.04.2024 17:00:00 +02:00,16088.22,15273.14
12.04.2024 18:00:00 +02:00,18671.43,15317.22
12.04.2024 19:00:00 +02:00,19537.84,15196.85
12.04.2024 20:00:00 +02:00,19750.45,15217.79
12.04.2024 21:00:00 +02:00,19235.07,15178.71
12.04.2024 22:00:00 +02:00,18492.78,14865.92
12.04.2024 23:00:00 +02:00,17417.63,14468.54
13.04.2024 00:00:00 +02:00,17563.81,14173.47
13.04.2024 01:00:00 +02:00,16257.16,13911.16
13.04.2024 02:00:00 +02:00,15088.66,13808.62
13.04.2024 03:00:00 +02:00,14235.72,13721.01
13.04.2024 04:00:00 +02:00,13510.42,13690.51
13.04.2024 05:00:00 +02:00,13519.98,13711.65
13.04.2024 06:00:00 +02:00,13704.49,13738.71
13.04.2024 07:00:00 +02:00,14337.31,14036.45
13.04.2024 08:00:00 +02:00,14048.38,14537.13
13.04.2024 09:00:00 +02:00,12291.60,14867.64
13.04.2024 10:00:00 +02:00,11416.81,15023.11
13.04.2024 11:00:00 +02:00,11056.06,14856.98
13.04.2024 12:00:00 +02:00,10385.66,14756.93
13.04.2024 13:00:00 +02:00,10319.59,14653.21
13.04.2024 14:00:00 +02:00,10252.36,14524.86
13.04.2024 15:00:00 +02:00,10468.54,14512.18
13.04.2024 16:00:00 +02:00,10823.61,14473.66
13.04.2024 17:00:00 +02:00,12157.98,14613.64
13.04.2024 18:00:00 +02:00,14766.24,14607.11
13.04.2024 19:00:00 +02:00,16942.63,14752.56
13.04.2024 20:00:00 +02:00,17119.16,14754.56
13.04.2024 21:00:00 +02:00,16242.52,14689.25
13.04.2024 22:00:00 +02:00,14630.17,14506.13
13.04.2024 23:00:00 +02:00,12448.62,14236.37
14.04.2024 00:00:00 +02:00,11483.78,14050.38
14.04.2024 01:00:00 +02:00,11149.69,13839.80
14.04.2024 02:00:00 +02:00,11060.89,13667.99
14.04.2024 03:00:00 +02:00,11070.99,13602.80
14.04.2024 04:00:00 +02:00,10902.73,13551.02
14.04.2024 05:00:00 +02:00,10877.49,13629.15
14.04.2024 06:00:00 +02:00,10933.92,13694.63
14.04.2024 07:00:00 +02:00,11344.46,13948.92
14.04.2024 08:00:00 +02:00,11650.60,14253.83
14.04.2024 09:00:00 +02:00,11649.66,14594.73
14.04.2024 10:00:00 +02:00,12073.98,14828.29
14.04.2024 11:00:00 +02:00,12503.49,14873.95
14.04.2024 12:00:00 +02:00,12430.57,14843.97
14.04.2024 13:00:00 +02:00,12246.36,14792.30
14.04.2024 14:00:00 +02:00,11926.92,14624.57
14.04.2024 15:00:00 +02:00,11862.83,14558.77
14.04.2024 16:00:00 +02:00,12599.41,14505.79
14.04.2024 17:00:00 +02:00,14346.32,14667.97
14.04.2024 18:00:00 +02:00,15935.57,14683.06
14.04.2024 19:00:00 +02:00,17417.57,14924.39
14.04.2024 20:00:00 +02:00,18022.39,15099.73
14.04.2024 21:00:00 +02:00,18680.52,15236.72
14.04.2024 22:00:00 +02:00,18548.97,15059.13
14.04.2024 23:00:00 +02:00,17899.81,14682.69
15.04.2024 00:00:00 +02:00,17478.43,14387.59
15.04.2024 01:00:00 +02:00,16235.30,14158.39
15.04.2024 02:00:00 +02:00,15404.62,14167.69
15.04.2024 03:00:00 +02:00,14640.46,14226.59
15.04.2024 04:00:00 +02:00,14191.05,14477.03
15.04.2024 05:00:00 +02:00,14137.83,14912.04
15.04.2024 06:00:00 +02:00,15859.45,15982.27
15.04.2024 07:00:00 +02:00,18328.81,17032.25
15.04.2024 08:00:00 +02:00,19208.13,17158.72
15.04.2024 09:00:00 +02:00,18445.54,16729.14
15.04.2024 10:00:00 +02:00,18343.77,16371.94
15.04.2024 11:00:00 +02:00,17043.60,16063.97
15.04.2024 12:00:00 +02:00,14858.80,15753.21
15.04.2024 13:00:00 +02:00,13109.26,15686.11
15.04.2024 14:00:00 +02:00,12742.40,15559.53
15.04.2024 15:00:00 +02:00,13389.14,15461.85
15.04.2024 16:00:00 +02:00,14343.17,15507.23
15.04.2024 17:00:00 +02:00,15893.28,15366.44
15.04.2024 18:00:00 +02:00,17347.33,15315.83
15.04.2024 19:00:00 +02:00,18580.57,15339.09
15.04.2024 20:00:00 +02:00,19029.03,15547.34
15.04.2024 21:00:00 +02:00,18388.35,15795.25
15.04.2024 22:00:00 +02:00,16908.14,15627.68
15.04.2024 23:00:00 +02:00,14577.91,15064.62
16.04.2024 00:00:00 +02:00,12844.08,14729.71
16.04.2024 01:00:00 +02:00,11642.09,14607.72
16.04.2024 02:00:00 +02:00,11214.39,14483.87
16.04.2024 03:00:00 +02:00,11758.95,14516.37
16.04.2024 04:00:00 +02:00,12003.40,14606.69
16.04.2024 05:00:00 +02:00,13242.24,14944.16
16.04.2024 06:00:00 +02:00,16705.07,15856.31
16.04.2024 07:00:00 +02:00,18743.37,16986.08
16.04.2024 08:00:00 +02:00,19008.23,16813.02
16.04.2024 09:00:00 +02:00,18251.34,16442.78
16.04.2024 10:00:00 +02:00,17606.56,15590.29
16.04.2024 11:00:00 +02:00,15521.68,15701.08
16.04.2024 12:00:00 +02:00,15015.84,15377.73
16.04.2024 13:00:00 +02:00,15042.52,15241.99
16.04.2024 14:00:00 +02:00,16131.28,15218.87
16.04.2024 15:00:00 +02:00,16851.73,15205.15
16.04.2024 16:00:00 +02:00,17612.49,15256.01
16.04.2024 17:00:00 +02:00,19118.35,15213.70
16.04.2024 18:00:00 +02:00,20091.98,15185.89
16.04.2024 19:00:00 +02:00,20112.14,15329.37
16.04.2024 20:00:00 +02:00,20889.90,15656.03
16.04.2024 21:00:00 +02:00,20986.49,15915.84
16.04.2024 22:00:00 +02:00,20559.73,15725.23
16.04.2024 23:00:00 +02:00,19794.89,15251.39
17.04.2024 00:00:00 +02:00,19080.94,14719.89
17.04.2024 01:00:00 +02:00,18916.08,14461.65
17.04.2024 02:00:00 +02:00,18856.63,14402.36
17.04.2024 03:00:00 +02:00,18848.74,14408.04
17.04.2024 04:00:00 +02:00,19168.77,14566.55
17.04.2024 05:00:00 +02:00,19231.54,14980.26
17.04.2024 06:00:00 +02:00,19270.50,16020.71
17.04.2024 07:00:00 +02:00,20425.93,17000.40
17.04.2024 08:00:00 +02:00,20583.10,16923.75
17.04.2024 09:00:00 +02:00,20533.14,16371.18
17.04.2024 10:00:00 +02:00,20294.57,16138.57
17.04.2024 11:00:00 +02:00,19379.19,15722.89
17.04.2024 12:00:00 +02:00,19541.08,15535.92
17.04.2024 13:00:00 +02:00,19215.72,15406.84
17.04.2024 14:00:00 +02:00,19278.70,15348.32
17.04.2024 15:00:00 +02:00,19317.02,15376.59
17.04.2024 16:00:00 +02:00,19893.59,15525.94
17.04.2024 17:00:00 +02:00,20506.33,15434.38
17.04.2024 18:00:00 +02:00,20490.22,15418.86
17.04.2024 19:00:00 +02:00,20917.81,15503.12
17.04.2024 20:00:00 +02:00,21237.09,15781.28
17.04.2024 21:00:00 +02:00,21284.53,16051.77
17.04.2024 22:00:00 +02:00,20647.32,15965.93
17.04.2024 23:00:00 +02:00,19875.89,15524.22
18.04.2024 00:00:00 +02:00,19331.04,15011.51
18.04.2024 01:00:00 +02:00,18992.55,14716.36
18.04.2024 02:00:00 +02:00,18824.02,14610.39
18.04.2024 03:00:00 +02:00,18958.66,14610.10
18.04.2024 04:00:00 +02:00,19200.86,14792.63
18.04.2024 05:00:00 +02:00,19735.92,15121.12
18.04.2024 06:00:00 +02:00,20875.05,16022.71
18.04.2024 07:00:00 +02:00,21725.46,16965.24
18.04.2024 08:00:00 +02:00,21643.40,16992.06
18.04.2024 09:00:00 +02:00,21034.76,16499.90
18.04.2024 10:00:00 +02:00,20340.23,15779.83
18.04.2024 11:00:00 +02:00,21125.07,15966.69
18.04.2024 12:00:00 +02:00,20945.38,15818.37
18.04.2024 13:00:00 +02:00,20085.64,15697.66
18.04.2024 14:00:00 +02:00,19100.36,15676.99
18.04.2024 15:00:00 +02:00,18200.47,15699.36
18.04.2024 16:00:00 +02:00,19202.28,15815.97
18.04.2024 17:00:00 +02:00,20748.20,15766.68
18.04.2024 18:00:00 +02:00,21508.16,15783.15
18.04.2024 19:00:00 +02:00,22125.00,15872.88
18.04.2024 20:00:00 +02:00,22493.31,16115.06
18.04.2024 21:00:00 +02:00,22487.23,16306.40
18.04.2024 22:00:00 +02:00,21684.48,16085.59
18.04.2024 23:00:00 +02:00,20525.74,15611.50
19.04.2024 00:00:00 +02:00,19117.15,15120.47
19.04.2024 01:00:00 +02:00,17291.42,14855.98
19.04.2024 02:00:00 +02:00,15919.32,14750.14
19.04.2024 03:00:00 +02:00,15434.57,14731.50
19.04.2024 04:00:00 +02:00,15084.46,14836.24
19.04.2024 05:00:00 +02:00,15927.67,15080.26
19.04.2024 06:00:00 +02:00,18790.35,15952.10
19.04.2024 07:00:00 +02:00,21138.61,17146.83
19.04.2024 08:00:00 +02:00,22094.79,17438.97
19.04.2024 09:00:00 +02:00,21256.07,17119.78
19.04.2024 10:00:00 +02:00,19598.86,16836.20
19.04.2024 11:00:00 +02:00,16972.41,16423.25
19.04.2024 12:00:00 +02:00,14754.72,16291.79
19.04.2024 13:00:00 +02:00,13666.30,16254.48
19.04.2024 14:00:00 +02:00,13423.47,16122.22
19.04.2024 15:00:00 +02:00,13313.60,16087.39
19.04.2024 16:00:00 +02:00,13388.84,15980.04
19.04.2024 17:00:00 +02:00,15895.00,16064.68
19.04.2024 18:00:00 +02:00,17426.65,16028.20
19.04.2024 19:00:00 +02:00,18776.30,15957.21
19.04.2024 20:00:00 +02:00,19355.46,15953.77
19.04.2024 21:00:00 +02:00,19611.63,16063.84
19.04.2024 22:00:00 +02:00,19085.79,15812.11
19.04.2024 23:00:00 +02:00,18169.16,15452.76
20.04.2024 00:00:00 +02:00,16527.78,15087.68
20.04.2024 01:00:00 +02:00,15530.87,14861.53
20.04.2024 02:00:00 +02:00,15521.74,14752.64
20.04.2024 03:00:00 +02:00,15814.74,14754.07
20.04.2024 04:00:00 +02:00,15798.61,14708.73
20.04.2024 05:00:00 +02:00,16414.08,14777.21
20.04.2024 06:00:00 +02:00,17514.20,14920.08
20.04.2024 07:00:00 +02:00,17645.86,15107.84
20.04.2024 08:00:00 +02:00,16979.39,15391.72
20.04.2024 09:00:00 +02:00,15790.10,15666.65
20.04.2024 10:00:00 +02:00,14874.54,15644.00
20.04.2024 11:00:00 +02:00,13474.25,15515.70
20.04.2024 12:00:00 +02:00,12037.84,15353.47
20.04.2024 13:00:00 +02:00,11706.05,15193.99
20.04.2024 14:00:00 +02:00,11632.00,15050.77
20.04.2024 15:00:00 +02:00,12261.50,14924.41
20.04.2024 16:00:00 +02:00,13251.75,14866.93
20.04.2024 17:00:00 +02:00,15597.53,14896.72
20.04.2024 18:00:00 +02:00,17437.80,14965.21
20.04.2024 19:00:00 +02:00,19457.50,14998.39
20.04.2024 20:00:00 +02:00,20333.79,15055.01
20.04.2024 21:00:00 +02:00,20723.97,15218.48
20.04.2024 22:00:00 +02:00,19824.24,15155.42
20.04.2024 23:00:00 +02:00,18972.28,14937.84
21.04.2024 00:00:00 +02:00,18816.55,14678.52
21.04.2024 01:00:00 +02:00,18881.90,14543.07
21.04.2024 02:00:00 +02:00,19110.63,14470.74
21.04.2024 03:00:00 +02:00,18366.76,14438.13
21.04.2024 04:00:00 +02:00,17413.57,14504.25
21.04.2024 05:00:00 +02:00,17217.80,14559.23
21.04.2024 06:00:00 +02:00,17125.21,14621.63
21.04.2024 07:00:00 +02:00,16667.28,14673.23
21.04.2024 08:00:00 +02:00,15483.33,14733.19
21.04.2024 09:00:00 +02:00,13612.94,14816.85
21.04.2024 10:00:00 +02:00,12090.05,14838.10
21.04.2024 11:00:00 +02:00,12427.30,14797.66
21.04.2024 12:00:00 +02:00,12161.61,14574.79
21.04.2024 13:00:00 +02:00,11710.62,14363.44
21.04.2024 14:00:00 +02:00,11501.68,14265.94
21.04.2024 15:00:00 +02:00,11790.80,14268.39
21.04.2024 16:00:00 +02:00,12342.58,14168.50
21.04.2024 17:00:00 +02:00,15067.50,14258.76
21.04.2024 18:00:00 +02:00,17742.58,14436.72
21.04.2024 19:00:00 +02:00,19982.11,14685.50
21.04.2024 20:00:00 +02:00,21209.62,14962.60
21.04.2024 21:00:00 +02:00,21432.43,15142.10
21.04.2024 22:00:00 +02:00,21521.00,15237.13
21.04.2024 23:00:00 +02:00,21157.67,14910.79
22.04.2024 00:00:00 +02:00,20289.98,14646.76
22.04.2024 01:00:00 +02:00,20050.31,14457.26
22.04.2024 02:00:00 +02:00,20053.44,14439.89
22.04.2024 03:00:00 +02:00,19993.50,14506.94
22.04.2024 04:00:00 +02:00,19950.02,14657.27
22.04.2024 05:00:00 +02:00,20393.46,14959.59
22.04.2024 06:00:00 +02:00,21880.88,15999.77
22.04.2024 07:00:00 +02:00,22719.06,17020.10
22.04.2024 08:00:00 +02:00,21757.40,16889.30
22.04.2024 09:00:00 +02:00,21139.47,16588.22
22.04.2024 10:00:00 +02:00,21716.73,16150.82
22.04.2024 11:00:00 +02:00,21421.42,15851.70
22.04.2024 12:00:00 +02:00,20991.85,15575.23
22.04.2024 13:00:00 +02:00,20665.71,15475.87
22.04.2024 14:00:00 +02:00,20578.18,15434.39
22.04.2024 15:00:00 +02:00,20393.49,15367.12
22.04.2024 16:00:00 +02:00,20137.09,15428.32
22.04.2024 17:00:00 +02:00,20307.52,15317.35
22.04.2024 18:00:00 +02:00,20857.73,15306.26
22.04.2024 19:00:00 +02:00,21106.70,15414.93
22.04.2024 20:00:00 +02:00,21575.88,15608.58
22.04.2024 21:00:00 +02:00,21694.11,15851.89
22.04.2024 22:00:00 +02:00,21119.48,15633.74
22.04.2024 23:00:00 +02:00,20440.56,15134.71
23.04.2024 00:00:00 +02:00,20381.80,14520.63
23.04.2024 01:00:00 +02:00,20178.74,14214.70
23.04.2024 02:00:00 +02:00,20029.29,14084.53
23.04.2024 03:00:00 +02:00,19960.06,14029.41
23.04.2024 04:00:00 +02:00,20056.31,14119.10
23.04.2024 05:00:00 +02:00,20176.54,14423.47
23.04.2024 06:00:00 +02:00,20585.09,15258.53
23.04.2024 07:00:00 +02:00,21354.21,16280.68
23.04.2024 08:00:00 +02:00,21248.70,16573.67
23.04.2024 09:00:00 +02:00,20282.29,16441.79
23.04.2024 10:00:00 +02:00,19285.24,15765.74
23.04.2024 11:00:00 +02:00,19214.33,15829.21
23.04.2024 12:00:00 +02:00,19151.49,15648.89
23.04.2024 13:00:00 +02:00,19536.22,15334.76
23.04.2024 14:00:00 +02:00,19978.19,15439.77
23.04.2024 15:00:00 +02:00,19881.21,15475.07
23.04.2024 16:00:00 +02:00,19883.42,15619.53
23.04.2024 17:00:00 +02:00,20749.71,15540.22
23.04.2024 18:00:00 +02:00,21376.38,15457.35
23.04.2024 19:00:00 +02:00,21561.96,15523.47
23.04.2024 20:00:00 +02:00,21401.48,15651.65
23.04.2024 21:00:00 +02:00,21858.38,15770.74
23.04.2024 22:00:00 +02:00,21519.39,15589.65
23.04.2024 23:00:00 +02:00,21030.69,15046.52
24.04.2024 00:00:00 +02:00,20806.67,14460.08
24.04.2024 01:00:00 +02:00,20269.50,14165.69
24.04.2024 02:00:00 +02:00,20006.30,13989.54
24.04.2024 03:00:00 +02:00,19225.82,13917.90
24.04.2024 04:00:00 +02:00,18728.03,14067.66
24.04.2024 05:00:00 +02:00,18607.06,14293.06
24.04.2024 06:00:00 +02:00,20529.48,15247.19
24.04.2024 07:00:00 +02:00,21796.18,16312.01
24.04.2024 08:00:00 +02:00,22121.05,16375.48
24.04.2024 09:00:00 +02:00,21622.85,16130.72
24.04.2024 10:00:00 +02:00,20701.02,15844.51
24.04.2024 11:00:00 +02:00,20021.87,15616.80
24.04.2024 12:00:00 +02:00,19805.61,15401.31
24.04.2024 13:00:00 +02:00,19317.94,15444.82
24.04.2024 14:00:00 +02:00,18706.51,15378.20
24.04.2024 15:00:00 +02:00,18940.10,15445.41
24.04.2024 16:00:00 +02:00,19338.27,15477.50
24.04.2024 17:00:00 +02:00,20236.88,15379.98
24.04.2024 18:00:00 +02:00,20662.51,15298.84
24.04.2024 19:00:00 +02:00,21309.34,15422.06
24.04.2024 20:00:00 +02:00,21513.75,15632.80
24.04.2024 21:00:00 +02:00,22157.83,15710.93
24.04.2024 22:00:00 +02:00,22394.28,15523.86
24.04.2024 23:00:00 +02:00,21643.27,14995.54
25.04.2024 00:00:00 +02:00,21080.38,14462.44
25.04.2024 01:00:00 +02:00,20327.79,14136.86
25.04.2024 02:00:00 +02:00,20157.06,13972.62
25.04.2024 03:00:00 +02:00,19848.98,14027.95
25.04.2024 04:00:00 +02:00,19478.45,14149.79
25.04.2024 05:00:00 +02:00,19760.28,14410.51
25.04.2024 06:00:00 +02:00,20993.12,15296.00
25.04.2024 07:00:00 +02:00,21709.51,16441.95
25.04.2024 08:00:00 +02:00,21789.41,16530.55
25.04.2024 09:00:00 +02:00,21407.01,16216.15
25.04.2024 10:00:00 +02:00,20616.54,15410.56
25.04.2024 11:00:00 +02:00,20661.54,15703.54
25.04.2024 12:00:00 +02:00,19543.93,15541.85
25.04.2024 13:00:00 +02:00,18335.17,15430.54
25.04.2024 14:00:00 +02:00,18164.44,15459.97
25.04.2024 15:00:00 +02:00,18650.41,15435.96
25.04.2024 16:00:00 +02:00,20123.48,15455.91
25.04.2024 17:00:00 +02:00,21374.35,15291.27
25.04.2024 18:00:00 +02:00,21609.97,15109.50
25.04.2024 19:00:00 +02:00,22353.84,15264.03
25.04.2024 20:00:00 +02:00,22624.42,15470.59
25.04.2024 21:00:00 +02:00,22477.18,15669.92
25.04.2024 22:00:00 +02:00,22122.79,15511.81
25.04.2024 23:00:00 +02:00,21663.93,15091.78
26.04.2024 00:00:00 +02:00,20898.91,14607.17
26.04.2024 01:00:00 +02:00,20668.54,14351.96
26.04.2024 02:00:00 +02:00,20454.13,14146.70
26.04.2024 03:00:00 +02:00,20248.01,14089.90
26.04.2024 04:00:00 +02:00,20491.05,14165.43
26.04.2024 05:00:00 +02:00,20562.91,14391.36
26.04.2024 06:00:00 +02:00,22033.10,15241.85
26.04.2024 07:00:00 +02:00,22567.00,16310.73
26.04.2024 08:00:00 +02:00,21655.19,16374.01
26.04.2024 09:00:00 +02:00,20309.92,16127.66
26.04.2024 10:00:00 +02:00,18799.11,15772.46
26.04.2024 11:00:00 +02:00,17293.25,15384.71
26.04.2024 12:00:00 +02:00,16444.48,15294.91
26.04.2024 13:00:00 +02:00,15983.96,15109.19
26.04.2024 14:00:00 +02:00,15967.18,14998.58
26.04.2024 15:00:00 +02:00,16514.41,14926.25
26.04.2024 16:00:00 +02:00,18545.78,14848.88
26.04.2024 17:00:00 +02:00,21191.37,14824.33
26.04.2024 18:00:00 +02:00,21760.46,14830.42
26.04.2024 19:00:00 +02:00,21879.54,14792.89
26.04.2024 20:00:00 +02:00,22177.68,14827.97
26.04.2024 21:00:00 +02:00,22736.12,14899.42
26.04.2024 22:00:00 +02:00,21945.08,14761.13
26.04.2024 23:00:00 +02:00,21418.13,14519.12
27.04.2024 00:00:00 +02:00,20783.97,14178.43
27.04.2024 01:00:00 +02:00,20453.33,13980.35
27.04.2024 02:00:00 +02:00,20293.82,13899.22
27.04.2024 03:00:00 +02:00,20596.84,13842.97
27.04.2024 04:00:00 +02:00,20693.38,13951.63
27.04.2024 05:00:00 +02:00,20194.44,13952.20
27.04.2024 06:00:00 +02:00,19579.85,14085.66
27.04.2024 07:00:00 +02:00,19522.86,14273.81
27.04.2024 08:00:00 +02:00,18539.42,14427.46
27.04.2024 09:00:00 +02:00,17025.19,14583.09
27.04.2024 10:00:00 +02:00,15206.18,14524.88
27.04.2024 11:00:00 +02:00,13517.58,14425.93
27.04.2024 12:00:00 +02:00,12866.38,14299.30
27.04.2024 13:00:00 +02:00,12805.77,14136.64
27.04.2024 14:00:00 +02:00,12165.95,13988.14
27.04.2024 15:00:00 +02:00,12710.27,13962.03
27.04.2024 16:00:00 +02:00,13839.66,13963.60
27.04.2024 17:00:00 +02:00,16936.71,13997.31
27.04.2024 18:00:00 +02:00,19282.39,13986.20
27.04.2024 19:00:00 +02:00,20436.22,14087.13
27.04.2024 20:00:00 +02:00,20492.44,14065.22
27.04.2024 21:00:00 +02:00,20651.54,14152.53
27.04.2024 22:00:00 +02:00,19747.53,14149.32
27.04.2024 23:00:00 +02:00,18252.20,13954.45
28.04.2024 00:00:00 +02:00,16061.28,13781.94
28.04.2024 01:00:00 +02:00,14092.12,13607.86
28.04.2024 02:00:00 +02:00,13294.06,13527.23
28.04.2024 03:00:00 +02:00,12324.33,13528.08
28.04.2024 04:00:00 +02:00,11581.80,13538.83
28.04.2024 05:00:00 +02:00,11730.90,13561.65
28.04.2024 06:00:00 +02:00,12091.36,13700.82
28.04.2024 07:00:00 +02:00,12037.34,13957.69
28.04.2024 08:00:00 +02:00,12488.09,14303.16
28.04.2024 09:00:00 +02:00,12523.79,14714.06
28.04.2024 10:00:00 +02:00,12349.30,14916.07
28.04.2024 11:00:00 +02:00,12102.71,14977.23
28.04.2024 12:00:00 +02:00,11709.29,14911.38
28.04.2024 13:00:00 +02:00,11793.79,14970.29
28.04.2024 14:00:00 +02:00,11884.65,14986.81
28.04.2024 15:00:00 +02:00,11961.64,14948.23
28.04.2024 16:00:00 +02:00,12188.88,14903.63
28.04.2024 17:00:00 +02:00,12747.35,14893.08
28.04.2024 18:00:00 +02:00,15548.18,14861.02
28.04.2024 19:00:00 +02:00,17623.60,14825.85
28.04.2024 20:00:00 +02:00,18328.40,14888.29
28.04.2024 21:00:00 +02:00,18589.34,14885.20
28.04.2024 22:00:00 +02:00,17748.33,14646.27
28.04.2024 23:00:00 +02:00,16524.35,14166.83
29.04.2024 00:00:00 +02:00,16299.02,13819.72
29.04.2024 01:00:00 +02:00,15970.58,13385.60
29.04.2024 02:00:00 +02:00,16427.39,13183.56
29.04.2024 03:00:00 +02:00,17967.49,13126.16
29.04.2024 04:00:00 +02:00,18547.27,13191.82
29.04.2024 05:00:00 +02:00,19214.86,13404.97
29.04.2024 06:00:00 +02:00,20697.44,14247.36
29.04.2024 07:00:00 +02:00,21767.86,15434.51
29.04.2024 08:00:00 +02:00,21893.78,15821.17
29.04.2024 09:00:00 +02:00,20168.31,15764.63
29.04.2024 10:00:00 +02:00,17906.15,15559.99
29.04.2024 11:00:00 +02:00,15820.14,15348.83
29.04.2024 12:00:00 +02:00,14040.74,15202.91
29.04.2024 13:00:00 +02:00,13428.00,15053.17
29.04.2024 14:00:00 +02:00,13628.11,14911.31
29.04.2024 15:00:00 +02:00,15517.01,14879.91
29.04.2024 16:00:00 +02:00,16667.78,14907.72
29.04.2024 17:00:00 +02:00,18258.59,14760.24
29.04.2024 18:00:00 +02:00,19250.26,14613.17
29.04.2024 19:00:00 +02:00,19287.14,14596.60
29.04.2024 20:00:00 +02:00,19610.09,14692.23
29.04.2024 21:00:00 +02:00,19968.29,14856.70
29.04.2024 22:00:00 +02:00,19113.76,14633.46
29.04.2024 23:00:00 +02:00,18148.85,14132.74
30.04.2024 00:00:00 +02:00,17681.23,13671.63
30.04.2024 01:00:00 +02:00,16852.81,13366.42
30.04.2024 02:00:00 +02:00,16685.16,13257.19
30.04.2024 03:00:00 +02:00,17036.77,13220.73
30.04.2024 04:00:00 +02:00,16912.80,13288.36
30.04.2024 05:00:00 +02:00,17814.86,13491.73
30.04.2024 06:00:00 +02:00,18703.96,14299.08
30.04.2024 07:00:00 +02:00,19726.08,15238.82
30.04.2024 08:00:00 +02:00,20405.15,15352.48
30.04.2024 09:00:00 +02:00,18805.06,15162.62
30.04.2024 10:00:00 +02:00,15896.81,14617.97
30.04.2024 11:00:00 +02:00,12988.15,14515.68
30.04.2024 12:00:00 +02:00,11604.49,14223.98
30.04.2024 13:00:00 +02:00,11412.11,14112.19
30.04.2024 14:00:00 +02:00,11057.45,14014.85
30.04.2024 15:00:00 +02:00,11477.16,13947.79
30.04.2024 16:00:00 +02:00,13203.41,14074.56
30.04.2024 17:00:00 +02:00,17322.95,14005.98
30.04.2024 18:00:00 +02:00,18289.75,13985.30
30.04.2024 19:00:00 +02:00,18418.12,13873.35
30.04.2024 20:00:00 +02:00,18267.29,13903.65
30.04.2024 21:00:00 +02:00,18302.72,13913.18
30.04.2024 22:00:00 +02:00,17622.98,13661.36
30.04.2024 23:00:00 +02:00,16919.41,13287.10
01.05.2024 00:00:00 +02:00,16009.66,12834.50
01.05.2024 01:00:00 +02:00,15549.26,12491.29
01.05.2024 02:00:00 +02:00,15460.14,12309.07
01.05.2024 03:00:00 +02:00,15219.09,12239.23
01.05.2024 04:00:00 +02:00,15590.18,12271.89
01.05.2024 05:00:00 +02:00,15673.77,12316.14
01.05.2024 06:00:00 +02:00,14874.43,12499.03
01.05.2024 07:00:00 +02:00,14133.92,12804.69
01.05.2024 08:00:00 +02:00,12005.82,13092.65
01.05.2024 09:00:00 +02:00,11512.97,13349.70
01.05.2024 10:00:00 +02:00,10975.07,13502.38
01.05.2024 11:00:00 +02:00,10268.13,13369.04
01.05.2024 12:00:00 +02:00,10242.31,13176.32
01.05.2024 13:00:00 +02:00,10472.98,13016.15
01.05.2024 14:00:00 +02:00,10719.51,12915.96
01.05.2024 15:00:00 +02:00,10465.15,12833.52
01.05.2024 16:00:00 +02:00,10180.74,12776.92
01.05.2024 17:00:00 +02:00,10725.00,12780.91
01.05.2024 18:00:00 +02:00,13153.08,12864.66
01.05.2024 19:00:00 +02:00,15520.91,12996.96
01.05.2024 20:00:00 +02:00,16077.16,13054.76
01.05.2024 21:00:00 +02:00,15479.91,13112.06
01.05.2024 22:00:00 +02:00,14276.92,13064.54
01.05.2024 23:00:00 +02:00,12494.54,12688.18
02.05.2024 00:00:00 +02:00,11142.74,12227.62
02.05.2024 01:00:00 +02:00,10769.44,12054.89
02.05.2024 02:00:00 +02:00,10559.39,11918.64
02.05.2024 03:00:00 +02:00,10460.15,11896.78
02.05.2024 04:00:00 +02:00,10351.81,11982.93
02.05.2024 05:00:00 +02:00,11797.64,12161.52
02.05.2024 06:00:00 +02:00,14013.43,12934.70
02.05.2024 07:00:00 +02:00,16413.81,13945.56
02.05.2024 08:00:00 +02:00,16241.70,14138.01
02.05.2024 09:00:00 +02:00,14228.38,13873.89
02.05.2024 10:00:00 +02:00,11413.34,13610.54
02.05.2024 11:00:00 +02:00,10005.71,13452.49
02.05.2024 12:00:00 +02:00,10049.88,13284.93
02.05.2024 13:00:00 +02:00,9841.93,13222.50
02.05.2024 14:00:00 +02:00,10255.67,13261.16
02.05.2024 15:00:00 +02:00,10431.60,13292.20
02.05.2024 16:00:00 +02:00,10706.70,13339.24
02.05.2024 17:00:00 +02:00,13695.90,13266.45
02.05.2024 18:00:00 +02:00,15419.10,13209.29
02.05.2024 19:00:00 +02:00,16343.48,13241.06
02.05.2024 20:00:00 +02:00,16348.65,13340.71
02.05.2024 21:00:00 +02:00,16057.58,13433.43
02.05.2024 22:00:00 +02:00,15144.44,13255.81
02.05.2024 23:00:00 +02:00,13951.88,12779.23
03.05.2024 00:00:00 +02:00,13373.32,12379.65
03.05.2024 01:00:00 +02:00,13125.66,12090.45
03.05.2024 02:00:00 +02:00,13240.39,11938.10
03.05.2024 03:00:00 +02:00,13182.70,11893.81
03.05.2024 04:00:00 +02:00,13038.66,11934.83
03.05.2024 05:00:00 +02:00,14377.74,12144.34
03.05.2024 06:00:00 +02:00,16214.17,12935.55
03.05.2024 07:00:00 +02:00,18131.80,13910.85
03.05.2024 08:00:00 +02:00,17957.19,14120.07
03.05.2024 09:00:00 +02:00,17533.22,13875.22
03.05.2024 10:00:00 +02:00,16561.69,13695.74
03.05.2024 11:00:00 +02:00,15299.61,13437.87
03.05.2024 12:00:00 +02:00,14447.88,13307.63
03.05.2024 13:00:00 +02:00,14561.69,13335.24
03.05.2024 14:00:00 +02:00,14722.37,13328.73
03.05.2024 15:00:00 +02:00,15131.55,13283.21
03.05.2024 16:00:00 +02:00,16371.90,13206.04
03.05.2024 17:00:00 +02:00,18255.54,13111.58
03.05.2024 18:00:00 +02:00,18766.70,13104.16
03.05.2024 19:00:00 +02:00,18706.60,13038.02
03.05.2024 20:00:00 +02:00,18317.93,13044.86
03.05.2024 21:00:00 +02:00,17758.55,13001.95
03.05.2024 22:00:00 +02:00,16739.03,12865.06
03.05.2024 23:00:00 +02:00,15369.56,12551.23
04.05.2024 00:00:00 +02:00,14345.81,12196.50
04.05.2024 01:00:00 +02:00,13819.10,11956.05
04.05.2024 02:00:00 +02:00,13611.40,11749.85
04.05.2024 03:00:00 +02:00,13695.08,11655.65
04.05.2024 04:00:00 +02:00,13969.47,11633.34
04.05.2024 05:00:00 +02:00,14234.61,11601.19
04.05.2024 06:00:00 +02:00,15305.87,11698.04
04.05.2024 07:00:00 +02:00,16379.69,11931.53
04.05.2024 08:00:00 +02:00,17132.36,12221.21
04.05.2024 09:00:00 +02:00,17070.89,12534.49
04.05.2024 10:00:00 +02:00,16130.90,12638.18
04.05.2024 11:00:00 +02:00,14327.58,12524.57
04.05.2024 12:00:00 +02:00,12172.30,12460.43
04.05.2024 13:00:00 +02:00,10123.14,12337.26
04.05.2024 14:00:00 +02:00,10646.56,12143.75
04.05.2024 15:00:00 +02:00,13501.38,12151.20
04.05.2024 16:00:00 +02:00,15433.95,12232.43
04.05.2024 17:00:00 +02:00,16863.48,12459.02
04.05.2024 18:00:00 +02:00,17650.33,12563.69
04.05.2024 19:00:00 +02:00,17781.73,12601.29
04.05.2024 20:00:00 +02:00,17460.95,12624.91
04.05.2024 21:00:00 +02:00,17058.38,12594.23
04.05.2024 22:00:00 +02:00,16334.94,12590.58
04.05.2024 23:00:00 +02:00,15353.05,12319.15
05.05.2024 00:00:00 +02:00,14846.70,12008.17
05.05.2024 01:00:00 +02:00,14750.61,11752.00
05.05.2024 02:00:00 +02:00,14750.11,11601.02
05.05.2024 03:00:00 +02:00,14290.58,11415.59
05.05.2024 04:00:00 +02:00,13476.01,11416.20
05.05.2024 05:00:00 +02:00,13299.47,11293.63
05.05.2024 06:00:00 +02:00,13994.39,11424.85
05.05.2024 07:00:00 +02:00,14572.99,11615.94
05.05.2024 08:00:00 +02:00,13681.44,12011.76
05.05.2024 09:00:00 +02:00,11504.01,12442.76
05.05.2024 10:00:00 +02:00,9962.54,12751.87
05.05.2024 11:00:00 +02:00,9343.17,12888.84
05.05.2024 12:00:00 +02:00,9382.53,12866.90
05.05.2024 13:00:00 +02:00,9419.36,12815.64
05.05.2024 14:00:00 +02:00,9741.61,12817.43
05.05.2024 15:00:00 +02:00,10403.34,12801.27
05.05.2024 16:00:00 +02:00,11672.13,12873.94
05.05.2024 17:00:00 +02:00,14450.09,12956.42
05.05.2024 18:00:00 +02:00,17643.20,13023.61
05.05.2024 19:00:00 +02:00,18489.71,13070.09
05.05.2024 20:00:00 +02:00,18980.25,13189.72
05.05.2024 21:00:00 +02:00,18902.99,13214.26
05.05.2024 22:00:00 +02:00,18115.81,13102.80
05.05.2024 23:00:00 +02:00,17267.73,12696.63
06.05.2024 00:00:00 +02:00,16995.97,12390.59
06.05.2024 01:00:00 +02:00,16824.72,12091.52
06.05.2024 02:00:00 +02:00,15868.53,11967.51
06.05.2024 03:00:00 +02:00,15653.34,11858.50
06.05.2024 04:00:00 +02:00,16193.10,11922.93
06.05.2024 05:00:00 +02:00,17228.14,12141.58
06.05.2024 06:00:00 +02:00,19329.36,13016.80
06.05.2024 07:00:00 +02:00,20060.26,14054.82
06.05.2024 08:00:00 +02:00,20051.52,14364.78
06.05.2024 09:00:00 +02:00,20422.58,14453.69
06.05.2024 10:00:00 +02:00,20323.46,14329.73
06.05.2024 11:00:00 +02:00,19892.79,14308.49
06.05.2024 12:00:00 +02:00,19606.73,14182.28
06.05.2024 13:00:00 +02:00,19406.25,14081.97
06.05.2024 14:00:00 +02:00,19716.97,14094.01
06.05.2024 15:00:00 +02:00,19638.53,14113.99
06.05.2024 16:00:00 +02:00,20131.57,14134.23
06.05.2024 17:00:00 +02:00,20878.99,14005.78
06.05.2024 18:00:00 +02:00,20890.90,13869.38
06.05.2024 19:00:00 +02:00,21095.25,13875.30
06.05.2024 20:00:00 +02:00,21049.32,13871.86
06.05.2024 21:00:00 +02:00,20699.51,13934.57
06.05.2024 22:00:00 +02:00,19897.14,13763.85
06.05.2024 23:00:00 +02:00,19341.06,13351.74
07.05.2024 00:00:00 +02:00,18101.92,12841.24
07.05.2024 01:00:00 +02:00,17646.09,12495.30
07.05.2024 02:00:00 +02:00,17529.59,12297.43
07.05.2024 03:00:00 +02:00,17932.01,12275.21
07.05.2024 04:00:00 +02:00,17757.17,12221.86
07.05.2024 05:00:00 +02:00,18508.85,12393.40
07.05.2024 06:00:00 +02:00,20601.78,13208.29
07.05.2024 07:00:00 +02:00,20439.35,14148.66
07.05.2024 08:00:00 +02:00,20247.65,14433.22
07.05.2024 09:00:00 +02:00,19609.82,14311.50
07.05.2024 10:00:00 +02:00,19627.43,12980.05
07.05.2024 11:00:00 +02:00,18890.16,13985.65
07.05.2024 12:00:00 +02:00,18504.95,13915.38
07.05.2024 13:00:00 +02:00,17965.60,13820.80
07.05.2024 14:00:00 +02:00,17799.67,13706.99
07.05.2024 15:00:00 +02:00,18200.05,13830.25
07.05.2024 16:00:00 +02:00,19422.80,14018.98
07.05.2024 17:00:00 +02:00,20316.18,13863.04
07.05.2024 18:00:00 +02:00,20012.49,13792.72
07.05.2024 19:00:00 +02:00,20715.87,13849.15
07.05.2024 20:00:00 +02:00,20618.56,13955.10
07.05.2024 21:00:00 +02:00,20398.59,14044.05
07.05.2024 22:00:00 +02:00,20008.52,13873.97
07.05.2024 23:00:00 +02:00,18856.22,13517.43
08.05.2024 00:00:00 +02:00,17856.20,12997.43
08.05.2024 01:00:00 +02:00,18006.24,12652.21
08.05.2024 02:00:00 +02:00,17706.02,12447.27
08.05.2024 03:00:00 +02:00,17428.77,12380.69
08.05.2024 04:00:00 +02:00,17519.41,12400.51
08.05.2024 05:00:00 +02:00,18687.28,12520.88
08.05.2024 06:00:00 +02:00,20168.09,13371.21
08.05.2024 07:00:00 +02:00,20778.44,14335.67
08.05.2024 08:00:00 +02:00,20546.02,14477.62
08.05.2024 09:00:00 +02:00,20489.51,14352.80
08.05.2024 10:00:00 +02:00,20034.38,14142.51
08.05.2024 11:00:00 +02:00,20006.18,14075.48
08.05.2024 12:00:00 +02:00,19808.13,13971.05
08.05.2024 13:00:00 +02:00,19483.82,13898.66
08.05.2024 14:00:00 +02:00,19364.80,13803.77
08.05.2024 15:00:00 +02:00,20052.29,13814.64
08.05.2024 16:00:00 +02:00,20566.31,13869.67
08.05.2024 17:00:00 +02:00,20868.15,13777.26
08.05.2024 18:00:00 +02:00,21012.70,13641.85
08.05.2024 19:00:00 +02:00,21568.64,13737.79
08.05.2024 20:00:00 +02:00,21281.87,13731.66
08.05.2024 21:00:00 +02:00,21599.69,13791.85
08.05.2024 22:00:00 +02:00,21250.20,13697.10
08.05.2024 23:00:00 +02:00,21156.71,13325.63
09.05.2024 00:00:00 +02:00,20366.69,13011.44
09.05.2024 01:00:00 +02:00,19998.22,12655.63
09.05.2024 02:00:00 +02:00,19595.64,12433.26
09.05.2024 03:00:00 +02:00,19380.71,12284.28
09.05.2024 04:00:00 +02:00,19378.12,12327.02
09.05.2024 05:00:00 +02:00,19695.44,12277.18
09.05.2024 06:00:00 +02:00,20032.78,12498.26
09.05.2024 07:00:00 +02:00,20418.49,12876.13
09.05.2024 08:00:00 +02:00,18836.44,13230.19
09.05.2024 09:00:00 +02:00,16374.44,13639.13
09.05.2024 10:00:00 +02:00,13675.29,14031.50
09.05.2024 11:00:00 +02:00,11718.53,14257.97
09.05.2024 12:00:00 +02:00,11336.20,14281.92
09.05.2024 13:00:00 +02:00,11023.13,14299.78
09.05.2024 14:00:00 +02:00,11040.91,14200.71
09.05.2024 15:00:00 +02:00,12038.26,14027.16
09.05.2024 16:00:00 +02:00,14232.17,13917.57
09.05.2024 17:00:00 +02:00,17723.16,13796.45
09.05.2024 18:00:00 +02:00,19823.06,13839.17
09.05.2024 19:00:00 +02:00,19800.08,13789.87
09.05.2024 20:00:00 +02:00,18600.92,13706.87
09.05.2024 21:00:00 +02:00,18170.89,13648.67
09.05.2024 22:00:00 +02:00,17224.90,13580.83
09.05.2024 23:00:00 +02:00,16655.60,13326.83
10.05.2024 00:00:00 +02:00,15757.72,12932.01
10.05.2024 01:00:00 +02:00,15424.51,12620.56
10.05.2024 02:00:00 +02:00,15783.39,12499.27
10.05.2024 03:00:00 +02:00,16027.70,12460.64
10.05.2024 04:00:00 +02:00,16081.60,12544.59
10.05.2024 05:00:00 +02:00,15781.01,12671.68
10.05.2024 06:00:00 +02:00,16206.57,13265.64
10.05.2024 07:00:00 +02:00,17172.44,14121.90
10.05.2024 08:00:00 +02:00,16723.08,14471.72
10.05.2024 09:00:00 +02:00,15489.97,14557.08
10.05.2024 10:00:00 +02:00,13294.17,14544.27
10.05.2024 11:00:00 +02:00,11387.97,14418.69
10.05.2024 12:00:00 +02:00,10164.53,14271.74
10.05.2024 13:00:00 +02:00,10216.46,14160.91
10.05.2024 14:00:00 +02:00,11376.45,14139.13
10.05.2024 15:00:00 +02:00,12422.49,14036.72
10.05.2024 16:00:00 +02:00,14102.13,13968.07
10.05.2024 17:00:00 +02:00,16652.56,13980.10
10.05.2024 18:00:00 +02:00,17822.72,14030.14
10.05.2024 19:00:00 +02:00,17983.27,14051.44
10.05.2024 20:00:00 +02:00,17695.72,13923.72
10.05.2024 21:00:00 +02:00,17291.16,13832.45
10.05.2024 22:00:00 +02:00,16702.56,13657.47
10.05.2024 23:00:00 +02:00,15868.50,13352.56
11.05.2024 00:00:00 +02:00,15607.46,12972.43
11.05.2024 01:00:00 +02:00,15319.42,12673.10
11.05.2024 02:00:00 +02:00,15136.29,12527.81
11.05.2024 03:00:00 +02:00,15390.22,12507.75
11.05.2024 04:00:00 +02:00,15364.32,12451.97
11.05.2024 05:00:00 +02:00,15698.89,12370.47
11.05.2024 06:00:00 +02:00,16029.02,12391.15
11.05.2024 07:00:00 +02:00,16543.94,12599.82
11.05.2024 08:00:00 +02:00,15338.63,12918.81
11.05.2024 09:00:00 +02:00,12626.36,13304.80
11.05.2024 10:00:00 +02:00,10628.53,13380.56
11.05.2024 11:00:00 +02:00,9530.36,13309.51
11.05.2024 12:00:00 +02:00,9310.20,13226.64
11.05.2024 13:00:00 +02:00,8769.79,13063.45
11.05.2024 14:00:00 +02:00,8834.09,12940.52
11.05.2024 15:00:00 +02:00,9204.91,12903.12
11.05.2024 16:00:00 +02:00,10409.27,12897.34
11.05.2024 17:00:00 +02:00,13542.69,12954.45
11.05.2024 18:00:00 +02:00,16818.86,13093.74
11.05.2024 19:00:00 +02:00,18103.44,13142.81
11.05.2024 20:00:00 +02:00,17914.66,13095.13
11.05.2024 21:00:00 +02:00,17579.58,12906.00
11.05.2024 22:00:00 +02:00,16978.11,12817.64
11.05.2024 23:00:00 +02:00,15953.60,12532.13
12.05.2024 00:00:00 +02:00,15219.91,12353.02
12.05.2024 01:00:00 +02:00,14803.41,12137.15
12.05.2024 02:00:00 +02:00,14260.68,12029.10
12.05.2024 03:00:00 +02:00,13440.40,11918.87
12.05.2024 04:00:00 +02:00,13354.83,11832.53
12.05.2024 05:00:00 +02:00,13121.16,11704.23
12.05.2024 06:00:00 +02:00,12046.72,11841.29
12.05.2024 07:00:00 +02:00,10798.43,11953.11
12.05.2024 08:00:00 +02:00,9387.08,12159.25
12.05.2024 09:00:00 +02:00,8536.29,12416.89
12.05.2024 10:00:00 +02:00,8319.25,12668.02
12.05.2024 11:00:00 +02:00,8147.90,12646.95
12.05.2024 12:00:00 +02:00,8452.63,12556.56
12.05.2024 13:00:00 +02:00,8680.12,12503.17
12.05.2024 14:00:00 +02:00,8837.56,12498.74
12.05.2024 15:00:00 +02:00,9360.86,12535.07
12.05.2024 16:00:00 +02:00,9204.51,12557.30
12.05.2024 17:00:00 +02:00,10803.90,12578.18
12.05.2024 18:00:00 +02:00,13349.66,12701.05
12.05.2024 19:00:00 +02:00,16765.67,12835.93
12.05.2024 20:00:00 +02:00,18426.10,13009.40
12.05.2024 21:00:00 +02:00,18473.87,13018.01
12.05.2024 22:00:00 +02:00,17673.58,13056.96
12.05.2024 23:00:00 +02:00,16150.19,12688.05
13.05.2024 00:00:00 +02:00,14336.94,12204.67
13.05.2024 01:00:00 +02:00,13875.50,11834.02
13.05.2024 02:00:00 +02:00,14108.52,11641.13
13.05.2024 03:00:00 +02:00,14379.87,11594.63
13.05.2024 04:00:00 +02:00,14809.59,11644.99
13.05.2024 05:00:00 +02:00,16089.28,11761.16
13.05.2024 06:00:00 +02:00,17762.03,12555.56
13.05.2024 07:00:00 +02:00,19732.01,13578.42
13.05.2024 08:00:00 +02:00,19727.59,13816.61
13.05.2024 09:00:00 +02:00,16535.51,13603.70
13.05.2024 10:00:00 +02:00,12941.22,13446.09
13.05.2024 11:00:00 +02:00,11497.95,13235.05
13.05.2024 12:00:00 +02:00,11554.81,13128.95
13.05.2024 13:00:00 +02:00,11574.51,13171.48
13.05.2024 14:00:00 +02:00,12401.79,13170.99
13.05.2024 15:00:00 +02:00,13004.54,13212.46
13.05.2024 16:00:00 +02:00,14780.24,13325.22
13.05.2024 17:00:00 +02:00,16930.54,13087.85
13.05.2024 18:00:00 +02:00,17886.56,13062.59
13.05.2024 19:00:00 +02:00,18578.47,13119.20
13.05.2024 20:00:00 +02:00,18769.83,13199.57
13.05.2024 21:00:00 +02:00,18274.57,13200.44
13.05.2024 22:00:00 +02:00,17526.68,13119.19
13.05.2024 23:00:00 +02:00,15901.91,12568.24
14.05.2024 00:00:00 +02:00,14569.27,12093.85
14.05.2024 01:00:00 +02:00,14817.59,11806.55
14.05.2024 02:00:00 +02:00,15026.74,11631.70
14.05.2024 03:00:00 +02:00,14871.38,11516.77
14.05.2024 04:00:00 +02:00,14983.09,11553.39
14.05.2024 05:00:00 +02:00,15030.57,11613.65
14.05.2024 06:00:00 +02:00,16678.65,12425.36
14.05.2024 07:00:00 +02:00,18063.84,13311.01
14.05.2024 08:00:00 +02:00,17762.57,13542.11
14.05.2024 09:00:00 +02:00,13627.72,13337.61
14.05.2024 10:00:00 +02:00,11158.83,12818.23
14.05.2024 11:00:00 +02:00,10239.86,13089.86
14.05.2024 12:00:00 +02:00,9778.71,12976.80
14.05.2024 13:00:00 +02:00,9732.87,12969.46
14.05.2024 14:00:00 +02:00,10251.45,13007.83
14.05.2024 15:00:00 +02:00,10598.78,13069.93
14.05.2024 16:00:00 +02:00,10649.17,13145.41
14.05.2024 17:00:00 +02:00,12201.83,12993.53
14.05.2024 18:00:00 +02:00,15143.32,12979.75
14.05.2024 19:00:00 +02:00,16731.75,13067.92
14.05.2024 20:00:00 +02:00,16935.11,13131.14
14.05.2024 21:00:00 +02:00,16403.53,13079.48
14.05.2024 22:00:00 +02:00,15318.21,12916.11
14.05.2024 23:00:00 +02:00,14946.70,12546.90
15.05.2024 00:00:00 +02:00,13931.65,11965.38
15.05.2024 01:00:00 +02:00,13344.90,11596.35
15.05.2024 02:00:00 +02:00,13337.15,11372.18
15.05.2024 03:00:00 +02:00,13650.25,11332.34
15.05.2024 04:00:00 +02:00,13945.90,11326.96
15.05.2024 05:00:00 +02:00,14710.32,11488.21
15.05.2024 06:00:00 +02:00,16618.11,12257.86
15.05.2024 07:00:00 +02:00,18290.07,13109.92
15.05.2024 08:00:00 +02:00,18967.55,13292.28
15.05.2024 09:00:00 +02:00,17378.88,13176.03
15.05.2024 10:00:00 +02:00,13664.29,13031.73
15.05.2024 11:00:00 +02:00,11340.02,12984.56
15.05.2024 12:00:00 +02:00,10711.39,12990.37
15.05.2024 13:00:00 +02:00,10472.22,12907.16
15.05.2024 14:00:00 +02:00,10764.74,13011.91
15.05.2024 15:00:00 +02:00,11831.75,13092.28
15.05.2024 16:00:00 +02:00,12230.03,13097.01
15.05.2024 17:00:00 +02:00,13631.47,13017.57
15.05.2024 18:00:00 +02:00,14709.89,12962.82
15.05.2024 19:00:00 +02:00,16029.72,12975.45
15.05.2024 20:00:00 +02:00,16581.00,13036.61
15.05.2024 21:00:00 +02:00,15812.40,13020.49
15.05.2024 22:00:00 +02:00,14878.60,12898.05
15.05.2024 23:00:00 +02:00,14275.64,12447.58
16.05.2024 00:00:00 +02:00,13713.16,12078.49
16.05.2024 01:00:00 +02:00,13070.26,11689.85
16.05.2024 02:00:00 +02:00,12898.98,11459.33
16.05.2024 03:00:00 +02:00,12878.20,11361.30
16.05.2024 04:00:00 +02:00,12862.13,11325.13
16.05.2024 05:00:00 +02:00,13684.34,11478.87
16.05.2024 06:00:00 +02:00,15502.22,12143.80
16.05.2024 07:00:00 +02:00,18316.82,13126.29
16.05.2024 08:00:00 +02:00,18524.46,13378.30
16.05.2024 09:00:00 +02:00,16186.93,13313.39
16.05.2024 10:00:00 +02:00,13431.17,13057.63
16.05.2024 11:00:00 +02:00,11897.10,13190.04
16.05.2024 12:00:00 +02:00,11101.58,13154.02
16.05.2024 13:00:00 +02:00,10586.68,13182.37
16.05.2024 14:00:00 +02:00,10753.79,13101.54
16.05.2024 15:00:00 +02:00,11034.43,13015.48
16.05.2024 16:00:00 +02:00,12305.63,13051.75
16.05.2024 17:00:00 +02:00,13525.99,12971.93
16.05.2024 18:00:00 +02:00,14474.52,12911.96
16.05.2024 19:00:00 +02:00,14873.59,12869.59
16.05.2024 20:00:00 +02:00,14996.09,12924.51
16.05.2024 21:00:00 +02:00,14250.18,12879.55
16.05.2024 22:00:00 +02:00,13590.79,12792.64
16.05.2024 23:00:00 +02:00,12942.91,12457.40
17.05.2024 00:00:00 +02:00,12698.02,11969.45
17.05.2024 01:00:00 +02:00,12264.66,11563.35
17.05.2024 02:00:00 +02:00,12095.85,11343.49
17.05.2024 03:00:00 +02:00,12123.84,11160.32
17.05.2024 04:00:00 +02:00,11994.59,11031.06
17.05.2024 05:00:00 +02:00,12743.88,10994.05
17.05.2024 06:00:00 +02:00,14082.39,11259.33
17.05.2024 07:00:00 +02:00,16719.36,11874.70
17.05.2024 08:00:00 +02:00,17776.25,12424.47
17.05.2024 09:00:00 +02:00,16548.51,12457.01
17.05.2024 10:00:00 +02:00,13877.78,12128.71
17.05.2024 11:00:00 +02:00,13136.17,11709.03
17.05.2024 12:00:00 +02:00,11756.12,11513.72
17.05.2024 13:00:00 +02:00,11447.45,11546.13
17.05.2024 14:00:00 +02:00,11024.24,11507.74
17.05.2024 15:00:00 +02:00,12114.97,11490.17
17.05.2024 16:00:00 +02:00,12218.07,11406.98
17.05.2024 17:00:00 +02:00,12761.32,11392.06
17.05.2024 18:00:00 +02:00,13567.87,11459.10
17.05.2024 19:00:00 +02:00,14066.18,11529.85
17.05.2024 20:00:00 +02:00,14260.99,11584.53
17.05.2024 21:00:00 +02:00,14498.26,11643.09
17.05.2024 22:00:00 +02:00,13942.36,11661.08
17.05.2024 23:00:00 +02:00,14222.90,11533.02
18.05.2024 00:00:00 +02:00,14402.58,11278.64
18.05.2024 01:00:00 +02:00,13800.42,10999.46
18.05.2024 02:00:00 +02:00,14057.90,10795.43
18.05.2024 03:00:00 +02:00,14132.90,10746.89
18.05.2024 04:00:00 +02:00,14095.71,10693.32
18.05.2024 05:00:00 +02:00,14483.98,10659.67
18.05.2024 06:00:00 +02:00,14862.62,10710.08
18.05.2024 07:00:00 +02:00,15748.61,10847.98
18.05.2024 08:00:00 +02:00,15251.54,11081.89
18.05.2024 09:00:00 +02:00,14826.82,11490.67
18.05.2024 10:00:00 +02:00,13533.84,11674.58
18.05.2024 11:00:00 +02:00,11136.80,11784.11
18.05.2024 12:00:00 +02:00,10473.60,11799.14
18.05.2024 13:00:00 +02:00,10067.30,11782.18
18.05.2024 14:00:00 +02:00,10732.28,11788.37
18.05.2024 15:00:00 +02:00,12032.05,11730.01
18.05.2024 16:00:00 +02:00,13502.88,11678.48
18.05.2024 17:00:00 +02:00,15046.55,11802.44
18.05.2024 18:00:00 +02:00,16339.73,11947.70
18.05.2024 19:00:00 +02:00,16766.85,12014.42
18.05.2024 20:00:00 +02:00,16870.93,11992.64
18.05.2024 21:00:00 +02:00,16672.85,11916.70
18.05.2024 22:00:00 +02:00,16169.08,11911.75
18.05.2024 23:00:00 +02:00,15561.30,11670.18
19.05.2024 00:00:00 +02:00,15153.57,11403.64
19.05.2024 01:00:00 +02:00,14919.19,11125.65
19.05.2024 02:00:00 +02:00,14978.53,10968.53
19.05.2024 03:00:00 +02:00,15138.38,10889.34
19.05.2024 04:00:00 +02:00,15489.71,10840.31
19.05.2024 05:00:00 +02:00,15633.14,10731.63
19.05.2024 06:00:00 +02:00,15754.32,10760.77
19.05.2024 07:00:00 +02:00,15741.59,10926.53
19.05.2024 08:00:00 +02:00,14674.24,11228.73
19.05.2024 09:00:00 +02:00,12824.71,11459.95
19.05.2024 10:00:00 +02:00,11647.88,11640.46
19.05.2024 11:00:00 +02:00,10916.84,11604.23
19.05.2024 12:00:00 +02:00,10459.60,11773.80
19.05.2024 13:00:00 +02:00,9939.99,11829.11
19.05.2024 14:00:00 +02:00,10219.16,11823.11
19.05.2024 15:00:00 +02:00,10000.77,11838.40
19.05.2024 16:00:00 +02:00,10807.87,11853.87
19.05.2024 17:00:00 +02:00,12569.44,11957.87
19.05.2024 18:00:00 +02:00,14907.14,12029.55
19.05.2024 19:00:00 +02:00,17026.46,12168.19
19.05.2024 20:00:00 +02:00,17328.39,12235.30
19.05.2024 21:00:00 +02:00,17079.41,12191.64
19.05.2024 22:00:00 +02:00,17343.31,12276.21
19.05.2024 23:00:00 +02:00,16348.97,12058.45
20.05.2024 00:00:00 +02:00,15422.67,11645.42
20.05.2024 01:00:00 +02:00,14599.02,11321.19
20.05.2024 02:00:00 +02:00,14376.48,11180.85
20.05.2024 03:00:00 +02:00,14172.81,11093.41
20.05.2024 04:00:00 +02:00,14363.01,11059.17
20.05.2024 05:00:00 +02:00,14809.92,11061.92
20.05.2024 06:00:00 +02:00,15673.69,11237.47
20.05.2024 07:00:00 +02:00,16227.34,11383.86
20.05.2024 08:00:00 +02:00,16329.23,11681.21
20.05.2024 09:00:00 +02:00,14753.31,12013.00
20.05.2024 10:00:00 +02:00,12167.82,12182.20
20.05.2024 11:00:00 +02:00,10388.98,12287.95
20.05.2024 12:00:00 +02:00,9832.29,12236.40
20.05.2024 13:00:00 +02:00,9535.07,12190.36
20.05.2024 14:00:00 +02:00,9392.52,12186.51
20.05.2024 15:00:00 +02:00,10232.41,12239.20
20.05.2024 16:00:00 +02:00,12815.08,12282.71
20.05.2024 17:00:00 +02:00,15331.33,12246.94
20.05.2024 18:00:00 +02:00,17387.60,12369.29
20.05.2024 19:00:00 +02:00,18488.14,12580.81
20.05.2024 20:00:00 +02:00,18645.80,12699.58
20.05.2024 21:00:00 +02:00,18132.62,12772.37
20.05.2024 22:00:00 +02:00,17534.69,12774.49
20.05.2024 23:00:00 +02:00,16518.10,12434.98
21.05.2024 00:00:00 +02:00,15369.07,11945.07
21.05.2024 01:00:00 +02:00,14726.65,11615.24
21.05.2024 02:00:00 +02:00,14691.33,11481.98
21.05.2024 03:00:00 +02:00,14529.42,11385.07
21.05.2024 04:00:00 +02:00,14243.72,11342.61
21.05.2024 05:00:00 +02:00,14420.71,11398.10
21.05.2024 06:00:00 +02:00,16683.67,12075.97
21.05.2024 07:00:00 +02:00,18824.74,13062.36
21.05.2024 08:00:00 +02:00,18581.32,13226.71
21.05.2024 09:00:00 +02:00,17483.07,13016.69
21.05.2024 10:00:00 +02:00,15500.32,12873.64
21.05.2024 11:00:00 +02:00,14628.07,12841.70
21.05.2024 12:00:00 +02:00,12998.30,12773.15
21.05.2024 13:00:00 +02:00,12983.36,12761.19
21.05.2024 14:00:00 +02:00,12957.36,12799.03
21.05.2024 15:00:00 +02:00,13179.69,12787.92
21.05.2024 16:00:00 +02:00,14018.08,12887.29
21.05.2024 17:00:00 +02:00,15033.98,12773.97
21.05.2024 18:00:00 +02:00,15950.36,12644.03
21.05.2024 19:00:00 +02:00,16543.80,12654.14
21.05.2024 20:00:00 +02:00,16449.04,12702.76
21.05.2024 21:00:00 +02:00,15755.68,12717.22
21.05.2024 22:00:00 +02:00,14590.28,12565.50
21.05.2024 23:00:00 +02:00,13218.04,12115.26
22.05.2024 00:00:00 +02:00,12021.26,11522.31
22.05.2024 01:00:00 +02:00,11986.54,11157.83
22.05.2024 02:00:00 +02:00,11993.21,11062.71
22.05.2024 03:00:00 +02:00,12139.50,10912.21
22.05.2024 04:00:00 +02:00,11915.70,10854.24
22.05.2024 05:00:00 +02:00,12274.78,10985.41
22.05.2024 06:00:00 +02:00,13541.00,11790.75
22.05.2024 07:00:00 +02:00,15799.36,12653.72
22.05.2024 08:00:00 +02:00,16366.69,12891.66
22.05.2024 09:00:00 +02:00,14638.12,12845.33
22.05.2024 10:00:00 +02:00,13316.51,12782.41
22.05.2024 11:00:00 +02:00,12500.57,12765.48
22.05.2024 12:00:00 +02:00,11997.94,12783.43
22.05.2024 13:00:00 +02:00,12750.75,12753.54
22.05.2024 14:00:00 +02:00,13383.87,12805.51
22.05.2024 15:00:00 +02:00,13788.03,12872.74
22.05.2024 16:00:00 +02:00,14376.73,12934.31
22.05.2024 17:00:00 +02:00,15088.86,12821.81
22.05.2024 18:00:00 +02:00,15781.03,12708.16
22.05.2024 19:00:00 +02:00,16427.17,12737.76
22.05.2024 20:00:00 +02:00,16383.46,12700.38
22.05.2024 21:00:00 +02:00,16162.69,12719.74
22.05.2024 22:00:00 +02:00,15594.44,12541.85
22.05.2024 23:00:00 +02:00,14915.65,12136.34
23.05.2024 00:00:00 +02:00,14171.81,11455.62
23.05.2024 01:00:00 +02:00,13564.89,11147.51
23.05.2024 02:00:00 +02:00,13056.19,10927.82
23.05.2024 03:00:00 +02:00,12389.83,10766.72
23.05.2024 04:00:00 +02:00,12374.62,10681.92
23.05.2024 05:00:00 +02:00,13252.58,10806.75
23.05.2024 06:00:00 +02:00,14288.05,11561.07
23.05.2024 07:00:00 +02:00,16533.11,12560.17
23.05.2024 08:00:00 +02:00,17383.29,12787.82
23.05.2024 09:00:00 +02:00,16512.59,12740.61
23.05.2024 10:00:00 +02:00,15490.71,12497.27
23.05.2024 11:00:00 +02:00,15290.45,12640.01
23.05.2024 12:00:00 +02:00,14868.72,12548.47
23.05.2024 13:00:00 +02:00,15027.07,12669.93
23.05.2024 14:00:00 +02:00,16222.78,12788.58
23.05.2024 15:00:00 +02:00,16243.54,12818.08
23.05.2024 16:00:00 +02:00,16354.83,12896.50
23.05.2024 17:00:00 +02:00,16014.52,12784.07
23.05.2024 18:00:00 +02:00,16223.94,12779.98
23.05.2024 19:00:00 +02:00,16210.69,12736.94
23.05.2024 20:00:00 +02:00,16528.56,12715.23
23.05.2024 21:00:00 +02:00,16437.85,12673.87
23.05.2024 22:00:00 +02:00,15986.99,12486.00
23.05.2024 23:00:00 +02:00,15475.54,12051.72
24.05.2024 00:00:00 +02:00,15237.98,11622.61
24.05.2024 01:00:00 +02:00,14691.18,11305.14
24.05.2024 02:00:00 +02:00,14279.12,11094.19
24.05.2024 03:00:00 +02:00,14549.39,10959.99
24.05.2024 04:00:00 +02:00,14725.76,10886.41
24.05.2024 05:00:00 +02:00,15078.40,10996.91
24.05.2024 06:00:00 +02:00,16214.21,11714.70
24.05.2024 07:00:00 +02:00,17770.58,12694.03
24.05.2024 08:00:00 +02:00,18290.03,12888.45
24.05.2024 09:00:00 +02:00,18295.77,12987.98
24.05.2024 10:00:00 +02:00,17778.08,13030.27
24.05.2024 11:00:00 +02:00,17447.09,13042.88
24.05.2024 12:00:00 +02:00,17079.65,13027.77
24.05.2024 13:00:00 +02:00,16886.13,12926.73
24.05.2024 14:00:00 +02:00,16715.92,12880.93
24.05.2024 15:00:00 +02:00,16738.69,12869.19
24.05.2024 16:00:00 +02:00,17030.07,12859.65
24.05.2024 17:00:00 +02:00,16987.56,12764.16
24.05.2024 18:00:00 +02:00,17265.60,12687.35
24.05.2024 19:00:00 +02:00,17051.22,12627.70
24.05.2024 20:00:00 +02:00,16849.94,12500.68
24.05.2024 21:00:00 +02:00,16515.15,12356.85
24.05.2024 22:00:00 +02:00,16282.36,12251.65
24.05.2024 23:00:00 +02:00,16008.72,11942.53
25.05.2024 00:00:00 +02:00,15489.17,11605.31
25.05.2024 01:00:00 +02:00,15137.53,11264.52
25.05.2024 02:00:00 +02:00,15171.25,11092.77
25.05.2024 03:00:00 +02:00,14973.15,11002.82
25.05.2024 04:00:00 +02:00,14688.44,10866.62
25.05.2024 05:00:00 +02:00,14727.91,10797.23
25.05.2024 06:00:00 +02:00,14989.03,10889.30
25.05.2024 07:00:00 +02:00,15490.16,11263.44
25.05.2024 08:00:00 +02:00,15865.30,11615.40
25.05.2024 09:00:00 +02:00,15992.33,12005.80
25.05.2024 10:00:00 +02:00,14551.01,12129.65
25.05.2024 11:00:00 +02:00,13059.48,12230.07
25.05.2024 12:00:00 +02:00,11643.74,12241.38
25.05.2024 13:00:00 +02:00,11604.81,12233.95
25.05.2024 14:00:00 +02:00,11401.92,12124.87
25.05.2024 15:00:00 +02:00,12030.94,12092.30
25.05.2024 16:00:00 +02:00,13531.48,12100.44
25.05.2024 17:00:00 +02:00,15020.12,12087.61
25.05.2024 18:00:00 +02:00,16154.77,12103.58
25.05.2024 19:00:00 +02:00,16262.02,12127.25
25.05.2024 20:00:00 +02:00,15969.57,12070.49
25.05.2024 21:00:00 +02:00,15378.01,11904.89
25.05.2024 22:00:00 +02:00,14896.30,11802.70
25.05.2024 23:00:00 +02:00,14252.90,11605.48
26.05.2024 00:00:00 +02:00,14112.93,11327.00
26.05.2024 01:00:00 +02:00,13803.85,11028.77
26.05.2024 02:00:00 +02:00,13632.84,10783.89
26.05.2024 03:00:00 +02:00,13767.20,10637.30
26.05.2024 04:00:00 +02:00,13672.60,10486.69
26.05.2024 05:00:00 +02:00,13926.22,10389.25
26.05.2024 06:00:00 +02:00,14504.67,10458.56
26.05.2024 07:00:00 +02:00,14496.21,10655.08
26.05.2024 08:00:00 +02:00,12813.65,10913.89
26.05.2024 09:00:00 +02:00,10932.31,11300.57
26.05.2024 10:00:00 +02:00,9706.33,11578.22
26.05.2024 11:00:00 +02:00,9672.26,11655.25
26.05.2024 12:00:00 +02:00,10481.97,11732.89
26.05.2024 13:00:00 +02:00,10028.85,11894.71
26.05.2024 14:00:00 +02:00,9847.73,11765.50
26.05.2024 15:00:00 +02:00,10703.43,11752.21
26.05.2024 16:00:00 +02:00,12091.16,11849.71
26.05.2024 17:00:00 +02:00,14064.16,11921.24
26.05.2024 18:00:00 +02:00,15704.72,12035.30
26.05.2024 19:00:00 +02:00,16086.70,12181.62
26.05.2024 20:00:00 +02:00,16450.95,12195.65
26.05.2024 21:00:00 +02:00,16516.16,12065.95
26.05.2024 22:00:00 +02:00,15422.87,11916.82
26.05.2024 23:00:00 +02:00,14235.89,11473.34
27.05.2024 00:00:00 +02:00,13826.64,11188.87
27.05.2024 01:00:00 +02:00,13617.40,10871.61
27.05.2024 02:00:00 +02:00,13617.59,10699.31
27.05.2024 03:00:00 +02:00,13724.51,10569.91
27.05.2024 04:00:00 +02:00,14154.26,10559.95
27.05.2024 05:00:00 +02:00,14934.17,10763.55
27.05.2024 06:00:00 +02:00,16611.61,11542.37
27.05.2024 07:00:00 +02:00,17889.47,12533.52
27.05.2024 08:00:00 +02:00,17978.98,12895.95
27.05.2024 09:00:00 +02:00,17068.32,12857.24
27.05.2024 10:00:00 +02:00,16598.41,12918.56
27.05.2024 11:00:00 +02:00,16518.10,12943.10
27.05.2024 12:00:00 +02:00,15309.69,12871.74
27.05.2024 13:00:00 +02:00,15083.95,12868.07
27.05.2024 14:00:00 +02:00,15876.59,12832.04
27.05.2024 15:00:00 +02:00,16577.65,12884.88
27.05.2024 16:00:00 +02:00,17155.07,13068.16
27.05.2024 17:00:00 +02:00,17049.27,12881.12
27.05.2024 18:00:00 +02:00,17303.00,12708.01
27.05.2024 19:00:00 +02:00,17376.00,12762.08
27.05.2024 20:00:00 +02:00,17367.83,12776.54
27.05.2024 21:00:00 +02:00,17027.91,12663.41
27.05.2024 22:00:00 +02:00,16449.26,12471.58
27.05.2024 23:00:00 +02:00,16261.83,12110.16
28.05.2024 00:00:00 +02:00,15698.87,11566.80
28.05.2024 01:00:00 +02:00,15494.42,11206.79
28.05.2024 02:00:00 +02:00,15464.74,11026.98
28.05.2024 03:00:00 +02:00,15363.42,10944.45
28.05.2024 04:00:00 +02:00,15189.05,10849.23
28.05.2024 05:00:00 +02:00,15500.98,10943.70
28.05.2024 06:00:00 +02:00,16884.19,11739.05
28.05.2024 07:00:00 +02:00,17782.49,12627.97
28.05.2024 08:00:00 +02:00,17884.37,12843.22
28.05.2024 09:00:00 +02:00,16884.87,12642.42
28.05.2024 10:00:00 +02:00,15943.88,12435.42
28.05.2024 11:00:00 +02:00,16071.84,12737.36
28.05.2024 12:00:00 +02:00,15819.19,12771.72
28.05.2024 13:00:00 +02:00,15725.24,12772.53
28.05.2024 14:00:00 +02:00,16180.41,12771.39
28.05.2024 15:00:00 +02:00,16531.83,12768.22
28.05.2024 16:00:00 +02:00,16748.21,12958.10
28.05.2024 17:00:00 +02:00,16576.87,12918.16
28.05.2024 18:00:00 +02:00,16307.61,12842.57
28.05.2024 19:00:00 +02:00,16882.87,12879.89
28.05.2024 20:00:00 +02:00,16820.36,12804.64
28.05.2024 21:00:00 +02:00,16755.15,12692.71
28.05.2024 22:00:00 +02:00,16607.41,12472.37
28.05.2024 23:00:00 +02:00,15940.92,12030.02
29.05.2024 00:00:00 +02:00,15259.46,11509.00
29.05.2024 01:00:00 +02:00,13818.18,11187.44
29.05.2024 02:00:00 +02:00,13435.50,11041.73
29.05.2024 03:00:00 +02:00,12894.95,10951.63
29.05.2024 04:00:00 +02:00,12689.78,10801.44
29.05.2024 05:00:00 +02:00,13808.06,10937.79
29.05.2024 06:00:00 +02:00,15456.09,11603.01
29.05.2024 07:00:00 +02:00,17468.51,12496.32
29.05.2024 08:00:00 +02:00,17300.21,12692.76
29.05.2024 09:00:00 +02:00,16264.15,12628.47
29.05.2024 10:00:00 +02:00,14919.01,12641.48
29.05.2024 11:00:00 +02:00,13822.41,12562.63
29.05.2024 12:00:00 +02:00,13299.03,12549.03
29.05.2024 13:00:00 +02:00,13897.30,12624.94
29.05.2024 14:00:00 +02:00,13457.61,12571.08
29.05.2024 15:00:00 +02:00,14117.22,12602.88
29.05.2024 16:00:00 +02:00,15018.88,12651.55
29.05.2024 17:00:00 +02:00,16784.58,12544.68
29.05.2024 18:00:00 +02:00,17110.27,12421.20
29.05.2024 19:00:00 +02:00,17649.24,12492.39
29.05.2024 20:00:00 +02:00,17672.20,12461.69
29.05.2024 21:00:00 +02:00,17295.60,12492.77
29.05.2024 22:00:00 +02:00,17142.24,12331.52
29.05.2024 23:00:00 +02:00,16901.28,11968.70
30.05.2024 00:00:00 +02:00,16102.30,11481.09
30.05.2024 01:00:00 +02:00,15647.43,11109.91
30.05.2024 02:00:00 +02:00,15522.61,10989.01
30.05.2024 03:00:00 +02:00,15470.35,10967.36
30.05.2024 04:00:00 +02:00,15461.50,10877.53
30.05.2024 05:00:00 +02:00,15472.43,10978.97
30.05.2024 06:00:00 +02:00,16235.16,11669.68
30.05.2024 07:00:00 +02:00,17834.29,12650.08
30.05.2024 08:00:00 +02:00,17773.84,12954.10
30.05.2024 09:00:00 +02:00,17589.14,12872.70
30.05.2024 10:00:00 +02:00,17557.44,12660.48
30.05.2024 11:00:00 +02:00,17660.10,12843.03
30.05.2024 12:00:00 +02:00,17339.31,12849.90
30.05.2024 13:00:00 +02:00,16987.06,12779.91
30.05.2024 14:00:00 +02:00,17009.96,12809.64
30.05.2024 15:00:00 +02:00,16852.45,12847.80
30.05.2024 16:00:00 +02:00,16949.35,12958.10
30.05.2024 17:00:00 +02:00,17220.83,12822.35
30.05.2024 18:00:00 +02:00,17453.03,12728.77
30.05.2024 19:00:00 +02:00,17648.19,12738.56
30.05.2024 20:00:00 +02:00,17770.11,12763.13
30.05.2024 21:00:00 +02:00,17406.83,12682.07
30.05.2024 22:00:00 +02:00,16730.98,12459.73
30.05.2024 23:00:00 +02:00,15768.17,12102.11
31.05.2024 00:00:00 +02:00,15529.51,11591.83
31.05.2024 01:00:00 +02:00,15108.18,11265.21
31.05.2024 02:00:00 +02:00,14862.46,11139.92
31.05.2024 03:00:00 +02:00,14934.06,11052.07
31.05.2024 04:00:00 +02:00,14885.93,10998.47
31.05.2024 05:00:00 +02:00,14920.69,11085.10
31.05.2024 06:00:00 +02:00,16250.25,11731.89
31.05.2024 07:00:00 +02:00,17834.88,12771.39
31.05.2024 08:00:00 +02:00,18371.50,13045.30
31.05.2024 09:00:00 +02:00,17763.73,12952.83
31.05.2024 10:00:00 +02:00,17844.35,12942.94
31.05.2024 11:00:00 +02:00,18097.61,12888.53
31.05.2024 12:00:00 +02:00,17398.59,12783.63
31.05.2024 13:00:00 +02:00,16642.12,12735.71
31.05.2024 14:00:00 +02:00,16260.95,12688.46
31.05.2024 15:00:00 +02:00,16048.63,12663.49
31.05.2024 16:00:00 +02:00,16597.74,12686.25
31.05.2024 17:00:00 +02:00,17448.78,12629.87
31.05.2024 18:00:00 +02:00,17551.96,12561.43
31.05.2024 19:00:00 +02:00,17314.36,12427.32
31.05.2024 20:00:00 +02:00,16950.38,12281.41
31.05.2024 21:00:00 +02:00,17065.78,12153.80
31.05.2024 22:00:00 +02:00,17235.81,12066.97
31.05.2024 23:00:00 +02:00,16686.95,11858.48
01.06.2024 00:00:00 +02:00,15930.51,11574.64
01.06.2024 01:00:00 +02:00,15355.28,11210.74
01.06.2024 02:00:00 +02:00,15228.24,10990.33
01.06.2024 03:00:00 +02:00,15210.08,10875.89
01.06.2024 04:00:00 +02:00,14754.48,10640.84
01.06.2024 05:00:00 +02:00,14808.72,10577.71
01.06.2024 06:00:00 +02:00,14941.07,10723.90
01.06.2024 07:00:00 +02:00,15319.55,10983.52
01.06.2024 08:00:00 +02:00,15399.15,11458.32
01.06.2024 09:00:00 +02:00,15578.14,11944.65
01.06.2024 10:00:00 +02:00,14874.55,12140.85
01.06.2024 11:00:00 +02:00,13518.94,12136.10
01.06.2024 12:00:00 +02:00,11293.27,12118.99
01.06.2024 13:00:00 +02:00,10770.46,12078.12
01.06.2024 14:00:00 +02:00,10919.22,12050.59
01.06.2024 15:00:00 +02:00,10728.83,11952.44
01.06.2024 16:00:00 +02:00,11391.43,11976.82
01.06.2024 17:00:00 +02:00,14195.73,12066.77
01.06.2024 18:00:00 +02:00,15135.12,12006.32
01.06.2024 19:00:00 +02:00,15552.36,11957.90
01.06.2024 20:00:00 +02:00,15360.61,11858.85
01.06.2024 21:00:00 +02:00,14951.51,11644.94
01.06.2024 22:00:00 +02:00,14661.70,11530.93
01.06.2024 23:00:00 +02:00,14310.03,11457.61
02.06.2024 00:00:00 +02:00,12887.35,11206.55
02.06.2024 01:00:00 +02:00,11644.09,10957.67
02.06.2024 02:00:00 +02:00,10873.10,10766.82
02.06.2024 03:00:00 +02:00,10067.30,10657.20
02.06.2024 04:00:00 +02:00,9893.07,10416.84
02.06.2024 05:00:00 +02:00,9707.34,10435.36
02.06.2024 06:00:00 +02:00,9442.20,10494.11
02.06.2024 07:00:00 +02:00,9406.22,10666.50
02.06.2024 08:00:00 +02:00,9452.18,10940.06
02.06.2024 09:00:00 +02:00,9943.17,11395.91
02.06.2024 10:00:00 +02:00,10482.80,11661.56
02.06.2024 11:00:00 +02:00,10707.54,11727.67
02.06.2024 12:00:00 +02:00,10342.51,11695.74
02.06.2024 13:00:00 +02:00,8838.51,11648.21
02.06.2024 14:00:00 +02:00,8880.04,11722.40
02.06.2024 15:00:00 +02:00,9360.07,11788.59
02.06.2024 16:00:00 +02:00,10397.58,11799.93
02.06.2024 17:00:00 +02:00,12180.31,11918.11
02.06.2024 18:00:00 +02:00,14585.41,12065.90
02.06.2024 19:00:00 +02:00,16577.94,12200.53
02.06.2024 20:00:00 +02:00,17415.62,12261.59
02.06.2024 21:00:00 +02:00,17298.41,12203.06
02.06.2024 22:00:00 +02:00,16840.75,12113.41
02.06.2024 23:00:00 +02:00,16551.26,11915.70
03.06.2024 00:00:00 +02:00,15726.46,11405.16
03.06.2024 01:00:00 +02:00,14987.20,10972.06
03.06.2024 02:00:00 +02:00,14678.92,10741.40
03.06.2024 03:00:00 +02:00,15101.56,10617.02
03.06.2024 04:00:00 +02:00,15059.71,10606.44
03.06.2024 05:00:00 +02:00,15335.50,10767.68
03.06.2024 06:00:00 +02:00,16411.69,11586.82
03.06.2024 07:00:00 +02:00,17492.67,12520.97
03.06.2024 08:00:00 +02:00,17427.02,12759.62
03.06.2024 09:00:00 +02:00,17052.98,12797.68
03.06.2024 10:00:00 +02:00,17464.30,12771.72
03.06.2024 11:00:00 +02:00,17205.98,12672.42
03.06.2024 12:00:00 +02:00,17685.10,12698.84
03.06.2024 13:00:00 +02:00,17176.65,12610.85
03.06.2024 14:00:00 +02:00,17244.90,12736.20
03.06.2024 15:00:00 +02:00,17229.32,12832.02
03.06.2024 16:00:00 +02:00,16558.81,12897.60
03.06.2024 17:00:00 +02:00,16276.83,12808.15
03.06.2024 18:00:00 +02:00,16170.00,12589.88
03.06.2024 19:00:00 +02:00,16872.96,12717.93
03.06.2024 20:00:00 +02:00,17226.36,12692.25
03.06.2024 21:00:00 +02:00,17057.72,12639.38
03.06.2024 22:00:00 +02:00,16564.73,12438.81
03.06.2024 23:00:00 +02:00,15715.60,12069.98
04.06.2024 00:00:00 +02:00,15200.96,11585.04
04.06.2024 01:00:00 +02:00,15482.79,11284.66
04.06.2024 02:00:00 +02:00,15581.19,11205.76
04.06.2024 03:00:00 +02:00,15572.55,11112.60
04.06.2024 04:00:00 +02:00,15829.50,11035.41
04.06.2024 05:00:00 +02:00,16649.11,11228.62
04.06.2024 06:00:00 +02:00,17404.48,11912.91
04.06.2024 07:00:00 +02:00,18333.28,12829.00
04.06.2024 08:00:00 +02:00,18574.78,13013.11
04.06.2024 09:00:00 +02:00,18239.16,12947.07
04.06.2024 10:00:00 +02:00,17866.24,11533.53
04.06.2024 11:00:00 +02:00,17871.95,12786.45
04.06.2024 12:00:00 +02:00,17359.87,12822.57
04.06.2024 13:00:00 +02:00,16691.52,12933.76
04.06.2024 14:00:00 +02:00,15259.79,12895.54
04.06.2024 15:00:00 +02:00,15759.21,12956.59
04.06.2024 16:00:00 +02:00,16752.99,13138.75
04.06.2024 17:00:00 +02:00,17683.35,13179.78
04.06.2024 18:00:00 +02:00,18201.21,13008.28
04.06.2024 19:00:00 +02:00,18906.57,13023.35
04.06.2024 20:00:00 +02:00,18794.94,13048.28
04.06.2024 21:00:00 +02:00,18017.04,12962.86
04.06.2024 22:00:00 +02:00,17031.26,12754.43
04.06.2024 23:00:00 +02:00,16239.31,12304.82
05.06.2024 00:00:00 +02:00,15361.42,11789.09
05.06.2024 01:00:00 +02:00,14137.75,11431.65
05.06.2024 02:00:00 +02:00,13116.23,11299.52
05.06.2024 03:00:00 +02:00,12626.22,11232.37
05.06.2024 04:00:00 +02:00,12190.61,11167.83
05.06.2024 05:00:00 +02:00,12981.87,11322.38
05.06.2024 06:00:00 +02:00,14682.72,12007.36
05.06.2024 07:00:00 +02:00,16802.71,13070.36
05.06.2024 08:00:00 +02:00,16014.39,13199.16
05.06.2024 09:00:00 +02:00,14865.58,13147.09
05.06.2024 10:00:00 +02:00,13662.75,13105.89
05.06.2024 11:00:00 +02:00,13240.27,13163.41
05.06.2024 12:00:00 +02:00,12560.97,13149.63
05.06.2024 13:00:00 +02:00,11610.82,13142.36
05.06.2024 14:00:00 +02:00,11662.48,13204.41
05.06.2024 15:00:00 +02:00,12149.51,13204.37
05.06.2024 16:00:00 +02:00,13796.73,13378.26
05.06.2024 17:00:00 +02:00,15005.27,13291.70
05.06.2024 18:00:00 +02:00,16237.11,13182.95
05.06.2024 19:00:00 +02:00,16749.54,13218.64
05.06.2024 20:00:00 +02:00,16960.19,13220.48
05.06.2024 21:00:00 +02:00,17181.02,13185.27
05.06.2024 22:00:00 +02:00,16776.28,13010.38
05.06.2024 23:00:00 +02:00,16471.48,12638.50
06.06.2024 00:00:00 +02:00,16523.70,12220.87
06.06.2024 01:00:00 +02:00,16391.00,11926.54
06.06.2024 02:00:00 +02:00,16126.77,11781.24
06.06.2024 03:00:00 +02:00,16369.25,11726.12
06.06.2024 04:00:00 +02:00,16020.88,11608.64
06.06.2024 05:00:00 +02:00,16546.21,11786.84
06.06.2024 06:00:00 +02:00,17400.41,12519.33
06.06.2024 07:00:00 +02:00,17620.18,13435.39
06.06.2024 08:00:00 +02:00,17552.65,13559.60
06.06.2024 09:00:00 +02:00,16984.17,13512.80
06.06.2024 10:00:00 +02:00,15910.10,13206.37
06.06.2024 11:00:00 +02:00,13819.83,13308.51
06.06.2024 12:00:00 +02:00,12189.41,13291.93
06.06.2024 13:00:00 +02:00,11682.27,13257.15
06.06.2024 14:00:00 +02:00,11826.10,13258.10
06.06.2024 15:00:00 +02:00,13375.13,13264.33
06.06.2024 16:00:00 +02:00,14732.38,13309.04
06.06.2024 17:00:00 +02:00,16575.59,13287.85
06.06.2024 18:00:00 +02:00,16627.55,13150.30
06.06.2024 19:00:00 +02:00,17387.93,13108.75
06.06.2024 20:00:00 +02:00,17516.99,13325.99
06.06.2024 21:00:00 +02:00,17567.41,13326.64
06.06.2024 22:00:00 +02:00,16997.71,13155.84
06.06.2024 23:00:00 +02:00,16485.62,12910.59
07.06.2024 00:00:00 +02:00,16301.78,12634.55
07.06.2024 01:00:00 +02:00,16397.74,12203.59
07.06.2024 02:00:00 +02:00,16088.00,12027.67
07.06.2024 03:00:00 +02:00,16003.99,11920.41
07.06.2024 04:00:00 +02:00,16014.65,11859.39
07.06.2024 05:00:00 +02:00,16229.91,11957.12
07.06.2024 06:00:00 +02:00,17618.92,12660.78
07.06.2024 07:00:00 +02:00,18832.06,13524.72
07.06.2024 08:00:00 +02:00,18454.37,13694.97
07.06.2024 09:00:00 +02:00,17915.08,13617.89
07.06.2024 10:00:00 +02:00,17076.32,13499.97
07.06.2024 11:00:00 +02:00,14991.80,13454.57
07.06.2024 12:00:00 +02:00,13204.42,13376.76
07.06.2024 13:00:00 +02:00,11771.43,13345.94
07.06.2024 14:00:00 +02:00,11202.95,13251.67
07.06.2024 15:00:00 +02:00,11072.50,13237.85
07.06.2024 16:00:00 +02:00,13491.21,13291.10
07.06.2024 17:00:00 +02:00,15608.01,13217.20
07.06.2024 18:00:00 +02:00,17235.27,13196.50
07.06.2024 19:00:00 +02:00,17795.23,13081.97
07.06.2024 20:00:00 +02:00,17950.60,12979.64
07.06.2024 21:00:00 +02:00,17940.55,12875.37
07.06.2024 22:00:00 +02:00,17740.26,12774.70
07.06.2024 23:00:00 +02:00,17497.30,12621.09
08.06.2024 00:00:00 +02:00,17072.36,12409.13
08.06.2024 01:00:00 +02:00,16562.33,12066.92
08.06.2024 02:00:00 +02:00,15107.94,11854.16
08.06.2024 03:00:00 +02:00,14197.28,11752.80
08.06.2024 04:00:00 +02:00,13587.24,11619.39
08.06.2024 05:00:00 +02:00,13611.06,11468.07
08.06.2024 06:00:00 +02:00,13992.20,11584.95
08.06.2024 07:00:00 +02:00,14745.25,11901.73
08.06.2024 08:00:00 +02:00,13347.00,12369.07
08.06.2024 09:00:00 +02:00,10782.60,12881.75
08.06.2024 10:00:00 +02:00,9587.74,13172.86
08.06.2024 11:00:00 +02:00,9396.05,13260.67
08.06.2024 12:00:00 +02:00,9072.49,13239.02
08.06.2024 13:00:00 +02:00,9364.32,13221.91
08.06.2024 14:00:00 +02:00,9321.23,13182.84
08.06.2024 15:00:00 +02:00,9101.74,13097.48
08.06.2024 16:00:00 +02:00,9695.66,13099.35
08.06.2024 17:00:00 +02:00,11038.02,13099.94
08.06.2024 18:00:00 +02:00,13116.15,13027.75
08.06.2024 19:00:00 +02:00,14753.84,12988.70
08.06.2024 20:00:00 +02:00,14713.21,12793.33
08.06.2024 21:00:00 +02:00,14710.19,12657.57
08.06.2024 22:00:00 +02:00,14629.72,12541.69
08.06.2024 23:00:00 +02:00,13818.49,12337.71
09.06.2024 00:00:00 +02:00,12735.11,12085.92
09.06.2024 01:00:00 +02:00,11056.91,11901.14
09.06.2024 02:00:00 +02:00,10185.89,11734.93
09.06.2024 03:00:00 +02:00,10063.63,11650.74
09.06.2024 04:00:00 +02:00,9924.19,11662.90
09.06.2024 05:00:00 +02:00,9833.42,11617.95
09.06.2024 06:00:00 +02:00,10309.47,11600.63
09.06.2024 07:00:00 +02:00,9799.49,11689.71
09.06.2024 08:00:00 +02:00,8615.25,11938.97
09.06.2024 09:00:00 +02:00,8577.26,12311.03
09.06.2024 10:00:00 +02:00,9038.32,12650.02
09.06.2024 11:00:00 +02:00,9220.68,12852.39
09.06.2024 12:00:00 +02:00,9295.30,12817.87
09.06.2024 13:00:00 +02:00,9329.16,12863.66
09.06.2024 14:00:00 +02:00,9202.62,12986.26
09.06.2024 15:00:00 +02:00,9327.26,13129.68
09.06.2024 16:00:00 +02:00,9549.88,13079.89
09.06.2024 17:00:00 +02:00,10184.78,13105.07
09.06.2024 18:00:00 +02:00,12621.90,13186.86
09.06.2024 19:00:00 +02:00,14603.47,13254.92
09.06.2024 20:00:00 +02:00,14958.26,13253.03
09.06.2024 21:00:00 +02:00,14838.92,13103.96
09.06.2024 22:00:00 +02:00,14953.55,12972.23
09.06.2024 23:00:00 +02:00,14531.18,12749.54
10.06.2024 00:00:00 +02:00,14515.37,12367.10
10.06.2024 01:00:00 +02:00,13835.28,12059.14
10.06.2024 02:00:00 +02:00,13794.14,11888.55
10.06.2024 03:00:00 +02:00,13775.35,11798.38
10.06.2024 04:00:00 +02:00,12656.87,11717.33
10.06.2024 05:00:00 +02:00,13791.19,11910.66
10.06.2024 06:00:00 +02:00,15877.62,12749.08
10.06.2024 07:00:00 +02:00,16709.78,13754.53
10.06.2024 08:00:00 +02:00,17290.87,13998.12
10.06.2024 09:00:00 +02:00,16784.36,13952.79
10.06.2024 10:00:00 +02:00,16543.54,13830.94
10.06.2024 11:00:00 +02:00,16270.95,13760.04
10.06.2024 12:00:00 +02:00,15391.97,13807.39
10.06.2024 13:00:00 +02:00,14704.22,13673.02
10.06.2024 14:00:00 +02:00,14557.68,13602.73
10.06.2024 15:00:00 +02:00,15266.82,13592.78
10.06.2024 16:00:00 +02:00,17367.96,13619.58
10.06.2024 17:00:00 +02:00,18144.77,13387.30
10.06.2024 18:00:00 +02:00,18910.21,13278.34
10.06.2024 19:00:00 +02:00,19136.97,13310.76
10.06.2024 20:00:00 +02:00,18882.01,13377.47
10.06.2024 21:00:00 +02:00,18842.27,13337.68
10.06.2024 22:00:00 +02:00,17870.59,13114.34
10.06.2024 23:00:00 +02:00,17400.03,12798.36
11.06.2024 00:00:00 +02:00,17088.98,12288.76
11.06.2024 01:00:00 +02:00,16571.78,11922.71
11.06.2024 02:00:00 +02:00,16099.59,11731.88
11.06.2024 03:00:00 +02:00,15624.81,11598.58
11.06.2024 04:00:00 +02:00,15793.80,11461.55
11.06.2024 05:00:00 +02:00,16488.78,11664.44
11.06.2024 06:00:00 +02:00,17664.30,12359.14
11.06.2024 07:00:00 +02:00,18171.13,13305.67
11.06.2024 08:00:00 +02:00,18292.10,13587.22
11.06.2024 09:00:00 +02:00,17682.52,13467.41
11.06.2024 10:00:00 +02:00,15954.71,12922.35
11.06.2024 11:00:00 +02:00,14967.01,13276.50
11.06.2024 12:00:00 +02:00,13863.89,13255.30
11.06.2024 13:00:00 +02:00,12904.07,13265.63
11.06.2024 14:00:00 +02:00,11797.36,13220.82
11.06.2024 15:00:00 +02:00,11944.51,13262.16
11.06.2024 16:00:00 +02:00,13779.06,13435.33
11.06.2024 17:00:00 +02:00,16358.39,13241.09
11.06.2024 18:00:00 +02:00,17795.69,13135.34
11.06.2024 19:00:00 +02:00,19161.36,13165.45
11.06.2024 20:00:00 +02:00,18995.10,13196.48
11.06.2024 21:00:00 +02:00,18828.78,13111.97
11.06.2024 22:00:00 +02:00,18549.32,12964.23
11.06.2024 23:00:00 +02:00,17940.76,12694.04
12.06.2024 00:00:00 +02:00,17486.43,12205.53
12.06.2024 01:00:00 +02:00,17014.47,11913.74
12.06.2024 02:00:00 +02:00,16464.77,11655.25
12.06.2024 03:00:00 +02:00,16419.30,11560.55
12.06.2024 04:00:00 +02:00,16427.62,11444.41
12.06.2024 05:00:00 +02:00,17410.11,11613.40
12.06.2024 06:00:00 +02:00,18231.11,12398.09
12.06.2024 07:00:00 +02:00,19060.27,13301.56
12.06.2024 08:00:00 +02:00,18523.64,13480.41
12.06.2024 09:00:00 +02:00,17682.68,13358.59
12.06.2024 10:00:00 +02:00,16452.17,13171.98
12.06.2024 11:00:00 +02:00,15718.41,13140.49
12.06.2024 12:00:00 +02:00,14799.25,13257.07
12.06.2024 13:00:00 +02:00,14879.96,13259.93
12.06.2024 14:00:00 +02:00,14627.91,13189.33
12.06.2024 15:00:00 +02:00,15345.98,13185.84
12.06.2024 16:00:00 +02:00,16712.36,13232.40
12.06.2024 17:00:00 +02:00,18353.73,13205.40
12.06.2024 18:00:00 +02:00,18347.84,13116.78
12.06.2024 19:00:00 +02:00,18921.64,13218.31
12.06.2024 20:00:00 +02:00,18934.30,13267.91
12.06.2024 21:00:00 +02:00,18546.16,13182.30
12.06.2024 22:00:00 +02:00,18580.66,13064.48
12.06.2024 23:00:00 +02:00,18501.97,12833.76
13.06.2024 00:00:00 +02:00,17651.56,12299.60
13.06.2024 01:00:00 +02:00,16756.35,11915.36
13.06.2024 02:00:00 +02:00,16627.57,11748.89
13.06.2024 03:00:00 +02:00,16199.30,11642.94
13.06.2024 04:00:00 +02:00,16077.67,11558.89
13.06.2024 05:00:00 +02:00,16113.02,11698.53
13.06.2024 06:00:00 +02:00,17890.74,12512.87
13.06.2024 07:00:00 +02:00,18722.72,13327.99
13.06.2024 08:00:00 +02:00,18582.71,13578.93
13.06.2024 09:00:00 +02:00,18473.49,13572.33
13.06.2024 10:00:00 +02:00,18081.50,13478.00
13.06.2024 11:00:00 +02:00,17396.22,13320.91
13.06.2024 12:00:00 +02:00,16454.68,13295.32
13.06.2024 13:00:00 +02:00,15651.59,13077.79
13.06.2024 14:00:00 +02:00,16168.56,13225.32
13.06.2024 15:00:00 +02:00,17062.95,13302.92
13.06.2024 16:00:00 +02:00,18464.23,13381.84
13.06.2024 17:00:00 +02:00,18211.45,13051.68
13.06.2024 18:00:00 +02:00,18995.42,13211.70
13.06.2024 19:00:00 +02:00,20242.65,13368.86
13.06.2024 20:00:00 +02:00,20382.18,13432.67
13.06.2024 21:00:00 +02:00,19819.81,13353.43
13.06.2024 22:00:00 +02:00,19692.70,13142.01
13.06.2024 23:00:00 +02:00,19023.78,12841.04
14.06.2024 00:00:00 +02:00,18499.95,12353.54
14.06.2024 01:00:00 +02:00,17528.34,12005.14
14.06.2024 02:00:00 +02:00,16795.28,11872.53
14.06.2024 03:00:00 +02:00,16636.98,11741.24
14.06.2024 04:00:00 +02:00,16546.86,11667.84
14.06.2024 05:00:00 +02:00,17508.01,11812.88
14.06.2024 06:00:00 +02:00,19029.81,12491.96
14.06.2024 07:00:00 +02:00,20334.75,13430.77
14.06.2024 08:00:00 +02:00,20377.99,13747.31
14.06.2024 09:00:00 +02:00,20015.85,13650.63
14.06.2024 10:00:00 +02:00,19682.39,13481.42
14.06.2024 11:00:00 +02:00,19037.26,13349.91
14.06.2024 12:00:00 +02:00,18798.03,13314.23
14.06.2024 13:00:00 +02:00,17983.58,13185.13
14.06.2024 14:00:00 +02:00,17264.49,13149.19
14.06.2024 15:00:00 +02:00,18581.55,13127.81
14.06.2024 16:00:00 +02:00,18667.24,13131.21
14.06.2024 17:00:00 +02:00,19226.46,13074.60
14.06.2024 18:00:00 +02:00,19188.14,12942.59
14.06.2024 19:00:00 +02:00,19174.44,12814.01
14.06.2024 20:00:00 +02:00,19213.21,12724.46
14.06.2024 21:00:00 +02:00,19019.90,12526.42
14.06.2024 22:00:00 +02:00,18280.35,12368.70
14.06.2024 23:00:00 +02:00,17600.78,12203.48
15.06.2024 00:00:00 +02:00,17381.08,11926.60
15.06.2024 01:00:00 +02:00,16420.00,11624.75
15.06.2024 02:00:00 +02:00,14837.40,11469.70
15.06.2024 03:00:00 +02:00,14142.41,11316.14
15.06.2024 04:00:00 +02:00,12769.40,11203.35
15.06.2024 05:00:00 +02:00,11965.80,11260.50
15.06.2024 06:00:00 +02:00,11130.42,11450.60
15.06.2024 07:00:00 +02:00,10381.56,11759.26
15.06.2024 08:00:00 +02:00,10075.63,12137.85
15.06.2024 09:00:00 +02:00,10010.66,12570.99
15.06.2024 10:00:00 +02:00,10261.58,12803.92
15.06.2024 11:00:00 +02:00,10162.32,12738.95
15.06.2024 12:00:00 +02:00,9858.11,12621.71
15.06.2024 13:00:00 +02:00,9736.18,12596.00
15.06.2024 14:00:00 +02:00,9865.12,12582.12
15.06.2024 15:00:00 +02:00,10120.45,12696.91
15.06.2024 16:00:00 +02:00,10306.99,12726.69
15.06.2024 17:00:00 +02:00,10991.61,12744.36
15.06.2024 18:00:00 +02:00,11474.55,12682.58
15.06.2024 19:00:00 +02:00,13902.74,12577.93
15.06.2024 20:00:00 +02:00,15965.89,12384.62
15.06.2024 21:00:00 +02:00,16300.39,12212.80
15.06.2024 22:00:00 +02:00,15689.98,11983.07
15.06.2024 23:00:00 +02:00,15014.39,11936.92
16.06.2024 00:00:00 +02:00,12967.35,11685.27
16.06.2024 01:00:00 +02:00,11376.20,11516.33
16.06.2024 02:00:00 +02:00,10802.48,11328.29
16.06.2024 03:00:00 +02:00,10201.19,11196.51
16.06.2024 04:00:00 +02:00,10180.22,11113.20
16.06.2024 05:00:00 +02:00,10405.04,11029.33
16.06.2024 06:00:00 +02:00,10621.68,11069.99
16.06.2024 07:00:00 +02:00,9760.79,11299.50
16.06.2024 08:00:00 +02:00,9419.02,11693.28
16.06.2024 09:00:00 +02:00,9135.41,12031.02
16.06.2024 10:00:00 +02:00,9146.29,12288.51
16.06.2024 11:00:00 +02:00,9432.87,12339.25
16.06.2024 12:00:00 +02:00,9305.70,12323.25
16.06.2024 13:00:00 +02:00,9116.83,12282.02
16.06.2024 14:00:00 +02:00,9168.09,12264.75
16.06.2024 15:00:00 +02:00,9685.00,12272.75
16.06.2024 16:00:00 +02:00,10188.28,12354.87
16.06.2024 17:00:00 +02:00,12218.33,12426.00
16.06.2024 18:00:00 +02:00,15442.76,12430.99
16.06.2024 19:00:00 +02:00,17870.41,12514.51
16.06.2024 20:00:00 +02:00,18574.59,12565.58
16.06.2024 21:00:00 +02:00,18503.53,12512.16
16.06.2024 22:00:00 +02:00,17920.59,12300.98
16.06.2024 23:00:00 +02:00,17307.42,12038.57
17.06.2024 00:00:00 +02:00,16420.77,11712.88
17.06.2024 01:00:00 +02:00,16379.47,11493.55
17.06.2024 02:00:00 +02:00,16170.26,11229.88
17.06.2024 03:00:00 +02:00,16368.94,11178.40
17.06.2024 04:00:00 +02:00,16820.94,11135.31
17.06.2024 05:00:00 +02:00,17714.48,11343.60
17.06.2024 06:00:00 +02:00,19286.09,12040.65
17.06.2024 07:00:00 +02:00,19691.69,13047.81
17.06.2024 08:00:00 +02:00,19464.68,13378.27
17.06.2024 09:00:00 +02:00,19366.66,13240.14
17.06.2024 10:00:00 +02:00,19003.74,13238.06
17.06.2024 11:00:00 +02:00,18678.80,13180.64
17.06.2024 12:00:00 +02:00,17331.97,13246.80
17.06.2024 13:00:00 +02:00,16735.93,13183.13
17.06.2024 14:00:00 +02:00,17135.58,13170.67
17.06.2024 15:00:00 +02:00,17918.74,13198.85
17.06.2024 16:00:00 +02:00,18814.63,13296.64
17.06.2024 17:00:00 +02:00,19392.64,13201.73
17.06.2024 18:00:00 +02:00,19451.53,13049.53
17.06.2024 19:00:00 +02:00,19506.40,12986.38
17.06.2024 20:00:00 +02:00,19654.22,13021.53
17.06.2024 21:00:00 +02:00,19338.51,12941.05
17.06.2024 22:00:00 +02:00,19343.17,12731.56
17.06.2024 23:00:00 +02:00,18341.17,12477.92
18.06.2024 00:00:00 +02:00,17123.69,11752.02
18.06.2024 01:00:00 +02:00,16734.85,11571.33
18.06.2024 02:00:00 +02:00,16552.10,11422.49
18.06.2024 03:00:00 +02:00,16412.83,11302.26
18.06.2024 04:00:00 +02:00,16579.93,11210.35
18.06.2024 05:00:00 +02:00,17064.59,11388.91
18.06.2024 06:00:00 +02:00,17903.96,12132.33
18.06.2024 07:00:00 +02:00,18492.52,13089.99
18.06.2024 08:00:00 +02:00,18395.01,13307.46
18.06.2024 09:00:00 +02:00,17784.32,13262.31
18.06.2024 10:00:00 +02:00,17990.34,12707.33
18.06.2024 11:00:00 +02:00,17447.11,13151.13
18.06.2024 12:00:00 +02:00,17357.59,13180.76
18.06.2024 13:00:00 +02:00,17875.35,13159.46
18.06.2024 14:00:00 +02:00,18001.66,12959.42
18.06.2024 15:00:00 +02:00,18405.88,13137.95
18.06.2024 16:00:00 +02:00,18215.92,13295.79
18.06.2024 17:00:00 +02:00,18308.94,13247.10
18.06.2024 18:00:00 +02:00,18273.72,13133.27
18.06.2024 19:00:00 +02:00,18132.88,13092.45
18.06.2024 20:00:00 +02:00,18326.40,13180.77
18.06.2024 21:00:00 +02:00,18242.72,13083.26
18.06.2024 22:00:00 +02:00,17884.16,12883.56
18.06.2024 23:00:00 +02:00,16944.35,12525.70
19.06.2024 00:00:00 +02:00,16210.48,11973.34
19.06.2024 01:00:00 +02:00,16086.94,11431.34
19.06.2024 02:00:00 +02:00,16019.32,11480.87
19.06.2024 03:00:00 +02:00,16110.93,11439.35
19.06.2024 04:00:00 +02:00,16260.15,11392.55
19.06.2024 05:00:00 +02:00,16795.07,11473.53
19.06.2024 06:00:00 +02:00,18016.47,12190.19
19.06.2024 07:00:00 +02:00,18881.38,12959.36
19.06.2024 08:00:00 +02:00,18129.84,13089.26
19.06.2024 09:00:00 +02:00,17551.39,13063.10
19.06.2024 10:00:00 +02:00,17168.01,13112.87
19.06.2024 11:00:00 +02:00,16411.63,13002.76
19.06.2024 12:00:00 +02:00,15348.30,12999.71
19.06.2024 13:00:00 +02:00,14434.10,13138.20
19.06.2024 14:00:00 +02:00,13437.14,13139.11
19.06.2024 15:00:00 +02:00,13122.79,13115.40
19.06.2024 16:00:00 +02:00,13065.74,13134.26
19.06.2024 17:00:00 +02:00,14612.52,13041.95
19.06.2024 18:00:00 +02:00,14999.31,12940.53
19.06.2024 19:00:00 +02:00,15542.44,12974.27
19.06.2024 20:00:00 +02:00,16810.33,13088.38
19.06.2024 21:00:00 +02:00,17804.13,13102.29
19.06.2024 22:00:00 +02:00,17853.74,12977.37
19.06.2024 23:00:00 +02:00,17396.81,12674.73
20.06.2024 00:00:00 +02:00,16373.12,12072.02
20.06.2024 01:00:00 +02:00,15919.45,11716.68
20.06.2024 02:00:00 +02:00,16087.17,11550.36
20.06.2024 03:00:00 +02:00,16180.08,11431.50
20.06.2024 04:00:00 +02:00,16255.95,11377.58
20.06.2024 05:00:00 +02:00,16860.23,11548.24
20.06.2024 06:00:00 +02:00,18087.53,12263.05
20.06.2024 07:00:00 +02:00,19071.88,13182.90
20.06.2024 08:00:00 +02:00,18815.16,13445.63
20.06.2024 09:00:00 +02:00,17774.95,13358.31
20.06.2024 10:00:00 +02:00,16903.71,13006.93
20.06.2024 11:00:00 +02:00,16057.25,13121.79
20.06.2024 12:00:00 +02:00,16050.77,13095.87
20.06.2024 13:00:00 +02:00,16162.03,13134.94
20.06.2024 14:00:00 +02:00,16310.96,13217.82
20.06.2024 15:00:00 +02:00,16436.64,13256.59
20.06.2024 16:00:00 +02:00,16497.72,13347.35
20.06.2024 17:00:00 +02:00,16438.87,13248.49
20.06.2024 18:00:00 +02:00,16114.34,13205.32
20.06.2024 19:00:00 +02:00,17136.27,13157.66
20.06.2024 20:00:00 +02:00,17487.27,13234.97
20.06.2024 21:00:00 +02:00,17252.46,13157.16
20.06.2024 22:00:00 +02:00,17126.49,12907.53
20.06.2024 23:00:00 +02:00,16705.10,12728.76
21.06.2024 00:00:00 +02:00,16091.22,12187.56
21.06.2024 01:00:00 +02:00,15757.82,11825.09
21.06.2024 02:00:00 +02:00,15748.52,11700.07
21.06.2024 03:00:00 +02:00,15822.95,11600.16
21.06.2024 04:00:00 +02:00,15914.09,11550.35
21.06.2024 05:00:00 +02:00,16309.90,11673.67
21.06.2024 06:00:00 +02:00,16476.43,12285.93
21.06.2024 07:00:00 +02:00,16948.99,13132.11
21.06.2024 08:00:00 +02:00,16793.78,13471.88
21.06.2024 09:00:00 +02:00,16720.81,13435.25
21.06.2024 10:00:00 +02:00,16360.04,13336.36
21.06.2024 11:00:00 +02:00,16062.31,13190.63
21.06.2024 12:00:00 +02:00,15935.89,13121.98
21.06.2024 13:00:00 +02:00,15637.27,13038.04
21.06.2024 14:00:00 +02:00,15715.54,12996.60
21.06.2024 15:00:00 +02:00,16010.18,12957.16
21.06.2024 16:00:00 +02:00,16284.72,12909.14
21.06.2024 17:00:00 +02:00,16622.78,12775.25
21.06.2024 18:00:00 +02:00,17046.18,12714.01
21.06.2024 19:00:00 +02:00,17084.45,12711.59
21.06.2024 20:00:00 +02:00,17191.12,12636.26
21.06.2024 21:00:00 +02:00,17395.13,12552.63
21.06.2024 22:00:00 +02:00,16986.29,12338.94
21.06.2024 23:00:00 +02:00,16663.90,12212.70
22.06.2024 00:00:00 +02:00,16598.26,11901.05
22.06.2024 01:00:00 +02:00,16454.83,11651.08
22.06.2024 02:00:00 +02:00,15839.70,11370.65
22.06.2024 03:00:00 +02:00,15407.60,11209.65
22.06.2024 04:00:00 +02:00,14566.17,11025.47
22.06.2024 05:00:00 +02:00,14105.99,10991.11
22.06.2024 06:00:00 +02:00,13852.55,10991.32
22.06.2024 07:00:00 +02:00,14570.99,11224.86
22.06.2024 08:00:00 +02:00,14017.71,11635.93
22.06.2024 09:00:00 +02:00,12314.01,12151.48
22.06.2024 10:00:00 +02:00,10479.07,12552.58
22.06.2024 11:00:00 +02:00,10185.31,12704.63
22.06.2024 12:00:00 +02:00,9490.83,12699.27
22.06.2024 13:00:00 +02:00,9379.89,12751.74
22.06.2024 14:00:00 +02:00,9354.47,12669.10
22.06.2024 15:00:00 +02:00,9943.73,12630.54
22.06.2024 16:00:00 +02:00,11590.92,12579.73
22.06.2024 17:00:00 +02:00,14323.92,12542.32
22.06.2024 18:00:00 +02:00,16944.97,12491.88
22.06.2024 19:00:00 +02:00,17556.57,12423.47
22.06.2024 20:00:00 +02:00,17526.80,12321.65
22.06.2024 21:00:00 +02:00,17135.16,12147.26
22.06.2024 22:00:00 +02:00,16616.05,11929.55
22.06.2024 23:00:00 +02:00,16332.60,11765.56
23.06.2024 00:00:00 +02:00,16165.96,11438.74
23.06.2024 01:00:00 +02:00,16075.30,11148.89
23.06.2024 02:00:00 +02:00,15769.08,11037.57
23.06.2024 03:00:00 +02:00,15512.25,10897.25
23.06.2024 04:00:00 +02:00,15476.75,10762.84
23.06.2024 05:00:00 +02:00,15671.72,10732.73
23.06.2024 06:00:00 +02:00,15620.64,10768.09
23.06.2024 07:00:00 +02:00,13759.89,10895.74
23.06.2024 08:00:00 +02:00,11283.75,11165.98
23.06.2024 09:00:00 +02:00,10083.58,11558.96
23.06.2024 10:00:00 +02:00,10168.34,11939.16
23.06.2024 11:00:00 +02:00,10345.41,12090.71
23.06.2024 12:00:00 +02:00,9564.63,12087.68
23.06.2024 13:00:00 +02:00,9249.37,12048.42
23.06.2024 14:00:00 +02:00,9764.57,12038.83
23.06.2024 15:00:00 +02:00,10130.00,12048.04
23.06.2024 16:00:00 +02:00,11040.79,12100.16
23.06.2024 17:00:00 +02:00,13763.43,12122.28
23.06.2024 18:00:00 +02:00,16645.27,12065.59
23.06.2024 19:00:00 +02:00,18284.70,12196.17
23.06.2024 20:00:00 +02:00,18872.67,12288.71
23.06.2024 21:00:00 +02:00,18392.83,12211.17
23.06.2024 22:00:00 +02:00,17703.22,12128.84
23.06.2024 23:00:00 +02:00,17199.74,11999.26
24.06.2024 00:00:00 +02:00,16254.41,11589.64
24.06.2024 01:00:00 +02:00,15712.86,11324.87
24.06.2024 02:00:00 +02:00,15435.39,11151.97
24.06.2024 03:00:00 +02:00,15198.65,11036.72
24.06.2024 04:00:00 +02:00,15037.03,10948.40
24.06.2024 05:00:00 +02:00,15778.70,11153.99
24.06.2024 06:00:00 +02:00,16512.54,11827.20
24.06.2024 07:00:00 +02:00,17287.47,12650.04
24.06.2024 08:00:00 +02:00,17601.79,12941.43
24.06.2024 09:00:00 +02:00,17153.94,12906.17
24.06.2024 10:00:00 +02:00,17173.43,12979.54
24.06.2024 11:00:00 +02:00,15240.66,12873.86
24.06.2024 12:00:00 +02:00,13375.59,12872.75
24.06.2024 13:00:00 +02:00,13451.13,12870.53
24.06.2024 14:00:00 +02:00,13291.39,12801.29
24.06.2024 15:00:00 +02:00,14701.23,12819.55
24.06.2024 16:00:00 +02:00,15828.85,12839.62
24.06.2024 17:00:00 +02:00,16855.23,12765.03
24.06.2024 18:00:00 +02:00,17348.71,12718.31
24.06.2024 19:00:00 +02:00,18001.19,12775.69
24.06.2024 20:00:00 +02:00,18473.39,12709.96
24.06.2024 21:00:00 +02:00,18415.18,12721.64
24.06.2024 22:00:00 +02:00,17634.12,12457.26
24.06.2024 23:00:00 +02:00,16124.34,12188.24
25.06.2024 00:00:00 +02:00,14937.19,11618.52
25.06.2024 01:00:00 +02:00,14445.01,11247.95
25.06.2024 02:00:00 +02:00,14467.98,11133.11
25.06.2024 03:00:00 +02:00,14229.14,11005.56
25.06.2024 04:00:00 +02:00,13960.30,10893.85
25.06.2024 05:00:00 +02:00,14049.34,11010.05
25.06.2024 06:00:00 +02:00,14439.73,11603.44
25.06.2024 07:00:00 +02:00,15233.81,12406.12
25.06.2024 08:00:00 +02:00,15256.94,12731.16
25.06.2024 09:00:00 +02:00,14616.02,12783.83
25.06.2024 10:00:00 +02:00,13205.38,12472.80
25.06.2024 11:00:00 +02:00,12153.49,12866.66
25.06.2024 12:00:00 +02:00,10906.51,12805.61
25.06.2024 13:00:00 +02:00,10535.80,12798.95
25.06.2024 14:00:00 +02:00,10158.84,12807.86
25.06.2024 15:00:00 +02:00,10922.71,12788.39
25.06.2024 16:00:00 +02:00,13216.20,12820.30
25.06.2024 17:00:00 +02:00,15375.88,12814.34
25.06.2024 18:00:00 +02:00,16357.42,12729.01
25.06.2024 19:00:00 +02:00,16492.76,12669.72
25.06.2024 20:00:00 +02:00,16681.47,12639.27
25.06.2024 21:00:00 +02:00,16463.21,12583.76
25.06.2024 22:00:00 +02:00,15094.26,12315.18
25.06.2024 23:00:00 +02:00,14261.24,12038.61
26.06.2024 00:00:00 +02:00,14318.83,11637.21
26.06.2024 01:00:00 +02:00,13313.17,11270.72
26.06.2024 02:00:00 +02:00,13118.67,11014.73
26.06.2024 03:00:00 +02:00,12939.23,10894.35
26.06.2024 04:00:00 +02:00,12832.15,10798.08
26.06.2024 05:00:00 +02:00,13779.57,10916.52
26.06.2024 06:00:00 +02:00,14850.20,11527.09
26.06.2024 07:00:00 +02:00,16233.08,12324.71
26.06.2024 08:00:00 +02:00,16759.97,12667.49
26.06.2024 09:00:00 +02:00,16803.62,12675.68
26.06.2024 10:00:00 +02:00,15599.37,12654.87
26.06.2024 11:00:00 +02:00,14113.98,12688.76
26.06.2024 12:00:00 +02:00,13047.52,12658.84
26.06.2024 13:00:00 +02:00,12170.98,12590.11
26.06.2024 14:00:00 +02:00,12459.25,12520.77
26.06.2024 15:00:00 +02:00,14850.07,12551.82
26.06.2024 16:00:00 +02:00,16341.73,12621.38
26.06.2024 17:00:00 +02:00,17216.40,12539.58
26.06.2024 18:00:00 +02:00,17210.54,12477.72
26.06.2024 19:00:00 +02:00,17621.35,12463.88
26.06.2024 20:00:00 +02:00,17813.75,12504.47
26.06.2024 21:00:00 +02:00,17383.15,12408.78
26.06.2024 22:00:00 +02:00,16325.44,12258.67
26.06.2024 23:00:00 +02:00,15569.73,11948.87
27.06.2024 00:00:00 +02:00,14732.20,11488.09
27.06.2024 01:00:00 +02:00,14314.36,11135.72
27.06.2024 02:00:00 +02:00,13994.05,10876.76
27.06.2024 03:00:00 +02:00,13959.02,10715.57
27.06.2024 04:00:00 +02:00,13867.27,10605.80
27.06.2024 05:00:00 +02:00,14439.71,10704.81
27.06.2024 06:00:00 +02:00,15207.64,11309.36
27.06.2024 07:00:00 +02:00,16021.93,12036.67
27.06.2024 08:00:00 +02:00,16817.63,12429.49
27.06.2024 09:00:00 +02:00,16153.46,12479.51
27.06.2024 10:00:00 +02:00,15680.36,12299.13
27.06.2024 11:00:00 +02:00,15198.98,12417.19
27.06.2024 12:00:00 +02:00,14496.65,12498.58
27.06.2024 13:00:00 +02:00,13691.10,12597.83
27.06.2024 14:00:00 +02:00,12871.11,12628.08
27.06.2024 15:00:00 +02:00,13523.12,12553.96
27.06.2024 16:00:00 +02:00,14836.24,12629.39
27.06.2024 17:00:00 +02:00,15627.37,12620.84
27.06.2024 18:00:00 +02:00,16168.04,12571.50
27.06.2024 19:00:00 +02:00,16874.93,12602.36
27.06.2024 20:00:00 +02:00,17224.18,12547.05
27.06.2024 21:00:00 +02:00,16926.38,12462.20
27.06.2024 22:00:00 +02:00,16018.30,12193.02
27.06.2024 23:00:00 +02:00,15302.84,11940.32
28.06.2024 00:00:00 +02:00,14869.14,11446.26
28.06.2024 01:00:00 +02:00,13718.44,11072.19
28.06.2024 02:00:00 +02:00,13130.80,10926.59
28.06.2024 03:00:00 +02:00,12454.47,10771.29
28.06.2024 04:00:00 +02:00,12350.22,10669.75
28.06.2024 05:00:00 +02:00,12622.60,10755.64
28.06.2024 06:00:00 +02:00,14478.14,11323.70
28.06.2024 07:00:00 +02:00,16840.30,12162.10
28.06.2024 08:00:00 +02:00,17676.94,12555.06
28.06.2024 09:00:00 +02:00,16523.56,12661.28
28.06.2024 10:00:00 +02:00,13984.57,12684.76
28.06.2024 11:00:00 +02:00,11448.28,12698.57
28.06.2024 12:00:00 +02:00,11140.35,12667.77
28.06.2024 13:00:00 +02:00,11295.22,12653.60
28.06.2024 14:00:00 +02:00,10668.55,12719.16
28.06.2024 15:00:00 +02:00,10422.05,12638.72
28.06.2024 16:00:00 +02:00,10890.11,12627.36
28.06.2024 17:00:00 +02:00,12633.24,12429.89
28.06.2024 18:00:00 +02:00,13797.18,12284.21
28.06.2024 19:00:00 +02:00,15332.60,12172.44
28.06.2024 20:00:00 +02:00,16388.25,12148.01
28.06.2024 21:00:00 +02:00,16101.26,12002.60
28.06.2024 22:00:00 +02:00,15812.59,11809.47
28.06.2024 23:00:00 +02:00,15849.05,11710.73
29.06.2024 00:00:00 +02:00,15054.07,11326.57
29.06.2024 01:00:00 +02:00,14403.34,10979.83
29.06.2024 02:00:00 +02:00,14675.09,10794.59
29.06.2024 03:00:00 +02:00,14445.41,10660.84
29.06.2024 04:00:00 +02:00,13724.55,10489.13
29.06.2024 05:00:00 +02:00,13819.48,10439.89
29.06.2024 06:00:00 +02:00,14427.19,10551.28
29.06.2024 07:00:00 +02:00,14489.54,10773.33
29.06.2024 08:00:00 +02:00,13222.30,11146.13
29.06.2024 09:00:00 +02:00,11709.07,11575.77
29.06.2024 10:00:00 +02:00,10904.08,11881.26
29.06.2024 11:00:00 +02:00,9935.14,11954.92
29.06.2024 12:00:00 +02:00,9345.35,11987.42
29.06.2024 13:00:00 +02:00,9446.70,11973.37
29.06.2024 14:00:00 +02:00,9662.33,11860.59
29.06.2024 15:00:00 +02:00,11055.90,11756.11
29.06.2024 16:00:00 +02:00,12874.99,11712.52
29.06.2024 17:00:00 +02:00,14413.72,11889.57
29.06.2024 18:00:00 +02:00,16024.62,11910.98
29.06.2024 19:00:00 +02:00,16449.16,11878.64
29.06.2024 20:00:00 +02:00,16319.91,11850.46
29.06.2024 21:00:00 +02:00,15974.17,11703.48
29.06.2024 22:00:00 +02:00,15678.89,11530.80
29.06.2024 23:00:00 +02:00,15520.06,11444.09
30.06.2024 00:00:00 +02:00,15392.38,11211.09
30.06.2024 01:00:00 +02:00,14984.99,10965.63
30.06.2024 02:00:00 +02:00,14765.52,10789.29
30.06.2024 03:00:00 +02:00,14531.94,10698.46
30.06.2024 04:00:00 +02:00,14277.17,10549.97
30.06.2024 05:00:00 +02:00,13967.75,10470.04
30.06.2024 06:00:00 +02:00,12891.68,10473.59
30.06.2024 07:00:00 +02:00,11856.16,10703.66
30.06.2024 08:00:00 +02:00,10916.53,10875.58
30.06.2024 09:00:00 +02:00,10160.52,11282.58
30.06.2024 10:00:00 +02:00,10113.66,11578.75
30.06.2024 11:00:00 +02:00,10143.57,11679.76
30.06.2024 12:00:00 +02:00,10239.48,11780.31
30.06.2024 13:00:00 +02:00,10023.94,11773.38
30.06.2024 14:00:00 +02:00,9906.06,11746.02
30.06.2024 15:00:00 +02:00,11511.63,11797.54
30.06.2024 16:00:00 +02:00,14638.23,11830.12
30.06.2024 17:00:00 +02:00,16974.56,11933.61
30.06.2024 18:00:00 +02:00,18317.25,11999.11
30.06.2024 19:00:00 +02:00,19103.08,12013.19
30.06.2024 20:00:00 +02:00,18783.28,12081.42
30.06.2024 21:00:00 +02:00,18746.04,12030.10
30.06.2024 22:00:00 +02:00,18457.05,11919.83
30.06.2024 23:00:00 +02:00,17398.42,11727.06
01.07.2024 00:00:00 +02:00,17063.13,11363.72
01.07.2024 01:00:00 +02:00,16766.89,11044.86
01.07.2024 02:00:00 +02:00,16690.20,10889.35
01.07.2024 03:00:00 +02:00,16306.08,10787.07
01.07.2024 04:00:00 +02:00,16312.60,10694.69
01.07.2024 05:00:00 +02:00,16462.53,10826.41
01.07.2024 06:00:00 +02:00,17429.21,11414.07
01.07.2024 07:00:00 +02:00,18299.80,12162.95
01.07.2024 08:00:00 +02:00,18639.95,12465.52
01.07.2024 09:00:00 +02:00,18918.85,12681.93
01.07.2024 10:00:00 +02:00,19186.83,12710.77
01.07.2024 11:00:00 +02:00,19397.43,12811.21
01.07.2024 12:00:00 +02:00,19232.55,12900.57
01.07.2024 13:00:00 +02:00,18937.06,12937.37
01.07.2024 14:00:00 +02:00,17801.77,12895.84
01.07.2024 15:00:00 +02:00,16783.74,12838.18
01.07.2024 16:00:00 +02:00,17380.14,12782.95
01.07.2024 17:00:00 +02:00,18233.27,12692.38
01.07.2024 18:00:00 +02:00,18528.44,12677.17
01.07.2024 19:00:00 +02:00,18478.34,12685.31
01.07.2024 20:00:00 +02:00,18237.44,12669.42
01.07.2024 21:00:00 +02:00,18205.12,12491.01
01.07.2024 22:00:00 +02:00,17857.36,12275.16
01.07.2024 23:00:00 +02:00,17134.36,11983.74
02.07.2024 00:00:00 +02:00,16239.56,11517.35
02.07.2024 01:00:00 +02:00,15800.11,11209.16
02.07.2024 02:00:00 +02:00,15555.46,11046.15
02.07.2024 03:00:00 +02:00,15440.55,10950.72
02.07.2024 04:00:00 +02:00,15376.14,10842.69
02.07.2024 05:00:00 +02:00,15790.06,10924.49
02.07.2024 06:00:00 +02:00,16700.34,11539.77
02.07.2024 07:00:00 +02:00,17701.56,12378.42
02.07.2024 08:00:00 +02:00,17776.57,12837.01
02.07.2024 09:00:00 +02:00,17581.56,12955.48
02.07.2024 10:00:00 +02:00,17010.39,12799.42
02.07.2024 11:00:00 +02:00,16606.59,12980.68
02.07.2024 12:00:00 +02:00,16511.33,12994.83
02.07.2024 13:00:00 +02:00,16553.37,12987.05
02.07.2024 14:00:00 +02:00,16284.81,12952.40
02.07.2024 15:00:00 +02:00,16213.01,12879.45
02.07.2024 16:00:00 +02:00,16212.04,12895.30
02.07.2024 17:00:00 +02:00,17126.35,12838.28
02.07.2024 18:00:00 +02:00,17828.42,12831.84
02.07.2024 19:00:00 +02:00,17803.41,12801.21
02.07.2024 20:00:00 +02:00,17496.59,12727.00
02.07.2024 21:00:00 +02:00,17569.65,12610.69
02.07.2024 22:00:00 +02:00,17647.77,12363.44
02.07.2024 23:00:00 +02:00,17209.22,12180.98
03.07.2024 00:00:00 +02:00,16464.21,11704.93
03.07.2024 01:00:00 +02:00,16119.55,11374.25
03.07.2024 02:00:00 +02:00,15651.39,11214.60
03.07.2024 03:00:00 +02:00,15551.03,11082.27
03.07.2024 04:00:00 +02:00,15535.14,11005.82
03.07.2024 05:00:00 +02:00,16197.63,11116.52
03.07.2024 06:00:00 +02:00,17764.37,11669.36
03.07.2024 07:00:00 +02:00,18068.05,12330.38
03.07.2024 08:00:00 +02:00,18703.68,12595.83
03.07.2024 09:00:00 +02:00,18519.55,12709.16
03.07.2024 10:00:00 +02:00,18081.67,12496.03
03.07.2024 11:00:00 +02:00,18243.75,12624.82
03.07.2024 12:00:00 +02:00,17999.38,12563.66
03.07.2024 13:00:00 +02:00,17835.11,12569.31
03.07.2024 14:00:00 +02:00,16767.06,12584.67
03.07.2024 15:00:00 +02:00,16080.81,12522.41
03.07.2024 16:00:00 +02:00,16222.84,12552.69
03.07.2024 17:00:00 +02:00,18198.49,12564.62
03.07.2024 18:00:00 +02:00,18684.25,12517.75
03.07.2024 19:00:00 +02:00,18758.39,12521.77
03.07.2024 20:00:00 +02:00,19192.72,12570.01
03.07.2024 21:00:00 +02:00,18721.66,12417.45
03.07.2024 22:00:00 +02:00,18319.44,12240.59
03.07.2024 23:00:00 +02:00,17403.14,11954.17
04.07.2024 00:00:00 +02:00,15563.40,11494.51
04.07.2024 01:00:00 +02:00,13402.47,11228.35
04.07.2024 02:00:00 +02:00,11901.33,11100.66
04.07.2024 03:00:00 +02:00,11038.23,11066.32
04.07.2024 04:00:00 +02:00,10568.93,10987.05
04.07.2024 05:00:00 +02:00,10644.27,11029.42
04.07.2024 06:00:00 +02:00,11766.08,11536.38
04.07.2024 07:00:00 +02:00,13058.77,12297.06
04.07.2024 08:00:00 +02:00,13755.46,12774.14
04.07.2024 09:00:00 +02:00,11832.06,12821.90
04.07.2024 10:00:00 +02:00,10583.34,12854.82
04.07.2024 11:00:00 +02:00,10117.76,13150.53
04.07.2024 12:00:00 +02:00,9759.60,13200.27
04.07.2024 13:00:00 +02:00,9715.81,13234.98
04.07.2024 14:00:00 +02:00,9754.35,13277.07
04.07.2024 15:00:00 +02:00,9505.26,13207.84
04.07.2024 16:00:00 +02:00,9813.78,13152.24
04.07.2024 17:00:00 +02:00,10106.39,13044.53
04.07.2024 18:00:00 +02:00,11192.84,12952.83
04.07.2024 19:00:00 +02:00,13296.73,12804.85
04.07.2024 20:00:00 +02:00,15042.37,12715.54
04.07.2024 21:00:00 +02:00,15343.61,12619.73
04.07.2024 22:00:00 +02:00,15238.14,12419.69
04.07.2024 23:00:00 +02:00,14119.15,12160.91
05.07.2024 00:00:00 +02:00,11968.88,11766.05
05.07.2024 01:00:00 +02:00,10335.95,11496.14
05.07.2024 02:00:00 +02:00,9840.75,11369.45
05.07.2024 03:00:00 +02:00,9692.22,11257.60
05.07.2024 04:00:00 +02:00,9719.26,11147.68
05.07.2024 05:00:00 +02:00,9926.71,11175.30
05.07.2024 06:00:00 +02:00,11552.09,11721.17
05.07.2024 07:00:00 +02:00,13259.67,12390.33
05.07.2024 08:00:00 +02:00,13591.57,12689.83
05.07.2024 09:00:00 +02:00,10979.29,12778.58
05.07.2024 10:00:00 +02:00,10549.47,12911.62
05.07.2024 11:00:00 +02:00,10402.84,12953.63
05.07.2024 12:00:00 +02:00,10084.90,12896.27
05.07.2024 13:00:00 +02:00,10121.75,12819.34
05.07.2024 14:00:00 +02:00,9882.89,12731.66
05.07.2024 15:00:00 +02:00,9982.35,12705.38
05.07.2024 16:00:00 +02:00,10829.02,12690.43
05.07.2024 17:00:00 +02:00,12164.78,12632.81
05.07.2024 18:00:00 +02:00,13531.39,12468.84
05.07.2024 19:00:00 +02:00,14486.87,12226.47
05.07.2024 20:00:00 +02:00,14722.67,12094.48
05.07.2024 21:00:00 +02:00,15196.75,12095.55
05.07.2024 22:00:00 +02:00,14738.37,11895.81
05.07.2024 23:00:00 +02:00,14153.65,11695.40
06.07.2024 00:00:00 +02:00,14016.76,11470.95
06.07.2024 01:00:00 +02:00,14830.99,11241.00
06.07.2024 02:00:00 +02:00,14538.50,11091.46
06.07.2024 03:00:00 +02:00,13833.47,11000.58
06.07.2024 04:00:00 +02:00,11839.32,10904.68
06.07.2024 05:00:00 +02:00,10356.03,10895.26
06.07.2024 06:00:00 +02:00,10341.45,11015.06
06.07.2024 07:00:00 +02:00,9898.06,11206.12
06.07.2024 08:00:00 +02:00,9334.40,11426.69
06.07.2024 09:00:00 +02:00,8769.35,11768.02
06.07.2024 10:00:00 +02:00,8877.59,12008.36
06.07.2024 11:00:00 +02:00,8729.95,12101.42
06.07.2024 12:00:00 +02:00,8280.34,12123.74
06.07.2024 13:00:00 +02:00,8061.75,12120.63
06.07.2024 14:00:00 +02:00,7906.36,12040.91
06.07.2024 15:00:00 +02:00,8108.87,12024.73
06.07.2024 16:00:00 +02:00,8300.90,12090.74
06.07.2024 17:00:00 +02:00,8731.97,12202.96
06.07.2024 18:00:00 +02:00,8968.22,12265.34
06.07.2024 19:00:00 +02:00,9728.15,12127.79
06.07.2024 20:00:00 +02:00,8600.65,11987.32
06.07.2024 21:00:00 +02:00,8489.90,11838.14
06.07.2024 22:00:00 +02:00,8600.08,11590.77
06.07.2024 23:00:00 +02:00,8486.21,11365.74
07.07.2024 00:00:00 +02:00,8383.77,11264.04
07.07.2024 01:00:00 +02:00,8108.22,10997.08
07.07.2024 02:00:00 +02:00,8062.54,10866.29
07.07.2024 03:00:00 +02:00,8169.26,10699.33
07.07.2024 04:00:00 +02:00,8351.49,10597.78
07.07.2024 05:00:00 +02:00,8549.57,10516.46
07.07.2024 06:00:00 +02:00,8589.33,10570.57
07.07.2024 07:00:00 +02:00,8093.25,10739.36
07.07.2024 08:00:00 +02:00,7582.01,11010.10
07.07.2024 09:00:00 +02:00,7619.46,11397.04
07.07.2024 10:00:00 +02:00,7831.92,11737.74
07.07.2024 11:00:00 +02:00,8174.88,11969.19
07.07.2024 12:00:00 +02:00,8379.63,12140.97
07.07.2024 13:00:00 +02:00,8505.98,12188.23
07.07.2024 14:00:00 +02:00,8428.66,12231.20
07.07.2024 15:00:00 +02:00,9160.26,12227.13
07.07.2024 16:00:00 +02:00,10300.24,12218.93
07.07.2024 17:00:00 +02:00,11871.55,12120.85
07.07.2024 18:00:00 +02:00,13972.66,12181.75
07.07.2024 19:00:00 +02:00,15761.22,12236.66
07.07.2024 20:00:00 +02:00,15842.03,12170.40
07.07.2024 21:00:00 +02:00,16110.27,12129.38
07.07.2024 22:00:00 +02:00,15891.23,12024.39
07.07.2024 23:00:00 +02:00,15974.75,11879.09
08.07.2024 00:00:00 +02:00,15326.78,11574.20
08.07.2024 01:00:00 +02:00,14757.71,11243.61
08.07.2024 02:00:00 +02:00,14750.64,11068.52
08.07.2024 03:00:00 +02:00,14925.02,11046.33
08.07.2024 04:00:00 +02:00,15127.89,11001.79
08.07.2024 05:00:00 +02:00,15249.16,11113.15
08.07.2024 06:00:00 +02:00,16302.29,11591.58
08.07.2024 07:00:00 +02:00,16679.56,12194.46
08.07.2024 08:00:00 +02:00,16949.96,12548.10
08.07.2024 09:00:00 +02:00,16940.30,12685.71
08.07.2024 10:00:00 +02:00,16763.86,12733.71
08.07.2024 11:00:00 +02:00,15443.37,12681.60
08.07.2024 12:00:00 +02:00,13255.07,12549.69
08.07.2024 13:00:00 +02:00,12745.11,12674.66
08.07.2024 14:00:00 +02:00,13607.11,12648.92
08.07.2024 15:00:00 +02:00,15044.16,12638.25
08.07.2024 16:00:00 +02:00,16686.31,12608.34
08.07.2024 17:00:00 +02:00,17525.91,12507.76
08.07.2024 18:00:00 +02:00,17077.27,12421.93
08.07.2024 19:00:00 +02:00,17099.72,12388.83
08.07.2024 20:00:00 +02:00,16906.85,12353.00
08.07.2024 21:00:00 +02:00,16310.39,12206.07
08.07.2024 22:00:00 +02:00,16228.82,12022.41
08.07.2024 23:00:00 +02:00,16215.54,11763.74
09.07.2024 00:00:00 +02:00,15849.52,11353.79
09.07.2024 01:00:00 +02:00,15615.55,11133.35
09.07.2024 02:00:00 +02:00,15517.71,11028.82
09.07.2024 03:00:00 +02:00,15401.77,10950.71
09.07.2024 04:00:00 +02:00,15319.77,10933.36
09.07.2024 05:00:00 +02:00,15663.32,11015.50
09.07.2024 06:00:00 +02:00,16679.91,11490.71
09.07.2024 07:00:00 +02:00,17485.35,11924.56
09.07.2024 08:00:00 +02:00,17553.57,12172.01
09.07.2024 09:00:00 +02:00,17258.38,12248.85
09.07.2024 10:00:00 +02:00,15295.54,11898.77
09.07.2024 11:00:00 +02:00,13201.30,12252.17
09.07.2024 12:00:00 +02:00,11297.31,12216.79
09.07.2024 13:00:00 +02:00,10608.48,12233.39
09.07.2024 14:00:00 +02:00,11059.92,12257.14
09.07.2024 15:00:00 +02:00,12099.64,12204.76
09.07.2024 16:00:00 +02:00,14790.56,12195.62
09.07.2024 17:00:00 +02:00,17044.50,12120.35
09.07.2024 18:00:00 +02:00,17936.96,12155.74
09.07.2024 19:00:00 +02:00,18298.77,12227.13
09.07.2024 20:00:00 +02:00,18010.09,12210.73
09.07.2024 21:00:00 +02:00,17156.66,12078.83
09.07.2024 22:00:00 +02:00,16352.71,11934.79
09.07.2024 23:00:00 +02:00,15589.37,11796.38
10.07.2024 00:00:00 +02:00,15016.67,11449.60
10.07.2024 01:00:00 +02:00,14430.80,11103.58
10.07.2024 02:00:00 +02:00,14017.49,10902.13
10.07.2024 03:00:00 +02:00,13837.65,10861.17
10.07.2024 04:00:00 +02:00,14162.83,10762.85
10.07.2024 05:00:00 +02:00,14757.01,10824.04
10.07.2024 06:00:00 +02:00,16264.31,11219.07
10.07.2024 07:00:00 +02:00,16830.92,11781.31
10.07.2024 08:00:00 +02:00,16793.60,12097.42
10.07.2024 09:00:00 +02:00,17407.40,12400.09
10.07.2024 10:00:00 +02:00,17348.79,12662.24
10.07.2024 11:00:00 +02:00,17035.75,12728.13
10.07.2024 12:00:00 +02:00,16832.30,12831.72
10.07.2024 13:00:00 +02:00,16883.45,12927.80
10.07.2024 14:00:00 +02:00,16777.06,12905.09
10.07.2024 15:00:00 +02:00,17169.09,12901.24
10.07.2024 16:00:00 +02:00,17541.58,12908.59
10.07.2024 17:00:00 +02:00,17911.16,12870.35
10.07.2024 18:00:00 +02:00,18189.47,12746.65
10.07.2024 19:00:00 +02:00,18251.81,12637.68
10.07.2024 20:00:00 +02:00,17856.84,12547.87
10.07.2024 21:00:00 +02:00,17107.48,12270.94
10.07.2024 22:00:00 +02:00,16801.84,12087.39
10.07.2024 23:00:00 +02:00,16157.65,11824.12
11.07.2024 00:00:00 +02:00,15462.34,11246.10
11.07.2024 01:00:00 +02:00,15017.25,10994.14
11.07.2024 02:00:00 +02:00,15071.11,10861.69
11.07.2024 03:00:00 +02:00,15010.33,10730.44
11.07.2024 04:00:00 +02:00,14699.21,10651.90
11.07.2024 05:00:00 +02:00,15146.61,10751.91
11.07.2024 06:00:00 +02:00,16149.52,11197.02
11.07.2024 07:00:00 +02:00,17213.06,11830.98
11.07.2024 08:00:00 +02:00,17567.74,12206.81
11.07.2024 09:00:00 +02:00,17709.61,12363.96
11.07.2024 10:00:00 +02:00,18026.21,12581.47
11.07.2024 11:00:00 +02:00,17921.22,12579.57
11.07.2024 12:00:00 +02:00,17895.92,12498.52
11.07.2024 13:00:00 +02:00,18328.73,12508.22
11.07.2024 14:00:00 +02:00,17902.66,12410.23
11.07.2024 15:00:00 +02:00,18160.89,12380.41
11.07.2024 16:00:00 +02:00,17675.84,12310.98
11.07.2024 17:00:00 +02:00,17557.57,12216.43
11.07.2024 18:00:00 +02:00,17918.57,12225.47
11.07.2024 19:00:00 +02:00,18108.71,12217.08
11.07.2024 20:00:00 +02:00,18087.63,12161.51
11.07.2024 21:00:00 +02:00,17950.66,12070.39
11.07.2024 22:00:00 +02:00,17833.59,11971.21
11.07.2024 23:00:00 +02:00,17247.01,11703.92
12.07.2024 00:00:00 +02:00,16567.10,11299.59
12.07.2024 01:00:00 +02:00,15987.99,10944.93
12.07.2024 02:00:00 +02:00,15690.29,10833.43
12.07.2024 03:00:00 +02:00,15407.08,10704.78
12.07.2024 04:00:00 +02:00,15059.49,10621.53
12.07.2024 05:00:00 +02:00,15630.53,10698.86
12.07.2024 06:00:00 +02:00,16068.73,11085.72
12.07.2024 07:00:00 +02:00,16747.87,11669.41
12.07.2024 08:00:00 +02:00,16809.98,12040.73
12.07.2024 09:00:00 +02:00,16872.88,12190.08
12.07.2024 10:00:00 +02:00,16466.68,12268.31
12.07.2024 11:00:00 +02:00,16065.18,12193.76
12.07.2024 12:00:00 +02:00,15985.01,12149.44
12.07.2024 13:00:00 +02:00,15888.33,12108.98
12.07.2024 14:00:00 +02:00,15627.23,12058.89
12.07.2024 15:00:00 +02:00,15338.07,11994.23
12.07.2024 16:00:00 +02:00,16097.65,11976.61
12.07.2024 17:00:00 +02:00,17441.66,11947.38
12.07.2024 18:00:00 +02:00,17742.12,11923.76
12.07.2024 19:00:00 +02:00,17761.79,11903.68
12.07.2024 20:00:00 +02:00,17292.13,11842.77
12.07.2024 21:00:00 +02:00,17188.32,11762.92
12.07.2024 22:00:00 +02:00,16447.84,11630.87
12.07.2024 23:00:00 +02:00,15784.36,11514.81
13.07.2024 00:00:00 +02:00,15339.36,11271.10
13.07.2024 01:00:00 +02:00,14485.55,10994.65
13.07.2024 02:00:00 +02:00,13994.78,10793.43
13.07.2024 03:00:00 +02:00,13463.55,10654.58
13.07.2024 04:00:00 +02:00,12879.05,10475.12
13.07.2024 05:00:00 +02:00,12821.81,10409.34
13.07.2024 06:00:00 +02:00,13157.22,10446.18
13.07.2024 07:00:00 +02:00,13412.05,10612.53
13.07.2024 08:00:00 +02:00,13579.67,10909.08
13.07.2024 09:00:00 +02:00,11870.01,11270.96
13.07.2024 10:00:00 +02:00,10445.12,11542.01
13.07.2024 11:00:00 +02:00,9886.07,11678.63
13.07.2024 12:00:00 +02:00,10265.72,11749.24
13.07.2024 13:00:00 +02:00,10045.12,11693.37
13.07.2024 14:00:00 +02:00,9498.01,11624.50
13.07.2024 15:00:00 +02:00,9461.45,11622.80
13.07.2024 16:00:00 +02:00,10032.98,11664.49
13.07.2024 17:00:00 +02:00,12079.59,11762.21
13.07.2024 18:00:00 +02:00,14361.20,11672.96
13.07.2024 19:00:00 +02:00,15629.37,11622.89
13.07.2024 20:00:00 +02:00,16148.79,11541.36
13.07.2024 21:00:00 +02:00,15468.24,11418.06
13.07.2024 22:00:00 +02:00,15513.30,11342.63
13.07.2024 23:00:00 +02:00,15309.16,11179.92
14.07.2024 00:00:00 +02:00,14427.17,10886.75
14.07.2024 01:00:00 +02:00,13632.19,10589.65
14.07.2024 02:00:00 +02:00,13136.67,10390.69
14.07.2024 03:00:00 +02:00,13100.17,10261.91
14.07.2024 04:00:00 +02:00,12796.48,10187.87
14.07.2024 05:00:00 +02:00,12401.24,10108.39
14.07.2024 06:00:00 +02:00,11715.63,10178.00
14.07.2024 07:00:00 +02:00,9937.26,10428.84
14.07.2024 08:00:00 +02:00,8395.69,10661.68
14.07.2024 09:00:00 +02:00,7623.22,11000.74
14.07.2024 10:00:00 +02:00,7613.75,11284.32
14.07.2024 11:00:00 +02:00,7936.59,11474.35
14.07.2024 12:00:00 +02:00,7872.06,11564.73
14.07.2024 13:00:00 +02:00,7823.41,11638.42
14.07.2024 14:00:00 +02:00,7896.55,11671.41
14.07.2024 15:00:00 +02:00,8074.52,11669.73
14.07.2024 16:00:00 +02:00,9620.12,11719.43
14.07.2024 17:00:00 +02:00,11027.18,11699.47
14.07.2024 18:00:00 +02:00,13307.77,11749.81
14.07.2024 19:00:00 +02:00,15666.01,11787.87
14.07.2024 20:00:00 +02:00,15706.80,11791.25
14.07.2024 21:00:00 +02:00,15767.40,11629.35
14.07.2024 22:00:00 +02:00,15522.71,11462.14
14.07.2024 23:00:00 +02:00,15115.50,11311.70
15.07.2024 00:00:00 +02:00,14865.29,11001.53
15.07.2024 01:00:00 +02:00,14779.80,10737.46
15.07.2024 02:00:00 +02:00,14737.90,10550.88
15.07.2024 03:00:00 +02:00,14788.73,10480.24
15.07.2024 04:00:00 +02:00,14836.28,10422.52
15.07.2024 05:00:00 +02:00,15258.96,10449.61
15.07.2024 06:00:00 +02:00,15820.97,10789.74
15.07.2024 07:00:00 +02:00,15537.55,11341.21
15.07.2024 08:00:00 +02:00,16170.69,11816.18
15.07.2024 09:00:00 +02:00,16036.69,12052.37
15.07.2024 10:00:00 +02:00,14274.25,12209.85
15.07.2024 11:00:00 +02:00,12090.07,12159.91
15.07.2024 12:00:00 +02:00,10829.74,12244.17
15.07.2024 13:00:00 +02:00,11127.06,12255.95
15.07.2024 14:00:00 +02:00,11461.75,12268.36
15.07.2024 15:00:00 +02:00,13336.50,12202.95
15.07.2024 16:00:00 +02:00,15359.90,12142.06
15.07.2024 17:00:00 +02:00,17245.92,12028.96
15.07.2024 18:00:00 +02:00,17854.74,12014.99
15.07.2024 19:00:00 +02:00,17987.13,11972.61
15.07.2024 20:00:00 +02:00,17791.86,11959.45
15.07.2024 21:00:00 +02:00,17509.22,11869.64
15.07.2024 22:00:00 +02:00,17183.44,11756.66
15.07.2024 23:00:00 +02:00,16723.37,11475.12
16.07.2024 00:00:00 +02:00,15987.81,11007.76
16.07.2024 01:00:00 +02:00,15526.70,10697.02
16.07.2024 02:00:00 +02:00,15393.21,10598.52
16.07.2024 03:00:00 +02:00,14911.42,10462.16
16.07.2024 04:00:00 +02:00,14868.07,10368.71
16.07.2024 05:00:00 +02:00,15092.26,10405.46
16.07.2024 06:00:00 +02:00,15502.68,10769.04
16.07.2024 07:00:00 +02:00,16045.85,11295.60
16.07.2024 08:00:00 +02:00,16422.61,11606.97
16.07.2024 09:00:00 +02:00,15500.60,11865.58
16.07.2024 10:00:00 +02:00,13988.19,11866.47
16.07.2024 11:00:00 +02:00,13491.16,12090.12
16.07.2024 12:00:00 +02:00,11943.51,12063.88
16.07.2024 13:00:00 +02:00,11442.77,12109.21
16.07.2024 14:00:00 +02:00,11518.39,12141.21
16.07.2024 15:00:00 +02:00,11899.73,12212.24
16.07.2024 16:00:00 +02:00,12756.39,12246.59
16.07.2024 17:00:00 +02:00,14518.12,12189.61
16.07.2024 18:00:00 +02:00,16548.32,12162.68
16.07.2024 19:00:00 +02:00,17854.24,12082.47
16.07.2024 20:00:00 +02:00,17035.32,11941.10
16.07.2024 21:00:00 +02:00,16795.11,11738.41
16.07.2024 22:00:00 +02:00,16350.60,11624.80
16.07.2024 23:00:00 +02:00,16133.46,11369.56
17.07.2024 00:00:00 +02:00,15755.58,11042.58
17.07.2024 01:00:00 +02:00,15263.68,10715.33
17.07.2024 02:00:00 +02:00,14758.79,10576.52
17.07.2024 03:00:00 +02:00,14717.93,10398.71
17.07.2024 04:00:00 +02:00,14772.14,10343.40
17.07.2024 05:00:00 +02:00,14427.20,10373.88
17.07.2024 06:00:00 +02:00,14538.14,10750.59
17.07.2024 07:00:00 +02:00,14545.28,11248.75
17.07.2024 08:00:00 +02:00,15475.71,11578.03
17.07.2024 09:00:00 +02:00,16028.34,11874.15
17.07.2024 10:00:00 +02:00,15789.98,12137.45
17.07.2024 11:00:00 +02:00,15208.44,12150.95
17.07.2024 12:00:00 +02:00,13809.14,12172.57
17.07.2024 13:00:00 +02:00,12711.82,12276.21
17.07.2024 14:00:00 +02:00,12337.92,12247.18
17.07.2024 15:00:00 +02:00,13151.65,12253.41
17.07.2024 16:00:00 +02:00,14324.29,12264.63
17.07.2024 17:00:00 +02:00,15396.24,12159.88
17.07.2024 18:00:00 +02:00,15595.19,12143.00
17.07.2024 19:00:00 +02:00,15640.13,12093.84
17.07.2024 20:00:00 +02:00,15762.89,11996.42
17.07.2024 21:00:00 +02:00,16065.51,11916.26
17.07.2024 22:00:00 +02:00,16040.43,11758.46
17.07.2024 23:00:00 +02:00,15842.89,11516.56
18.07.2024 00:00:00 +02:00,15569.14,11062.41
18.07.2024 01:00:00 +02:00,15459.48,10771.03
18.07.2024 02:00:00 +02:00,15337.59,10626.70
18.07.2024 03:00:00 +02:00,14976.38,10459.34
18.07.2024 04:00:00 +02:00,14802.20,10386.44
18.07.2024 05:00:00 +02:00,14821.53,10464.26
18.07.2024 06:00:00 +02:00,15511.88,10863.00
18.07.2024 07:00:00 +02:00,16051.60,11392.95
18.07.2024 08:00:00 +02:00,16137.47,11720.70
18.07.2024 09:00:00 +02:00,15430.61,11921.02
18.07.2024 10:00:00 +02:00,15822.36,12183.64
18.07.2024 11:00:00 +02:00,15278.76,12137.08
18.07.2024 12:00:00 +02:00,14078.00,12068.01
18.07.2024 13:00:00 +02:00,12957.48,12025.96
18.07.2024 14:00:00 +02:00,12746.80,11937.84
18.07.2024 15:00:00 +02:00,15027.14,11949.60
18.07.2024 16:00:00 +02:00,15593.15,11959.77
18.07.2024 17:00:00 +02:00,16184.02,11876.38
18.07.2024 18:00:00 +02:00,16145.62,11857.80
18.07.2024 19:00:00 +02:00,16282.89,11843.83
18.07.2024 20:00:00 +02:00,16226.13,11817.30
18.07.2024 21:00:00 +02:00,16062.63,11735.49
18.07.2024 22:00:00 +02:00,16230.36,11699.70
18.07.2024 23:00:00 +02:00,15796.61,11450.87
19.07.2024 00:00:00 +02:00,15252.58,10990.54
19.07.2024 01:00:00 +02:00,14891.68,10665.76
19.07.2024 02:00:00 +02:00,14557.23,10487.69
19.07.2024 03:00:00 +02:00,14431.03,10331.93
19.07.2024 04:00:00 +02:00,14344.31,10263.10
19.07.2024 05:00:00 +02:00,14493.46,10314.71
19.07.2024 06:00:00 +02:00,14823.33,10681.33
19.07.2024 07:00:00 +02:00,15573.60,11154.87
19.07.2024 08:00:00 +02:00,15817.49,11513.69
19.07.2024 09:00:00 +02:00,15568.10,11738.26
19.07.2024 10:00:00 +02:00,15380.19,11880.40
19.07.2024 11:00:00 +02:00,15289.64,11928.43
19.07.2024 12:00:00 +02:00,14981.12,11858.46
19.07.2024 13:00:00 +02:00,14105.25,11809.61
19.07.2024 14:00:00 +02:00,14375.78,11776.18
19.07.2024 15:00:00 +02:00,15133.21,11616.04
19.07.2024 16:00:00 +02:00,15217.47,11490.96
19.07.2024 17:00:00 +02:00,15613.99,11440.81
19.07.2024 18:00:00 +02:00,15937.45,11429.66
19.07.2024 19:00:00 +02:00,16161.20,11528.84
19.07.2024 20:00:00 +02:00,16387.04,11505.62
19.07.2024 21:00:00 +02:00,16239.41,11394.46
19.07.2024 22:00:00 +02:00,16106.02,11306.29
19.07.2024 23:00:00 +02:00,15741.31,11146.93
20.07.2024 00:00:00 +02:00,15461.02,10829.84
20.07.2024 01:00:00 +02:00,15130.93,10561.87
20.07.2024 02:00:00 +02:00,14716.02,10355.02
20.07.2024 03:00:00 +02:00,14793.24,10234.48
20.07.2024 04:00:00 +02:00,14455.72,10090.96
20.07.2024 05:00:00 +02:00,14362.11,10010.30
20.07.2024 06:00:00 +02:00,14513.70,10032.29
20.07.2024 07:00:00 +02:00,14729.64,10265.30
20.07.2024 08:00:00 +02:00,15172.35,10591.53
20.07.2024 09:00:00 +02:00,13733.18,10912.27
20.07.2024 10:00:00 +02:00,12495.42,11142.85
20.07.2024 11:00:00 +02:00,10127.43,11191.64
20.07.2024 12:00:00 +02:00,8819.38,11175.08
20.07.2024 13:00:00 +02:00,8342.33,11130.66
20.07.2024 14:00:00 +02:00,8368.56,11057.27
20.07.2024 15:00:00 +02:00,9564.57,11085.14
20.07.2024 16:00:00 +02:00,11430.81,11129.14
20.07.2024 17:00:00 +02:00,13829.04,11201.33
20.07.2024 18:00:00 +02:00,15621.51,11243.24
20.07.2024 19:00:00 +02:00,15919.98,11315.98
20.07.2024 20:00:00 +02:00,15792.01,11265.06
20.07.2024 21:00:00 +02:00,15702.09,11181.42
20.07.2024 22:00:00 +02:00,15182.87,11147.23
20.07.2024 23:00:00 +02:00,14733.80,10945.26
21.07.2024 00:00:00 +02:00,14440.41,10651.20
21.07.2024 01:00:00 +02:00,14525.81,10406.79
21.07.2024 02:00:00 +02:00,14746.20,10250.15
21.07.2024 03:00:00 +02:00,14336.10,10089.89
21.07.2024 04:00:00 +02:00,13696.58,9934.98
21.07.2024 05:00:00 +02:00,13440.57,9569.58
21.07.2024 06:00:00 +02:00,14040.65,9817.76
21.07.2024 07:00:00 +02:00,14820.53,9960.92
21.07.2024 08:00:00 +02:00,14287.57,10191.26
21.07.2024 09:00:00 +02:00,12176.31,10464.02
21.07.2024 10:00:00 +02:00,10160.51,10662.82
21.07.2024 11:00:00 +02:00,9090.33,10751.16
21.07.2024 12:00:00 +02:00,9878.11,10866.22
21.07.2024 13:00:00 +02:00,9975.68,10916.05
21.07.2024 14:00:00 +02:00,10437.00,10998.88
21.07.2024 15:00:00 +02:00,10951.87,11058.71
21.07.2024 16:00:00 +02:00,13221.49,11181.98
21.07.2024 17:00:00 +02:00,15910.65,11245.22
21.07.2024 18:00:00 +02:00,17363.01,11369.18
21.07.2024 19:00:00 +02:00,17146.47,11417.36
21.07.2024 20:00:00 +02:00,16934.70,11412.14
21.07.2024 21:00:00 +02:00,16972.81,11364.95
21.07.2024 22:00:00 +02:00,16461.89,11313.43
21.07.2024 23:00:00 +02:00,15593.27,10990.25
22.07.2024 00:00:00 +02:00,14801.00,10658.52
22.07.2024 01:00:00 +02:00,14778.54,10398.07
22.07.2024 02:00:00 +02:00,14896.78,10240.54
22.07.2024 03:00:00 +02:00,14775.02,10136.99
22.07.2024 04:00:00 +02:00,14602.51,10041.57
22.07.2024 05:00:00 +02:00,14653.49,10069.04
22.07.2024 06:00:00 +02:00,14803.48,10400.11
22.07.2024 07:00:00 +02:00,15156.01,11035.24
22.07.2024 08:00:00 +02:00,15790.75,11497.89
22.07.2024 09:00:00 +02:00,16077.41,11781.22
22.07.2024 10:00:00 +02:00,16099.06,12035.56
22.07.2024 11:00:00 +02:00,15650.04,12092.73
22.07.2024 12:00:00 +02:00,14775.02,12229.50
22.07.2024 13:00:00 +02:00,12622.70,12217.02
22.07.2024 14:00:00 +02:00,11435.42,12178.49
22.07.2024 15:00:00 +02:00,11986.41,12145.48
22.07.2024 16:00:00 +02:00,14044.61,12120.86
22.07.2024 17:00:00 +02:00,15029.82,11988.36
22.07.2024 18:00:00 +02:00,15887.12,11942.54
22.07.2024 19:00:00 +02:00,16676.86,11902.46
22.07.2024 20:00:00 +02:00,16864.28,11841.21
22.07.2024 21:00:00 +02:00,16298.17,11618.93
22.07.2024 22:00:00 +02:00,16047.71,11526.67
22.07.2024 23:00:00 +02:00,15588.87,11286.83
23.07.2024 00:00:00 +02:00,14933.36,10803.94
23.07.2024 01:00:00 +02:00,14789.20,10474.93
23.07.2024 02:00:00 +02:00,14765.58,10357.40
23.07.2024 03:00:00 +02:00,14762.92,10235.71
23.07.2024 04:00:00 +02:00,14782.26,10216.20
23.07.2024 05:00:00 +02:00,14796.86,10234.53
23.07.2024 06:00:00 +02:00,15096.99,10584.25
23.07.2024 07:00:00 +02:00,15744.66,11071.23
23.07.2024 08:00:00 +02:00,15970.47,11537.49
23.07.2024 09:00:00 +02:00,15708.81,11715.98
23.07.2024 10:00:00 +02:00,15551.40,11660.21
23.07.2024 11:00:00 +02:00,15671.66,11857.18
23.07.2024 12:00:00 +02:00,15444.07,11873.39
23.07.2024 13:00:00 +02:00,15253.85,11922.75
23.07.2024 14:00:00 +02:00,14928.31,11839.86
23.07.2024 15:00:00 +02:00,15552.97,11854.41
23.07.2024 16:00:00 +02:00,16202.75,11843.47
23.07.2024 17:00:00 +02:00,16860.18,11824.98
23.07.2024 18:00:00 +02:00,17054.01,11832.52
23.07.2024 19:00:00 +02:00,16685.78,11652.81
23.07.2024 20:00:00 +02:00,16497.39,11735.03
23.07.2024 21:00:00 +02:00,16393.77,11698.85
23.07.2024 22:00:00 +02:00,15883.77,11587.65
23.07.2024 23:00:00 +02:00,14889.07,11268.81
24.07.2024 00:00:00 +02:00,14647.22,10837.72
24.07.2024 01:00:00 +02:00,14121.60,10489.42
24.07.2024 02:00:00 +02:00,13651.77,10371.03
24.07.2024 03:00:00 +02:00,13338.87,10256.90
24.07.2024 04:00:00 +02:00,13301.64,10206.02
24.07.2024 05:00:00 +02:00,13477.62,10193.70
24.07.2024 06:00:00 +02:00,14255.56,10580.59
24.07.2024 07:00:00 +02:00,14531.22,11107.55
24.07.2024 08:00:00 +02:00,13911.40,11357.05
24.07.2024 09:00:00 +02:00,13447.29,11634.42
24.07.2024 10:00:00 +02:00,13153.09,11803.39
24.07.2024 11:00:00 +02:00,13234.19,11933.27
24.07.2024 12:00:00 +02:00,12837.50,11933.31
24.07.2024 13:00:00 +02:00,12424.47,12035.04
24.07.2024 14:00:00 +02:00,10897.13,12022.46
24.07.2024 15:00:00 +02:00,11262.12,11952.88
24.07.2024 16:00:00 +02:00,13014.84,12008.84
24.07.2024 17:00:00 +02:00,14063.30,11894.87
24.07.2024 18:00:00 +02:00,15334.79,11861.40
24.07.2024 19:00:00 +02:00,15708.91,11799.86
24.07.2024 20:00:00 +02:00,15642.74,11734.26
24.07.2024 21:00:00 +02:00,15847.59,11593.28
24.07.2024 22:00:00 +02:00,15614.85,11557.35
24.07.2024 23:00:00 +02:00,15104.45,11338.25
25.07.2024 00:00:00 +02:00,14650.42,10947.76
25.07.2024 01:00:00 +02:00,14458.40,10645.01
25.07.2024 02:00:00 +02:00,14350.79,10502.22
25.07.2024 03:00:00 +02:00,14374.86,10380.48
25.07.2024 04:00:00 +02:00,14433.05,10341.82
25.07.2024 05:00:00 +02:00,15363.03,10420.89
25.07.2024 06:00:00 +02:00,15849.50,10748.95
25.07.2024 07:00:00 +02:00,16064.70,11220.36
25.07.2024 08:00:00 +02:00,15938.19,11510.09
25.07.2024 09:00:00 +02:00,15799.68,11678.78
25.07.2024 10:00:00 +02:00,15377.64,11870.45
25.07.2024 11:00:00 +02:00,14357.95,11883.79
25.07.2024 12:00:00 +02:00,12980.56,11818.25
25.07.2024 13:00:00 +02:00,10804.27,11786.94
25.07.2024 14:00:00 +02:00,10827.26,11872.77
25.07.2024 15:00:00 +02:00,13045.39,11869.08
25.07.2024 16:00:00 +02:00,14746.58,11930.34
25.07.2024 17:00:00 +02:00,16092.98,11889.97
25.07.2024 18:00:00 +02:00,16304.39,11857.62
25.07.2024 19:00:00 +02:00,16404.93,11841.29
25.07.2024 20:00:00 +02:00,16254.05,11800.63
25.07.2024 21:00:00 +02:00,15898.52,11660.42
25.07.2024 22:00:00 +02:00,15898.05,11593.47
25.07.2024 23:00:00 +02:00,14949.54,11231.89
26.07.2024 00:00:00 +02:00,14746.33,10861.00
26.07.2024 01:00:00 +02:00,13913.10,10589.24
26.07.2024 02:00:00 +02:00,13621.07,10427.63
26.07.2024 03:00:00 +02:00,13575.45,10257.07
26.07.2024 04:00:00 +02:00,14070.46,10252.20
26.07.2024 05:00:00 +02:00,14534.54,10263.54
26.07.2024 06:00:00 +02:00,15236.63,10659.64
26.07.2024 07:00:00 +02:00,15864.57,11164.29
26.07.2024 08:00:00 +02:00,16300.84,11612.44
26.07.2024 09:00:00 +02:00,16700.76,11951.56
26.07.2024 10:00:00 +02:00,16012.11,12188.46
26.07.2024 11:00:00 +02:00,15508.38,12211.29
26.07.2024 12:00:00 +02:00,15756.55,12238.85
26.07.2024 13:00:00 +02:00,15772.10,12295.46
26.07.2024 14:00:00 +02:00,15724.55,12230.95
26.07.2024 15:00:00 +02:00,15630.14,12200.00
26.07.2024 16:00:00 +02:00,16016.37,12185.79
26.07.2024 17:00:00 +02:00,16476.56,12096.34
26.07.2024 18:00:00 +02:00,16460.70,12042.64
26.07.2024 19:00:00 +02:00,16358.63,11950.30
26.07.2024 20:00:00 +02:00,16036.52,11800.00
26.07.2024 21:00:00 +02:00,15585.31,11651.85
26.07.2024 22:00:00 +02:00,15104.66,11575.94
26.07.2024 23:00:00 +02:00,14849.12,11337.13
27.07.2024 00:00:00 +02:00,14728.18,11068.09
27.07.2024 01:00:00 +02:00,14388.64,10793.23
27.07.2024 02:00:00 +02:00,13947.31,10572.24
27.07.2024 03:00:00 +02:00,13903.06,10435.98
27.07.2024 04:00:00 +02:00,13947.01,10331.25
27.07.2024 05:00:00 +02:00,13969.19,10227.19
27.07.2024 06:00:00 +02:00,14215.09,10279.05
27.07.2024 07:00:00 +02:00,14584.65,10476.88
27.07.2024 08:00:00 +02:00,14876.62,10814.17
27.07.2024 09:00:00 +02:00,14929.71,11179.53
27.07.2024 10:00:00 +02:00,14914.24,11412.49
27.07.2024 11:00:00 +02:00,14261.64,11479.88
27.07.2024 12:00:00 +02:00,13170.71,11531.72
27.07.2024 13:00:00 +02:00,11650.81,11393.58
27.07.2024 14:00:00 +02:00,12195.94,11217.22
27.07.2024 15:00:00 +02:00,13294.08,11219.71
27.07.2024 16:00:00 +02:00,14061.15,11237.46
27.07.2024 17:00:00 +02:00,14796.81,11338.65
27.07.2024 18:00:00 +02:00,15126.52,11357.84
27.07.2024 19:00:00 +02:00,15414.61,11383.96
27.07.2024 20:00:00 +02:00,15746.61,11350.50
27.07.2024 21:00:00 +02:00,15574.60,11259.51
27.07.2024 22:00:00 +02:00,15065.03,11172.79
27.07.2024 23:00:00 +02:00,14743.07,11026.74
28.07.2024 00:00:00 +02:00,14136.54,10754.31
28.07.2024 01:00:00 +02:00,13732.57,10475.49
28.07.2024 02:00:00 +02:00,13500.77,10372.46
28.07.2024 03:00:00 +02:00,13444.16,10250.08
28.07.2024 04:00:00 +02:00,13338.26,10188.97
28.07.2024 05:00:00 +02:00,12912.68,10052.43
28.07.2024 06:00:00 +02:00,13096.77,10060.71
28.07.2024 07:00:00 +02:00,12746.76,10260.71
28.07.2024 08:00:00 +02:00,11914.61,10503.52
28.07.2024 09:00:00 +02:00,10078.79,10800.15
28.07.2024 10:00:00 +02:00,8377.69,10993.87
28.07.2024 11:00:00 +02:00,8090.82,11072.24
28.07.2024 12:00:00 +02:00,7936.97,11145.10
28.07.2024 13:00:00 +02:00,8459.32,11213.37
28.07.2024 14:00:00 +02:00,8740.59,11313.51
28.07.2024 15:00:00 +02:00,8619.41,11416.48
28.07.2024 16:00:00 +02:00,8871.36,11404.47
28.07.2024 17:00:00 +02:00,10381.28,11478.92
28.07.2024 18:00:00 +02:00,11983.46,11448.95
28.07.2024 19:00:00 +02:00,13315.60,11530.02
28.07.2024 20:00:00 +02:00,14426.22,11581.22
28.07.2024 21:00:00 +02:00,14541.45,11552.61
28.07.2024 22:00:00 +02:00,14016.12,11451.97
28.07.2024 23:00:00 +02:00,13713.54,11201.47
29.07.2024 00:00:00 +02:00,13024.90,10819.06
29.07.2024 01:00:00 +02:00,12652.18,10567.80
29.07.2024 02:00:00 +02:00,12717.51,10321.66
29.07.2024 03:00:00 +02:00,12732.05,10359.38
29.07.2024 04:00:00 +02:00,12900.96,10304.60
29.07.2024 05:00:00 +02:00,13071.53,10368.89
29.07.2024 06:00:00 +02:00,14065.51,10844.67
29.07.2024 07:00:00 +02:00,14583.25,11458.17
29.07.2024 08:00:00 +02:00,14784.19,11871.42
29.07.2024 09:00:00 +02:00,13225.02,12095.04
29.07.2024 10:00:00 +02:00,11177.92,12095.38
29.07.2024 11:00:00 +02:00,9485.48,12059.04
29.07.2024 12:00:00 +02:00,8939.10,12245.83
29.07.2024 13:00:00 +02:00,8172.16,12104.20
29.07.2024 14:00:00 +02:00,8514.46,12048.67
29.07.2024 15:00:00 +02:00,9924.77,12049.35
29.07.2024 16:00:00 +02:00,11752.00,12056.52
29.07.2024 17:00:00 +02:00,14315.02,11996.99
29.07.2024 18:00:00 +02:00,15597.02,12028.75
29.07.2024 19:00:00 +02:00,16084.78,12045.63
29.07.2024 20:00:00 +02:00,15908.73,11983.99
29.07.2024 21:00:00 +02:00,15765.95,11898.82
29.07.2024 22:00:00 +02:00,15754.31,11854.93
29.07.2024 23:00:00 +02:00,15385.15,11512.96
30.07.2024 00:00:00 +02:00,14903.09,11035.69
30.07.2024 01:00:00 +02:00,14355.44,10699.83
30.07.2024 02:00:00 +02:00,14262.48,10561.07
30.07.2024 03:00:00 +02:00,13991.60,10473.03
30.07.2024 04:00:00 +02:00,14040.80,10532.21
30.07.2024 05:00:00 +02:00,14244.50,10598.18
30.07.2024 06:00:00 +02:00,14652.24,11039.40
30.07.2024 07:00:00 +02:00,15405.42,11577.40
30.07.2024 08:00:00 +02:00,15552.69,11955.86
30.07.2024 09:00:00 +02:00,14701.74,12135.60
30.07.2024 10:00:00 +02:00,13360.96,12028.16
30.07.2024 11:00:00 +02:00,11186.89,12308.76
30.07.2024 12:00:00 +02:00,9386.10,12356.07
30.07.2024 13:00:00 +02:00,9210.86,12357.77
30.07.2024 14:00:00 +02:00,10631.56,12323.16
30.07.2024 15:00:00 +02:00,12323.16,12322.58
30.07.2024 16:00:00 +02:00,13567.25,12306.56
30.07.2024 17:00:00 +02:00,15011.88,12365.50
30.07.2024 18:00:00 +02:00,15902.39,12311.12
30.07.2024 19:00:00 +02:00,15841.76,12194.19
30.07.2024 20:00:00 +02:00,15968.11,12149.43
30.07.2024 21:00:00 +02:00,15625.43,12024.04
30.07.2024 22:00:00 +02:00,15436.78,11905.16
30.07.2024 23:00:00 +02:00,14900.34,11513.17
31.07.2024 00:00:00 +02:00,14380.17,11031.72
31.07.2024 01:00:00 +02:00,14130.21,10729.89
31.07.2024 02:00:00 +02:00,14097.65,10596.84
31.07.2024 03:00:00 +02:00,13949.39,10466.56
31.07.2024 04:00:00 +02:00,13852.82,10401.25
31.07.2024 05:00:00 +02:00,13861.92,10473.63
31.07.2024 06:00:00 +02:00,14345.42,10888.60
31.07.2024 07:00:00 +02:00,15004.36,11439.45
31.07.2024 08:00:00 +02:00,14827.80,11622.08
31.07.2024 09:00:00 +02:00,14374.63,11794.39
31.07.2024 10:00:00 +02:00,13818.10,11938.61
31.07.2024 11:00:00 +02:00,13005.48,12011.20
31.07.2024 12:00:00 +02:00,13157.39,11999.57
31.07.2024 13:00:00 +02:00,13495.22,11988.29
31.07.2024 14:00:00 +02:00,13381.40,11948.01
31.07.2024 15:00:00 +02:00,13732.75,11983.03
31.07.2024 16:00:00 +02:00,14579.42,12059.47
31.07.2024 17:00:00 +02:00,14919.83,11968.45
31.07.2024 18:00:00 +02:00,15528.42,11983.33
31.07.2024 19:00:00 +02:00,15982.54,11992.27
31.07.2024 20:00:00 +02:00,15997.93,11916.45
31.07.2024 21:00:00 +02:00,15748.10,11839.08
31.07.2024 22:00:00 +02:00,15568.68,11797.28
31.07.2024 23:00:00 +02:00,15380.17,11471.77
01.08.2024 00:00:00 +02:00,14875.61,11077.83
01.08.2024 01:00:00 +02:00,14239.26,10704.49
01.08.2024 02:00:00 +02:00,14166.92,10592.37
01.08.2024 03:00:00 +02:00,14079.60,10506.63
01.08.2024 04:00:00 +02:00,13686.09,10435.07
01.08.2024 05:00:00 +02:00,13417.62,10468.10
01.08.2024 06:00:00 +02:00,14185.45,10952.82
01.08.2024 07:00:00 +02:00,15198.52,11612.65
01.08.2024 08:00:00 +02:00,15442.17,12008.01
01.08.2024 09:00:00 +02:00,15259.10,12158.10
01.08.2024 10:00:00 +02:00,15142.00,12191.84
01.08.2024 11:00:00 +02:00,14722.35,12146.96
01.08.2024 12:00:00 +02:00,14344.81,12110.31
01.08.2024 13:00:00 +02:00,14654.60,12117.22
01.08.2024 14:00:00 +02:00,14961.65,12064.98
01.08.2024 15:00:00 +02:00,15102.27,12050.20
01.08.2024 16:00:00 +02:00,15314.82,12099.33
01.08.2024 17:00:00 +02:00,15951.37,12083.36
01.08.2024 18:00:00 +02:00,15875.43,12107.15
01.08.2024 19:00:00 +02:00,15805.93,12111.20
01.08.2024 20:00:00 +02:00,15573.30,12135.88
01.08.2024 21:00:00 +02:00,15768.84,12084.35
01.08.2024 22:00:00 +02:00,15457.48,12018.12
01.08.2024 23:00:00 +02:00,15057.86,11680.10
02.08.2024 00:00:00 +02:00,14624.80,11166.86
02.08.2024 01:00:00 +02:00,14447.28,10790.55
02.08.2024 02:00:00 +02:00,14389.56,10672.31
02.08.2024 03:00:00 +02:00,14261.97,10528.40
02.08.2024 04:00:00 +02:00,13968.25,10477.70
02.08.2024 05:00:00 +02:00,13933.84,10490.15
02.08.2024 06:00:00 +02:00,14620.03,10900.10
02.08.2024 07:00:00 +02:00,15321.15,11541.09
02.08.2024 08:00:00 +02:00,15904.37,11878.90
02.08.2024 09:00:00 +02:00,15962.90,12025.25
02.08.2024 10:00:00 +02:00,16085.18,12115.18
02.08.2024 11:00:00 +02:00,15723.48,12096.19
02.08.2024 12:00:00 +02:00,15280.08,12097.26
02.08.2024 13:00:00 +02:00,14818.79,12007.18
02.08.2024 14:00:00 +02:00,15272.99,11996.63
02.08.2024 15:00:00 +02:00,14559.13,11924.76
02.08.2024 16:00:00 +02:00,15025.08,11877.64
02.08.2024 17:00:00 +02:00,15086.18,11824.07
02.08.2024 18:00:00 +02:00,15377.05,11794.68
02.08.2024 19:00:00 +02:00,15526.51,11800.41
02.08.2024 20:00:00 +02:00,15258.65,11757.28
02.08.2024 21:00:00 +02:00,15251.97,11695.40
02.08.2024 22:00:00 +02:00,15205.07,11607.45
02.08.2024 23:00:00 +02:00,15051.70,11365.91
03.08.2024 00:00:00 +02:00,14343.82,11021.44
03.08.2024 01:00:00 +02:00,13957.75,10709.65
03.08.2024 02:00:00 +02:00,13857.86,10531.66
03.08.2024 03:00:00 +02:00,13862.82,10454.98
03.08.2024 04:00:00 +02:00,13767.06,10380.08
03.08.2024 05:00:00 +02:00,13697.23,10266.06
03.08.2024 06:00:00 +02:00,13665.53,10268.87
03.08.2024 07:00:00 +02:00,13913.48,10477.54
03.08.2024 08:00:00 +02:00,13855.84,10816.06
03.08.2024 09:00:00 +02:00,12723.78,11209.85
03.08.2024 10:00:00 +02:00,10413.05,11433.56
03.08.2024 11:00:00 +02:00,8561.92,11473.17
03.08.2024 12:00:00 +02:00,8044.99,11485.85
03.08.2024 13:00:00 +02:00,7591.64,11474.47
03.08.2024 14:00:00 +02:00,7722.74,11439.92
03.08.2024 15:00:00 +02:00,9511.36,11404.80
03.08.2024 16:00:00 +02:00,11934.66,11482.42
03.08.2024 17:00:00 +02:00,13679.41,11593.80
03.08.2024 18:00:00 +02:00,14941.35,11623.65
03.08.2024 19:00:00 +02:00,15278.05,11605.63
03.08.2024 20:00:00 +02:00,14993.11,11431.76
03.08.2024 21:00:00 +02:00,14859.22,11356.94
03.08.2024 22:00:00 +02:00,14718.16,11275.19
03.08.2024 23:00:00 +02:00,14379.02,11033.73
04.08.2024 00:00:00 +02:00,14053.63,10750.95
04.08.2024 01:00:00 +02:00,13904.21,10524.89
04.08.2024 02:00:00 +02:00,13828.27,10309.56
04.08.2024 03:00:00 +02:00,13841.42,10198.03
04.08.2024 04:00:00 +02:00,13713.44,10123.53
04.08.2024 05:00:00 +02:00,13555.69,10041.32
04.08.2024 06:00:00 +02:00,13542.67,10036.90
04.08.2024 07:00:00 +02:00,13182.10,10231.56
04.08.2024 08:00:00 +02:00,11906.72,10473.26
04.08.2024 09:00:00 +02:00,10529.04,10848.72
04.08.2024 10:00:00 +02:00,8496.87,11153.55
04.08.2024 11:00:00 +02:00,8069.61,11384.42
04.08.2024 12:00:00 +02:00,8220.98,11414.80
04.08.2024 13:00:00 +02:00,8093.29,11445.85
04.08.2024 14:00:00 +02:00,8159.28,11377.46
04.08.2024 15:00:00 +02:00,8454.02,11376.88
04.08.2024 16:00:00 +02:00,8836.53,11425.52
04.08.2024 17:00:00 +02:00,11137.00,11559.19
04.08.2024 18:00:00 +02:00,14187.77,11611.86
04.08.2024 19:00:00 +02:00,15675.15,11714.17
04.08.2024 20:00:00 +02:00,15736.07,11732.76
04.08.2024 21:00:00 +02:00,15289.76,11712.99
04.08.2024 22:00:00 +02:00,14780.47,11664.93
04.08.2024 23:00:00 +02:00,14059.68,11372.44
05.08.2024 00:00:00 +02:00,12792.63,10962.03
05.08.2024 01:00:00 +02:00,12372.65,10700.02
05.08.2024 02:00:00 +02:00,12085.88,10516.71
05.08.2024 03:00:00 +02:00,12145.46,10451.85
05.08.2024 04:00:00 +02:00,11983.87,10437.34
05.08.2024 05:00:00 +02:00,13069.93,10512.00
05.08.2024 06:00:00 +02:00,14375.56,11087.53
05.08.2024 07:00:00 +02:00,15905.28,11827.92
05.08.2024 08:00:00 +02:00,17323.93,12276.22
05.08.2024 09:00:00 +02:00,17038.99,12420.18
05.08.2024 10:00:00 +02:00,17110.73,12425.28
05.08.2024 11:00:00 +02:00,16643.64,12448.08
05.08.2024 12:00:00 +02:00,15584.92,12466.22
05.08.2024 13:00:00 +02:00,14046.23,12421.16
05.08.2024 14:00:00 +02:00,12683.21,12527.28
05.08.2024 15:00:00 +02:00,12808.41,12517.79
05.08.2024 16:00:00 +02:00,15361.83,12562.16
05.08.2024 17:00:00 +02:00,17132.29,12456.74
05.08.2024 18:00:00 +02:00,17595.90,12360.14
05.08.2024 19:00:00 +02:00,17712.49,12293.39
05.08.2024 20:00:00 +02:00,17372.04,12339.80
05.08.2024 21:00:00 +02:00,16980.68,12228.01
05.08.2024 22:00:00 +02:00,16585.54,12060.36
05.08.2024 23:00:00 +02:00,16099.87,11624.21
06.08.2024 00:00:00 +02:00,15412.92,10981.72
06.08.2024 01:00:00 +02:00,14934.85,10622.73
06.08.2024 02:00:00 +02:00,14812.38,10480.31
06.08.2024 03:00:00 +02:00,14621.58,10414.31
06.08.2024 04:00:00 +02:00,14508.59,10385.67
06.08.2024 05:00:00 +02:00,14941.78,10464.49
06.08.2024 06:00:00 +02:00,15998.79,11044.76
06.08.2024 07:00:00 +02:00,17106.40,11765.99
06.08.2024 08:00:00 +02:00,17642.30,12149.23
06.08.2024 09:00:00 +02:00,17010.57,12364.60
06.08.2024 10:00:00 +02:00,15630.48,12187.90
06.08.2024 11:00:00 +02:00,12236.18,12450.26
06.08.2024 12:00:00 +02:00,11317.09,12444.49
06.08.2024 13:00:00 +02:00,10950.19,12427.93
06.08.2024 14:00:00 +02:00,10877.78,12437.49
06.08.2024 15:00:00 +02:00,12628.16,12447.44
06.08.2024 16:00:00 +02:00,15564.43,12486.11
06.08.2024 17:00:00 +02:00,17460.44,12427.50
06.08.2024 18:00:00 +02:00,18178.15,12293.69
06.08.2024 19:00:00 +02:00,18347.77,12319.13
06.08.2024 20:00:00 +02:00,17771.91,12327.40
06.08.2024 21:00:00 +02:00,17076.82,12243.10
06.08.2024 22:00:00 +02:00,16267.26,12096.66
06.08.2024 23:00:00 +02:00,15084.67,11614.85
07.08.2024 00:00:00 +02:00,14970.53,11096.74
07.08.2024 01:00:00 +02:00,15010.47,10735.69
07.08.2024 02:00:00 +02:00,15012.99,10586.76
07.08.2024 03:00:00 +02:00,14710.80,10465.48
07.08.2024 04:00:00 +02:00,14324.06,10452.30
07.08.2024 05:00:00 +02:00,14424.81,10539.12
07.08.2024 06:00:00 +02:00,15149.16,11128.18
07.08.2024 07:00:00 +02:00,16756.95,11899.05
07.08.2024 08:00:00 +02:00,17895.08,12311.01
07.08.2024 09:00:00 +02:00,16997.83,12499.26
07.08.2024 10:00:00 +02:00,16023.38,12625.83
07.08.2024 11:00:00 +02:00,15294.27,12625.08
07.08.2024 12:00:00 +02:00,14683.59,12634.03
07.08.2024 13:00:00 +02:00,14162.23,12657.03
07.08.2024 14:00:00 +02:00,14206.27,12695.83
07.08.2024 15:00:00 +02:00,14177.99,12687.74
07.08.2024 16:00:00 +02:00,14533.60,12773.35
07.08.2024 17:00:00 +02:00,15712.33,12728.94
07.08.2024 18:00:00 +02:00,16590.62,12690.83
07.08.2024 19:00:00 +02:00,17427.84,12586.13
07.08.2024 20:00:00 +02:00,16718.27,12504.96
07.08.2024 21:00:00 +02:00,16387.50,12392.62
07.08.2024 22:00:00 +02:00,16170.94,12194.68
07.08.2024 23:00:00 +02:00,15383.31,11720.53
08.08.2024 00:00:00 +02:00,14468.98,11208.06
08.08.2024 01:00:00 +02:00,13774.04,10902.46
08.08.2024 02:00:00 +02:00,13418.68,10757.69
08.08.2024 03:00:00 +02:00,13104.93,10613.37
08.08.2024 04:00:00 +02:00,13604.43,10651.25
08.08.2024 05:00:00 +02:00,14087.68,10713.06
08.08.2024 06:00:00 +02:00,15485.18,11220.72
08.08.2024 07:00:00 +02:00,16321.27,12004.91
08.08.2024 08:00:00 +02:00,16934.79,12452.84
08.08.2024 09:00:00 +02:00,16806.10,12573.93
08.08.2024 10:00:00 +02:00,16720.49,12496.06
08.08.2024 11:00:00 +02:00,16089.70,12659.22
08.08.2024 12:00:00 +02:00,15605.48,12664.80
08.08.2024 13:00:00 +02:00,13685.67,12613.99
08.08.2024 14:00:00 +02:00,13160.59,12672.45
08.08.2024 15:00:00 +02:00,13783.21,12655.52
08.08.2024 16:00:00 +02:00,15247.71,12700.55
08.08.2024 17:00:00 +02:00,16675.32,12654.67
08.08.2024 18:00:00 +02:00,17168.68,12644.50
08.08.2024 19:00:00 +02:00,17167.34,12610.12
08.08.2024 20:00:00 +02:00,17078.80,12600.69
08.08.2024 21:00:00 +02:00,16399.69,12498.18
08.08.2024 22:00:00 +02:00,15827.56,12278.65
08.08.2024 23:00:00 +02:00,14562.68,11903.80
09.08.2024 00:00:00 +02:00,12809.99,11350.01
09.08.2024 01:00:00 +02:00,11647.45,10983.24
09.08.2024 02:00:00 +02:00,10687.08,10866.61
09.08.2024 03:00:00 +02:00,10172.65,10729.59
09.08.2024 04:00:00 +02:00,9335.12,10757.23
09.08.2024 05:00:00 +02:00,9021.86,10859.33
09.08.2024 06:00:00 +02:00,9653.13,11389.52
09.08.2024 07:00:00 +02:00,10933.78,12242.39
09.08.2024 08:00:00 +02:00,11816.41,12759.84
09.08.2024 09:00:00 +02:00,11556.13,13001.79
09.08.2024 10:00:00 +02:00,10201.28,13148.43
09.08.2024 11:00:00 +02:00,8925.32,13172.47
09.08.2024 12:00:00 +02:00,9279.87,13239.95
09.08.2024 13:00:00 +02:00,9484.46,13207.39
09.08.2024 14:00:00 +02:00,9178.01,13126.30
09.08.2024 15:00:00 +02:00,8870.24,13018.61
09.08.2024 16:00:00 +02:00,9057.41,12906.79
09.08.2024 17:00:00 +02:00,9795.05,12691.69
09.08.2024 18:00:00 +02:00,10543.04,12667.83
09.08.2024 19:00:00 +02:00,11187.20,12526.01
09.08.2024 20:00:00 +02:00,10687.25,12266.39
09.08.2024 21:00:00 +02:00,11029.15,12155.19
09.08.2024 22:00:00 +02:00,11196.16,11980.07
09.08.2024 23:00:00 +02:00,11284.86,11608.95
10.08.2024 00:00:00 +02:00,10802.40,11290.06
10.08.2024 01:00:00 +02:00,10375.52,11017.96
10.08.2024 02:00:00 +02:00,10008.70,10863.95
10.08.2024 03:00:00 +02:00,9929.89,10820.67
10.08.2024 04:00:00 +02:00,9936.59,10745.61
10.08.2024 05:00:00 +02:00,9768.14,10612.39
10.08.2024 06:00:00 +02:00,9800.19,10558.05
10.08.2024 07:00:00 +02:00,10261.45,10813.67
10.08.2024 08:00:00 +02:00,10578.02,11274.48
10.08.2024 09:00:00 +02:00,9780.57,11751.24
10.08.2024 10:00:00 +02:00,9291.93,12125.62
10.08.2024 11:00:00 +02:00,8834.34,12226.45
10.08.2024 12:00:00 +02:00,8936.31,12182.73
10.08.2024 13:00:00 +02:00,9193.97,12163.65
10.08.2024 14:00:00 +02:00,9153.23,12047.47
10.08.2024 15:00:00 +02:00,9068.15,11941.82
10.08.2024 16:00:00 +02:00,9510.24,11984.53
10.08.2024 17:00:00 +02:00,10679.40,12061.66
10.08.2024 18:00:00 +02:00,11804.69,12069.01
10.08.2024 19:00:00 +02:00,12708.49,12081.74
10.08.2024 20:00:00 +02:00,13487.61,11931.47
10.08.2024 21:00:00 +02:00,13762.39,11872.53
10.08.2024 22:00:00 +02:00,13527.27,11711.59
10.08.2024 23:00:00 +02:00,13174.59,11423.65
11.08.2024 00:00:00 +02:00,13094.46,11181.65
11.08.2024 01:00:00 +02:00,12948.83,10935.15
11.08.2024 02:00:00 +02:00,12942.38,10786.61
11.08.2024 03:00:00 +02:00,12957.72,10681.81
11.08.2024 04:00:00 +02:00,12806.28,10682.99
11.08.2024 05:00:00 +02:00,12664.57,10575.82
11.08.2024 06:00:00 +02:00,13037.50,10551.54
11.08.2024 07:00:00 +02:00,12929.91,10725.45
11.08.2024 08:00:00 +02:00,11496.73,10976.94
11.08.2024 09:00:00 +02:00,9148.60,11251.74
11.08.2024 10:00:00 +02:00,7782.61,11504.21
11.08.2024 11:00:00 +02:00,7396.41,11676.92
11.08.2024 12:00:00 +02:00,7862.43,11724.97
11.08.2024 13:00:00 +02:00,7550.53,11754.63
11.08.2024 14:00:00 +02:00,7585.36,11765.03
11.08.2024 15:00:00 +02:00,8642.34,11823.96
11.08.2024 16:00:00 +02:00,10169.87,11844.82
11.08.2024 17:00:00 +02:00,11451.65,11938.25
11.08.2024 18:00:00 +02:00,13171.83,12068.36
11.08.2024 19:00:00 +02:00,15025.18,12221.53
11.08.2024 20:00:00 +02:00,15186.93,12308.84
11.08.2024 21:00:00 +02:00,15031.20,12304.77
11.08.2024 22:00:00 +02:00,14801.84,12221.07
11.08.2024 23:00:00 +02:00,14545.21,11841.49
12.08.2024 00:00:00 +02:00,13679.10,11454.39
12.08.2024 01:00:00 +02:00,12898.18,11202.45
12.08.2024 02:00:00 +02:00,12281.38,11008.63
12.08.2024 03:00:00 +02:00,11782.67,10964.42
12.08.2024 04:00:00 +02:00,11358.28,10931.32
12.08.2024 05:00:00 +02:00,11349.72,11047.49
12.08.2024 06:00:00 +02:00,12473.60,11750.02
12.08.2024 07:00:00 +02:00,14433.41,12585.16
12.08.2024 08:00:00 +02:00,15267.10,12829.88
12.08.2024 09:00:00 +02:00,14153.74,12750.96
12.08.2024 10:00:00 +02:00,12408.32,12743.46
12.08.2024 11:00:00 +02:00,11448.91,12698.58
12.08.2024 12:00:00 +02:00,10266.40,12592.04
12.08.2024 13:00:00 +02:00,10152.18,12608.69
12.08.2024 14:00:00 +02:00,10758.91,12536.28
12.08.2024 15:00:00 +02:00,12585.34,12507.76
12.08.2024 16:00:00 +02:00,14609.75,12574.70
12.08.2024 17:00:00 +02:00,16350.64,12479.75
12.08.2024 18:00:00 +02:00,17394.86,12496.74
12.08.2024 19:00:00 +02:00,17533.59,12478.62
12.08.2024 20:00:00 +02:00,17285.17,12513.00
12.08.2024 21:00:00 +02:00,16449.14,12521.95
12.08.2024 22:00:00 +02:00,15892.02,12377.78
12.08.2024 23:00:00 +02:00,15173.70,11900.63
13.08.2024 00:00:00 +02:00,15012.94,11403.41
13.08.2024 01:00:00 +02:00,14397.28,11097.48
13.08.2024 02:00:00 +02:00,14968.86,10971.53
13.08.2024 03:00:00 +02:00,15544.67,10855.60
13.08.2024 04:00:00 +02:00,15773.74,10797.93
13.08.2024 05:00:00 +02:00,16642.68,10925.00
13.08.2024 06:00:00 +02:00,17551.57,11496.21
13.08.2024 07:00:00 +02:00,18658.26,12346.91
13.08.2024 08:00:00 +02:00,18575.72,12599.13
13.08.2024 09:00:00 +02:00,18367.62,12584.76
13.08.2024 10:00:00 +02:00,17107.58,12392.32
13.08.2024 11:00:00 +02:00,15817.04,12602.46
13.08.2024 12:00:00 +02:00,14627.06,12662.97
13.08.2024 13:00:00 +02:00,13977.32,12738.48
13.08.2024 14:00:00 +02:00,14076.67,12712.82
13.08.2024 15:00:00 +02:00,16431.99,12767.60
13.08.2024 16:00:00 +02:00,17842.16,12716.32
13.08.2024 17:00:00 +02:00,19041.63,12731.83
13.08.2024 18:00:00 +02:00,19021.13,12643.95
13.08.2024 19:00:00 +02:00,18865.07,12652.90
13.08.2024 20:00:00 +02:00,18301.15,12598.25
13.08.2024 21:00:00 +02:00,17795.94,12561.84
13.08.2024 22:00:00 +02:00,16705.42,12361.10
13.08.2024 23:00:00 +02:00,15613.73,11870.02
14.08.2024 00:00:00 +02:00,14645.04,11281.88
14.08.2024 01:00:00 +02:00,14573.77,10884.19
14.08.2024 02:00:00 +02:00,15009.07,10740.06
14.08.2024 03:00:00 +02:00,15044.00,10623.96
14.08.2024 04:00:00 +02:00,15513.71,10569.92
14.08.2024 05:00:00 +02:00,15878.76,10640.80
14.08.2024 06:00:00 +02:00,15769.08,11225.93
14.08.2024 07:00:00 +02:00,15997.91,12102.98
14.08.2024 08:00:00 +02:00,16914.03,12408.05
14.08.2024 09:00:00 +02:00,17193.20,12575.88
14.08.2024 10:00:00 +02:00,16987.42,12708.01
14.08.2024 11:00:00 +02:00,16098.91,12750.85
14.08.2024 12:00:00 +02:00,15784.81,12757.27
14.08.2024 13:00:00 +02:00,15272.89,12824.47
14.08.2024 14:00:00 +02:00,15547.09,12839.40
14.08.2024 15:00:00 +02:00,16451.49,12884.77
14.08.2024 16:00:00 +02:00,16938.57,13058.18
14.08.2024 17:00:00 +02:00,17748.76,12919.21
14.08.2024 18:00:00 +02:00,17995.56,12844.24
14.08.2024 19:00:00 +02:00,17311.86,12738.20
14.08.2024 20:00:00 +02:00,16528.89,12664.51
14.08.2024 21:00:00 +02:00,16396.76,12581.55
14.08.2024 22:00:00 +02:00,16290.44,12370.72
14.08.2024 23:00:00 +02:00,15146.00,11873.87
15.08.2024 00:00:00 +02:00,14900.04,11297.68
15.08.2024 01:00:00 +02:00,14597.28,10984.17
15.08.2024 02:00:00 +02:00,14098.54,10843.24
15.08.2024 03:00:00 +02:00,13471.00,10769.35
15.08.2024 04:00:00 +02:00,12585.66,10704.28
15.08.2024 05:00:00 +02:00,12347.91,10828.58
15.08.2024 06:00:00 +02:00,14034.67,11407.85
15.08.2024 07:00:00 +02:00,15561.00,12294.99
15.08.2024 08:00:00 +02:00,16971.99,12633.59
15.08.2024 09:00:00 +02:00,16419.98,12716.70
15.08.2024 10:00:00 +02:00,14722.19,12622.39
15.08.2024 11:00:00 +02:00,12705.01,12737.37
15.08.2024 12:00:00 +02:00,10856.22,12815.36
15.08.2024 13:00:00 +02:00,10690.39,12971.62
15.08.2024 14:00:00 +02:00,11413.65,13010.08
15.08.2024 15:00:00 +02:00,12014.25,13105.39
15.08.2024 16:00:00 +02:00,13839.34,13235.24
15.08.2024 17:00:00 +02:00,16336.91,13124.36
15.08.2024 18:00:00 +02:00,17020.33,12993.14
15.08.2024 19:00:00 +02:00,16751.77,12924.88
15.08.2024 20:00:00 +02:00,16489.13,12800.82
15.08.2024 21:00:00 +02:00,16134.06,12756.59
15.08.2024 22:00:00 +02:00,16317.32,12591.53
15.08.2024 23:00:00 +02:00,15303.71,12009.51
16.08.2024 00:00:00 +02:00,14683.05,11396.99
16.08.2024 01:00:00 +02:00,14483.76,11096.82
16.08.2024 02:00:00 +02:00,14135.90,10955.34
16.08.2024 03:00:00 +02:00,13889.94,10824.55
16.08.2024 04:00:00 +02:00,13580.46,10829.16
16.08.2024 05:00:00 +02:00,14069.90,10881.81
16.08.2024 06:00:00 +02:00,14864.45,11553.73
16.08.2024 07:00:00 +02:00,15729.43,12471.25
16.08.2024 08:00:00 +02:00,15886.24,12879.72
16.08.2024 09:00:00 +02:00,15799.68,12949.28
16.08.2024 10:00:00 +02:00,15784.06,12936.12
16.08.2024 11:00:00 +02:00,15220.66,12819.14
16.08.2024 12:00:00 +02:00,14749.44,12692.97
16.08.2024 13:00:00 +02:00,14799.69,12623.15
16.08.2024 14:00:00 +02:00,14996.18,12538.85
16.08.2024 15:00:00 +02:00,15008.99,12546.20
16.08.2024 16:00:00 +02:00,15460.33,12533.51
16.08.2024 17:00:00 +02:00,16470.72,12557.50
16.08.2024 18:00:00 +02:00,16248.00,12544.69
16.08.2024 19:00:00 +02:00,16841.46,12514.18
16.08.2024 20:00:00 +02:00,16735.59,12451.33
16.08.2024 21:00:00 +02:00,16274.60,12371.83
16.08.2024 22:00:00 +02:00,15830.01,12151.50
16.08.2024 23:00:00 +02:00,15749.18,11812.06
17.08.2024 00:00:00 +02:00,15719.64,11522.82
17.08.2024 01:00:00 +02:00,15553.89,11238.25
17.08.2024 02:00:00 +02:00,15309.86,11055.24
17.08.2024 03:00:00 +02:00,15279.62,10945.11
17.08.2024 04:00:00 +02:00,15321.96,10887.66
17.08.2024 05:00:00 +02:00,15193.78,10813.98
17.08.2024 06:00:00 +02:00,15164.14,10848.26
17.08.2024 07:00:00 +02:00,15493.63,11123.02
17.08.2024 08:00:00 +02:00,16024.10,11521.47
17.08.2024 09:00:00 +02:00,16595.98,11889.69
17.08.2024 10:00:00 +02:00,16401.20,12163.13
17.08.2024 11:00:00 +02:00,15402.31,12101.98
17.08.2024 12:00:00 +02:00,14308.35,12082.88
17.08.2024 13:00:00 +02:00,13556.32,12037.29
17.08.2024 14:00:00 +02:00,14193.02,11950.28
17.08.2024 15:00:00 +02:00,14999.13,12009.76
17.08.2024 16:00:00 +02:00,15851.04,12069.65
17.08.2024 17:00:00 +02:00,16893.42,12172.82
17.08.2024 18:00:00 +02:00,17276.69,12212.05
17.08.2024 19:00:00 +02:00,17406.24,12218.17
17.08.2024 20:00:00 +02:00,17222.65,12076.67
17.08.2024 21:00:00 +02:00,17005.95,12038.00
17.08.2024 22:00:00 +02:00,16700.80,11868.27
17.08.2024 23:00:00 +02:00,16224.95,11579.67
18.08.2024 00:00:00 +02:00,16040.22,11345.36
18.08.2024 01:00:00 +02:00,15963.35,11110.99
18.08.2024 02:00:00 +02:00,15946.46,10970.98
18.08.2024 03:00:00 +02:00,16187.77,10878.15
18.08.2024 04:00:00 +02:00,15965.21,10826.07
18.08.2024 05:00:00 +02:00,15400.82,10756.49
18.08.2024 06:00:00 +02:00,15441.00,10751.92
18.08.2024 07:00:00 +02:00,15038.77,10900.52
18.08.2024 08:00:00 +02:00,15777.41,11228.20
18.08.2024 09:00:00 +02:00,15908.59,11615.63
18.08.2024 10:00:00 +02:00,15159.23,11937.62
18.08.2024 11:00:00 +02:00,14806.87,12066.58
18.08.2024 12:00:00 +02:00,14688.50,12156.62
18.08.2024 13:00:00 +02:00,13602.50,12193.70
18.08.2024 14:00:00 +02:00,13481.63,12301.25
18.08.2024 15:00:00 +02:00,13711.12,12378.69
18.08.2024 16:00:00 +02:00,15145.33,12478.69
18.08.2024 17:00:00 +02:00,16476.22,12610.46
18.08.2024 18:00:00 +02:00,17147.91,12661.53
18.08.2024 19:00:00 +02:00,17511.58,12702.17
18.08.2024 20:00:00 +02:00,16855.22,12730.98
18.08.2024 21:00:00 +02:00,16604.80,12793.63
18.08.2024 22:00:00 +02:00,16021.75,12541.28
18.08.2024 23:00:00 +02:00,15815.22,12078.21
19.08.2024 00:00:00 +02:00,15453.44,11644.19
19.08.2024 01:00:00 +02:00,15289.71,11364.71
19.08.2024 02:00:00 +02:00,15424.06,11211.93
19.08.2024 03:00:00 +02:00,15493.30,11174.43
19.08.2024 04:00:00 +02:00,15622.23,11202.15
19.08.2024 05:00:00 +02:00,15778.93,11394.32
19.08.2024 06:00:00 +02:00,16558.57,12166.25
19.08.2024 07:00:00 +02:00,18244.66,13167.96
19.08.2024 08:00:00 +02:00,18521.53,13415.09
19.08.2024 09:00:00 +02:00,17513.65,13291.81
19.08.2024 10:00:00 +02:00,16717.62,13051.54
19.08.2024 11:00:00 +02:00,16592.38,12969.92
19.08.2024 12:00:00 +02:00,16641.79,12959.28
19.08.2024 13:00:00 +02:00,16525.91,12974.27
19.08.2024 14:00:00 +02:00,16386.86,13019.96
19.08.2024 15:00:00 +02:00,16805.41,13087.64
19.08.2024 16:00:00 +02:00,16609.05,13210.19
19.08.2024 17:00:00 +02:00,17354.73,13151.81
19.08.2024 18:00:00 +02:00,17976.41,13105.51
19.08.2024 19:00:00 +02:00,17896.69,13093.96
19.08.2024 20:00:00 +02:00,17201.46,13103.43
19.08.2024 21:00:00 +02:00,16906.53,13118.79
19.08.2024 22:00:00 +02:00,16132.52,12719.35
19.08.2024 23:00:00 +02:00,15700.54,12190.50
20.08.2024 00:00:00 +02:00,15452.14,11679.54
20.08.2024 01:00:00 +02:00,15096.96,11439.64
20.08.2024 02:00:00 +02:00,15008.02,11288.50
20.08.2024 03:00:00 +02:00,14849.43,11226.49
20.08.2024 04:00:00 +02:00,14657.25,11226.96
20.08.2024 05:00:00 +02:00,15143.34,11338.75
20.08.2024 06:00:00 +02:00,16196.82,12021.63
20.08.2024 07:00:00 +02:00,16677.16,12959.57
20.08.2024 08:00:00 +02:00,17527.58,13258.01
20.08.2024 09:00:00 +02:00,17964.29,13289.06
20.08.2024 10:00:00 +02:00,17604.92,13115.08
20.08.2024 11:00:00 +02:00,16301.20,13288.01
20.08.2024 12:00:00 +02:00,15028.69,13248.73
20.08.2024 13:00:00 +02:00,14525.54,13310.41
20.08.2024 14:00:00 +02:00,13968.72,13383.44
20.08.2024 15:00:00 +02:00,14206.79,13406.93
20.08.2024 16:00:00 +02:00,15337.21,13515.24
20.08.2024 17:00:00 +02:00,17204.73,13409.27
20.08.2024 18:00:00 +02:00,17852.94,13310.81
20.08.2024 19:00:00 +02:00,16869.30,13202.76
20.08.2024 20:00:00 +02:00,16462.69,13203.72
20.08.2024 21:00:00 +02:00,16353.20,13128.49
20.08.2024 22:00:00 +02:00,16321.31,12774.34
20.08.2024 23:00:00 +02:00,15995.26,12185.07
21.08.2024 00:00:00 +02:00,15070.89,11725.61
21.08.2024 01:00:00 +02:00,14015.31,11364.73
21.08.2024 02:00:00 +02:00,13206.43,11234.73
21.08.2024 03:00:00 +02:00,12123.83,11111.29
21.08.2024 04:00:00 +02:00,11309.37,11058.78
21.08.2024 05:00:00 +02:00,11879.63,11233.23
21.08.2024 06:00:00 +02:00,13359.28,11936.03
21.08.2024 07:00:00 +02:00,15495.66,12951.60
21.08.2024 08:00:00 +02:00,17252.03,13291.96
21.08.2024 09:00:00 +02:00,16383.52,13391.01
21.08.2024 10:00:00 +02:00,13789.35,13373.51
21.08.2024 11:00:00 +02:00,12408.40,13372.17
21.08.2024 12:00:00 +02:00,11105.65,13263.81
21.08.2024 13:00:00 +02:00,11222.93,13232.90
21.08.2024 14:00:00 +02:00,11034.56,13243.78
21.08.2024 15:00:00 +02:00,11337.75,13180.84
21.08.2024 16:00:00 +02:00,12117.77,13273.39
21.08.2024 17:00:00 +02:00,13536.74,13089.93
21.08.2024 18:00:00 +02:00,15596.23,12953.06
21.08.2024 19:00:00 +02:00,16362.88,13026.58
21.08.2024 20:00:00 +02:00,15921.87,13095.66
21.08.2024 21:00:00 +02:00,15388.55,13172.57
21.08.2024 22:00:00 +02:00,15229.90,12870.78
21.08.2024 23:00:00 +02:00,14097.58,12318.27
22.08.2024 00:00:00 +02:00,13284.25,11875.47
22.08.2024 01:00:00 +02:00,12602.90,11624.80
22.08.2024 02:00:00 +02:00,11746.16,11507.17
22.08.2024 03:00:00 +02:00,11804.11,11428.17
22.08.2024 04:00:00 +02:00,11784.21,11430.41
22.08.2024 05:00:00 +02:00,11793.65,11551.12
22.08.2024 06:00:00 +02:00,12455.39,12214.30
22.08.2024 07:00:00 +02:00,15051.23,13310.88
22.08.2024 08:00:00 +02:00,15693.90,13494.89
22.08.2024 09:00:00 +02:00,15079.68,13575.99
22.08.2024 10:00:00 +02:00,13509.25,13408.02
22.08.2024 11:00:00 +02:00,12576.73,13582.32
22.08.2024 12:00:00 +02:00,11670.91,13537.29
22.08.2024 13:00:00 +02:00,10853.64,13569.82
22.08.2024 14:00:00 +02:00,10767.45,13573.25
22.08.2024 15:00:00 +02:00,11973.23,13639.94
22.08.2024 16:00:00 +02:00,13162.11,13882.49
22.08.2024 17:00:00 +02:00,15362.42,13818.26
22.08.2024 18:00:00 +02:00,16846.34,13705.07
22.08.2024 19:00:00 +02:00,16700.35,13617.14
22.08.2024 20:00:00 +02:00,15910.79,13560.03
22.08.2024 21:00:00 +02:00,15648.11,13474.73
22.08.2024 22:00:00 +02:00,14749.98,13113.25
22.08.2024 23:00:00 +02:00,13911.46,12578.86
23.08.2024 00:00:00 +02:00,13518.06,12022.32
23.08.2024 01:00:00 +02:00,12986.63,11694.36
23.08.2024 02:00:00 +02:00,12188.29,11603.26
23.08.2024 03:00:00 +02:00,11599.95,11500.48
23.08.2024 04:00:00 +02:00,11364.22,11505.12
23.08.2024 05:00:00 +02:00,11257.71,11598.61
23.08.2024 06:00:00 +02:00,12078.07,12172.41
23.08.2024 07:00:00 +02:00,13643.65,13197.81
23.08.2024 08:00:00 +02:00,14049.90,13571.73
23.08.2024 09:00:00 +02:00,12554.17,13590.85
23.08.2024 10:00:00 +02:00,11636.72,13628.98
23.08.2024 11:00:00 +02:00,10976.15,13656.03
23.08.2024 12:00:00 +02:00,10515.59,13681.45
23.08.2024 13:00:00 +02:00,10236.67,13676.39
23.08.2024 14:00:00 +02:00,10241.86,13710.90
23.08.2024 15:00:00 +02:00,9764.77,13735.33
23.08.2024 16:00:00 +02:00,10212.46,13695.19
23.08.2024 17:00:00 +02:00,11963.36,13516.61
23.08.2024 18:00:00 +02:00,12823.84,13300.94
23.08.2024 19:00:00 +02:00,12379.36,13126.98
23.08.2024 20:00:00 +02:00,11976.68,12955.86
23.08.2024 21:00:00 +02:00,12875.98,12865.66
23.08.2024 22:00:00 +02:00,13904.42,12533.28
23.08.2024 23:00:00 +02:00,14683.16,12241.22
24.08.2024 00:00:00 +02:00,15596.67,12000.96
24.08.2024 01:00:00 +02:00,15499.00,11771.75
24.08.2024 02:00:00 +02:00,15228.03,11594.39
24.08.2024 03:00:00 +02:00,15079.61,11509.86
24.08.2024 04:00:00 +02:00,15144.41,11485.12
24.08.2024 05:00:00 +02:00,15041.30,11421.49
24.08.2024 06:00:00 +02:00,15022.93,11466.65
24.08.2024 07:00:00 +02:00,15311.42,11752.86
24.08.2024 08:00:00 +02:00,15599.60,12108.20
24.08.2024 09:00:00 +02:00,14447.54,12497.32
24.08.2024 10:00:00 +02:00,12726.82,12816.54
24.08.2024 11:00:00 +02:00,11446.05,12992.08
24.08.2024 12:00:00 +02:00,10840.87,13099.38
24.08.2024 13:00:00 +02:00,10643.71,13091.23
24.08.2024 14:00:00 +02:00,10114.90,13050.27
24.08.2024 15:00:00 +02:00,10140.43,13041.76
24.08.2024 16:00:00 +02:00,11705.36,13073.51
24.08.2024 17:00:00 +02:00,13419.51,13077.95
24.08.2024 18:00:00 +02:00,15026.63,13076.06
24.08.2024 19:00:00 +02:00,15706.01,12963.74
24.08.2024 20:00:00 +02:00,14748.66,12764.10
24.08.2024 21:00:00 +02:00,14207.60,12672.42
24.08.2024 22:00:00 +02:00,13356.62,12390.42
24.08.2024 23:00:00 +02:00,13545.65,12114.39
25.08.2024 00:00:00 +02:00,12011.93,11850.12
25.08.2024 01:00:00 +02:00,10753.18,11586.91
25.08.2024 02:00:00 +02:00,9516.27,11434.27
25.08.2024 03:00:00 +02:00,9412.27,11353.12
25.08.2024 04:00:00 +02:00,9644.73,11258.80
25.08.2024 05:00:00 +02:00,9449.22,11156.58
25.08.2024 06:00:00 +02:00,9687.11,11143.00
25.08.2024 07:00:00 +02:00,10328.16,11405.79
25.08.2024 08:00:00 +02:00,10432.60,11722.90
25.08.2024 09:00:00 +02:00,9842.94,12189.88
25.08.2024 10:00:00 +02:00,9117.45,12490.69
25.08.2024 11:00:00 +02:00,9200.72,12561.57
25.08.2024 12:00:00 +02:00,9365.92,12597.61
25.08.2024 13:00:00 +02:00,9057.18,12612.25
25.08.2024 14:00:00 +02:00,9129.64,12689.17
25.08.2024 15:00:00 +02:00,9443.03,12758.08
25.08.2024 16:00:00 +02:00,10640.36,12725.87
25.08.2024 17:00:00 +02:00,12373.03,12780.84
25.08.2024 18:00:00 +02:00,13517.25,12786.83
25.08.2024 19:00:00 +02:00,15587.24,12971.67
25.08.2024 20:00:00 +02:00,16594.94,13146.02
25.08.2024 21:00:00 +02:00,16950.18,13225.07
25.08.2024 22:00:00 +02:00,16160.77,12896.36
25.08.2024 23:00:00 +02:00,14724.62,12379.61
26.08.2024 00:00:00 +02:00,14008.19,12000.30
26.08.2024 01:00:00 +02:00,13245.06,11736.78
26.08.2024 02:00:00 +02:00,12510.40,11611.18
26.08.2024 03:00:00 +02:00,12675.66,11524.83
26.08.2024 04:00:00 +02:00,12520.03,11502.32
26.08.2024 05:00:00 +02:00,12699.73,11768.62
26.08.2024 06:00:00 +02:00,14369.49,12531.20
26.08.2024 07:00:00 +02:00,16266.31,13612.05
26.08.2024 08:00:00 +02:00,16186.20,13906.79
26.08.2024 09:00:00 +02:00,15325.42,13815.14
26.08.2024 10:00:00 +02:00,14726.57,13667.38
26.08.2024 11:00:00 +02:00,14540.32,13556.35
26.08.2024 12:00:00 +02:00,13633.04,13522.43
26.08.2024 13:00:00 +02:00,13493.79,13572.99
26.08.2024 14:00:00 +02:00,14178.97,13667.22
26.08.2024 15:00:00 +02:00,14968.08,13634.62
26.08.2024 16:00:00 +02:00,15694.36,13695.43
26.08.2024 17:00:00 +02:00,16276.38,13579.07
26.08.2024 18:00:00 +02:00,16782.62,13535.70
26.08.2024 19:00:00 +02:00,16791.41,13502.42
26.08.2024 20:00:00 +02:00,17245.98,13613.18
26.08.2024 21:00:00 +02:00,17695.24,13650.14
26.08.2024 22:00:00 +02:00,17013.26,13257.70
26.08.2024 23:00:00 +02:00,16277.46,12601.34
27.08.2024 00:00:00 +02:00,15587.88,12079.97
27.08.2024 01:00:00 +02:00,15297.59,11815.44
27.08.2024 02:00:00 +02:00,15432.15,11715.49
27.08.2024 03:00:00 +02:00,15235.42,11676.52
27.08.2024 04:00:00 +02:00,14888.55,11710.61
27.08.2024 05:00:00 +02:00,15490.52,11936.70
27.08.2024 06:00:00 +02:00,17550.09,12678.62
27.08.2024 07:00:00 +02:00,18470.91,13506.38
27.08.2024 08:00:00 +02:00,18544.51,13690.76
27.08.2024 09:00:00 +02:00,18163.54,13522.31
27.08.2024 10:00:00 +02:00,17245.31,13184.24
27.08.2024 11:00:00 +02:00,15652.00,13292.58
27.08.2024 12:00:00 +02:00,15033.74,13347.28
27.08.2024 13:00:00 +02:00,13621.80,13354.77
27.08.2024 14:00:00 +02:00,13680.93,13479.51
27.08.2024 15:00:00 +02:00,15528.64,13584.99
27.08.2024 16:00:00 +02:00,16860.09,13698.64
27.08.2024 17:00:00 +02:00,17487.56,13627.98
27.08.2024 18:00:00 +02:00,18258.13,13539.24
27.08.2024 19:00:00 +02:00,18787.86,13519.80
27.08.2024 20:00:00 +02:00,18316.58,13512.71
27.08.2024 21:00:00 +02:00,17184.39,13409.92
27.08.2024 22:00:00 +02:00,16286.50,13004.16
27.08.2024 23:00:00 +02:00,15564.02,12466.40
28.08.2024 00:00:00 +02:00,15190.23,11906.48
28.08.2024 01:00:00 +02:00,14339.39,11557.15
28.08.2024 02:00:00 +02:00,14273.95,11471.80
28.08.2024 03:00:00 +02:00,14256.80,11329.07
28.08.2024 04:00:00 +02:00,14209.48,11290.56
28.08.2024 05:00:00 +02:00,15018.21,11465.50
28.08.2024 06:00:00 +02:00,16202.54,12166.97
28.08.2024 07:00:00 +02:00,16952.80,13161.17
28.08.2024 08:00:00 +02:00,17272.42,13260.05
28.08.2024 09:00:00 +02:00,17694.26,13249.99
28.08.2024 10:00:00 +02:00,17170.82,13225.03
28.08.2024 11:00:00 +02:00,16774.94,13264.98
28.08.2024 12:00:00 +02:00,16279.76,13240.69
28.08.2024 13:00:00 +02:00,15515.55,13214.35
28.08.2024 14:00:00 +02:00,14546.69,13184.91
28.08.2024 15:00:00 +02:00,16330.06,13135.54
28.08.2024 16:00:00 +02:00,17056.32,13256.70
28.08.2024 17:00:00 +02:00,17376.11,13144.07
28.08.2024 18:00:00 +02:00,17457.72,13066.62
28.08.2024 19:00:00 +02:00,17875.63,13096.94
28.08.2024 20:00:00 +02:00,17578.09,13221.48
28.08.2024 21:00:00 +02:00,17126.84,13242.67
28.08.2024 22:00:00 +02:00,16594.05,12889.27
28.08.2024 23:00:00 +02:00,16147.87,12367.65
29.08.2024 00:00:00 +02:00,15492.20,11731.87
29.08.2024 01:00:00 +02:00,15216.55,11391.49
29.08.2024 02:00:00 +02:00,15247.79,11256.01
29.08.2024 03:00:00 +02:00,15554.90,11151.73
29.08.2024 04:00:00 +02:00,16384.61,11163.47
29.08.2024 05:00:00 +02:00,16773.03,11370.42
29.08.2024 06:00:00 +02:00,17211.89,12054.07
29.08.2024 07:00:00 +02:00,17927.29,12924.47
29.08.2024 08:00:00 +02:00,18304.81,13151.41
29.08.2024 09:00:00 +02:00,18673.43,13239.72
29.08.2024 10:00:00 +02:00,18199.93,13012.42
29.08.2024 11:00:00 +02:00,17474.74,13202.66
29.08.2024 12:00:00 +02:00,16976.81,13254.86
29.08.2024 13:00:00 +02:00,16909.63,13304.41
29.08.2024 14:00:00 +02:00,17095.39,13402.88
29.08.2024 15:00:00 +02:00,17475.33,13484.96
29.08.2024 16:00:00 +02:00,17855.48,13532.25
29.08.2024 17:00:00 +02:00,18188.16,13542.55
29.08.2024 18:00:00 +02:00,18059.87,13388.83
29.08.2024 19:00:00 +02:00,17713.20,13320.96
29.08.2024 20:00:00 +02:00,17787.55,13331.28
29.08.2024 21:00:00 +02:00,17368.50,13342.51
29.08.2024 22:00:00 +02:00,17038.41,13001.20
29.08.2024 23:00:00 +02:00,16443.48,12436.19
30.08.2024 00:00:00 +02:00,15982.62,11893.55
30.08.2024 01:00:00 +02:00,15887.32,11560.84
30.08.2024 02:00:00 +02:00,16214.06,11495.74
30.08.2024 03:00:00 +02:00,16384.51,11390.30
30.08.2024 04:00:00 +02:00,16346.89,11341.16
30.08.2024 05:00:00 +02:00,16764.63,11581.20
30.08.2024 06:00:00 +02:00,17330.53,12285.64
30.08.2024 07:00:00 +02:00,18124.39,13188.42
30.08.2024 08:00:00 +02:00,18009.10,13425.60
30.08.2024 09:00:00 +02:00,18011.94,13401.19
30.08.2024 10:00:00 +02:00,18098.35,13388.23
30.08.2024 11:00:00 +02:00,18264.19,13312.80
30.08.2024 12:00:00 +02:00,17654.19,13231.16
30.08.2024 13:00:00 +02:00,17704.68,13228.71
30.08.2024 14:00:00 +02:00,17862.91,13278.48
30.08.2024 15:00:00 +02:00,17833.75,13223.22
30.08.2024 16:00:00 +02:00,18055.77,13199.67
30.08.2024 17:00:00 +02:00,17700.89,13169.21
30.08.2024 18:00:00 +02:00,17287.92,13055.17
30.08.2024 19:00:00 +02:00,17257.64,13000.42
30.08.2024 20:00:00 +02:00,17033.18,12952.26
30.08.2024 21:00:00 +02:00,17109.85,12912.89
30.08.2024 22:00:00 +02:00,16692.52,12627.18
30.08.2024 23:00:00 +02:00,16427.74,12270.57
31.08.2024 00:00:00 +02:00,16368.23,11777.90
31.08.2024 01:00:00 +02:00,15994.09,11613.94
31.08.2024 02:00:00 +02:00,15679.81,11450.27
31.08.2024 03:00:00 +02:00,14812.93,11251.81
31.08.2024 04:00:00 +02:00,14931.57,11296.22
31.08.2024 05:00:00 +02:00,14943.58,11227.54
31.08.2024 06:00:00 +02:00,14898.08,11372.96
31.08.2024 07:00:00 +02:00,15165.77,11623.31
31.08.2024 08:00:00 +02:00,16265.38,12033.95
31.08.2024 09:00:00 +02:00,16776.53,12394.19
31.08.2024 10:00:00 +02:00,15246.30,12585.09
31.08.2024 11:00:00 +02:00,13230.42,12475.95
31.08.2024 12:00:00 +02:00,11495.98,12396.75
31.08.2024 13:00:00 +02:00,10136.28,12322.82
31.08.2024 14:00:00 +02:00,10445.50,12273.12
31.08.2024 15:00:00 +02:00,12197.63,12174.85
31.08.2024 16:00:00 +02:00,13774.47,12173.47
31.08.2024 17:00:00 +02:00,15390.08,12285.78
31.08.2024 18:00:00 +02:00,16485.51,12407.76
31.08.2024 19:00:00 +02:00,17117.61,12506.16
31.08.2024 20:00:00 +02:00,17268.04,12535.52
31.08.2024 21:00:00 +02:00,16988.29,12479.87
31.08.2024 22:00:00 +02:00,16711.17,12221.40
31.08.2024 23:00:00 +02:00,16983.35,11977.75
01.09.2024 00:00:00 +02:00,16172.42,11638.29
01.09.2024 01:00:00 +02:00,15542.79,11408.04
01.09.2024 02:00:00 +02:00,15985.67,11303.90
01.09.2024 03:00:00 +02:00,15708.45,11195.83
01.09.2024 04:00:00 +02:00,15838.69,11196.29
01.09.2024 05:00:00 +02:00,15901.06,11219.67
01.09.2024 06:00:00 +02:00,15596.22,11175.36
01.09.2024 07:00:00 +02:00,15824.43,11341.99
01.09.2024 08:00:00 +02:00,15871.62,11623.91
01.09.2024 09:00:00 +02:00,14821.36,11850.40
01.09.2024 10:00:00 +02:00,13005.30,11986.56
01.09.2024 11:00:00 +02:00,11140.62,12013.15
01.09.2024 12:00:00 +02:00,11289.81,11997.62
01.09.2024 13:00:00 +02:00,10950.03,11936.09
01.09.2024 14:00:00 +02:00,11440.18,11929.21
01.09.2024 15:00:00 +02:00,12105.32,11928.60
01.09.2024 16:00:00 +02:00,14092.45,11985.84
01.09.2024 17:00:00 +02:00,15753.19,12085.14
01.09.2024 18:00:00 +02:00,16869.77,12166.58
01.09.2024 19:00:00 +02:00,17167.67,12399.48
01.09.2024 20:00:00 +02:00,17663.99,12666.67
01.09.2024 21:00:00 +02:00,17463.25,12717.52
01.09.2024 22:00:00 +02:00,16952.09,12454.17
01.09.2024 23:00:00 +02:00,16703.60,11955.95
02.09.2024 00:00:00 +02:00,16376.30,11608.46
02.09.2024 01:00:00 +02:00,16012.55,11374.11
02.09.2024 02:00:00 +02:00,15644.04,11217.32
02.09.2024 03:00:00 +02:00,15760.67,11225.26
02.09.2024 04:00:00 +02:00,15675.20,11200.21
02.09.2024 05:00:00 +02:00,15891.57,11381.88
02.09.2024 06:00:00 +02:00,16946.79,12061.27
02.09.2024 07:00:00 +02:00,17639.98,13016.20
02.09.2024 08:00:00 +02:00,18474.85,13201.20
02.09.2024 09:00:00 +02:00,18415.86,13182.99
02.09.2024 10:00:00 +02:00,18172.15,13077.21
02.09.2024 11:00:00 +02:00,17739.23,13005.51
02.09.2024 12:00:00 +02:00,17373.41,12969.49
02.09.2024 13:00:00 +02:00,17075.83,13021.83
02.09.2024 14:00:00 +02:00,17249.70,13019.02
02.09.2024 15:00:00 +02:00,17640.91,13141.21
02.09.2024 16:00:00 +02:00,18137.78,13242.15
02.09.2024 17:00:00 +02:00,19178.72,13149.53
02.09.2024 18:00:00 +02:00,19371.33,13097.92
02.09.2024 19:00:00 +02:00,19439.66,13148.73
02.09.2024 20:00:00 +02:00,18047.62,13154.88
02.09.2024 21:00:00 +02:00,17738.69,13136.19
02.09.2024 22:00:00 +02:00,17027.47,12763.66
02.09.2024 23:00:00 +02:00,16950.62,12204.35
03.09.2024 00:00:00 +02:00,16324.06,11548.17
03.09.2024 01:00:00 +02:00,16092.25,11182.22
03.09.2024 02:00:00 +02:00,16055.55,11091.71
03.09.2024 03:00:00 +02:00,15872.54,10997.07
03.09.2024 04:00:00 +02:00,15728.47,10945.22
03.09.2024 05:00:00 +02:00,16219.88,11174.97
03.09.2024 06:00:00 +02:00,17228.53,11926.31
03.09.2024 07:00:00 +02:00,18286.91,12886.44
03.09.2024 08:00:00 +02:00,18889.76,13215.94
03.09.2024 09:00:00 +02:00,18898.08,13250.18
03.09.2024 10:00:00 +02:00,18809.63,13252.96
03.09.2024 11:00:00 +02:00,18673.98,12990.29
03.09.2024 12:00:00 +02:00,18075.25,13144.86
03.09.2024 13:00:00 +02:00,18281.21,13193.93
03.09.2024 14:00:00 +02:00,18204.35,13183.67
03.09.2024 15:00:00 +02:00,18427.42,13315.51
03.09.2024 16:00:00 +02:00,18744.05,13506.78
03.09.2024 17:00:00 +02:00,19131.53,13428.20
03.09.2024 18:00:00 +02:00,19156.40,13265.66
03.09.2024 19:00:00 +02:00,18493.24,13222.98
03.09.2024 20:00:00 +02:00,17521.89,13292.18
03.09.2024 21:00:00 +02:00,17524.56,13125.94
03.09.2024 22:00:00 +02:00,17037.71,12723.31
03.09.2024 23:00:00 +02:00,16335.78,12072.94
04.09.2024 00:00:00 +02:00,15799.28,11478.58
04.09.2024 01:00:00 +02:00,15467.73,11161.35
04.09.2024 02:00:00 +02:00,15395.64,11086.31
04.09.2024 03:00:00 +02:00,15275.47,10963.66
04.09.2024 04:00:00 +02:00,15342.86,10881.78
04.09.2024 05:00:00 +02:00,15860.17,11037.32
04.09.2024 06:00:00 +02:00,15880.94,11754.62
04.09.2024 07:00:00 +02:00,16591.19,12728.98
04.09.2024 08:00:00 +02:00,17426.49,13022.58
04.09.2024 09:00:00 +02:00,18007.63,13020.65
04.09.2024 10:00:00 +02:00,17930.53,13103.70
04.09.2024 11:00:00 +02:00,17247.84,13166.43
04.09.2024 12:00:00 +02:00,16641.09,13050.74
04.09.2024 13:00:00 +02:00,16679.02,13073.88
04.09.2024 14:00:00 +02:00,16788.76,13051.65
04.09.2024 15:00:00 +02:00,17298.12,13123.07
04.09.2024 16:00:00 +02:00,17287.57,13217.65
04.09.2024 17:00:00 +02:00,17581.22,13132.60
04.09.2024 18:00:00 +02:00,17523.35,13033.35
04.09.2024 19:00:00 +02:00,17004.48,13023.30
04.09.2024 20:00:00 +02:00,16702.30,13095.56
04.09.2024 21:00:00 +02:00,16406.02,12902.41
04.09.2024 22:00:00 +02:00,15924.96,12509.25
04.09.2024 23:00:00 +02:00,15425.68,11896.32
05.09.2024 00:00:00 +02:00,14445.49,11284.59
05.09.2024 01:00:00 +02:00,14170.18,10998.70
05.09.2024 02:00:00 +02:00,14277.15,10874.64
05.09.2024 03:00:00 +02:00,14157.45,10768.02
05.09.2024 04:00:00 +02:00,14147.75,10742.10
05.09.2024 05:00:00 +02:00,14306.85,10983.37
05.09.2024 06:00:00 +02:00,14886.87,11681.50
05.09.2024 07:00:00 +02:00,16069.01,12581.97
05.09.2024 08:00:00 +02:00,16874.17,12886.30
05.09.2024 09:00:00 +02:00,16898.94,12854.40
05.09.2024 10:00:00 +02:00,16323.91,12722.57
05.09.2024 11:00:00 +02:00,13296.12,12429.38
05.09.2024 12:00:00 +02:00,12338.32,12583.55
05.09.2024 13:00:00 +02:00,11786.18,12544.06
05.09.2024 14:00:00 +02:00,11672.43,12787.82
05.09.2024 15:00:00 +02:00,12172.32,12741.86
05.09.2024 16:00:00 +02:00,12961.48,12809.88
05.09.2024 17:00:00 +02:00,15490.82,12671.90
05.09.2024 18:00:00 +02:00,16846.17,12558.55
05.09.2024 19:00:00 +02:00,16806.62,12624.57
05.09.2024 20:00:00 +02:00,16454.31,12761.89
05.09.2024 21:00:00 +02:00,15616.30,12734.71
05.09.2024 22:00:00 +02:00,14549.17,12316.17
05.09.2024 23:00:00 +02:00,14132.90,11767.57
06.09.2024 00:00:00 +02:00,13654.37,11217.42
06.09.2024 01:00:00 +02:00,13439.04,10879.34
06.09.2024 02:00:00 +02:00,13325.28,10720.74
06.09.2024 03:00:00 +02:00,13274.16,10675.55
06.09.2024 04:00:00 +02:00,13052.70,10645.78
06.09.2024 05:00:00 +02:00,13530.02,10795.61
06.09.2024 06:00:00 +02:00,14621.76,11472.24
06.09.2024 07:00:00 +02:00,16619.96,12432.91
06.09.2024 08:00:00 +02:00,17365.54,12769.95
06.09.2024 09:00:00 +02:00,17040.53,12788.74
06.09.2024 10:00:00 +02:00,16217.73,12660.01
06.09.2024 11:00:00 +02:00,14736.82,12470.39
06.09.2024 12:00:00 +02:00,13657.24,12390.91
06.09.2024 13:00:00 +02:00,13674.00,12380.69
06.09.2024 14:00:00 +02:00,13663.57,12336.53
06.09.2024 15:00:00 +02:00,13967.74,12359.56
06.09.2024 16:00:00 +02:00,15064.41,12401.17
06.09.2024 17:00:00 +02:00,16231.90,12361.06
06.09.2024 18:00:00 +02:00,16539.45,12338.23
06.09.2024 19:00:00 +02:00,16770.08,12312.75
06.09.2024 20:00:00 +02:00,15976.63,12290.45
06.09.2024 21:00:00 +02:00,15225.33,12068.07
06.09.2024 22:00:00 +02:00,14793.48,11672.55
06.09.2024 23:00:00 +02:00,14502.18,11294.97
07.09.2024 00:00:00 +02:00,14030.03,10836.53
07.09.2024 01:00:00 +02:00,14140.44,10542.48
07.09.2024 02:00:00 +02:00,13792.77,10368.16
07.09.2024 03:00:00 +02:00,14207.88,10269.04
07.09.2024 04:00:00 +02:00,14350.01,10186.96
07.09.2024 05:00:00 +02:00,14406.54,10156.50
07.09.2024 06:00:00 +02:00,14947.41,10270.67
07.09.2024 07:00:00 +02:00,15690.56,10567.56
07.09.2024 08:00:00 +02:00,16344.41,10997.38
07.09.2024 09:00:00 +02:00,16555.86,11375.02
07.09.2024 10:00:00 +02:00,15401.97,11566.75
07.09.2024 11:00:00 +02:00,14021.76,11582.59
07.09.2024 12:00:00 +02:00,12425.15,11565.57
07.09.2024 13:00:00 +02:00,12083.67,11542.21
07.09.2024 14:00:00 +02:00,11547.12,11473.86
07.09.2024 15:00:00 +02:00,13391.98,11459.10
07.09.2024 16:00:00 +02:00,15604.18,11534.12
07.09.2024 17:00:00 +02:00,17600.07,11742.10
07.09.2024 18:00:00 +02:00,17560.49,11755.51
07.09.2024 19:00:00 +02:00,17201.86,11756.50
07.09.2024 20:00:00 +02:00,16968.33,11840.49
07.09.2024 21:00:00 +02:00,16485.17,11661.13
07.09.2024 22:00:00 +02:00,16259.11,11392.31
07.09.2024 23:00:00 +02:00,15964.35,11108.43
08.09.2024 00:00:00 +02:00,15607.72,10781.11
08.09.2024 01:00:00 +02:00,15086.27,10527.94
08.09.2024 02:00:00 +02:00,15171.75,10398.51
08.09.2024 03:00:00 +02:00,15235.64,10334.32
08.09.2024 04:00:00 +02:00,15201.58,10329.16
08.09.2024 05:00:00 +02:00,15125.00,10318.25
08.09.2024 06:00:00 +02:00,14837.01,10318.69
08.09.2024 07:00:00 +02:00,14475.44,10435.18
08.09.2024 08:00:00 +02:00,14707.42,10761.73
08.09.2024 09:00:00 +02:00,14479.92,11163.32
08.09.2024 10:00:00 +02:00,13246.35,11435.21
08.09.2024 11:00:00 +02:00,12295.57,11603.34
08.09.2024 12:00:00 +02:00,11189.04,11649.22
08.09.2024 13:00:00 +02:00,11273.07,11718.75
08.09.2024 14:00:00 +02:00,12009.73,11756.55
08.09.2024 15:00:00 +02:00,13659.43,11797.13
08.09.2024 16:00:00 +02:00,15561.30,11957.28
08.09.2024 17:00:00 +02:00,17248.54,12013.84
08.09.2024 18:00:00 +02:00,17060.85,12119.35
08.09.2024 19:00:00 +02:00,16457.07,12187.81
08.09.2024 20:00:00 +02:00,16435.91,12390.11
08.09.2024 21:00:00 +02:00,16174.71,12198.41
08.09.2024 22:00:00 +02:00,15317.78,11761.03
08.09.2024 23:00:00 +02:00,14828.09,11268.64
09.09.2024 00:00:00 +02:00,14697.13,10921.96
09.09.2024 01:00:00 +02:00,14590.50,10601.64
09.09.2024 02:00:00 +02:00,14263.66,10438.85
09.09.2024 03:00:00 +02:00,14125.29,10350.94
09.09.2024 04:00:00 +02:00,14168.67,10348.02
09.09.2024 05:00:00 +02:00,14401.35,10593.88
09.09.2024 06:00:00 +02:00,15201.24,11318.82
09.09.2024 07:00:00 +02:00,16265.50,12359.21
09.09.2024 08:00:00 +02:00,16895.70,12614.49
09.09.2024 09:00:00 +02:00,17091.70,12806.09
09.09.2024 10:00:00 +02:00,16592.50,12707.32
09.09.2024 11:00:00 +02:00,16537.16,12762.44
09.09.2024 12:00:00 +02:00,16891.97,12855.67
09.09.2024 13:00:00 +02:00,17405.36,12930.20
09.09.2024 14:00:00 +02:00,16814.14,12954.10
09.09.2024 15:00:00 +02:00,17626.18,13004.53
09.09.2024 16:00:00 +02:00,18185.50,13227.85
09.09.2024 17:00:00 +02:00,18579.20,13107.89
09.09.2024 18:00:00 +02:00,18176.09,13005.16
09.09.2024 19:00:00 +02:00,17567.05,12944.37
09.09.2024 20:00:00 +02:00,17183.04,12982.79
09.09.2024 21:00:00 +02:00,16090.94,12788.34
09.09.2024 22:00:00 +02:00,14116.00,12265.69
09.09.2024 23:00:00 +02:00,14092.38,11796.59
10.09.2024 00:00:00 +02:00,13292.51,11510.31
10.09.2024 01:00:00 +02:00,13132.97,11380.11
10.09.2024 02:00:00 +02:00,12222.85,10798.16
10.09.2024 03:00:00 +02:00,11973.35,10753.22
10.09.2024 04:00:00 +02:00,11483.29,10823.49
10.09.2024 05:00:00 +02:00,11360.14,11043.80
10.09.2024 06:00:00 +02:00,12472.79,11888.00
10.09.2024 07:00:00 +02:00,14343.39,12820.46
10.09.2024 08:00:00 +02:00,14805.80,13097.92
10.09.2024 09:00:00 +02:00,14600.95,13015.72
10.09.2024 10:00:00 +02:00,13721.56,12577.66
10.09.2024 11:00:00 +02:00,12840.29,12932.63
10.09.2024 12:00:00 +02:00,12146.45,13059.22
10.09.2024 13:00:00 +02:00,11939.29,13031.51
10.09.2024 14:00:00 +02:00,11845.04,13140.13
10.09.2024 15:00:00 +02:00,12394.08,13089.96
10.09.2024 16:00:00 +02:00,13464.12,13507.05
10.09.2024 17:00:00 +02:00,14257.99,13440.49
10.09.2024 18:00:00 +02:00,15489.63,13405.22
10.09.2024 19:00:00 +02:00,15810.68,13433.75
10.09.2024 20:00:00 +02:00,15432.45,13533.48
10.09.2024 21:00:00 +02:00,15146.25,13293.74
10.09.2024 22:00:00 +02:00,14555.19,12949.26
10.09.2024 23:00:00 +02:00,14264.40,12378.97
11.09.2024 00:00:00 +02:00,14065.42,11920.55
11.09.2024 01:00:00 +02:00,13663.21,11676.27
11.09.2024 02:00:00 +02:00,12912.42,11507.66
11.09.2024 03:00:00 +02:00,13170.72,11384.77
11.09.2024 04:00:00 +02:00,12906.80,11300.06
11.09.2024 05:00:00 +02:00,13435.76,11508.15
11.09.2024 06:00:00 +02:00,15117.89,12349.86
11.09.2024 07:00:00 +02:00,17467.09,13311.66
11.09.2024 08:00:00 +02:00,18942.69,13600.22
11.09.2024 09:00:00 +02:00,18988.03,13513.78
11.09.2024 10:00:00 +02:00,18286.21,13392.02
11.09.2024 11:00:00 +02:00,18015.16,13231.03
11.09.2024 12:00:00 +02:00,17851.17,13161.00
11.09.2024 13:00:00 +02:00,17857.39,13125.72
11.09.2024 14:00:00 +02:00,17784.85,13174.98
11.09.2024 15:00:00 +02:00,18663.54,13262.83
11.09.2024 16:00:00 +02:00,18795.35,13361.79
11.09.2024 17:00:00 +02:00,19323.62,13404.47
11.09.2024 18:00:00 +02:00,19414.06,13439.78
11.09.2024 19:00:00 +02:00,19382.28,13565.81
11.09.2024 20:00:00 +02:00,18399.36,13826.74
11.09.2024 21:00:00 +02:00,17960.99,13694.94
11.09.2024 22:00:00 +02:00,17174.45,13336.82
11.09.2024 23:00:00 +02:00,16551.66,12735.36
12.09.2024 00:00:00 +02:00,15532.82,12172.79
12.09.2024 01:00:00 +02:00,15554.81,11888.59
12.09.2024 02:00:00 +02:00,15432.82,11799.03
12.09.2024 03:00:00 +02:00,15533.56,11683.58
12.09.2024 04:00:00 +02:00,15841.35,11646.84
12.09.2024 05:00:00 +02:00,15878.35,11887.24
12.09.2024 06:00:00 +02:00,16954.72,12750.76
12.09.2024 07:00:00 +02:00,18329.53,13733.25
12.09.2024 08:00:00 +02:00,19288.02,13980.09
12.09.2024 09:00:00 +02:00,19027.87,13831.79
12.09.2024 10:00:00 +02:00,18627.71,13633.15
12.09.2024 11:00:00 +02:00,18228.34,12841.25
12.09.2024 12:00:00 +02:00,17893.49,13312.43
12.09.2024 13:00:00 +02:00,18192.25,13221.78
12.09.2024 14:00:00 +02:00,17940.18,13309.77
12.09.2024 15:00:00 +02:00,17995.98,13397.88
12.09.2024 16:00:00 +02:00,18493.01,13521.12
12.09.2024 17:00:00 +02:00,19023.16,13593.97
12.09.2024 18:00:00 +02:00,19339.84,13575.99
12.09.2024 19:00:00 +02:00,19201.15,13684.05
12.09.2024 20:00:00 +02:00,18988.44,13884.15
12.09.2024 21:00:00 +02:00,18630.97,13757.54
12.09.2024 22:00:00 +02:00,17795.13,13377.20
12.09.2024 23:00:00 +02:00,17443.65,12873.66
13.09.2024 00:00:00 +02:00,17223.63,12439.15
13.09.2024 01:00:00 +02:00,17276.83,12135.32
13.09.2024 02:00:00 +02:00,17016.81,11970.42
13.09.2024 03:00:00 +02:00,17054.80,11907.14
13.09.2024 04:00:00 +02:00,17121.24,11910.28
13.09.2024 05:00:00 +02:00,17652.27,12173.09
13.09.2024 06:00:00 +02:00,19081.61,13016.20
13.09.2024 07:00:00 +02:00,20466.53,14047.02
13.09.2024 08:00:00 +02:00,20980.58,14314.16
13.09.2024 09:00:00 +02:00,20422.70,14121.42
13.09.2024 10:00:00 +02:00,19808.47,13874.50
13.09.2024 11:00:00 +02:00,19001.84,13694.23
13.09.2024 12:00:00 +02:00,19088.92,13521.85
13.09.2024 13:00:00 +02:00,18789.80,13391.69
13.09.2024 14:00:00 +02:00,19007.65,13251.51
13.09.2024 15:00:00 +02:00,18672.50,13205.81
13.09.2024 16:00:00 +02:00,18953.59,13264.77
13.09.2024 17:00:00 +02:00,18991.12,13294.14
13.09.2024 18:00:00 +02:00,19314.49,13318.10
13.09.2024 19:00:00 +02:00,19425.35,13448.32
13.09.2024 20:00:00 +02:00,18977.48,13591.47
13.09.2024 21:00:00 +02:00,18340.85,13389.94
13.09.2024 22:00:00 +02:00,17354.71,13049.34
13.09.2024 23:00:00 +02:00,16212.53,12687.94
14.09.2024 00:00:00 +02:00,15844.48,12279.68
14.09.2024 01:00:00 +02:00,15904.75,12093.69
14.09.2024 02:00:00 +02:00,15656.06,11957.04
14.09.2024 03:00:00 +02:00,15527.99,11916.82
14.09.2024 04:00:00 +02:00,15293.88,11911.16
14.09.2024 05:00:00 +02:00,15437.74,11951.07
14.09.2024 06:00:00 +02:00,15335.74,12124.34
14.09.2024 07:00:00 +02:00,15569.54,12424.70
14.09.2024 08:00:00 +02:00,16210.69,12732.16
14.09.2024 09:00:00 +02:00,16550.26,13036.66
14.09.2024 10:00:00 +02:00,15587.16,13072.40
14.09.2024 11:00:00 +02:00,13324.66,12917.85
14.09.2024 12:00:00 +02:00,11836.47,12720.67
14.09.2024 13:00:00 +02:00,10921.27,12570.95
14.09.2024 14:00:00 +02:00,10912.53,12478.89
14.09.2024 15:00:00 +02:00,11534.32,12451.07
14.09.2024 16:00:00 +02:00,13707.02,12604.43
14.09.2024 17:00:00 +02:00,16696.48,12741.60
14.09.2024 18:00:00 +02:00,18150.96,12868.40
14.09.2024 19:00:00 +02:00,18276.00,13044.10
14.09.2024 20:00:00 +02:00,17958.49,13079.71
14.09.2024 21:00:00 +02:00,17594.67,12888.14
14.09.2024 22:00:00 +02:00,17073.05,12632.51
14.09.2024 23:00:00 +02:00,16647.85,12309.85
15.09.2024 00:00:00 +02:00,16007.40,11989.05
15.09.2024 01:00:00 +02:00,15645.82,11739.83
15.09.2024 02:00:00 +02:00,15302.12,11624.44
15.09.2024 03:00:00 +02:00,15098.77,11594.19
15.09.2024 04:00:00 +02:00,15630.40,11500.90
15.09.2024 05:00:00 +02:00,15876.72,11521.36
15.09.2024 06:00:00 +02:00,15524.85,11590.79
15.09.2024 07:00:00 +02:00,15125.76,11745.59
15.09.2024 08:00:00 +02:00,15616.08,12012.11
15.09.2024 09:00:00 +02:00,15806.74,12331.33
15.09.2024 10:00:00 +02:00,13743.27,12528.31
15.09.2024 11:00:00 +02:00,12170.39,12571.65
15.09.2024 12:00:00 +02:00,11977.96,12581.08
15.09.2024 13:00:00 +02:00,11797.31,12633.66
15.09.2024 14:00:00 +02:00,12476.83,12629.90
15.09.2024 15:00:00 +02:00,13376.64,12696.53
15.09.2024 16:00:00 +02:00,15224.34,12777.73
15.09.2024 17:00:00 +02:00,17501.15,12833.21
15.09.2024 18:00:00 +02:00,18423.78,12841.09
15.09.2024 19:00:00 +02:00,18739.92,13091.24
15.09.2024 20:00:00 +02:00,18289.56,13209.15
15.09.2024 21:00:00 +02:00,17327.73,12977.40
15.09.2024 22:00:00 +02:00,16800.00,12646.12
15.09.2024 23:00:00 +02:00,16282.64,12186.79
16.09.2024 00:00:00 +02:00,16471.49,11744.70
16.09.2024 01:00:00 +02:00,16087.55,11486.78
16.09.2024 02:00:00 +02:00,16133.24,11337.65
16.09.2024 03:00:00 +02:00,16214.67,11230.16
16.09.2024 04:00:00 +02:00,16613.81,11281.93
16.09.2024 05:00:00 +02:00,17083.66,11525.01
16.09.2024 06:00:00 +02:00,17977.46,12441.93
16.09.2024 07:00:00 +02:00,19472.25,13437.16
16.09.2024 08:00:00 +02:00,20238.64,13737.98
16.09.2024 09:00:00 +02:00,19482.06,13702.32
16.09.2024 10:00:00 +02:00,18810.16,13632.71
16.09.2024 11:00:00 +02:00,17822.91,13495.64
16.09.2024 12:00:00 +02:00,18105.53,13465.10
16.09.2024 13:00:00 +02:00,18387.60,13441.55
16.09.2024 14:00:00 +02:00,18316.78,13455.77
16.09.2024 15:00:00 +02:00,18634.23,13446.52
16.09.2024 16:00:00 +02:00,18762.26,13504.24
16.09.2024 17:00:00 +02:00,18747.23,13389.61
16.09.2024 18:00:00 +02:00,18946.83,13370.77
16.09.2024 19:00:00 +02:00,19501.95,13546.51
16.09.2024 20:00:00 +02:00,19302.19,13774.45
16.09.2024 21:00:00 +02:00,18621.91,13633.86
16.09.2024 22:00:00 +02:00,17958.04,13171.46
16.09.2024 23:00:00 +02:00,17026.51,12634.65
17.09.2024 00:00:00 +02:00,15927.68,12083.71
17.09.2024 01:00:00 +02:00,15716.23,11819.47
17.09.2024 02:00:00 +02:00,15595.33,11743.01
17.09.2024 03:00:00 +02:00,15458.33,11629.89
17.09.2024 04:00:00 +02:00,15550.33,11591.53
17.09.2024 05:00:00 +02:00,16084.58,11860.34
17.09.2024 06:00:00 +02:00,17185.34,12745.20
17.09.2024 07:00:00 +02:00,18090.34,13697.95
17.09.2024 08:00:00 +02:00,18446.10,13975.57
17.09.2024 09:00:00 +02:00,18695.11,13902.90
17.09.2024 10:00:00 +02:00,18845.55,13908.28
17.09.2024 11:00:00 +02:00,18582.73,13768.74
17.09.2024 12:00:00 +02:00,17949.89,13575.40
17.09.2024 13:00:00 +02:00,17711.72,13520.09
17.09.2024 14:00:00 +02:00,17391.09,13362.56
17.09.2024 15:00:00 +02:00,17854.20,13439.35
17.09.2024 16:00:00 +02:00,18519.30,13558.43
17.09.2024 17:00:00 +02:00,18995.73,13484.48
17.09.2024 18:00:00 +02:00,18604.37,13443.42
17.09.2024 19:00:00 +02:00,18939.01,13625.91
17.09.2024 20:00:00 +02:00,18593.05,13796.97
17.09.2024 21:00:00 +02:00,17601.48,13619.00
17.09.2024 22:00:00 +02:00,16459.79,13229.22
17.09.2024 23:00:00 +02:00,15524.13,12665.38
18.09.2024 00:00:00 +02:00,15058.42,12083.73
18.09.2024 01:00:00 +02:00,14712.57,11761.90
18.09.2024 02:00:00 +02:00,14469.44,11730.56
18.09.2024 03:00:00 +02:00,14324.97,11627.27
18.09.2024 04:00:00 +02:00,14279.85,11652.60
18.09.2024 05:00:00 +02:00,14785.81,11904.11
18.09.2024 06:00:00 +02:00,15804.72,12722.03
18.09.2024 07:00:00 +02:00,17023.03,13649.10
18.09.2024 08:00:00 +02:00,17029.40,13895.50
18.09.2024 09:00:00 +02:00,16367.82,13702.49
18.09.2024 10:00:00 +02:00,16214.83,13518.84
18.09.2024 11:00:00 +02:00,15470.92,13401.97
18.09.2024 12:00:00 +02:00,15180.92,13329.28
18.09.2024 13:00:00 +02:00,13641.45,13266.14
18.09.2024 14:00:00 +02:00,12478.75,13156.59
18.09.2024 15:00:00 +02:00,13616.36,13183.95
18.09.2024 16:00:00 +02:00,16289.38,13371.04
18.09.2024 17:00:00 +02:00,17524.84,13283.34
18.09.2024 18:00:00 +02:00,17746.37,13252.16
18.09.2024 19:00:00 +02:00,17333.23,13358.97
18.09.2024 20:00:00 +02:00,16823.36,13507.25
18.09.2024 21:00:00 +02:00,16477.42,13395.46
18.09.2024 22:00:00 +02:00,16015.05,13036.02
18.09.2024 23:00:00 +02:00,15382.15,12488.59
19.09.2024 00:00:00 +02:00,14652.06,11849.74
19.09.2024 01:00:00 +02:00,14664.12,11595.67
19.09.2024 02:00:00 +02:00,14739.46,11515.37
19.09.2024 03:00:00 +02:00,14564.83,11401.40
19.09.2024 04:00:00 +02:00,14675.95,11425.58
19.09.2024 05:00:00 +02:00,14975.32,11709.98
19.09.2024 06:00:00 +02:00,16037.40,12583.29
19.09.2024 07:00:00 +02:00,17481.06,13544.51
19.09.2024 08:00:00 +02:00,17784.75,13773.09
19.09.2024 09:00:00 +02:00,17945.32,13660.36
19.09.2024 10:00:00 +02:00,17382.81,13424.19
19.09.2024 11:00:00 +02:00,15579.19,13090.14
19.09.2024 12:00:00 +02:00,13593.37,12925.17
19.09.2024 13:00:00 +02:00,11976.03,12908.26
19.09.2024 14:00:00 +02:00,11703.85,12853.10
19.09.2024 15:00:00 +02:00,13197.36,12950.05
19.09.2024 16:00:00 +02:00,15467.45,13143.34
19.09.2024 17:00:00 +02:00,16795.70,13133.63
19.09.2024 18:00:00 +02:00,16745.44,13122.29
19.09.2024 19:00:00 +02:00,16648.04,13318.75
19.09.2024 20:00:00 +02:00,16465.60,13562.26
19.09.2024 21:00:00 +02:00,16111.66,13426.21
19.09.2024 22:00:00 +02:00,15416.65,13043.38
19.09.2024 23:00:00 +02:00,14820.28,12527.61
20.09.2024 00:00:00 +02:00,14322.17,12076.74
20.09.2024 01:00:00 +02:00,14014.06,11818.81
20.09.2024 02:00:00 +02:00,13868.32,11725.05
20.09.2024 03:00:00 +02:00,13953.10,11577.50
20.09.2024 04:00:00 +02:00,14358.98,11600.59
20.09.2024 05:00:00 +02:00,14562.41,11800.19
20.09.2024 06:00:00 +02:00,15317.17,12584.64
20.09.2024 07:00:00 +02:00,16935.43,13505.03
20.09.2024 08:00:00 +02:00,17870.72,13913.27
20.09.2024 09:00:00 +02:00,18014.78,13934.42
20.09.2024 10:00:00 +02:00,17209.96,13883.71
20.09.2024 11:00:00 +02:00,15320.27,13728.45
20.09.2024 12:00:00 +02:00,12872.66,13518.69
20.09.2024 13:00:00 +02:00,11965.13,13449.26
20.09.2024 14:00:00 +02:00,12064.17,13331.81
20.09.2024 15:00:00 +02:00,12895.06,13308.76
20.09.2024 16:00:00 +02:00,15589.70,13338.62
20.09.2024 17:00:00 +02:00,17606.45,13337.41
20.09.2024 18:00:00 +02:00,18019.72,13348.25
20.09.2024 19:00:00 +02:00,17675.13,13484.70
20.09.2024 20:00:00 +02:00,16973.15,13427.03
20.09.2024 21:00:00 +02:00,16360.21,13108.08
20.09.2024 22:00:00 +02:00,16015.82,12765.42
20.09.2024 23:00:00 +02:00,15556.41,12415.51
21.09.2024 00:00:00 +02:00,15104.79,12071.91
21.09.2024 01:00:00 +02:00,14396.97,11802.88
21.09.2024 02:00:00 +02:00,14216.19,11618.11
21.09.2024 03:00:00 +02:00,14205.22,11517.02
21.09.2024 04:00:00 +02:00,14290.02,11447.84
21.09.2024 05:00:00 +02:00,14303.71,11469.03
21.09.2024 06:00:00 +02:00,14946.95,11601.53
21.09.2024 07:00:00 +02:00,15266.97,11864.74
21.09.2024 08:00:00 +02:00,16023.47,12382.58
21.09.2024 09:00:00 +02:00,15650.36,12872.66
21.09.2024 10:00:00 +02:00,13962.51,13097.26
21.09.2024 11:00:00 +02:00,12568.33,13136.88
21.09.2024 12:00:00 +02:00,10832.07,13039.50
21.09.2024 13:00:00 +02:00,10633.09,12996.37
21.09.2024 14:00:00 +02:00,11345.49,12862.19
21.09.2024 15:00:00 +02:00,12980.89,12908.60
21.09.2024 16:00:00 +02:00,15757.42,12921.82
21.09.2024 17:00:00 +02:00,18131.94,13063.67
21.09.2024 18:00:00 +02:00,18651.59,13174.47
21.09.2024 19:00:00 +02:00,18819.77,13331.04
21.09.2024 20:00:00 +02:00,18113.57,13174.37
21.09.2024 21:00:00 +02:00,17490.71,12928.98
21.09.2024 22:00:00 +02:00,16949.00,12643.67
21.09.2024 23:00:00 +02:00,16803.72,12363.60
22.09.2024 00:00:00 +02:00,16199.96,11989.68
22.09.2024 01:00:00 +02:00,15896.31,11753.02
22.09.2024 02:00:00 +02:00,16101.38,11656.79
22.09.2024 03:00:00 +02:00,15987.13,11540.82
22.09.2024 04:00:00 +02:00,16033.88,11512.70
22.09.2024 05:00:00 +02:00,16340.17,11505.07
22.09.2024 06:00:00 +02:00,16072.48,11608.51
22.09.2024 07:00:00 +02:00,15980.51,11779.87
22.09.2024 08:00:00 +02:00,16240.35,12114.52
22.09.2024 09:00:00 +02:00,16521.16,12512.47
22.09.2024 10:00:00 +02:00,15499.06,12872.27
22.09.2024 11:00:00 +02:00,13742.33,12952.76
22.09.2024 12:00:00 +02:00,13579.96,12900.31
22.09.2024 13:00:00 +02:00,12444.76,12931.33
22.09.2024 14:00:00 +02:00,13037.12,12838.78
22.09.2024 15:00:00 +02:00,14960.33,12819.57
22.09.2024 16:00:00 +02:00,16965.65,12852.84
22.09.2024 17:00:00 +02:00,18771.42,13021.72
22.09.2024 18:00:00 +02:00,19338.66,13215.95
22.09.2024 19:00:00 +02:00,19510.47,13504.24
22.09.2024 20:00:00 +02:00,18988.86,13580.12
22.09.2024 21:00:00 +02:00,18342.29,13376.82
22.09.2024 22:00:00 +02:00,17829.39,13020.20
22.09.2024 23:00:00 +02:00,17136.38,12579.92
23.09.2024 00:00:00 +02:00,16158.36,12089.57
23.09.2024 01:00:00 +02:00,15989.45,11814.96
23.09.2024 02:00:00 +02:00,16250.36,11757.03
23.09.2024 03:00:00 +02:00,16367.34,11701.23
23.09.2024 04:00:00 +02:00,16700.17,11769.06
23.09.2024 05:00:00 +02:00,17113.09,12096.35
23.09.2024 06:00:00 +02:00,17974.04,12945.26
23.09.2024 07:00:00 +02:00,18966.31,14056.63
23.09.2024 08:00:00 +02:00,19564.83,14264.92
23.09.2024 09:00:00 +02:00,19375.47,14227.58
23.09.2024 10:00:00 +02:00,19141.76,14137.18
23.09.2024 11:00:00 +02:00,19209.71,14137.27
23.09.2024 12:00:00 +02:00,18733.12,14075.36
23.09.2024 13:00:00 +02:00,18171.15,13995.24
23.09.2024 14:00:00 +02:00,18308.13,13995.24
23.09.2024 15:00:00 +02:00,18619.64,13990.70
23.09.2024 16:00:00 +02:00,19040.14,14238.60
23.09.2024 17:00:00 +02:00,19601.63,14178.00
23.09.2024 18:00:00 +02:00,19437.75,14134.14
23.09.2024 19:00:00 +02:00,18689.44,14317.48
23.09.2024 20:00:00 +02:00,17934.83,14350.06
23.09.2024 21:00:00 +02:00,17486.47,14132.67
23.09.2024 22:00:00 +02:00,16389.89,13643.10
23.09.2024 23:00:00 +02:00,15244.70,13031.84
24.09.2024 00:00:00 +02:00,14829.69,12443.36
24.09.2024 01:00:00 +02:00,14507.38,12151.78
24.09.2024 02:00:00 +02:00,14185.21,12036.17
24.09.2024 03:00:00 +02:00,14221.82,11940.35
24.09.2024 04:00:00 +02:00,14161.45,11949.14
24.09.2024 05:00:00 +02:00,14715.33,12148.26
24.09.2024 06:00:00 +02:00,16246.01,13042.34
24.09.2024 07:00:00 +02:00,18550.17,14152.70
24.09.2024 08:00:00 +02:00,19214.86,14440.45
24.09.2024 09:00:00 +02:00,19498.86,14509.42
24.09.2024 10:00:00 +02:00,19425.97,14203.19
24.09.2024 11:00:00 +02:00,19591.86,14546.03
24.09.2024 12:00:00 +02:00,19148.80,14497.96
24.09.2024 13:00:00 +02:00,18973.15,14411.87
24.09.2024 14:00:00 +02:00,19229.76,14402.70
24.09.2024 15:00:00 +02:00,19469.71,14421.64
24.09.2024 16:00:00 +02:00,19497.49,14497.76
24.09.2024 17:00:00 +02:00,19390.78,14352.95
24.09.2024 18:00:00 +02:00,19281.35,14305.37
24.09.2024 19:00:00 +02:00,18804.30,14408.48
24.09.2024 20:00:00 +02:00,17905.33,14450.77
24.09.2024 21:00:00 +02:00,16867.90,14267.48
24.09.2024 22:00:00 +02:00,15831.03,13796.64
24.09.2024 23:00:00 +02:00,14921.39,13214.98
25.09.2024 00:00:00 +02:00,13960.08,12676.58
25.09.2024 01:00:00 +02:00,13368.16,12401.65
25.09.2024 02:00:00 +02:00,12959.59,12297.34
25.09.2024 03:00:00 +02:00,12726.48,12172.02
25.09.2024 04:00:00 +02:00,12670.03,12178.66
25.09.2024 05:00:00 +02:00,13198.88,12453.78
25.09.2024 06:00:00 +02:00,14371.11,13287.80
25.09.2024 07:00:00 +02:00,15903.28,14204.99
25.09.2024 08:00:00 +02:00,16039.80,14423.00
25.09.2024 09:00:00 +02:00,15432.62,14467.86
25.09.2024 10:00:00 +02:00,15689.66,14421.16
25.09.2024 11:00:00 +02:00,16424.73,14346.36
25.09.2024 12:00:00 +02:00,15303.14,14270.81
25.09.2024 13:00:00 +02:00,15461.05,14306.84
25.09.2024 14:00:00 +02:00,16486.90,14330.36
25.09.2024 15:00:00 +02:00,16967.95,14334.61
25.09.2024 16:00:00 +02:00,17232.78,14391.02
25.09.2024 17:00:00 +02:00,17141.02,14311.89
25.09.2024 18:00:00 +02:00,16964.25,14307.98
25.09.2024 19:00:00 +02:00,16991.09,14530.80
25.09.2024 20:00:00 +02:00,16765.70,14666.58
25.09.2024 21:00:00 +02:00,16497.39,14422.41
25.09.2024 22:00:00 +02:00,16199.96,14092.73
25.09.2024 23:00:00 +02:00,16113.34,13573.39
26.09.2024 00:00:00 +02:00,15526.05,13046.23
26.09.2024 01:00:00 +02:00,15354.46,12833.33
26.09.2024 02:00:00 +02:00,15174.20,12760.37
26.09.2024 03:00:00 +02:00,15180.16,12764.15
26.09.2024 04:00:00 +02:00,15440.33,12870.04
26.09.2024 05:00:00 +02:00,15921.38,13171.35
26.09.2024 06:00:00 +02:00,17001.84,14116.99
26.09.2024 07:00:00 +02:00,18211.10,15218.30
26.09.2024 08:00:00 +02:00,18327.25,15516.10
26.09.2024 09:00:00 +02:00,17871.22,15108.62
26.09.2024 10:00:00 +02:00,17545.24,14701.50
26.09.2024 11:00:00 +02:00,16097.38,14744.53
26.09.2024 12:00:00 +02:00,14705.38,14665.73
26.09.2024 13:00:00 +02:00,14431.70,14555.27
26.09.2024 14:00:00 +02:00,14954.73,14486.24
26.09.2024 15:00:00 +02:00,15621.76,14460.69
26.09.2024 16:00:00 +02:00,15840.45,14548.64
26.09.2024 17:00:00 +02:00,17558.62,14544.57
26.09.2024 18:00:00 +02:00,17836.24,14573.65
26.09.2024 19:00:00 +02:00,18153.13,14889.33
26.09.2024 20:00:00 +02:00,17772.89,14967.22
26.09.2024 21:00:00 +02:00,17487.79,14770.81
26.09.2024 22:00:00 +02:00,16452.98,14411.73
26.09.2024 23:00:00 +02:00,14491.78,13904.56
27.09.2024 00:00:00 +02:00,12971.56,13420.55
27.09.2024 01:00:00 +02:00,11203.51,13156.92
27.09.2024 02:00:00 +02:00,10576.45,13098.13
27.09.2024 03:00:00 +02:00,9976.20,13104.16
27.09.2024 04:00:00 +02:00,9129.88,13140.02
27.09.2024 05:00:00 +02:00,9437.93,13422.87
27.09.2024 06:00:00 +02:00,11420.63,14307.20
27.09.2024 07:00:00 +02:00,14526.44,15364.58
27.09.2024 08:00:00 +02:00,15566.68,15621.48
27.09.2024 09:00:00 +02:00,14029.31,15537.18
27.09.2024 10:00:00 +02:00,13077.94,15366.85
27.09.2024 11:00:00 +02:00,12640.25,15105.98
27.09.2024 12:00:00 +02:00,12551.92,14802.05
27.09.2024 13:00:00 +02:00,11992.09,14632.83
27.09.2024 14:00:00 +02:00,12185.90,14579.20
27.09.2024 15:00:00 +02:00,13049.77,14501.23
27.09.2024 16:00:00 +02:00,14418.39,14492.87
27.09.2024 17:00:00 +02:00,16557.50,14515.07
27.09.2024 18:00:00 +02:00,16716.26,14685.35
27.09.2024 19:00:00 +02:00,16508.78,14934.92
27.09.2024 20:00:00 +02:00,15531.91,14884.15
27.09.2024 21:00:00 +02:00,15012.12,14597.84
27.09.2024 22:00:00 +02:00,13908.43,14292.56
27.09.2024 23:00:00 +02:00,13883.87,13884.12
28.09.2024 00:00:00 +02:00,13061.31,13684.38
28.09.2024 01:00:00 +02:00,11951.19,13509.80
28.09.2024 02:00:00 +02:00,11038.68,13358.26
28.09.2024 03:00:00 +02:00,10713.46,13241.91
28.09.2024 04:00:00 +02:00,11004.80,13232.81
28.09.2024 05:00:00 +02:00,11493.68,13334.62
28.09.2024 06:00:00 +02:00,12360.13,13494.96
28.09.2024 07:00:00 +02:00,13309.16,13687.40
28.09.2024 08:00:00 +02:00,14007.74,14152.43
28.09.2024 09:00:00 +02:00,13809.28,14554.86
28.09.2024 10:00:00 +02:00,11985.90,14674.37
28.09.2024 11:00:00 +02:00,11017.51,14561.06
28.09.2024 12:00:00 +02:00,11041.68,14486.16
28.09.2024 13:00:00 +02:00,10815.72,14345.18
28.09.2024 14:00:00 +02:00,10819.09,14275.20
28.09.2024 15:00:00 +02:00,11432.70,14259.64
28.09.2024 16:00:00 +02:00,12970.30,14291.73
28.09.2024 17:00:00 +02:00,15319.13,14524.03
28.09.2024 18:00:00 +02:00,16919.02,14736.52
28.09.2024 19:00:00 +02:00,17515.04,14928.28
28.09.2024 20:00:00 +02:00,17304.81,14675.10
28.09.2024 21:00:00 +02:00,16861.41,14437.57
28.09.2024 22:00:00 +02:00,16308.82,14199.44
28.09.2024 23:00:00 +02:00,15945.25,13876.83
29.09.2024 00:00:00 +02:00,15128.57,13564.17
29.09.2024 01:00:00 +02:00,14983.82,13398.09
29.09.2024 02:00:00 +02:00,15466.11,13324.10
29.09.2024 03:00:00 +02:00,15253.23,13338.85
29.09.2024 04:00:00 +02:00,15274.87,13357.65
29.09.2024 05:00:00 +02:00,15291.04,13418.32
29.09.2024 06:00:00 +02:00,15546.01,13608.96
29.09.2024 07:00:00 +02:00,15822.96,13763.53
29.09.2024 08:00:00 +02:00,16066.37,14026.84
29.09.2024 09:00:00 +02:00,15132.90,14323.02
29.09.2024 10:00:00 +02:00,13564.96,14408.35
29.09.2024 11:00:00 +02:00,11460.42,14314.86
29.09.2024 12:00:00 +02:00,10528.38,14204.40
29.09.2024 13:00:00 +02:00,10477.33,14164.74
29.09.2024 14:00:00 +02:00,11182.53,14171.15
29.09.2024 15:00:00 +02:00,12517.79,14191.62
29.09.2024 16:00:00 +02:00,14222.63,14379.95
29.09.2024 17:00:00 +02:00,16975.63,14551.12
29.09.2024 18:00:00 +02:00,18400.64,14800.35
29.09.2024 19:00:00 +02:00,18651.67,15104.54
29.09.2024 20:00:00 +02:00,18320.49,15146.65
29.09.2024 21:00:00 +02:00,18150.84,14992.39
29.09.2024 22:00:00 +02:00,17505.62,14644.76
29.09.2024 23:00:00 +02:00,15063.48,14195.38
30.09.2024 00:00:00 +02:00,12379.45,13817.61
30.09.2024 01:00:00 +02:00,10653.83,13605.47
30.09.2024 02:00:00 +02:00,10179.75,13548.25
30.09.2024 03:00:00 +02:00,10229.23,13465.35
30.09.2024 04:00:00 +02:00,10373.55,13498.87
30.09.2024 05:00:00 +02:00,12976.65,13755.45
30.09.2024 06:00:00 +02:00,17388.84,14692.66
30.09.2024 07:00:00 +02:00,21118.77,15818.53
30.09.2024 08:00:00 +02:00,21858.24,16180.77
30.09.2024 09:00:00 +02:00,20350.57,16123.42
30.09.2024 10:00:00 +02:00,18536.99,15821.71
30.09.2024 11:00:00 +02:00,14736.49,15829.24
30.09.2024 12:00:00 +02:00,11908.59,15682.68
30.09.2024 13:00:00 +02:00,11260.94,15470.36
30.09.2024 14:00:00 +02:00,11562.98,15361.26
30.09.2024 15:00:00 +02:00,12896.96,15266.37
30.09.2024 16:00:00 +02:00,14857.30,15432.74
30.09.2024 17:00:00 +02:00,16464.25,15327.97
30.09.2024 18:00:00 +02:00,16350.51,15291.71
30.09.2024 19:00:00 +02:00,16416.34,15500.27
30.09.2024 20:00:00 +02:00,15548.46,15378.34
30.09.2024 21:00:00 +02:00,14356.09,15098.33
30.09.2024 22:00:00 +02:00,12779.65,14673.19
30.09.2024 23:00:00 +02:00,11628.76,14161.97
01.10.2024 00:00:00 +02:00,10744.15,13670.55
01.10.2024 01:00:00 +02:00,10330.15,13377.01
01.10.2024 02:00:00 +02:00,10261.73,13202.72
01.10.2024 03:00:00 +02:00,10001.57,13101.47
01.10.2024 04:00:00 +02:00,10521.08,13141.43
01.10.2024 05:00:00 +02:00,12092.66,13452.10
01.10.2024 06:00:00 +02:00,15000.81,14399.12
01.10.2024 07:00:00 +02:00,16416.00,15441.99
01.10.2024 08:00:00 +02:00,16869.20,15641.76
01.10.2024 09:00:00 +02:00,17025.80,15535.88
01.10.2024 10:00:00 +02:00,16771.37,15101.32
01.10.2024 11:00:00 +02:00,16089.69,14508.90
01.10.2024 12:00:00 +02:00,16091.28,14736.88
01.10.2024 13:00:00 +02:00,16126.54,14451.00
01.10.2024 14:00:00 +02:00,15975.19,14393.18
01.10.2024 15:00:00 +02:00,17054.56,14440.41
01.10.2024 16:00:00 +02:00,18276.38,14658.11
01.10.2024 17:00:00 +02:00,19996.16,14637.68
01.10.2024 18:00:00 +02:00,20701.43,14761.81
01.10.2024 19:00:00 +02:00,20990.99,15140.07
01.10.2024 20:00:00 +02:00,20862.94,15143.92
01.10.2024 21:00:00 +02:00,20296.23,14906.93
01.10.2024 22:00:00 +02:00,19427.95,14494.24
01.10.2024 23:00:00 +02:00,18334.80,14079.45
02.10.2024 00:00:00 +02:00,17517.34,13654.07
02.10.2024 01:00:00 +02:00,16858.52,13365.67
02.10.2024 02:00:00 +02:00,16396.61,13142.22
02.10.2024 03:00:00 +02:00,16287.19,13109.69
02.10.2024 04:00:00 +02:00,16253.67,13056.14
02.10.2024 05:00:00 +02:00,16970.52,13385.30
02.10.2024 06:00:00 +02:00,19462.69,14290.71
02.10.2024 07:00:00 +02:00,21397.53,15347.51
02.10.2024 08:00:00 +02:00,20904.41,15576.78
02.10.2024 09:00:00 +02:00,20732.29,15362.91
02.10.2024 10:00:00 +02:00,19853.10,15048.30
02.10.2024 11:00:00 +02:00,18709.93,14708.29
02.10.2024 12:00:00 +02:00,17898.71,14472.32
02.10.2024 13:00:00 +02:00,18164.77,14368.66
02.10.2024 14:00:00 +02:00,18384.30,14353.39
02.10.2024 15:00:00 +02:00,19291.46,14366.65
02.10.2024 16:00:00 +02:00,20070.59,14574.39
02.10.2024 17:00:00 +02:00,20531.26,14555.35
02.10.2024 18:00:00 +02:00,21322.83,14742.86
02.10.2024 19:00:00 +02:00,21723.51,15133.83
02.10.2024 20:00:00 +02:00,20966.70,15125.49
02.10.2024 21:00:00 +02:00,20568.46,14920.80
02.10.2024 22:00:00 +02:00,19683.04,14547.77
02.10.2024 23:00:00 +02:00,19000.10,14012.27
03.10.2024 00:00:00 +02:00,17967.83,13532.50
03.10.2024 01:00:00 +02:00,17590.15,13297.83
03.10.2024 02:00:00 +02:00,17408.12,13215.40
03.10.2024 03:00:00 +02:00,17266.40,13180.25
03.10.2024 04:00:00 +02:00,16890.46,13112.11
03.10.2024 05:00:00 +02:00,17571.02,13381.15
03.10.2024 06:00:00 +02:00,19239.64,14346.11
03.10.2024 07:00:00 +02:00,21161.10,15440.76
03.10.2024 08:00:00 +02:00,21244.61,15572.88
03.10.2024 09:00:00 +02:00,20772.25,15390.27
03.10.2024 10:00:00 +02:00,20321.93,13914.85
03.10.2024 11:00:00 +02:00,19742.88,14891.49
03.10.2024 12:00:00 +02:00,18200.49,14660.80
03.10.2024 13:00:00 +02:00,17077.73,14558.84
03.10.2024 14:00:00 +02:00,17308.92,14441.15
03.10.2024 15:00:00 +02:00,18890.48,14430.42
03.10.2024 16:00:00 +02:00,20004.61,14537.26
03.10.2024 17:00:00 +02:00,21057.71,14550.53
03.10.2024 18:00:00 +02:00,21338.37,14763.84
03.10.2024 19:00:00 +02:00,21088.38,15036.74
03.10.2024 20:00:00 +02:00,20522.36,14997.95
03.10.2024 21:00:00 +02:00,20259.56,14816.77
03.10.2024 22:00:00 +02:00,19464.60,14493.54
03.10.2024 23:00:00 +02:00,18716.19,14036.07
04.10.2024 00:00:00 +02:00,18721.40,13665.73
04.10.2024 01:00:00 +02:00,18188.46,13433.88
04.10.2024 02:00:00 +02:00,17590.72,13300.07
04.10.2024 03:00:00 +02:00,17303.74,13225.71
04.10.2024 04:00:00 +02:00,17315.46,13231.16
04.10.2024 05:00:00 +02:00,17836.96,13555.31
04.10.2024 06:00:00 +02:00,19768.22,14437.50
04.10.2024 07:00:00 +02:00,21520.28,15443.10
04.10.2024 08:00:00 +02:00,21702.08,15729.38
04.10.2024 09:00:00 +02:00,20855.63,15632.63
04.10.2024 10:00:00 +02:00,21038.42,15460.22
04.10.2024 11:00:00 +02:00,20441.37,15209.22
04.10.2024 12:00:00 +02:00,19552.59,14984.19
04.10.2024 13:00:00 +02:00,19404.93,14869.91
04.10.2024 14:00:00 +02:00,19056.00,14726.18
04.10.2024 15:00:00 +02:00,18856.60,14605.68
04.10.2024 16:00:00 +02:00,20088.64,14704.70
04.10.2024 17:00:00 +02:00,21101.44,14687.03
04.10.2024 18:00:00 +02:00,21507.24,14883.77
04.10.2024 19:00:00 +02:00,21046.44,15013.75
04.10.2024 20:00:00 +02:00,20631.30,14821.00
04.10.2024 21:00:00 +02:00,20467.37,14495.66
04.10.2024 22:00:00 +02:00,20060.40,14141.95
04.10.2024 23:00:00 +02:00,19554.83,13745.78
05.10.2024 00:00:00 +02:00,18949.65,13435.80
05.10.2024 01:00:00 +02:00,18684.54,13152.39
05.10.2024 02:00:00 +02:00,18504.64,12969.52
05.10.2024 03:00:00 +02:00,18276.85,12876.34
05.10.2024 04:00:00 +02:00,18297.13,12873.66
05.10.2024 05:00:00 +02:00,18710.23,12944.44
05.10.2024 06:00:00 +02:00,18791.40,13127.38
05.10.2024 07:00:00 +02:00,19424.74,13398.89
05.10.2024 08:00:00 +02:00,19865.07,13785.03
05.10.2024 09:00:00 +02:00,20431.05,14251.73
05.10.2024 10:00:00 +02:00,20842.94,14478.22
05.10.2024 11:00:00 +02:00,20323.07,14445.82
05.10.2024 12:00:00 +02:00,19607.95,14359.63
05.10.2024 13:00:00 +02:00,18798.87,14253.19
05.10.2024 14:00:00 +02:00,19124.68,14176.88
05.10.2024 15:00:00 +02:00,19834.68,14195.40
05.10.2024 16:00:00 +02:00,20279.02,14268.93
05.10.2024 17:00:00 +02:00,21036.13,14477.26
05.10.2024 18:00:00 +02:00,21396.22,14629.79
05.10.2024 19:00:00 +02:00,21069.79,14652.98
05.10.2024 20:00:00 +02:00,20093.68,14302.34
05.10.2024 21:00:00 +02:00,19574.61,13958.28
05.10.2024 22:00:00 +02:00,19245.97,13685.86
05.10.2024 23:00:00 +02:00,18598.16,13321.42
06.10.2024 00:00:00 +02:00,18276.48,13031.75
06.10.2024 01:00:00 +02:00,17442.01,12810.34
06.10.2024 02:00:00 +02:00,17187.62,12645.39
06.10.2024 03:00:00 +02:00,17157.35,12586.78
06.10.2024 04:00:00 +02:00,17148.85,12556.40
06.10.2024 05:00:00 +02:00,17211.46,12587.15
06.10.2024 06:00:00 +02:00,17296.94,12721.53
06.10.2024 07:00:00 +02:00,17644.39,12969.94
06.10.2024 08:00:00 +02:00,17083.12,13274.05
06.10.2024 09:00:00 +02:00,16349.89,13610.73
06.10.2024 10:00:00 +02:00,15760.84,13845.39
06.10.2024 11:00:00 +02:00,14461.20,13879.80
06.10.2024 12:00:00 +02:00,12651.62,13842.38
06.10.2024 13:00:00 +02:00,11841.55,13775.32
06.10.2024 14:00:00 +02:00,11811.73,13778.74
06.10.2024 15:00:00 +02:00,14332.80,13935.07
06.10.2024 16:00:00 +02:00,16708.47,14039.42
06.10.2024 17:00:00 +02:00,18503.01,14183.36
06.10.2024 18:00:00 +02:00,20933.26,14409.59
06.10.2024 19:00:00 +02:00,21326.69,14590.41
06.10.2024 20:00:00 +02:00,20576.60,14483.49
06.10.2024 21:00:00 +02:00,19235.22,14255.54
06.10.2024 22:00:00 +02:00,18389.51,13963.07
06.10.2024 23:00:00 +02:00,17575.71,13554.46
07.10.2024 00:00:00 +02:00,16266.94,13225.40
07.10.2024 01:00:00 +02:00,15348.02,13018.02
07.10.2024 02:00:00 +02:00,14654.89,12919.85
07.10.2024 03:00:00 +02:00,14455.74,12877.39
07.10.2024 04:00:00 +02:00,15038.82,12843.88
07.10.2024 05:00:00 +02:00,16825.22,13239.00
07.10.2024 06:00:00 +02:00,19132.19,14156.31
07.10.2024 07:00:00 +02:00,21651.75,15282.02
07.10.2024 08:00:00 +02:00,21824.93,15584.07
07.10.2024 09:00:00 +02:00,21235.33,15633.21
07.10.2024 10:00:00 +02:00,20587.58,15561.61
07.10.2024 11:00:00 +02:00,19423.49,15400.46
07.10.2024 12:00:00 +02:00,18160.38,15406.41
07.10.2024 13:00:00 +02:00,17946.99,15309.69
07.10.2024 14:00:00 +02:00,19062.54,15293.80
07.10.2024 15:00:00 +02:00,20094.15,15350.38
07.10.2024 16:00:00 +02:00,20887.78,15444.39
07.10.2024 17:00:00 +02:00,21519.96,15424.87
07.10.2024 18:00:00 +02:00,21570.02,15524.34
07.10.2024 19:00:00 +02:00,21354.57,15613.82
07.10.2024 20:00:00 +02:00,20727.35,15426.20
07.10.2024 21:00:00 +02:00,20276.01,15127.14
07.10.2024 22:00:00 +02:00,19087.95,14674.76
07.10.2024 23:00:00 +02:00,18129.21,14126.77
08.10.2024 00:00:00 +02:00,17877.31,13594.14
08.10.2024 01:00:00 +02:00,17115.99,13244.68
08.10.2024 02:00:00 +02:00,16500.55,13067.83
08.10.2024 03:00:00 +02:00,15987.98,13021.32
08.10.2024 04:00:00 +02:00,15721.31,13006.92
08.10.2024 05:00:00 +02:00,16806.12,13274.80
08.10.2024 06:00:00 +02:00,18921.92,14138.87
08.10.2024 07:00:00 +02:00,20015.84,15139.63
08.10.2024 08:00:00 +02:00,20310.93,15321.91
08.10.2024 09:00:00 +02:00,20140.29,15325.90
08.10.2024 10:00:00 +02:00,18680.20,15059.74
08.10.2024 11:00:00 +02:00,19031.33,15299.34
08.10.2024 12:00:00 +02:00,19046.89,15227.69
08.10.2024 13:00:00 +02:00,18974.00,15170.72
08.10.2024 14:00:00 +02:00,19514.97,15179.73
08.10.2024 15:00:00 +02:00,19543.48,15282.21
08.10.2024 16:00:00 +02:00,19550.43,15423.52
08.10.2024 17:00:00 +02:00,19780.37,15409.81
08.10.2024 18:00:00 +02:00,19910.03,15390.47
08.10.2024 19:00:00 +02:00,19072.14,15391.26
08.10.2024 20:00:00 +02:00,18279.58,15199.87
08.10.2024 21:00:00 +02:00,18076.03,14913.20
08.10.2024 22:00:00 +02:00,17240.71,14493.01
08.10.2024 23:00:00 +02:00,16750.46,13834.33
09.10.2024 00:00:00 +02:00,15904.01,13312.68
09.10.2024 01:00:00 +02:00,15456.03,13004.38
09.10.2024 02:00:00 +02:00,15295.31,12760.60
09.10.2024 03:00:00 +02:00,14976.40,12614.92
09.10.2024 04:00:00 +02:00,15426.45,12596.50
09.10.2024 05:00:00 +02:00,16107.02,12790.28
09.10.2024 06:00:00 +02:00,17243.26,13680.04
09.10.2024 07:00:00 +02:00,17919.26,14706.65
09.10.2024 08:00:00 +02:00,17890.88,14952.40
09.10.2024 09:00:00 +02:00,17959.01,15010.50
09.10.2024 10:00:00 +02:00,17770.13,15035.38
09.10.2024 11:00:00 +02:00,18077.98,14934.39
09.10.2024 12:00:00 +02:00,18168.74,14801.86
09.10.2024 13:00:00 +02:00,18063.21,14768.50
09.10.2024 14:00:00 +02:00,17877.51,14833.87
09.10.2024 15:00:00 +02:00,17869.73,14939.05
09.10.2024 16:00:00 +02:00,17889.66,15075.57
09.10.2024 17:00:00 +02:00,18642.06,15092.16
09.10.2024 18:00:00 +02:00,18636.77,15168.72
09.10.2024 19:00:00 +02:00,18442.93,15180.60
09.10.2024 20:00:00 +02:00,18142.27,14965.31
09.10.2024 21:00:00 +02:00,17842.46,14703.48
09.10.2024 22:00:00 +02:00,16993.39,14299.21
09.10.2024 23:00:00 +02:00,16305.54,13758.95
10.10.2024 00:00:00 +02:00,16139.28,13293.34
10.10.2024 01:00:00 +02:00,15556.24,12997.80
10.10.2024 02:00:00 +02:00,13936.03,12862.80
10.10.2024 03:00:00 +02:00,12933.99,12805.33
10.10.2024 04:00:00 +02:00,12670.91,12857.12
10.10.2024 05:00:00 +02:00,15422.61,13095.35
10.10.2024 06:00:00 +02:00,18954.82,13955.71
10.10.2024 07:00:00 +02:00,20606.48,15023.87
10.10.2024 08:00:00 +02:00,20669.56,15372.47
10.10.2024 09:00:00 +02:00,20403.56,15355.72
10.10.2024 10:00:00 +02:00,19414.98,15367.42
10.10.2024 11:00:00 +02:00,17174.00,15360.91
10.10.2024 12:00:00 +02:00,15847.32,15302.82
10.10.2024 13:00:00 +02:00,14583.40,15308.08
10.10.2024 14:00:00 +02:00,15020.05,15360.32
10.10.2024 15:00:00 +02:00,16584.37,15466.49
10.10.2024 16:00:00 +02:00,16944.81,15610.68
10.10.2024 17:00:00 +02:00,17048.59,15648.17
10.10.2024 18:00:00 +02:00,16993.95,15832.23
10.10.2024 19:00:00 +02:00,16660.90,15920.38
10.10.2024 20:00:00 +02:00,15952.76,15830.69
10.10.2024 21:00:00 +02:00,15022.89,15539.00
10.10.2024 22:00:00 +02:00,14403.05,15193.81
10.10.2024 23:00:00 +02:00,13976.38,14694.89
11.10.2024 00:00:00 +02:00,14229.09,14286.40
11.10.2024 01:00:00 +02:00,14021.14,13941.67
11.10.2024 02:00:00 +02:00,13979.33,13757.67
11.10.2024 03:00:00 +02:00,13697.18,13626.41
11.10.2024 04:00:00 +02:00,13841.45,13630.81
11.10.2024 05:00:00 +02:00,14589.66,13958.63
11.10.2024 06:00:00 +02:00,16292.16,14887.04
11.10.2024 07:00:00 +02:00,18450.63,16091.92
11.10.2024 08:00:00 +02:00,18837.35,16614.33
11.10.2024 09:00:00 +02:00,18905.64,16563.87
11.10.2024 10:00:00 +02:00,18680.01,16366.76
11.10.2024 11:00:00 +02:00,18200.34,16115.56
11.10.2024 12:00:00 +02:00,17191.65,15927.14
11.10.2024 13:00:00 +02:00,16758.35,15765.12
11.10.2024 14:00:00 +02:00,16443.98,15446.32
11.10.2024 15:00:00 +02:00,17536.64,15576.91
11.10.2024 16:00:00 +02:00,18450.00,15681.82
11.10.2024 17:00:00 +02:00,20165.65,15725.21
11.10.2024 18:00:00 +02:00,19941.24,16032.38
11.10.2024 19:00:00 +02:00,19734.35,16112.04
11.10.2024 20:00:00 +02:00,18646.70,15832.57
11.10.2024 21:00:00 +02:00,17730.70,15450.58
11.10.2024 22:00:00 +02:00,16978.07,15088.20
11.10.2024 23:00:00 +02:00,16921.77,14666.90
12.10.2024 00:00:00 +02:00,16151.74,14469.96
12.10.2024 01:00:00 +02:00,16306.03,14269.76
12.10.2024 02:00:00 +02:00,16322.90,14156.03
12.10.2024 03:00:00 +02:00,16392.60,14091.80
12.10.2024 04:00:00 +02:00,16664.84,14131.74
12.10.2024 05:00:00 +02:00,16956.93,14248.90
12.10.2024 06:00:00 +02:00,16973.69,14541.42
12.10.2024 07:00:00 +02:00,17227.41,14882.35
12.10.2024 08:00:00 +02:00,17414.48,15330.93
12.10.2024 09:00:00 +02:00,16948.02,15736.40
12.10.2024 10:00:00 +02:00,16780.67,15959.44
12.10.2024 11:00:00 +02:00,15780.12,16007.97
12.10.2024 12:00:00 +02:00,14181.94,15942.50
12.10.2024 13:00:00 +02:00,12789.77,16046.49
12.10.2024 14:00:00 +02:00,13295.65,15949.20
12.10.2024 15:00:00 +02:00,14641.68,15909.62
12.10.2024 16:00:00 +02:00,15885.03,15899.56
12.10.2024 17:00:00 +02:00,16840.38,16067.93
12.10.2024 18:00:00 +02:00,17106.34,16178.37
12.10.2024 19:00:00 +02:00,16425.64,16027.89
12.10.2024 20:00:00 +02:00,15066.59,15615.60
12.10.2024 21:00:00 +02:00,13995.34,15237.01
12.10.2024 22:00:00 +02:00,13139.08,14919.01
12.10.2024 23:00:00 +02:00,11631.79,14600.34
13.10.2024 00:00:00 +02:00,10592.94,14334.18
13.10.2024 01:00:00 +02:00,10343.71,14026.20
13.10.2024 02:00:00 +02:00,10203.85,13831.28
13.10.2024 03:00:00 +02:00,9860.44,13733.30
13.10.2024 04:00:00 +02:00,9584.27,13670.09
13.10.2024 05:00:00 +02:00,9708.00,13689.38
13.10.2024 06:00:00 +02:00,9714.85,13820.32
13.10.2024 07:00:00 +02:00,10138.74,13953.67
13.10.2024 08:00:00 +02:00,11203.74,14112.74
13.10.2024 09:00:00 +02:00,10809.68,14492.60
13.10.2024 10:00:00 +02:00,10794.81,14740.67
13.10.2024 11:00:00 +02:00,10561.93,14870.38
13.10.2024 12:00:00 +02:00,10576.06,14875.07
13.10.2024 13:00:00 +02:00,10491.09,14864.91
13.10.2024 14:00:00 +02:00,10462.72,14878.92
13.10.2024 15:00:00 +02:00,10812.52,14983.04
13.10.2024 16:00:00 +02:00,12272.63,15027.20
13.10.2024 17:00:00 +02:00,13945.17,15226.31
13.10.2024 18:00:00 +02:00,16555.00,15600.12
13.10.2024 19:00:00 +02:00,18037.80,15708.20
13.10.2024 20:00:00 +02:00,18540.61,15654.65
13.10.2024 21:00:00 +02:00,18284.72,15424.82
13.10.2024 22:00:00 +02:00,18102.75,15036.28
13.10.2024 23:00:00 +02:00,17528.17,14626.48
14.10.2024 00:00:00 +02:00,16895.69,14259.36
14.10.2024 01:00:00 +02:00,16484.84,13917.51
14.10.2024 02:00:00 +02:00,16189.57,13801.44
14.10.2024 03:00:00 +02:00,15851.07,13744.30
14.10.2024 04:00:00 +02:00,16563.68,13802.90
14.10.2024 05:00:00 +02:00,17437.28,14128.66
14.10.2024 06:00:00 +02:00,19126.55,15249.65
14.10.2024 07:00:00 +02:00,20862.59,16438.61
14.10.2024 08:00:00 +02:00,21205.63,16795.72
14.10.2024 09:00:00 +02:00,20688.14,16670.83
14.10.2024 10:00:00 +02:00,20121.74,16464.84
14.10.2024 11:00:00 +02:00,19790.26,16262.72
14.10.2024 12:00:00 +02:00,19244.24,16159.95
14.10.2024 13:00:00 +02:00,18940.22,16054.98
14.10.2024 14:00:00 +02:00,18754.35,15968.01
14.10.2024 15:00:00 +02:00,18633.08,15889.50
14.10.2024 16:00:00 +02:00,19135.68,16063.87
14.10.2024 17:00:00 +02:00,20187.30,16083.97
14.10.2024 18:00:00 +02:00,20464.64,16293.28
14.10.2024 19:00:00 +02:00,19829.37,16444.07
14.10.2024 20:00:00 +02:00,18839.90,16440.50
14.10.2024 21:00:00 +02:00,18113.29,16277.01
14.10.2024 22:00:00 +02:00,17349.35,15791.87
14.10.2024 23:00:00 +02:00,16250.09,15274.84
15.10.2024 00:00:00 +02:00,16507.69,14782.13
15.10.2024 01:00:00 +02:00,16221.43,14500.45
15.10.2024 02:00:00 +02:00,15915.96,14420.12
15.10.2024 03:00:00 +02:00,15964.87,14350.64
15.10.2024 04:00:00 +02:00,16154.09,14427.47
15.10.2024 05:00:00 +02:00,17331.49,14757.38
15.10.2024 06:00:00 +02:00,18810.97,15787.06
15.10.2024 07:00:00 +02:00,20681.59,16948.91
15.10.2024 08:00:00 +02:00,21256.46,17196.35
15.10.2024 09:00:00 +02:00,21254.49,17026.81
15.10.2024 10:00:00 +02:00,21167.51,16427.40
15.10.2024 11:00:00 +02:00,20805.28,16545.47
15.10.2024 12:00:00 +02:00,20687.13,16328.21
15.10.2024 13:00:00 +02:00,20283.61,16086.89
15.10.2024 14:00:00 +02:00,20128.55,15916.12
15.10.2024 15:00:00 +02:00,20062.67,15840.79
15.10.2024 16:00:00 +02:00,20449.01,16037.02
15.10.2024 17:00:00 +02:00,20782.02,16060.53
15.10.2024 18:00:00 +02:00,20510.54,16238.95
15.10.2024 19:00:00 +02:00,20120.66,16410.97
15.10.2024 20:00:00 +02:00,19586.56,16337.43
15.10.2024 21:00:00 +02:00,19378.94,16166.86
15.10.2024 22:00:00 +02:00,18217.91,15723.35
15.10.2024 23:00:00 +02:00,15970.38,15146.68
16.10.2024 00:00:00 +02:00,13175.12,14660.79
16.10.2024 01:00:00 +02:00,11295.05,14482.81
16.10.2024 02:00:00 +02:00,11052.67,14358.15
16.10.2024 03:00:00 +02:00,10909.94,14282.62
16.10.2024 04:00:00 +02:00,11032.51,14317.27
16.10.2024 05:00:00 +02:00,12072.04,14572.35
16.10.2024 06:00:00 +02:00,15436.00,15531.46
16.10.2024 07:00:00 +02:00,17905.86,16746.28
16.10.2024 08:00:00 +02:00,17471.73,16730.49
16.10.2024 09:00:00 +02:00,16197.88,16770.17
16.10.2024 10:00:00 +02:00,14703.78,16611.07
16.10.2024 11:00:00 +02:00,12565.28,16529.06
16.10.2024 12:00:00 +02:00,11864.32,16425.09
16.10.2024 13:00:00 +02:00,11822.29,16207.09
16.10.2024 14:00:00 +02:00,11888.48,16100.07
16.10.2024 15:00:00 +02:00,12354.85,16090.75
16.10.2024 16:00:00 +02:00,13883.81,16181.92
16.10.2024 17:00:00 +02:00,15156.36,16153.93
16.10.2024 18:00:00 +02:00,15482.91,16266.95
16.10.2024 19:00:00 +02:00,14675.79,16165.71
16.10.2024 20:00:00 +02:00,13813.37,15964.24
16.10.2024 21:00:00 +02:00,13221.34,15714.59
16.10.2024 22:00:00 +02:00,12438.59,15239.93
16.10.2024 23:00:00 +02:00,11617.22,14579.99
17.10.2024 00:00:00 +02:00,10828.01,14066.19
17.10.2024 01:00:00 +02:00,10746.61,13671.85
17.10.2024 02:00:00 +02:00,10742.48,13464.33
17.10.2024 03:00:00 +02:00,10734.96,13360.33
17.10.2024 04:00:00 +02:00,11097.32,13360.83
17.10.2024 05:00:00 +02:00,12206.37,13630.35
17.10.2024 06:00:00 +02:00,13490.54,14601.30
17.10.2024 07:00:00 +02:00,15148.41,15738.68
17.10.2024 08:00:00 +02:00,15052.01,15944.63
17.10.2024 09:00:00 +02:00,14743.37,15843.91
17.10.2024 10:00:00 +02:00,14341.66,15565.18
17.10.2024 11:00:00 +02:00,14152.53,15756.65
17.10.2024 12:00:00 +02:00,14026.32,15595.52
17.10.2024 13:00:00 +02:00,14639.97,15454.77
17.10.2024 14:00:00 +02:00,15616.75,15762.27
17.10.2024 15:00:00 +02:00,16907.40,15867.28
17.10.2024 16:00:00 +02:00,16952.85,15991.15
17.10.2024 17:00:00 +02:00,16889.04,15971.73
17.10.2024 18:00:00 +02:00,16757.57,15971.93
17.10.2024 19:00:00 +02:00,16325.40,15837.26
17.10.2024 20:00:00 +02:00,15905.33,15659.61
17.10.2024 21:00:00 +02:00,15416.17,15368.09
17.10.2024 22:00:00 +02:00,14951.47,14887.57
17.10.2024 23:00:00 +02:00,14499.85,14283.54
18.10.2024 00:00:00 +02:00,14816.61,13753.67
18.10.2024 01:00:00 +02:00,14862.44,13394.42
18.10.2024 02:00:00 +02:00,14544.99,13156.23
18.10.2024 03:00:00 +02:00,14712.18,13076.11
18.10.2024 04:00:00 +02:00,14986.92,13066.50
18.10.2024 05:00:00 +02:00,15384.17,13303.55
18.10.2024 06:00:00 +02:00,17178.54,14232.89
18.10.2024 07:00:00 +02:00,18023.72,15382.78
18.10.2024 08:00:00 +02:00,18376.44,15744.07
18.10.2024 09:00:00 +02:00,18003.73,15711.04
18.10.2024 10:00:00 +02:00,18296.26,15622.84
18.10.2024 11:00:00 +02:00,18002.04,15502.80
18.10.2024 12:00:00 +02:00,17745.16,15370.45
18.10.2024 13:00:00 +02:00,18050.26,15254.31
18.10.2024 14:00:00 +02:00,17943.56,15176.75
18.10.2024 15:00:00 +02:00,18075.53,15176.52
18.10.2024 16:00:00 +02:00,18789.64,15270.59
18.10.2024 17:00:00 +02:00,19443.50,15348.60
18.10.2024 18:00:00 +02:00,19054.67,15428.68
18.10.2024 19:00:00 +02:00,18809.76,15264.64
18.10.2024 20:00:00 +02:00,17710.35,14920.98
18.10.2024 21:00:00 +02:00,16785.67,14531.52
18.10.2024 22:00:00 +02:00,16163.48,14199.18
18.10.2024 23:00:00 +02:00,15426.10,13805.29
19.10.2024 00:00:00 +02:00,15094.22,13415.22
19.10.2024 01:00:00 +02:00,14901.89,13076.38
19.10.2024 02:00:00 +02:00,14548.66,12863.51
19.10.2024 03:00:00 +02:00,14333.46,12743.22
19.10.2024 04:00:00 +02:00,14311.45,12701.46
19.10.2024 05:00:00 +02:00,14450.41,12648.76
19.10.2024 06:00:00 +02:00,14894.04,12796.33
19.10.2024 07:00:00 +02:00,15320.17,13149.14
19.10.2024 08:00:00 +02:00,15971.82,13562.52
19.10.2024 09:00:00 +02:00,16232.58,14036.49
19.10.2024 10:00:00 +02:00,16301.01,14298.64
19.10.2024 11:00:00 +02:00,15911.97,14372.19
19.10.2024 12:00:00 +02:00,15628.90,14328.99
19.10.2024 13:00:00 +02:00,15494.50,14202.07
19.10.2024 14:00:00 +02:00,15659.42,14139.64
19.10.2024 15:00:00 +02:00,16012.01,14099.31
19.10.2024 16:00:00 +02:00,16551.93,14235.06
19.10.2024 17:00:00 +02:00,17359.11,14450.21
19.10.2024 18:00:00 +02:00,17009.08,14646.49
19.10.2024 19:00:00 +02:00,16460.54,14541.22
19.10.2024 20:00:00 +02:00,15994.47,14234.72
19.10.2024 21:00:00 +02:00,15521.03,13944.00
19.10.2024 22:00:00 +02:00,15282.09,13700.79
19.10.2024 23:00:00 +02:00,14733.44,13316.41
20.10.2024 00:00:00 +02:00,14659.12,12914.67
20.10.2024 01:00:00 +02:00,14239.46,12681.25
20.10.2024 02:00:00 +02:00,14080.95,12520.83
20.10.2024 03:00:00 +02:00,13826.56,12430.30
20.10.2024 04:00:00 +02:00,13484.60,12410.47
20.10.2024 05:00:00 +02:00,13107.35,12404.18
20.10.2024 06:00:00 +02:00,13220.71,12521.04
20.10.2024 07:00:00 +02:00,13800.31,12798.58
20.10.2024 08:00:00 +02:00,13927.94,13131.82
20.10.2024 09:00:00 +02:00,12870.27,13540.13
20.10.2024 10:00:00 +02:00,11595.03,13860.30
20.10.2024 11:00:00 +02:00,10396.42,14150.01
20.10.2024 12:00:00 +02:00,10063.75,14290.25
20.10.2024 13:00:00 +02:00,10592.14,14385.19
20.10.2024 14:00:00 +02:00,10862.21,14428.88
20.10.2024 15:00:00 +02:00,10686.59,14544.73
20.10.2024 16:00:00 +02:00,12619.79,14503.71
20.10.2024 17:00:00 +02:00,14791.98,14603.47
20.10.2024 18:00:00 +02:00,15089.16,14843.82
20.10.2024 19:00:00 +02:00,13860.95,14856.33
20.10.2024 20:00:00 +02:00,12481.21,14726.24
20.10.2024 21:00:00 +02:00,11384.65,14459.99
20.10.2024 22:00:00 +02:00,11173.07,14143.28
20.10.2024 23:00:00 +02:00,10636.36,13784.36
21.10.2024 00:00:00 +02:00,9861.44,13413.14
21.10.2024 01:00:00 +02:00,9529.95,13069.69
21.10.2024 02:00:00 +02:00,9345.67,12897.96
21.10.2024 03:00:00 +02:00,9246.38,12779.29
21.10.2024 04:00:00 +02:00,9336.79,12768.01
21.10.2024 05:00:00 +02:00,10023.65,13048.88
21.10.2024 06:00:00 +02:00,11412.97,13928.86
21.10.2024 07:00:00 +02:00,13302.88,15052.30
21.10.2024 08:00:00 +02:00,14171.40,15312.37
21.10.2024 09:00:00 +02:00,13866.18,15299.50
21.10.2024 10:00:00 +02:00,13809.01,15237.95
21.10.2024 11:00:00 +02:00,14023.14,15094.15
21.10.2024 12:00:00 +02:00,14076.51,15006.62
21.10.2024 13:00:00 +02:00,14159.94,14882.79
21.10.2024 14:00:00 +02:00,14705.16,14878.19
21.10.2024 15:00:00 +02:00,15036.83,14868.73
21.10.2024 16:00:00 +02:00,15566.62,15021.56
21.10.2024 17:00:00 +02:00,16465.01,15083.59
21.10.2024 18:00:00 +02:00,16752.57,15214.37
21.10.2024 19:00:00 +02:00,16720.05,15227.77
21.10.2024 20:00:00 +02:00,16555.29,15161.45
21.10.2024 21:00:00 +02:00,16776.04,14835.26
21.10.2024 22:00:00 +02:00,16274.31,14347.58
21.10.2024 23:00:00 +02:00,15552.40,13852.03
22.10.2024 00:00:00 +02:00,14871.40,13445.83
22.10.2024 01:00:00 +02:00,14715.27,13227.53
22.10.2024 02:00:00 +02:00,14595.39,13074.09
22.10.2024 03:00:00 +02:00,14570.90,12960.76
22.10.2024 04:00:00 +02:00,14736.35,13014.71
22.10.2024 05:00:00 +02:00,15041.49,13375.63
22.10.2024 06:00:00 +02:00,16527.48,14373.40
22.10.2024 07:00:00 +02:00,17625.99,15577.81
22.10.2024 08:00:00 +02:00,17168.56,15825.32
22.10.2024 09:00:00 +02:00,17464.04,15682.52
22.10.2024 10:00:00 +02:00,17467.03,14501.72
22.10.2024 11:00:00 +02:00,17579.21,15464.38
22.10.2024 12:00:00 +02:00,16883.82,15322.37
22.10.2024 13:00:00 +02:00,15624.81,15216.54
22.10.2024 14:00:00 +02:00,15012.00,15089.67
22.10.2024 15:00:00 +02:00,15609.81,15195.48
22.10.2024 16:00:00 +02:00,16554.59,15424.57
22.10.2024 17:00:00 +02:00,17913.98,15581.71
22.10.2024 18:00:00 +02:00,17752.72,15762.76
22.10.2024 19:00:00 +02:00,17437.38,15784.88
22.10.2024 20:00:00 +02:00,16767.32,15591.87
22.10.2024 21:00:00 +02:00,16414.36,15324.03
22.10.2024 22:00:00 +02:00,15968.52,14956.94
22.10.2024 23:00:00 +02:00,15275.32,14398.69
23.10.2024 00:00:00 +02:00,14625.53,13991.16
23.10.2024 01:00:00 +02:00,14312.77,13597.65
23.10.2024 02:00:00 +02:00,14750.85,13464.91
23.10.2024 03:00:00 +02:00,14394.46,13431.26
23.10.2024 04:00:00 +02:00,14217.13,13340.80
23.10.2024 05:00:00 +02:00,14662.59,13629.69
23.10.2024 06:00:00 +02:00,16223.78,14629.80
23.10.2024 07:00:00 +02:00,17442.44,15845.90
23.10.2024 08:00:00 +02:00,17447.80,16055.32
23.10.2024 09:00:00 +02:00,17731.00,16007.37
23.10.2024 10:00:00 +02:00,17201.31,15738.41
23.10.2024 11:00:00 +02:00,16439.80,15683.85
23.10.2024 12:00:00 +02:00,16171.87,15679.08
23.10.2024 13:00:00 +02:00,15974.26,15632.33
23.10.2024 14:00:00 +02:00,16634.54,15783.67
23.10.2024 15:00:00 +02:00,17049.14,15900.99
23.10.2024 16:00:00 +02:00,17260.92,16056.20
23.10.2024 17:00:00 +02:00,17340.96,16006.29
23.10.2024 18:00:00 +02:00,17352.75,16112.19
23.10.2024 19:00:00 +02:00,16837.24,16034.22
23.10.2024 20:00:00 +02:00,16556.69,15877.13
23.10.2024 21:00:00 +02:00,16166.91,15602.53
23.10.2024 22:00:00 +02:00,16026.13,15130.74
23.10.2024 23:00:00 +02:00,15538.12,14519.66
24.10.2024 00:00:00 +02:00,15078.97,13938.42
24.10.2024 01:00:00 +02:00,14843.86,13582.23
24.10.2024 02:00:00 +02:00,14484.89,13314.64
24.10.2024 03:00:00 +02:00,14258.22,13226.63
24.10.2024 04:00:00 +02:00,14061.50,13235.02
24.10.2024 05:00:00 +02:00,14871.61,13432.18
24.10.2024 06:00:00 +02:00,15840.38,14442.61
24.10.2024 07:00:00 +02:00,17746.22,15580.45
24.10.2024 08:00:00 +02:00,18111.98,15761.19
24.10.2024 09:00:00 +02:00,18305.47,15625.89
24.10.2024 10:00:00 +02:00,18257.96,15297.13
24.10.2024 11:00:00 +02:00,17858.63,15380.59
24.10.2024 12:00:00 +02:00,17238.07,15199.20
24.10.2024 13:00:00 +02:00,17157.99,15139.91
24.10.2024 14:00:00 +02:00,17638.99,15139.81
24.10.2024 15:00:00 +02:00,18174.40,15228.21
24.10.2024 16:00:00 +02:00,18087.93,15469.99
24.10.2024 17:00:00 +02:00,18124.31,15558.48
24.10.2024 18:00:00 +02:00,17910.10,15660.70
24.10.2024 19:00:00 +02:00,17975.96,15647.24
24.10.2024 20:00:00 +02:00,17842.08,15522.28
24.10.2024 21:00:00 +02:00,17578.86,15299.36
24.10.2024 22:00:00 +02:00,16685.05,14920.64
24.10.2024 23:00:00 +02:00,16246.39,14389.28
25.10.2024 00:00:00 +02:00,16053.46,13921.55
25.10.2024 01:00:00 +02:00,15658.57,13612.31
25.10.2024 02:00:00 +02:00,15659.26,13395.98
25.10.2024 03:00:00 +02:00,15726.31,13299.27
25.10.2024 04:00:00 +02:00,15586.86,13379.56
25.10.2024 05:00:00 +02:00,15923.87,13705.23
25.10.2024 06:00:00 +02:00,17789.70,14594.66
25.10.2024 07:00:00 +02:00,19111.62,15746.92
25.10.2024 08:00:00 +02:00,19752.67,16095.10
25.10.2024 09:00:00 +02:00,19932.11,16082.65
25.10.2024 10:00:00 +02:00,19644.99,16043.03
25.10.2024 11:00:00 +02:00,19447.88,15811.43
25.10.2024 12:00:00 +02:00,19192.24,15787.43
25.10.2024 13:00:00 +02:00,18969.13,15566.06
25.10.2024 14:00:00 +02:00,19093.85,15653.50
25.10.2024 15:00:00 +02:00,19135.75,15586.61
25.10.2024 16:00:00 +02:00,19381.21,15734.97
25.10.2024 17:00:00 +02:00,19885.25,15803.21
25.10.2024 18:00:00 +02:00,20033.44,15937.92
25.10.2024 19:00:00 +02:00,19260.19,15730.77
25.10.2024 20:00:00 +02:00,18300.59,15422.39
25.10.2024 21:00:00 +02:00,17871.29,15060.11
25.10.2024 22:00:00 +02:00,17422.90,14691.58
25.10.2024 23:00:00 +02:00,17182.95,14396.82
26.10.2024 00:00:00 +02:00,17122.10,14056.56
26.10.2024 01:00:00 +02:00,17167.83,13830.13
26.10.2024 02:00:00 +02:00,16943.84,13627.91
26.10.2024 03:00:00 +02:00,16637.94,13534.91
26.10.2024 04:00:00 +02:00,16414.83,13514.14
26.10.2024 05:00:00 +02:00,16753.87,13536.87
26.10.2024 06:00:00 +02:00,17601.36,13707.30
26.10.2024 07:00:00 +02:00,18200.45,14110.28
26.10.2024 08:00:00 +02:00,19822.58,14608.74
26.10.2024 09:00:00 +02:00,20963.95,15090.12
26.10.2024 10:00:00 +02:00,21362.98,15331.56
26.10.2024 11:00:00 +02:00,21444.91,15366.40
26.10.2024 12:00:00 +02:00,20915.92,15301.86
26.10.2024 13:00:00 +02:00,20677.28,15189.51
26.10.2024 14:00:00 +02:00,20748.03,15075.89
26.10.2024 15:00:00 +02:00,21012.64,15078.86
26.10.2024 16:00:00 +02:00,21039.24,15257.80
26.10.2024 17:00:00 +02:00,21236.69,15501.01
26.10.2024 18:00:00 +02:00,21401.78,15633.34
26.10.2024 19:00:00 +02:00,20471.56,15435.87
26.10.2024 20:00:00 +02:00,19071.71,15000.36
26.10.2024 21:00:00 +02:00,18169.53,14654.86
26.10.2024 22:00:00 +02:00,17073.33,14369.35
26.10.2024 23:00:00 +02:00,16299.44,14093.69
27.10.2024 00:00:00 +02:00,15869.45,13768.59
27.10.2024 01:00:00 +02:00,14894.60,13510.68
27.10.2024 02:00:00 +02:00,14626.35,13315.05
27.10.2024 02:00:00 +01:00,14458.87,13209.04
27.10.2024 03:00:00 +01:00,14475.17,13089.40
27.10.2024 04:00:00 +01:00,14570.98,13073.90
27.10.2024 05:00:00 +01:00,14697.80,12979.01
27.10.2024 06:00:00 +01:00,15023.87,13168.12
27.10.2024 07:00:00 +01:00,15115.52,13479.43
27.10.2024 08:00:00 +01:00,15621.94,13868.86
27.10.2024 09:00:00 +01:00,16326.70,14361.67
27.10.2024 10:00:00 +01:00,16722.84,14610.23
27.10.2024 11:00:00 +01:00,16416.40,14444.06
27.10.2024 12:00:00 +01:00,16295.22,14251.18
27.10.2024 13:00:00 +01:00,16328.70,14284.54
27.10.2024 14:00:00 +01:00,16436.89,14462.61
27.10.2024 15:00:00 +01:00,16743.71,14780.26
27.10.2024 16:00:00 +01:00,17285.48,15125.95
27.10.2024 17:00:00 +01:00,17966.78,15511.01
27.10.2024 18:00:00 +01:00,17978.33,15573.63
27.10.2024 19:00:00 +01:00,18427.26,15585.60
27.10.2024 20:00:00 +01:00,18194.14,15442.23
27.10.2024 21:00:00 +01:00,17525.73,15207.56
27.10.2024 22:00:00 +01:00,17217.38,14889.06
27.10.2024 23:00:00 +01:00,16733.89,14437.56
28.10.2024 00:00:00 +01:00,16492.69,14107.95
28.10.2024 01:00:00 +01:00,16369.36,13843.86
28.10.2024 02:00:00 +01:00,16033.14,13731.53
28.10.2024 03:00:00 +01:00,15595.55,13691.70
28.10.2024 04:00:00 +01:00,15558.84,13779.53
28.10.2024 05:00:00 +01:00,16213.98,14124.32
28.10.2024 06:00:00 +01:00,17173.38,15211.36
28.10.2024 07:00:00 +01:00,18726.02,16450.37
28.10.2024 08:00:00 +01:00,19495.53,16668.79
28.10.2024 09:00:00 +01:00,19658.11,16592.51
28.10.2024 10:00:00 +01:00,18974.89,16382.93
28.10.2024 11:00:00 +01:00,18712.94,16158.56
28.10.2024 12:00:00 +01:00,18510.47,16024.26
28.10.2024 13:00:00 +01:00,18093.01,15972.92
28.10.2024 14:00:00 +01:00,19157.64,16082.05
28.10.2024 15:00:00 +01:00,19745.18,16254.00
28.10.2024 16:00:00 +01:00,20743.14,16625.91
28.10.2024 17:00:00 +01:00,21238.51,16801.77
28.10.2024 18:00:00 +01:00,21256.35,16728.41
28.10.2024 19:00:00 +01:00,20985.23,16687.50
28.10.2024 20:00:00 +01:00,20632.78,16644.90
28.10.2024 21:00:00 +01:00,20154.09,16414.44
28.10.2024 22:00:00 +01:00,19525.62,15992.12
28.10.2024 23:00:00 +01:00,18752.84,15525.54
29.10.2024 00:00:00 +01:00,18227.59,15100.02
29.10.2024 01:00:00 +01:00,18055.59,14849.61
29.10.2024 02:00:00 +01:00,18051.05,14727.05
29.10.2024 03:00:00 +01:00,18243.58,14663.42
29.10.2024 04:00:00 +01:00,18464.81,14715.67
29.10.2024 05:00:00 +01:00,19667.05,15095.10
29.10.2024 06:00:00 +01:00,21281.31,16204.66
29.10.2024 07:00:00 +01:00,21442.56,17272.94
29.10.2024 08:00:00 +01:00,21276.57,17507.35
29.10.2024 09:00:00 +01:00,21048.94,17361.74
29.10.2024 10:00:00 +01:00,21688.69,17160.94
29.10.2024 11:00:00 +01:00,21904.87,16960.91
29.10.2024 12:00:00 +01:00,21849.05,16853.02
29.10.2024 13:00:00 +01:00,22238.47,16757.48
29.10.2024 14:00:00 +01:00,22148.29,16735.18
29.10.2024 15:00:00 +01:00,21759.81,16883.01
29.10.2024 16:00:00 +01:00,21600.30,17182.45
29.10.2024 17:00:00 +01:00,21323.39,17292.73
29.10.2024 18:00:00 +01:00,20717.89,17130.60
29.10.2024 19:00:00 +01:00,20103.71,17027.52
29.10.2024 20:00:00 +01:00,20081.11,16795.28
29.10.2024 21:00:00 +01:00,19556.12,16444.15
29.10.2024 22:00:00 +01:00,18669.86,15960.49
29.10.2024 23:00:00 +01:00,17918.77,15430.62
30.10.2024 00:00:00 +01:00,17772.76,15028.95
30.10.2024 01:00:00 +01:00,17221.74,14680.26
30.10.2024 02:00:00 +01:00,16753.56,14526.90
30.10.2024 03:00:00 +01:00,16711.93,14459.29
30.10.2024 04:00:00 +01:00,16505.94,14499.66
30.10.2024 05:00:00 +01:00,17223.76,14802.42
30.10.2024 06:00:00 +01:00,18486.97,15834.69
30.10.2024 07:00:00 +01:00,19599.40,17058.23
30.10.2024 08:00:00 +01:00,19437.96,17172.74
30.10.2024 09:00:00 +01:00,18798.89,16999.37
30.10.2024 10:00:00 +01:00,18917.48,16608.94
30.10.2024 11:00:00 +01:00,17967.79,16634.55
30.10.2024 12:00:00 +01:00,17500.74,16447.41
30.10.2024 13:00:00 +01:00,17392.09,16335.17
30.10.2024 14:00:00 +01:00,18270.84,16436.21
30.10.2024 15:00:00 +01:00,19067.62,16795.49
30.10.2024 16:00:00 +01:00,20137.71,17050.64
30.10.2024 17:00:00 +01:00,20430.90,17162.80
30.10.2024 18:00:00 +01:00,20808.75,17056.20
30.10.2024 19:00:00 +01:00,20742.91,16951.42
30.10.2024 20:00:00 +01:00,20499.09,16767.44
30.10.2024 21:00:00 +01:00,20094.51,16424.29
30.10.2024 22:00:00 +01:00,19466.58,15995.83
30.10.2024 23:00:00 +01:00,18804.04,15407.12
31.10.2024 00:00:00 +01:00,18867.50,14975.48
31.10.2024 01:00:00 +01:00,18641.22,14576.42
31.10.2024 02:00:00 +01:00,18037.80,14410.14
31.10.2024 03:00:00 +01:00,17464.08,14304.02
31.10.2024 04:00:00 +01:00,17433.24,14240.00
31.10.2024 05:00:00 +01:00,17740.27,14460.29
31.10.2024 06:00:00 +01:00,19059.49,15515.94
31.10.2024 07:00:00 +01:00,20585.15,16619.04
31.10.2024 08:00:00 +01:00,20706.61,16863.67
31.10.2024 09:00:00 +01:00,20773.98,16765.19
31.10.2024 10:00:00 +01:00,20112.19,16050.03
31.10.2024 11:00:00 +01:00,19252.38,16495.64
31.10.2024 12:00:00 +01:00,19094.12,16426.93
31.10.2024 13:00:00 +01:00,18741.93,16351.27
31.10.2024 14:00:00 +01:00,18937.46,16374.56
31.10.2024 15:00:00 +01:00,18891.03,16499.85
31.10.2024 16:00:00 +01:00,18861.78,16831.94
31.10.2024 17:00:00 +01:00,19573.83,16803.94
31.10.2024 18:00:00 +01:00,18940.37,16547.57
31.10.2024 19:00:00 +01:00,17778.01,16417.81
31.10.2024 20:00:00 +01:00,17612.74,16272.39
31.10.2024 21:00:00 +01:00,17233.85,16061.83
31.10.2024 22:00:00 +01:00,16606.94,15645.67
31.10.2024 23:00:00 +01:00,16402.10,15133.39
01.11.2024 00:00:00 +01:00,16644.08,14684.19
01.11.2024 01:00:00 +01:00,16597.33,14344.07
01.11.2024 02:00:00 +01:00,16744.60,14103.29
01.11.2024 03:00:00 +01:00,16709.78,14026.08
01.11.2024 04:00:00 +01:00,16896.63,13967.00
01.11.2024 05:00:00 +01:00,17093.46,14140.43
01.11.2024 06:00:00 +01:00,17755.15,15122.06
01.11.2024 07:00:00 +01:00,18277.08,16259.15
01.11.2024 08:00:00 +01:00,17959.57,16636.37
01.11.2024 09:00:00 +01:00,18007.51,16658.08
01.11.2024 10:00:00 +01:00,18025.54,16596.30
01.11.2024 11:00:00 +01:00,17922.11,16448.26
01.11.2024 12:00:00 +01:00,17525.85,16422.87
01.11.2024 13:00:00 +01:00,17637.98,16433.72
01.11.2024 14:00:00 +01:00,17856.18,16593.08
01.11.2024 15:00:00 +01:00,18228.30,16816.37
01.11.2024 16:00:00 +01:00,18698.98,17250.01
01.11.2024 17:00:00 +01:00,19169.63,17500.05
01.11.2024 18:00:00 +01:00,19163.16,17447.26
01.11.2024 19:00:00 +01:00,18081.38,17240.33
01.11.2024 20:00:00 +01:00,18047.21,16953.84
01.11.2024 21:00:00 +01:00,17620.39,16701.80
01.11.2024 22:00:00 +01:00,17699.27,16300.42
01.11.2024 23:00:00 +01:00,17225.88,15973.79
02.11.2024 00:00:00 +01:00,17665.98,15654.42
02.11.2024 01:00:00 +01:00,17917.39,15315.01
02.11.2024 02:00:00 +01:00,17985.68,15089.16
02.11.2024 03:00:00 +01:00,17917.40,15010.04
02.11.2024 04:00:00 +01:00,17886.47,14994.27
02.11.2024 05:00:00 +01:00,18136.32,15181.11
02.11.2024 06:00:00 +01:00,18547.47,15559.83
02.11.2024 07:00:00 +01:00,18926.06,15986.10
02.11.2024 08:00:00 +01:00,19604.93,16440.94
02.11.2024 09:00:00 +01:00,19921.24,16757.14
02.11.2024 10:00:00 +01:00,20138.40,16808.90
02.11.2024 11:00:00 +01:00,20173.99,16745.16
02.11.2024 12:00:00 +01:00,20338.93,16597.71
02.11.2024 13:00:00 +01:00,20864.53,16606.85
02.11.2024 14:00:00 +01:00,21481.01,16708.00
02.11.2024 15:00:00 +01:00,21894.27,16789.77
02.11.2024 16:00:00 +01:00,22392.80,17065.83
02.11.2024 17:00:00 +01:00,22288.78,17290.03
02.11.2024 18:00:00 +01:00,21982.11,17183.29
02.11.2024 19:00:00 +01:00,21342.15,16884.03
02.11.2024 20:00:00 +01:00,21226.06,16610.28
02.11.2024 21:00:00 +01:00,20858.94,16242.25
02.11.2024 22:00:00 +01:00,20921.59,15859.06
02.11.2024 23:00:00 +01:00,20469.51,15556.91
03.11.2024 00:00:00 +01:00,20061.77,15149.24
03.11.2024 01:00:00 +01:00,19377.37,14888.21
03.11.2024 02:00:00 +01:00,19050.15,14688.05
03.11.2024 03:00:00 +01:00,18842.75,14518.09
03.11.2024 04:00:00 +01:00,18617.69,14423.05
03.11.2024 05:00:00 +01:00,18133.00,14428.73
03.11.2024 06:00:00 +01:00,18101.19,14554.25
03.11.2024 07:00:00 +01:00,18496.27,14766.40
03.11.2024 08:00:00 +01:00,18400.98,14989.68
03.11.2024 09:00:00 +01:00,18884.56,15275.56
03.11.2024 10:00:00 +01:00,18666.66,15459.18
03.11.2024 11:00:00 +01:00,17711.02,15443.26
03.11.2024 12:00:00 +01:00,17359.12,15410.06
03.11.2024 13:00:00 +01:00,17899.78,15446.52
03.11.2024 14:00:00 +01:00,18628.02,15570.23
03.11.2024 15:00:00 +01:00,19110.17,15760.37
03.11.2024 16:00:00 +01:00,19482.79,16074.74
03.11.2024 17:00:00 +01:00,19726.26,16258.57
03.11.2024 18:00:00 +01:00,19425.76,16200.34
03.11.2024 19:00:00 +01:00,18917.59,16131.23
03.11.2024 20:00:00 +01:00,18421.26,15997.25
03.11.2024 21:00:00 +01:00,18316.04,15772.87
03.11.2024 22:00:00 +01:00,17922.85,15444.03
03.11.2024 23:00:00 +01:00,17619.57,15039.84
04.11.2024 00:00:00 +01:00,17357.42,14736.85
04.11.2024 01:00:00 +01:00,17066.40,14425.11
04.11.2024 02:00:00 +01:00,17323.29,14315.68
04.11.2024 03:00:00 +01:00,17327.33,14181.87
04.11.2024 04:00:00 +01:00,18211.88,14197.43
04.11.2024 05:00:00 +01:00,20526.42,14573.53
04.11.2024 06:00:00 +01:00,21136.97,15713.54
04.11.2024 07:00:00 +01:00,22181.33,16933.28
04.11.2024 08:00:00 +01:00,22617.67,17135.39
04.11.2024 09:00:00 +01:00,22500.35,16999.54
04.11.2024 10:00:00 +01:00,22427.59,16649.86
04.11.2024 11:00:00 +01:00,22469.04,16385.62
04.11.2024 12:00:00 +01:00,22479.10,16238.24
04.11.2024 13:00:00 +01:00,22246.33,16223.88
04.11.2024 14:00:00 +01:00,21950.72,16295.48
04.11.2024 15:00:00 +01:00,21222.29,16518.26
04.11.2024 16:00:00 +01:00,21205.66,16976.33
04.11.2024 17:00:00 +01:00,21041.39,16958.59
04.11.2024 18:00:00 +01:00,20576.26,16809.73
04.11.2024 19:00:00 +01:00,21074.24,16657.53
04.11.2024 20:00:00 +01:00,20937.16,16494.07
04.11.2024 21:00:00 +01:00,20906.61,16168.88
04.11.2024 22:00:00 +01:00,20677.17,15704.42
04.11.2024 23:00:00 +01:00,19819.64,15170.67
05.11.2024 00:00:00 +01:00,18700.27,14698.06
05.11.2024 01:00:00 +01:00,18729.79,14422.54
05.11.2024 02:00:00 +01:00,18356.43,14248.52
05.11.2024 03:00:00 +01:00,18165.50,14146.90
05.11.2024 04:00:00 +01:00,18035.67,14162.38
05.11.2024 05:00:00 +01:00,17734.22,14507.77
05.11.2024 06:00:00 +01:00,18616.28,15564.02
05.11.2024 07:00:00 +01:00,19505.44,16780.46
05.11.2024 08:00:00 +01:00,19691.38,16989.98
05.11.2024 09:00:00 +01:00,19735.17,16924.04
05.11.2024 10:00:00 +01:00,19674.70,16560.17
05.11.2024 11:00:00 +01:00,19599.72,16795.92
05.11.2024 12:00:00 +01:00,19770.35,16844.72
05.11.2024 13:00:00 +01:00,19839.87,16819.65
05.11.2024 14:00:00 +01:00,19800.64,16949.99
05.11.2024 15:00:00 +01:00,20007.63,17066.87
05.11.2024 16:00:00 +01:00,20253.88,17386.44
05.11.2024 17:00:00 +01:00,20064.99,17390.26
05.11.2024 18:00:00 +01:00,19797.02,17177.42
05.11.2024 19:00:00 +01:00,19625.51,17076.56
05.11.2024 20:00:00 +01:00,19606.46,16950.84
05.11.2024 21:00:00 +01:00,19654.79,16641.46
05.11.2024 22:00:00 +01:00,19657.05,16123.70
05.11.2024 23:00:00 +01:00,19197.85,15589.40
06.11.2024 00:00:00 +01:00,18492.93,15125.00
06.11.2024 01:00:00 +01:00,18126.75,14793.42
06.11.2024 02:00:00 +01:00,17977.67,14605.55
06.11.2024 03:00:00 +01:00,18004.49,14493.80
06.11.2024 04:00:00 +01:00,18345.24,14455.07
06.11.2024 05:00:00 +01:00,18688.45,14799.00
06.11.2024 06:00:00 +01:00,19691.20,15759.71
06.11.2024 07:00:00 +01:00,20538.15,16930.53
06.11.2024 08:00:00 +01:00,20989.34,17196.18
06.11.2024 09:00:00 +01:00,21433.94,17142.79
06.11.2024 10:00:00 +01:00,21603.70,17233.26
06.11.2024 11:00:00 +01:00,22284.87,17094.38
06.11.2024 12:00:00 +01:00,22353.53,16929.19
06.11.2024 13:00:00 +01:00,21835.77,17065.82
06.11.2024 14:00:00 +01:00,21188.86,17065.43
06.11.2024 15:00:00 +01:00,21068.92,17228.07
06.11.2024 16:00:00 +01:00,21143.87,17530.55
06.11.2024 17:00:00 +01:00,20710.33,17480.05
06.11.2024 18:00:00 +01:00,20159.60,17277.68
06.11.2024 19:00:00 +01:00,20219.66,17137.39
06.11.2024 20:00:00 +01:00,20282.55,16951.35
06.11.2024 21:00:00 +01:00,20105.65,16693.27
06.11.2024 22:00:00 +01:00,19738.60,16219.82
06.11.2024 23:00:00 +01:00,19348.48,15668.82
07.11.2024 00:00:00 +01:00,19160.92,15117.50
07.11.2024 01:00:00 +01:00,19027.54,14821.08
07.11.2024 02:00:00 +01:00,18607.61,14640.66
07.11.2024 03:00:00 +01:00,18221.24,14541.67
07.11.2024 04:00:00 +01:00,18241.82,14608.75
07.11.2024 05:00:00 +01:00,18823.38,14959.51
07.11.2024 06:00:00 +01:00,20023.28,16007.50
07.11.2024 07:00:00 +01:00,20903.73,17191.66
07.11.2024 08:00:00 +01:00,21460.34,17408.69
07.11.2024 09:00:00 +01:00,21867.68,17270.85
07.11.2024 10:00:00 +01:00,20850.57,16760.13
07.11.2024 11:00:00 +01:00,20345.04,16879.23
07.11.2024 12:00:00 +01:00,20366.33,16729.58
07.11.2024 13:00:00 +01:00,20406.15,16625.11
07.11.2024 14:00:00 +01:00,20461.54,16737.62
07.11.2024 15:00:00 +01:00,20265.90,16960.20
07.11.2024 16:00:00 +01:00,20429.48,17455.80
07.11.2024 17:00:00 +01:00,20953.53,17555.09
07.11.2024 18:00:00 +01:00,20446.90,17388.95
07.11.2024 19:00:00 +01:00,20436.20,17267.79
07.11.2024 20:00:00 +01:00,20605.15,17099.80
07.11.2024 21:00:00 +01:00,20833.91,16797.18
07.11.2024 22:00:00 +01:00,20588.36,16369.04
07.11.2024 23:00:00 +01:00,19896.58,15844.97
08.11.2024 00:00:00 +01:00,19284.48,15364.27
08.11.2024 01:00:00 +01:00,18816.74,14982.68
08.11.2024 02:00:00 +01:00,18812.96,14763.86
08.11.2024 03:00:00 +01:00,18537.60,14576.54
08.11.2024 04:00:00 +01:00,18590.12,14614.36
08.11.2024 05:00:00 +01:00,18753.10,14962.36
08.11.2024 06:00:00 +01:00,19976.96,15922.02
08.11.2024 07:00:00 +01:00,20932.17,17012.17
08.11.2024 08:00:00 +01:00,21277.87,17267.75
08.11.2024 09:00:00 +01:00,21086.95,17301.11
08.11.2024 10:00:00 +01:00,20810.15,17274.55
08.11.2024 11:00:00 +01:00,20751.16,17140.51
08.11.2024 12:00:00 +01:00,20549.88,16944.68
08.11.2024 13:00:00 +01:00,21661.35,16957.67
08.11.2024 14:00:00 +01:00,21857.52,17010.78
08.11.2024 15:00:00 +01:00,21653.49,17089.53
08.11.2024 16:00:00 +01:00,21839.26,17284.42
08.11.2024 17:00:00 +01:00,21791.99,17180.82
08.11.2024 18:00:00 +01:00,21782.81,16915.48
08.11.2024 19:00:00 +01:00,21636.82,16628.59
08.11.2024 20:00:00 +01:00,21208.77,16233.62
08.11.2024 21:00:00 +01:00,20905.50,15835.82
08.11.2024 22:00:00 +01:00,20397.23,15439.81
08.11.2024 23:00:00 +01:00,19703.16,15020.05
09.11.2024 00:00:00 +01:00,19850.28,14552.72
09.11.2024 01:00:00 +01:00,19407.35,14299.92
09.11.2024 02:00:00 +01:00,18974.73,14164.17
09.11.2024 03:00:00 +01:00,18680.67,14016.50
09.11.2024 04:00:00 +01:00,18640.03,13999.81
09.11.2024 05:00:00 +01:00,18468.60,13995.26
09.11.2024 06:00:00 +01:00,18949.20,14203.34
09.11.2024 07:00:00 +01:00,19369.64,14639.40
09.11.2024 08:00:00 +01:00,20014.94,15104.69
09.11.2024 09:00:00 +01:00,21154.02,15607.15
09.11.2024 10:00:00 +01:00,21833.04,15913.34
09.11.2024 11:00:00 +01:00,21924.07,15930.51
09.11.2024 12:00:00 +01:00,21974.40,15892.79
09.11.2024 13:00:00 +01:00,22076.99,15877.47
09.11.2024 14:00:00 +01:00,21982.72,15934.28
09.11.2024 15:00:00 +01:00,21682.48,16088.41
09.11.2024 16:00:00 +01:00,21950.22,16345.76
09.11.2024 17:00:00 +01:00,22654.78,16522.13
09.11.2024 18:00:00 +01:00,22474.89,16405.37
09.11.2024 19:00:00 +01:00,21979.40,16137.46
09.11.2024 20:00:00 +01:00,21290.25,15757.83
09.11.2024 21:00:00 +01:00,20751.77,15439.30
09.11.2024 22:00:00 +01:00,20572.51,15198.82
09.11.2024 23:00:00 +01:00,20179.41,14885.48
10.11.2024 00:00:00 +01:00,20437.26,14662.00
10.11.2024 01:00:00 +01:00,20376.62,14475.88
10.11.2024 02:00:00 +01:00,19986.92,14316.67
10.11.2024 03:00:00 +01:00,19745.88,14194.92
10.11.2024 04:00:00 +01:00,19730.80,14200.83
10.11.2024 05:00:00 +01:00,19828.05,14318.86
10.11.2024 06:00:00 +01:00,19856.96,14488.24
10.11.2024 07:00:00 +01:00,20516.82,14736.14
10.11.2024 08:00:00 +01:00,20811.45,15006.68
10.11.2024 09:00:00 +01:00,21485.67,15488.43
10.11.2024 10:00:00 +01:00,21892.52,15868.08
10.11.2024 11:00:00 +01:00,21820.09,16019.21
10.11.2024 12:00:00 +01:00,21675.79,16098.63
10.11.2024 13:00:00 +01:00,21704.58,16228.73
10.11.2024 14:00:00 +01:00,21753.53,16356.45
10.11.2024 15:00:00 +01:00,21902.34,16569.98
10.11.2024 16:00:00 +01:00,22187.49,16835.13
10.11.2024 17:00:00 +01:00,22548.06,16924.94
10.11.2024 18:00:00 +01:00,22686.32,16925.83
10.11.2024 19:00:00 +01:00,23003.38,16853.86
10.11.2024 20:00:00 +01:00,23263.88,16726.11
10.11.2024 21:00:00 +01:00,23048.98,16464.22
10.11.2024 22:00:00 +01:00,23093.42,16066.70
10.11.2024 23:00:00 +01:00,22356.94,15652.05
11.11.2024 00:00:00 +01:00,21081.08,15212.71
11.11.2024 01:00:00 +01:00,20803.65,14929.90
11.11.2024 02:00:00 +01:00,20651.50,14748.00
11.11.2024 03:00:00 +01:00,20406.59,14581.02
11.11.2024 04:00:00 +01:00,20334.47,14602.85
11.11.2024 05:00:00 +01:00,20709.93,15000.20
11.11.2024 06:00:00 +01:00,21924.44,16058.14
11.11.2024 07:00:00 +01:00,23075.75,17344.14
11.11.2024 08:00:00 +01:00,23673.96,17639.86
11.11.2024 09:00:00 +01:00,23443.10,17553.77
11.11.2024 10:00:00 +01:00,23257.02,17401.74
11.11.2024 11:00:00 +01:00,23077.75,17328.27
11.11.2024 12:00:00 +01:00,23651.48,17300.27
11.11.2024 13:00:00 +01:00,24055.28,17330.32
11.11.2024 14:00:00 +01:00,24091.60,17399.20
11.11.2024 15:00:00 +01:00,24409.19,17679.01
11.11.2024 16:00:00 +01:00,24790.94,18002.13
11.11.2024 17:00:00 +01:00,24582.60,17983.18
11.11.2024 18:00:00 +01:00,24111.40,17805.43
11.11.2024 19:00:00 +01:00,23424.79,17678.01
11.11.2024 20:00:00 +01:00,22817.44,17452.47
11.11.2024 21:00:00 +01:00,22294.76,17250.40
11.11.2024 22:00:00 +01:00,21785.60,16742.72
11.11.2024 23:00:00 +01:00,21061.00,16168.56
12.11.2024 00:00:00 +01:00,20407.97,15666.13
12.11.2024 01:00:00 +01:00,20307.56,15234.95
12.11.2024 02:00:00 +01:00,20095.25,15040.46
12.11.2024 03:00:00 +01:00,19390.80,14954.50
12.11.2024 04:00:00 +01:00,19090.72,15033.11
12.11.2024 05:00:00 +01:00,20071.71,15322.64
12.11.2024 06:00:00 +01:00,21499.81,16429.17
12.11.2024 07:00:00 +01:00,22421.02,17540.56
12.11.2024 08:00:00 +01:00,22338.40,17724.32
12.11.2024 09:00:00 +01:00,22010.89,17632.95
12.11.2024 10:00:00 +01:00,22129.44,11371.52
12.11.2024 11:00:00 +01:00,22229.90,17269.56
12.11.2024 12:00:00 +01:00,22518.57,17211.72
12.11.2024 13:00:00 +01:00,22879.05,16104.44
12.11.2024 14:00:00 +01:00,22868.74,17432.10
12.11.2024 15:00:00 +01:00,22977.97,17664.71
12.11.2024 16:00:00 +01:00,23294.15,18109.10
12.11.2024 17:00:00 +01:00,23209.94,17988.57
12.11.2024 18:00:00 +01:00,23099.27,17742.75
12.11.2024 19:00:00 +01:00,22984.35,17545.77
12.11.2024 20:00:00 +01:00,22622.66,17468.60
12.11.2024 21:00:00 +01:00,22254.57,17131.71
12.11.2024 22:00:00 +01:00,21512.75,16616.76
12.11.2024 23:00:00 +01:00,19900.57,16013.91
13.11.2024 00:00:00 +01:00,20286.05,15368.95
13.11.2024 01:00:00 +01:00,20042.29,14946.45
13.11.2024 02:00:00 +01:00,19668.35,14746.16
13.11.2024 03:00:00 +01:00,19470.95,14673.13
13.11.2024 04:00:00 +01:00,19350.52,14686.92
13.11.2024 05:00:00 +01:00,19620.05,14974.71
13.11.2024 06:00:00 +01:00,21135.58,16024.21
13.11.2024 07:00:00 +01:00,22167.36,17246.30
13.11.2024 08:00:00 +01:00,22797.41,17493.15
13.11.2024 09:00:00 +01:00,22593.00,17420.67
13.11.2024 10:00:00 +01:00,22681.54,17344.79
13.11.2024 11:00:00 +01:00,22505.70,17170.72
13.11.2024 12:00:00 +01:00,22424.80,17008.03
13.11.2024 13:00:00 +01:00,22300.73,17018.72
13.11.2024 14:00:00 +01:00,22110.95,17183.15
13.11.2024 15:00:00 +01:00,22261.51,17415.35
13.11.2024 16:00:00 +01:00,22421.90,17724.60
13.11.2024 17:00:00 +01:00,22947.43,17590.50
13.11.2024 18:00:00 +01:00,21913.07,17409.13
13.11.2024 19:00:00 +01:00,21741.72,17231.52
13.11.2024 20:00:00 +01:00,21632.76,17159.90
13.11.2024 21:00:00 +01:00,21133.13,16781.07
13.11.2024 22:00:00 +01:00,20695.73,16391.87
13.11.2024 23:00:00 +01:00,19518.90,15869.44
14.11.2024 00:00:00 +01:00,17548.75,15391.14
14.11.2024 01:00:00 +01:00,16983.91,15080.69
14.11.2024 02:00:00 +01:00,16921.70,14931.45
14.11.2024 03:00:00 +01:00,16866.91,14863.41
14.11.2024 04:00:00 +01:00,17329.02,14930.10
14.11.2024 05:00:00 +01:00,18427.28,15348.75
14.11.2024 06:00:00 +01:00,20379.18,16440.84
14.11.2024 07:00:00 +01:00,22300.14,17594.60
14.11.2024 08:00:00 +01:00,22582.03,18106.26
14.11.2024 09:00:00 +01:00,22564.34,18007.62
14.11.2024 10:00:00 +01:00,22508.04,15246.91
14.11.2024 11:00:00 +01:00,22539.72,17772.39
14.11.2024 12:00:00 +01:00,22552.92,17660.75
14.11.2024 13:00:00 +01:00,22661.52,17594.17
14.11.2024 14:00:00 +01:00,23167.58,17717.95
14.11.2024 15:00:00 +01:00,24243.81,18055.68
14.11.2024 16:00:00 +01:00,25384.01,18438.99
14.11.2024 17:00:00 +01:00,25634.61,18383.02
14.11.2024 18:00:00 +01:00,24995.37,18001.29
14.11.2024 19:00:00 +01:00,24017.80,17663.86
14.11.2024 20:00:00 +01:00,22623.25,17409.72
14.11.2024 21:00:00 +01:00,21647.06,17129.73
14.11.2024 22:00:00 +01:00,20256.61,16694.85
14.11.2024 23:00:00 +01:00,18510.11,16133.06
15.11.2024 00:00:00 +01:00,19543.97,15559.58
15.11.2024 01:00:00 +01:00,19474.10,15184.66
15.11.2024 02:00:00 +01:00,19069.92,15016.68
15.11.2024 03:00:00 +01:00,18634.30,14870.63
15.11.2024 04:00:00 +01:00,19088.41,14883.03
15.11.2024 05:00:00 +01:00,19839.30,15175.15
15.11.2024 06:00:00 +01:00,21406.32,16045.75
15.11.2024 07:00:00 +01:00,23037.56,17229.34
15.11.2024 08:00:00 +01:00,23017.36,17541.58
15.11.2024 09:00:00 +01:00,22809.05,17418.10
15.11.2024 10:00:00 +01:00,22702.26,17223.57
15.11.2024 11:00:00 +01:00,22404.87,17013.24
15.11.2024 12:00:00 +01:00,22007.81,16814.37
15.11.2024 13:00:00 +01:00,21558.20,16725.51
15.11.2024 14:00:00 +01:00,21139.61,16894.19
15.11.2024 15:00:00 +01:00,21037.46,17068.19
15.11.2024 16:00:00 +01:00,21122.69,17170.58
15.11.2024 17:00:00 +01:00,21083.77,17139.67
15.11.2024 18:00:00 +01:00,20383.60,16916.18
15.11.2024 19:00:00 +01:00,19018.58,16682.03
15.11.2024 20:00:00 +01:00,17701.92,16280.94
15.11.2024 21:00:00 +01:00,17270.57,15897.05
15.11.2024 22:00:00 +01:00,16846.32,15487.99
15.11.2024 23:00:00 +01:00,16300.89,15105.25
16.11.2024 00:00:00 +01:00,15683.89,14738.19
16.11.2024 01:00:00 +01:00,15285.51,14397.72
16.11.2024 02:00:00 +01:00,15081.03,14268.09
16.11.2024 03:00:00 +01:00,14909.50,14147.98
16.11.2024 04:00:00 +01:00,15307.67,14117.34
16.11.2024 05:00:00 +01:00,15185.41,14259.62
16.11.2024 06:00:00 +01:00,15229.90,14569.83
16.11.2024 07:00:00 +01:00,16048.93,15016.48
16.11.2024 08:00:00 +01:00,16838.52,15612.82
16.11.2024 09:00:00 +01:00,17819.59,16148.10
16.11.2024 10:00:00 +01:00,18545.06,16396.15
16.11.2024 11:00:00 +01:00,18609.00,16518.96
16.11.2024 12:00:00 +01:00,19044.22,16569.99
16.11.2024 13:00:00 +01:00,18497.95,16571.71
16.11.2024 14:00:00 +01:00,18275.79,16594.31
16.11.2024 15:00:00 +01:00,18175.71,16780.08
16.11.2024 16:00:00 +01:00,18649.94,17196.22
16.11.2024 17:00:00 +01:00,18983.69,17344.88
16.11.2024 18:00:00 +01:00,18850.52,17215.31
16.11.2024 19:00:00 +01:00,18725.21,16956.76
16.11.2024 20:00:00 +01:00,18157.99,16591.39
16.11.2024 21:00:00 +01:00,17731.69,16253.98
16.11.2024 22:00:00 +01:00,17654.05,15937.42
16.11.2024 23:00:00 +01:00,17488.37,15629.68
17.11.2024 00:00:00 +01:00,16900.94,15430.15
17.11.2024 01:00:00 +01:00,16540.36,15245.90
17.11.2024 02:00:00 +01:00,16234.73,15171.83
17.11.2024 03:00:00 +01:00,15866.87,15059.10
17.11.2024 04:00:00 +01:00,15909.34,15043.48
17.11.2024 05:00:00 +01:00,16074.28,15052.76
17.11.2024 06:00:00 +01:00,16243.83,15201.85
17.11.2024 07:00:00 +01:00,16333.94,15467.06
17.11.2024 08:00:00 +01:00,16898.71,15808.12
17.11.2024 09:00:00 +01:00,17011.18,16169.66
17.11.2024 10:00:00 +01:00,17029.63,16501.35
17.11.2024 11:00:00 +01:00,16191.56,16596.49
17.11.2024 12:00:00 +01:00,16117.27,16576.74
17.11.2024 13:00:00 +01:00,16101.72,16580.08
17.11.2024 14:00:00 +01:00,16998.17,16707.55
17.11.2024 15:00:00 +01:00,17879.10,16947.37
17.11.2024 16:00:00 +01:00,19562.54,17272.66
17.11.2024 17:00:00 +01:00,20878.95,17408.16
17.11.2024 18:00:00 +01:00,20549.37,17353.80
17.11.2024 19:00:00 +01:00,20148.22,17304.93
17.11.2024 20:00:00 +01:00,19254.47,17203.45
17.11.2024 21:00:00 +01:00,18790.28,17013.70
17.11.2024 22:00:00 +01:00,18090.98,16648.96
17.11.2024 23:00:00 +01:00,17398.53,16242.40
18.11.2024 00:00:00 +01:00,17211.17,15820.89
18.11.2024 01:00:00 +01:00,16854.85,15548.71
18.11.2024 02:00:00 +01:00,16727.44,15483.40
18.11.2024 03:00:00 +01:00,16483.04,15270.09
18.11.2024 04:00:00 +01:00,17278.09,15442.59
18.11.2024 05:00:00 +01:00,19258.11,16022.31
18.11.2024 06:00:00 +01:00,22049.28,17217.29
18.11.2024 07:00:00 +01:00,23593.25,18602.31
18.11.2024 08:00:00 +01:00,23144.74,19040.15
18.11.2024 09:00:00 +01:00,23397.88,18933.07
18.11.2024 10:00:00 +01:00,23708.57,18551.51
18.11.2024 11:00:00 +01:00,23549.49,18250.30
18.11.2024 12:00:00 +01:00,23702.61,18071.18
18.11.2024 13:00:00 +01:00,23565.28,18018.40
18.11.2024 14:00:00 +01:00,23816.55,18219.53
18.11.2024 15:00:00 +01:00,24614.21,18664.52
18.11.2024 16:00:00 +01:00,24382.60,19180.31
18.11.2024 17:00:00 +01:00,24011.64,19131.08
18.11.2024 18:00:00 +01:00,23451.30,18828.93
18.11.2024 19:00:00 +01:00,23708.15,18641.04
18.11.2024 20:00:00 +01:00,24421.42,18503.83
18.11.2024 21:00:00 +01:00,24575.16,18243.16
18.11.2024 22:00:00 +01:00,24255.86,17767.61
18.11.2024 23:00:00 +01:00,24219.16,17152.67
19.11.2024 00:00:00 +01:00,23788.57,16654.62
19.11.2024 01:00:00 +01:00,23528.14,16299.76
19.11.2024 02:00:00 +01:00,23272.53,16142.52
19.11.2024 03:00:00 +01:00,23150.54,16039.25
19.11.2024 04:00:00 +01:00,23216.02,16136.31
19.11.2024 05:00:00 +01:00,23349.42,16477.11
19.11.2024 06:00:00 +01:00,23552.75,17608.38
19.11.2024 07:00:00 +01:00,23889.58,18920.01
19.11.2024 08:00:00 +01:00,23798.27,19176.37
19.11.2024 09:00:00 +01:00,23880.31,19180.59
19.11.2024 10:00:00 +01:00,24122.12,19038.52
19.11.2024 11:00:00 +01:00,24512.90,18927.00
19.11.2024 12:00:00 +01:00,24643.59,18798.47
19.11.2024 13:00:00 +01:00,24788.84,18726.29
19.11.2024 14:00:00 +01:00,25179.70,18769.97
19.11.2024 15:00:00 +01:00,25135.16,18931.90
19.11.2024 16:00:00 +01:00,24973.57,19237.16
19.11.2024 17:00:00 +01:00,25232.22,19304.31
19.11.2024 18:00:00 +01:00,24684.58,19146.06
19.11.2024 19:00:00 +01:00,24144.68,19052.12
19.11.2024 20:00:00 +01:00,24603.77,18907.47
19.11.2024 21:00:00 +01:00,24503.37,18628.75
19.11.2024 22:00:00 +01:00,24320.01,18199.68
19.11.2024 23:00:00 +01:00,24122.31,17624.16
20.11.2024 00:00:00 +01:00,23590.81,17122.47
20.11.2024 01:00:00 +01:00,22896.24,16795.52
20.11.2024 02:00:00 +01:00,22102.62,16590.37
20.11.2024 03:00:00 +01:00,21534.23,16546.96
20.11.2024 04:00:00 +01:00,21512.02,16579.52
20.11.2024 05:00:00 +01:00,22232.75,16953.86
20.11.2024 06:00:00 +01:00,23451.08,18043.27
20.11.2024 07:00:00 +01:00,23768.82,19249.21
20.11.2024 08:00:00 +01:00,23647.15,19507.98
20.11.2024 09:00:00 +01:00,23619.16,19553.64
20.11.2024 10:00:00 +01:00,23493.98,19508.87
20.11.2024 11:00:00 +01:00,23679.82,19452.33
20.11.2024 12:00:00 +01:00,23202.81,19392.85
20.11.2024 13:00:00 +01:00,22512.73,19355.71
20.11.2024 14:00:00 +01:00,22894.88,19540.23
20.11.2024 15:00:00 +01:00,23440.57,19809.82
20.11.2024 16:00:00 +01:00,23696.56,20185.10
20.11.2024 17:00:00 +01:00,24021.52,20010.48
20.11.2024 18:00:00 +01:00,23970.22,19944.01
20.11.2024 19:00:00 +01:00,23290.94,19756.57
20.11.2024 20:00:00 +01:00,22982.80,19720.03
20.11.2024 21:00:00 +01:00,22658.52,19505.85
20.11.2024 22:00:00 +01:00,22734.64,19161.81
20.11.2024 23:00:00 +01:00,21719.86,18709.67
21.11.2024 00:00:00 +01:00,22060.04,18176.30
21.11.2024 01:00:00 +01:00,21716.88,17952.70
21.11.2024 02:00:00 +01:00,20964.09,17759.89
21.11.2024 03:00:00 +01:00,20321.00,17697.17
21.11.2024 04:00:00 +01:00,20840.80,17705.34
21.11.2024 05:00:00 +01:00,21642.56,18055.96
21.11.2024 06:00:00 +01:00,22341.42,19207.32
21.11.2024 07:00:00 +01:00,22517.43,20464.59
21.11.2024 08:00:00 +01:00,21740.49,20754.84
21.11.2024 09:00:00 +01:00,21641.33,20561.41
21.11.2024 10:00:00 +01:00,21738.01,20064.54
21.11.2024 11:00:00 +01:00,22018.27,20235.75
21.11.2024 12:00:00 +01:00,22439.97,20057.83
21.11.2024 13:00:00 +01:00,22285.74,19694.48
21.11.2024 15:00:00 +01:00,23207.02,20121.16
21.11.2024 16:00:00 +01:00,24011.32,20828.64
21.11.2024 17:00:00 +01:00,23850.28,20715.01
21.11.2024 18:00:00 +01:00,23600.39,20646.94
21.11.2024 19:00:00 +01:00,23180.34,20559.48
21.11.2024 20:00:00 +01:00,23507.89,20377.22
21.11.2024 21:00:00 +01:00,23745.95,20083.88
21.11.2024 22:00:00 +01:00,23753.42,19712.34
21.11.2024 23:00:00 +01:00,24089.35,19318.30
22.11.2024 00:00:00 +01:00,24142.93,19155.93
22.11.2024 01:00:00 +01:00,23147.43,18609.28
22.11.2024 02:00:00 +01:00,22933.61,18387.84
22.11.2024 03:00:00 +01:00,22965.10,18336.76
22.11.2024 04:00:00 +01:00,23186.46,18420.54
22.11.2024 05:00:00 +01:00,23506.62,18808.36
22.11.2024 06:00:00 +01:00,23708.62,19809.57
22.11.2024 07:00:00 +01:00,24071.65,21163.41
22.11.2024 08:00:00 +01:00,23997.99,21611.78
22.11.2024 09:00:00 +01:00,23934.40,21565.12
22.11.2024 10:00:00 +01:00,24048.61,21323.03
22.11.2024 11:00:00 +01:00,24187.97,21001.94
22.11.2024 12:00:00 +01:00,24154.35,20896.25
22.11.2024 13:00:00 +01:00,24239.41,20731.65
22.11.2024 14:00:00 +01:00,24097.91,20780.68
22.11.2024 15:00:00 +01:00,24463.73,21030.63
22.11.2024 16:00:00 +01:00,24837.21,21348.41
22.11.2024 17:00:00 +01:00,24904.32,21206.41
22.11.2024 18:00:00 +01:00,25371.12,20746.93
22.11.2024 19:00:00 +01:00,25989.52,20413.65
22.11.2024 20:00:00 +01:00,26333.49,20198.32
22.11.2024 21:00:00 +01:00,26387.12,19839.35
22.11.2024 22:00:00 +01:00,25496.68,19462.97
22.11.2024 23:00:00 +01:00,24524.24,18961.68
23.11.2024 00:00:00 +01:00,23415.47,18632.78
23.11.2024 01:00:00 +01:00,22364.07,18373.20
23.11.2024 02:00:00 +01:00,21391.89,18180.95
23.11.2024 03:00:00 +01:00,20912.16,18049.66
23.11.2024 04:00:00 +01:00,20996.33,17947.45
23.11.2024 05:00:00 +01:00,21207.39,17945.79
23.11.2024 06:00:00 +01:00,21488.00,18110.26
23.11.2024 07:00:00 +01:00,22157.13,18466.78
23.11.2024 08:00:00 +01:00,22659.44,18938.23
23.11.2024 09:00:00 +01:00,23534.26,19398.85
23.11.2024 10:00:00 +01:00,23504.88,19532.00
23.11.2024 11:00:00 +01:00,23137.07,19295.54
23.11.2024 12:00:00 +01:00,23088.70,19175.70
23.11.2024 13:00:00 +01:00,23073.87,19052.83
23.11.2024 14:00:00 +01:00,23301.64,19133.62
23.11.2024 15:00:00 +01:00,23071.95,19413.27
23.11.2024 16:00:00 +01:00,22851.83,19706.37
23.11.2024 17:00:00 +01:00,21923.96,19751.88
23.11.2024 18:00:00 +01:00,21448.00,19608.90
23.11.2024 19:00:00 +01:00,20184.40,19453.60
23.11.2024 20:00:00 +01:00,18523.32,19165.00
23.11.2024 21:00:00 +01:00,17487.83,18780.08
23.11.2024 22:00:00 +01:00,16460.89,18499.82
23.11.2024 23:00:00 +01:00,14397.60,18148.39
24.11.2024 00:00:00 +01:00,12598.21,17803.90
24.11.2024 01:00:00 +01:00,11528.35,17513.91
24.11.2024 02:00:00 +01:00,11756.09,17332.38
24.11.2024 03:00:00 +01:00,10958.01,17244.46
24.11.2024 04:00:00 +01:00,11054.66,17137.78
24.11.2024 05:00:00 +01:00,10953.21,17119.36
24.11.2024 06:00:00 +01:00,10942.64,17290.13
24.11.2024 07:00:00 +01:00,11107.16,17483.86
24.11.2024 08:00:00 +01:00,11881.40,17771.40
24.11.2024 09:00:00 +01:00,12740.23,18135.58
24.11.2024 10:00:00 +01:00,13040.38,18470.36
24.11.2024 11:00:00 +01:00,13534.94,18612.25
24.11.2024 12:00:00 +01:00,13580.37,18606.54
24.11.2024 13:00:00 +01:00,13432.57,18552.09
24.11.2024 14:00:00 +01:00,13535.17,18577.47
24.11.2024 15:00:00 +01:00,14204.79,18661.90
24.11.2024 16:00:00 +01:00,14874.98,18691.45
24.11.2024 17:00:00 +01:00,15269.86,18454.51
24.11.2024 18:00:00 +01:00,15241.10,18334.14
24.11.2024 19:00:00 +01:00,14451.75,18096.75
24.11.2024 20:00:00 +01:00,13583.72,17830.10
24.11.2024 21:00:00 +01:00,12503.66,17601.19
24.11.2024 22:00:00 +01:00,11370.49,17152.05
24.11.2024 23:00:00 +01:00,10596.72,16660.78
25.11.2024 00:00:00 +01:00,10381.13,16239.15
25.11.2024 01:00:00 +01:00,9688.63,15863.05
25.11.2024 02:00:00 +01:00,9362.89,15723.49
25.11.2024 03:00:00 +01:00,9605.49,15592.86
25.11.2024 04:00:00 +01:00,9787.44,15563.14
25.11.2024 05:00:00 +01:00,10672.59,15876.44
25.11.2024 06:00:00 +01:00,12842.12,16903.35
25.11.2024 07:00:00 +01:00,15452.50,18176.75
25.11.2024 08:00:00 +01:00,17381.55,18527.60
25.11.2024 09:00:00 +01:00,17580.90,18291.35
25.11.2024 10:00:00 +01:00,17878.13,18352.40
25.11.2024 11:00:00 +01:00,17909.40,18263.12
25.11.2024 12:00:00 +01:00,17983.40,18031.68
25.11.2024 13:00:00 +01:00,18292.15,18108.08
25.11.2024 14:00:00 +01:00,18689.44,18121.05
25.11.2024 15:00:00 +01:00,18607.04,18295.61
25.11.2024 16:00:00 +01:00,18858.89,18502.45
25.11.2024 17:00:00 +01:00,19368.89,18336.91
25.11.2024 18:00:00 +01:00,18511.24,18137.33
25.11.2024 19:00:00 +01:00,17626.59,18001.80
25.11.2024 20:00:00 +01:00,16792.30,17827.86
25.11.2024 21:00:00 +01:00,16813.42,17517.34
25.11.2024 22:00:00 +01:00,16061.70,16916.20
25.11.2024 23:00:00 +01:00,15192.44,16325.04
26.11.2024 00:00:00 +01:00,14782.72,15863.92
26.11.2024 01:00:00 +01:00,14488.61,15519.26
26.11.2024 02:00:00 +01:00,13846.16,15366.82
26.11.2024 03:00:00 +01:00,13532.60,15229.46
26.11.2024 04:00:00 +01:00,13503.27,15249.32
26.11.2024 05:00:00 +01:00,14057.90,15540.65
26.11.2024 06:00:00 +01:00,15693.92,16605.42
26.11.2024 07:00:00 +01:00,18205.10,17826.62
26.11.2024 08:00:00 +01:00,19063.18,18189.57
26.11.2024 09:00:00 +01:00,18662.00,18000.51
26.11.2024 10:00:00 +01:00,18320.32,17313.62
26.11.2024 11:00:00 +01:00,18060.57,17801.30
26.11.2024 12:00:00 +01:00,17438.92,17735.43
26.11.2024 13:00:00 +01:00,17960.33,17695.84
26.11.2024 14:00:00 +01:00,19930.74,17832.20
26.11.2024 15:00:00 +01:00,21389.95,18084.09
26.11.2024 16:00:00 +01:00,21856.00,18404.29
26.11.2024 17:00:00 +01:00,21773.33,18412.21
26.11.2024 18:00:00 +01:00,21524.73,18206.25
26.11.2024 19:00:00 +01:00,21055.95,18067.47
26.11.2024 20:00:00 +01:00,20316.86,17888.62
26.11.2024 21:00:00 +01:00,20821.04,17520.01
26.11.2024 22:00:00 +01:00,20844.00,17132.42
26.11.2024 23:00:00 +01:00,20554.08,16583.21
27.11.2024 00:00:00 +01:00,20391.52,16145.24
27.11.2024 01:00:00 +01:00,19814.42,15861.10
27.11.2024 02:00:00 +01:00,19412.54,15644.34
27.11.2024 03:00:00 +01:00,19741.43,15498.21
27.11.2024 04:00:00 +01:00,19874.73,15538.61
27.11.2024 05:00:00 +01:00,20910.91,15919.76
27.11.2024 06:00:00 +01:00,22337.10,16973.31
27.11.2024 07:00:00 +01:00,23786.66,18325.96
27.11.2024 08:00:00 +01:00,23651.87,18592.11
27.11.2024 09:00:00 +01:00,23814.11,18483.49
27.11.2024 10:00:00 +01:00,24119.79,18468.77
27.11.2024 11:00:00 +01:00,24261.61,18324.56
27.11.2024 12:00:00 +01:00,24420.76,18235.77
27.11.2024 13:00:00 +01:00,24656.75,18277.74
27.11.2024 14:00:00 +01:00,24935.48,18508.80
27.11.2024 15:00:00 +01:00,24968.32,18861.45
27.11.2024 16:00:00 +01:00,24957.62,19229.21
27.11.2024 17:00:00 +01:00,24734.97,19091.65
27.11.2024 18:00:00 +01:00,23963.81,18852.80
27.11.2024 19:00:00 +01:00,24260.72,18802.62
27.11.2024 20:00:00 +01:00,23891.70,18721.56
27.11.2024 21:00:00 +01:00,23684.71,18497.92
27.11.2024 22:00:00 +01:00,23255.34,18028.30
27.11.2024 23:00:00 +01:00,21576.59,17513.48
28.11.2024 00:00:00 +01:00,21139.32,16994.14
28.11.2024 01:00:00 +01:00,17960.52,16686.42
28.11.2024 02:00:00 +01:00,16265.88,16528.54
28.11.2024 03:00:00 +01:00,16097.47,16481.14
28.11.2024 04:00:00 +01:00,17027.22,16544.93
28.11.2024 05:00:00 +01:00,20389.49,16925.38
28.11.2024 06:00:00 +01:00,23790.54,17984.35
28.11.2024 07:00:00 +01:00,24964.73,19418.66
28.11.2024 08:00:00 +01:00,24561.55,19810.25
28.11.2024 09:00:00 +01:00,24291.91,19579.86
28.11.2024 10:00:00 +01:00,24406.09,17727.72
28.11.2024 11:00:00 +01:00,24285.76,19430.14
28.11.2024 12:00:00 +01:00,24065.12,19299.21
28.11.2024 13:00:00 +01:00,24265.28,19186.66
28.11.2024 14:00:00 +01:00,25187.49,19274.75
28.11.2024 15:00:00 +01:00,25897.03,19725.58
28.11.2024 16:00:00 +01:00,25676.09,20054.39
28.11.2024 17:00:00 +01:00,25198.64,19912.12
28.11.2024 18:00:00 +01:00,24996.33,19747.54
28.11.2024 19:00:00 +01:00,25380.13,19643.96
28.11.2024 20:00:00 +01:00,25183.52,19576.03
28.11.2024 21:00:00 +01:00,24966.13,19289.30
28.11.2024 22:00:00 +01:00,24918.51,19020.52
28.11.2024 23:00:00 +01:00,24038.65,18596.89
29.11.2024 00:00:00 +01:00,22726.44,18113.30
29.11.2024 01:00:00 +01:00,22557.98,17776.37
29.11.2024 02:00:00 +01:00,22244.99,17585.93
29.11.2024 03:00:00 +01:00,21983.45,17458.83
29.11.2024 04:00:00 +01:00,21698.93,17414.54
29.11.2024 05:00:00 +01:00,22107.03,17654.17
29.11.2024 06:00:00 +01:00,22548.93,18550.62
29.11.2024 07:00:00 +01:00,23386.03,19686.27
29.11.2024 08:00:00 +01:00,24257.57,20083.62
29.11.2024 09:00:00 +01:00,24194.73,19953.98
29.11.2024 10:00:00 +01:00,24678.20,19914.87
29.11.2024 11:00:00 +01:00,24290.66,19856.48
29.11.2024 12:00:00 +01:00,23889.63,19868.82
29.11.2024 13:00:00 +01:00,24432.68,19733.64
29.11.2024 14:00:00 +01:00,24026.46,19755.89
29.11.2024 15:00:00 +01:00,23513.81,19839.48
29.11.2024 16:00:00 +01:00,23877.05,19866.85
29.11.2024 17:00:00 +01:00,24112.81,19623.44
29.11.2024 18:00:00 +01:00,23354.82,19304.21
29.11.2024 19:00:00 +01:00,22950.05,18979.53
29.11.2024 20:00:00 +01:00,22045.32,18595.67
29.11.2024 21:00:00 +01:00,21418.41,18134.72
29.11.2024 22:00:00 +01:00,20643.76,17662.21
29.11.2024 23:00:00 +01:00,19789.35,17199.85
30.11.2024 00:00:00 +01:00,19339.19,16718.05
30.11.2024 01:00:00 +01:00,18171.85,16361.95
30.11.2024 02:00:00 +01:00,18038.39,16074.26
30.11.2024 03:00:00 +01:00,18807.58,15875.04
30.11.2024 04:00:00 +01:00,18501.48,15797.59
30.11.2024 05:00:00 +01:00,18295.63,15788.16
30.11.2024 06:00:00 +01:00,17941.49,15943.95
30.11.2024 07:00:00 +01:00,17375.34,16244.01
30.11.2024 08:00:00 +01:00,18202.30,16761.30
30.11.2024 09:00:00 +01:00,18739.50,17295.02
30.11.2024 10:00:00 +01:00,19468.09,17667.21
30.11.2024 11:00:00 +01:00,19733.79,17703.58
30.11.2024 12:00:00 +01:00,20250.20,17698.51
30.11.2024 13:00:00 +01:00,21012.32,17577.40
30.11.2024 14:00:00 +01:00,21182.84,17521.05
30.11.2024 15:00:00 +01:00,21143.80,17629.92
30.11.2024 16:00:00 +01:00,21136.25,17694.12
30.11.2024 17:00:00 +01:00,21127.16,17680.69
30.11.2024 18:00:00 +01:00,20832.71,17421.85
30.11.2024 19:00:00 +01:00,20254.71,17122.93
30.11.2024 20:00:00 +01:00,19839.24,16712.56
30.11.2024 21:00:00 +01:00,19694.80,16317.33
30.11.2024 22:00:00 +01:00,19411.18,16029.02
30.11.2024 23:00:00 +01:00,18770.52,15694.07
01.12.2024 00:00:00 +01:00,17816.54,15381.14
01.12.2024 01:00:00 +01:00,17638.74,15093.33
01.12.2024 02:00:00 +01:00,17118.66,14857.78
01.12.2024 03:00:00 +01:00,17080.86,14709.14
01.12.2024 04:00:00 +01:00,17021.42,14691.66
01.12.2024 05:00:00 +01:00,17219.01,14639.96
01.12.2024 06:00:00 +01:00,17727.71,14710.98
01.12.2024 07:00:00 +01:00,18293.97,14898.36
01.12.2024 08:00:00 +01:00,18907.98,15294.83
01.12.2024 09:00:00 +01:00,19181.81,15733.78
01.12.2024 10:00:00 +01:00,19739.54,16056.05
01.12.2024 11:00:00 +01:00,20086.05,16256.78
01.12.2024 12:00:00 +01:00,19936.27,16397.63
01.12.2024 13:00:00 +01:00,20038.72,16440.22
01.12.2024 14:00:00 +01:00,19940.59,16541.92
01.12.2024 15:00:00 +01:00,20790.41,16755.41
01.12.2024 16:00:00 +01:00,21424.57,16878.71
01.12.2024 17:00:00 +01:00,21172.25,16762.59
01.12.2024 18:00:00 +01:00,20773.53,16624.00
01.12.2024 19:00:00 +01:00,20076.35,16622.35
01.12.2024 20:00:00 +01:00,19445.22,16461.57
01.12.2024 21:00:00 +01:00,18728.02,16234.89
01.12.2024 22:00:00 +01:00,17972.33,15927.23
01.12.2024 23:00:00 +01:00,17000.41,15355.16
02.12.2024 00:00:00 +01:00,15445.39,15093.43
02.12.2024 01:00:00 +01:00,14941.12,14800.97
02.12.2024 02:00:00 +01:00,14808.60,14657.75
02.12.2024 03:00:00 +01:00,14861.18,14597.58
02.12.2024 04:00:00 +01:00,14763.16,14710.72
02.12.2024 05:00:00 +01:00,15438.11,15029.45
02.12.2024 06:00:00 +01:00,17715.44,16121.23
02.12.2024 07:00:00 +01:00,19608.74,17406.65
02.12.2024 08:00:00 +01:00,20262.75,17722.73
02.12.2024 09:00:00 +01:00,20819.31,17643.94
02.12.2024 10:00:00 +01:00,21259.85,17640.01
02.12.2024 11:00:00 +01:00,22136.71,17735.58
02.12.2024 12:00:00 +01:00,22582.20,17781.72
02.12.2024 13:00:00 +01:00,23235.59,17884.22
02.12.2024 14:00:00 +01:00,24047.00,18012.78
02.12.2024 15:00:00 +01:00,24890.28,18248.16
02.12.2024 16:00:00 +01:00,25078.38,18429.73
02.12.2024 17:00:00 +01:00,24884.48,18515.16
02.12.2024 18:00:00 +01:00,24335.75,18401.03
02.12.2024 19:00:00 +01:00,23757.93,18379.84
02.12.2024 20:00:00 +01:00,22735.37,18279.75
02.12.2024 21:00:00 +01:00,22015.29,18107.76
02.12.2024 22:00:00 +01:00,20527.64,17663.49
02.12.2024 23:00:00 +01:00,19613.09,17138.44
03.12.2024 00:00:00 +01:00,19196.70,16723.80
03.12.2024 01:00:00 +01:00,19222.87,16369.42
03.12.2024 02:00:00 +01:00,19079.11,16258.36
03.12.2024 03:00:00 +01:00,18509.79,16249.38
03.12.2024 04:00:00 +01:00,18500.63,16366.51
03.12.2024 05:00:00 +01:00,19914.92,16771.92
03.12.2024 06:00:00 +01:00,22342.77,17922.41
03.12.2024 07:00:00 +01:00,23530.00,19337.24
03.12.2024 08:00:00 +01:00,23542.02,19735.04
03.12.2024 09:00:00 +01:00,23570.77,19706.50
03.12.2024 10:00:00 +01:00,23842.97,19313.40
03.12.2024 11:00:00 +01:00,24251.39,19566.62
03.12.2024 12:00:00 +01:00,24581.84,19509.87
03.12.2024 13:00:00 +01:00,24099.48,19488.41
03.12.2024 14:00:00 +01:00,24289.12,19646.39
03.12.2024 15:00:00 +01:00,24866.64,20079.42
03.12.2024 16:00:00 +01:00,24590.70,20350.41
03.12.2024 17:00:00 +01:00,24402.87,20173.89
03.12.2024 18:00:00 +01:00,24032.04,20000.09
03.12.2024 19:00:00 +01:00,23838.65,19864.39
03.12.2024 20:00:00 +01:00,24682.93,19827.34
03.12.2024 21:00:00 +01:00,24996.25,19644.79
03.12.2024 22:00:00 +01:00,24137.85,19337.11
03.12.2024 23:00:00 +01:00,24015.79,18900.88
04.12.2024 00:00:00 +01:00,23788.01,18416.84
04.12.2024 01:00:00 +01:00,23516.19,18087.63
04.12.2024 02:00:00 +01:00,23921.16,17834.14
04.12.2024 03:00:00 +01:00,24196.29,17678.38
04.12.2024 04:00:00 +01:00,24656.53,17684.21
04.12.2024 05:00:00 +01:00,25238.12,17961.96
04.12.2024 06:00:00 +01:00,25259.02,19047.96
04.12.2024 07:00:00 +01:00,25486.05,20204.01
04.12.2024 08:00:00 +01:00,25157.21,20447.44
04.12.2024 09:00:00 +01:00,25520.23,20543.28
04.12.2024 10:00:00 +01:00,25318.26,20455.13
04.12.2024 11:00:00 +01:00,25127.37,20171.53
04.12.2024 12:00:00 +01:00,25098.65,20145.43
04.12.2024 13:00:00 +01:00,25465.29,20159.22
04.12.2024 14:00:00 +01:00,25607.93,20405.88
04.12.2024 15:00:00 +01:00,25546.77,20776.99
04.12.2024 16:00:00 +01:00,25321.28,21023.27
04.12.2024 17:00:00 +01:00,24716.05,20870.61
04.12.2024 18:00:00 +01:00,24369.18,20627.88
04.12.2024 19:00:00 +01:00,23933.17,20462.29
04.12.2024 20:00:00 +01:00,24121.84,20340.49
04.12.2024 21:00:00 +01:00,24467.09,19972.26
04.12.2024 22:00:00 +01:00,25038.49,19400.12
04.12.2024 23:00:00 +01:00,24112.97,18826.65
05.12.2024 00:00:00 +01:00,23117.49,18363.81
05.12.2024 01:00:00 +01:00,22714.35,17926.47
05.12.2024 02:00:00 +01:00,22860.84,17650.22
05.12.2024 03:00:00 +01:00,23115.38,17527.93
05.12.2024 04:00:00 +01:00,23307.33,17497.23
05.12.2024 05:00:00 +01:00,24007.00,17769.10
05.12.2024 06:00:00 +01:00,25440.95,18668.79
05.12.2024 07:00:00 +01:00,26318.61,19849.16
05.12.2024 08:00:00 +01:00,25763.87,20109.28
05.12.2024 09:00:00 +01:00,25362.55,19973.47
05.12.2024 10:00:00 +01:00,25286.37,19667.24
05.12.2024 11:00:00 +01:00,25657.65,19947.67
05.12.2024 12:00:00 +01:00,25796.07,19986.48
05.12.2024 13:00:00 +01:00,25900.06,19962.95
05.12.2024 14:00:00 +01:00,25542.98,20163.71
05.12.2024 15:00:00 +01:00,25073.51,20399.14
05.12.2024 16:00:00 +01:00,24706.15,20526.25
05.12.2024 17:00:00 +01:00,24759.54,20346.09
05.12.2024 18:00:00 +01:00,24868.58,20143.27
05.12.2024 19:00:00 +01:00,24082.91,19891.67
05.12.2024 20:00:00 +01:00,23733.42,19610.26
05.12.2024 21:00:00 +01:00,22873.81,19037.19
05.12.2024 22:00:00 +01:00,20329.24,18767.76
05.12.2024 23:00:00 +01:00,18426.78,18183.78
06.12.2024 00:00:00 +01:00,15614.64,17587.09
06.12.2024 01:00:00 +01:00,14063.34,17240.61
06.12.2024 02:00:00 +01:00,13257.79,17014.35
06.12.2024 03:00:00 +01:00,13179.78,16827.42
06.12.2024 04:00:00 +01:00,13535.48,16803.93
06.12.2024 05:00:00 +01:00,16031.72,17089.50
06.12.2024 06:00:00 +01:00,21242.92,18027.18
06.12.2024 07:00:00 +01:00,24432.08,19161.01
06.12.2024 08:00:00 +01:00,25028.55,19467.22
06.12.2024 09:00:00 +01:00,24966.91,19459.68
06.12.2024 10:00:00 +01:00,25082.35,19294.18
06.12.2024 11:00:00 +01:00,24927.32,19295.76
06.12.2024 12:00:00 +01:00,24982.57,19350.35
06.12.2024 13:00:00 +01:00,25170.63,19310.13
06.12.2024 14:00:00 +01:00,25267.55,19372.98
06.12.2024 15:00:00 +01:00,25570.81,19527.41
06.12.2024 16:00:00 +01:00,25507.62,19506.53
06.12.2024 17:00:00 +01:00,25434.09,19261.74
06.12.2024 18:00:00 +01:00,25230.59,18900.11
06.12.2024 19:00:00 +01:00,24757.53,18588.54
06.12.2024 20:00:00 +01:00,24016.52,18261.83
06.12.2024 21:00:00 +01:00,23404.85,17858.54
06.12.2024 22:00:00 +01:00,22939.93,17493.22
06.12.2024 23:00:00 +01:00,22528.85,17125.12
07.12.2024 00:00:00 +01:00,22482.70,16757.02
07.12.2024 01:00:00 +01:00,21728.47,16438.19
07.12.2024 02:00:00 +01:00,20738.23,16206.55
07.12.2024 03:00:00 +01:00,19856.93,16036.87
07.12.2024 04:00:00 +01:00,19364.32,15990.33
07.12.2024 05:00:00 +01:00,18023.80,16050.92
07.12.2024 06:00:00 +01:00,18489.12,16254.73
07.12.2024 07:00:00 +01:00,19899.80,16609.92
07.12.2024 08:00:00 +01:00,21220.83,17153.69
07.12.2024 09:00:00 +01:00,21976.49,17687.02
07.12.2024 10:00:00 +01:00,22141.59,18053.64
07.12.2024 11:00:00 +01:00,22482.90,18217.82
07.12.2024 12:00:00 +01:00,22606.59,18176.55
07.12.2024 13:00:00 +01:00,22401.17,18223.26
07.12.2024 14:00:00 +01:00,23109.78,18291.33
07.12.2024 15:00:00 +01:00,23879.76,18428.14
07.12.2024 16:00:00 +01:00,24133.65,18527.18
07.12.2024 17:00:00 +01:00,24550.02,18539.03
07.12.2024 18:00:00 +01:00,24869.68,18336.63
07.12.2024 19:00:00 +01:00,24477.80,18078.68
07.12.2024 20:00:00 +01:00,23765.59,17745.30
07.12.2024 21:00:00 +01:00,23346.28,17411.53
07.12.2024 22:00:00 +01:00,22455.18,17143.31
07.12.2024 23:00:00 +01:00,21375.74,16858.60
08.12.2024 00:00:00 +01:00,21136.04,16580.53
08.12.2024 01:00:00 +01:00,20701.71,16290.97
08.12.2024 02:00:00 +01:00,19999.38,16107.53
08.12.2024 03:00:00 +01:00,19030.82,15999.33
08.12.2024 04:00:00 +01:00,18878.62,15951.48
08.12.2024 05:00:00 +01:00,18250.10,15948.06
08.12.2024 06:00:00 +01:00,18728.14,16106.06
08.12.2024 07:00:00 +01:00,19204.63,16363.94
08.12.2024 08:00:00 +01:00,19979.38,16798.14
08.12.2024 09:00:00 +01:00,22354.47,17213.13
08.12.2024 10:00:00 +01:00,23852.56,17506.64
08.12.2024 11:00:00 +01:00,23946.96,17651.77
08.12.2024 12:00:00 +01:00,23882.67,17657.41
08.12.2024 13:00:00 +01:00,23954.30,17778.45
08.12.2024 14:00:00 +01:00,23712.00,17956.17
08.12.2024 15:00:00 +01:00,23569.49,18228.80
08.12.2024 16:00:00 +01:00,23988.56,18507.76
08.12.2024 17:00:00 +01:00,23648.17,18628.58
08.12.2024 18:00:00 +01:00,22887.17,18588.12
08.12.2024 19:00:00 +01:00,22492.39,18547.24
08.12.2024 20:00:00 +01:00,22000.64,18499.61
08.12.2024 21:00:00 +01:00,22178.60,18313.96
08.12.2024 22:00:00 +01:00,20977.11,17963.23
08.12.2024 23:00:00 +01:00,19372.03,17591.93
09.12.2024 00:00:00 +01:00,17643.01,17199.16
09.12.2024 01:00:00 +01:00,15935.29,16623.20
09.12.2024 02:00:00 +01:00,15677.07,16865.07
09.12.2024 03:00:00 +01:00,14886.09,16846.19
09.12.2024 04:00:00 +01:00,15734.29,16946.81
09.12.2024 05:00:00 +01:00,17746.73,17360.09
09.12.2024 06:00:00 +01:00,20547.69,18552.55
09.12.2024 07:00:00 +01:00,23127.43,19983.83
09.12.2024 08:00:00 +01:00,23484.26,20461.03
09.12.2024 09:00:00 +01:00,23776.91,20538.52
09.12.2024 10:00:00 +01:00,23975.16,20458.33
09.12.2024 11:00:00 +01:00,23522.87,20206.95
09.12.2024 12:00:00 +01:00,22949.14,20026.95
09.12.2024 13:00:00 +01:00,23272.22,19926.40
09.12.2024 14:00:00 +01:00,24360.59,20011.03
09.12.2024 15:00:00 +01:00,24891.82,20354.39
09.12.2024 16:00:00 +01:00,25085.84,20743.48
09.12.2024 17:00:00 +01:00,25139.68,20617.48
09.12.2024 18:00:00 +01:00,25050.03,20362.50
09.12.2024 19:00:00 +01:00,24389.96,20194.99
09.12.2024 20:00:00 +01:00,23944.99,20096.72
09.12.2024 21:00:00 +01:00,23708.83,19857.48
09.12.2024 22:00:00 +01:00,23242.75,19371.67
09.12.2024 23:00:00 +01:00,22992.65,18791.24
10.12.2024 00:00:00 +01:00,23154.73,18319.02
10.12.2024 01:00:00 +01:00,23654.98,18040.37
10.12.2024 02:00:00 +01:00,23362.70,17872.13
10.12.2024 03:00:00 +01:00,22992.84,17728.02
10.12.2024 04:00:00 +01:00,22583.65,17704.90
10.12.2024 05:00:00 +01:00,23234.48,17945.62
10.12.2024 06:00:00 +01:00,24363.96,19008.24
10.12.2024 07:00:00 +01:00,25076.57,20238.49
10.12.2024 08:00:00 +01:00,25050.62,20566.96
10.12.2024 09:00:00 +01:00,25297.90,20416.52
10.12.2024 10:00:00 +01:00,25611.92,19863.44
10.12.2024 11:00:00 +01:00,25451.94,20073.54
10.12.2024 12:00:00 +01:00,26100.00,19926.09
10.12.2024 13:00:00 +01:00,26062.56,19889.47
10.12.2024 14:00:00 +01:00,26222.88,20026.77
10.12.2024 15:00:00 +01:00,26117.94,20249.72
10.12.2024 16:00:00 +01:00,25856.95,20592.13
10.12.2024 17:00:00 +01:00,25816.90,20422.21
10.12.2024 18:00:00 +01:00,25770.61,20121.31
10.12.2024 19:00:00 +01:00,26203.25,19973.91
10.12.2024 20:00:00 +01:00,25838.58,19876.03
10.12.2024 21:00:00 +01:00,25717.29,19678.24
10.12.2024 22:00:00 +01:00,25375.97,19212.77
10.12.2024 23:00:00 +01:00,24261.38,18691.58
11.12.2024 00:00:00 +01:00,24037.94,18150.36
11.12.2024 01:00:00 +01:00,23885.18,17871.31
11.12.2024 02:00:00 +01:00,23719.65,17637.95
11.12.2024 03:00:00 +01:00,23641.48,17514.44
11.12.2024 04:00:00 +01:00,23366.84,17579.50
11.12.2024 05:00:00 +01:00,23663.77,17855.63
11.12.2024 06:00:00 +01:00,25036.58,18811.93
11.12.2024 07:00:00 +01:00,25901.75,19844.48
11.12.2024 08:00:00 +01:00,25790.45,20123.58
11.12.2024 09:00:00 +01:00,25175.62,20092.98
11.12.2024 10:00:00 +01:00,25340.11,20012.90
11.12.2024 11:00:00 +01:00,25501.22,19860.29
11.12.2024 12:00:00 +01:00,25727.16,19855.34
11.12.2024 13:00:00 +01:00,25423.79,19811.55
11.12.2024 14:00:00 +01:00,25180.97,19877.91
11.12.2024 15:00:00 +01:00,25012.39,20120.23
11.12.2024 16:00:00 +01:00,25068.33,20309.91
11.12.2024 17:00:00 +01:00,25246.58,20073.07
11.12.2024 18:00:00 +01:00,25272.27,19811.13
11.12.2024 19:00:00 +01:00,25543.80,19681.99
11.12.2024 20:00:00 +01:00,25056.86,19654.92
11.12.2024 21:00:00 +01:00,24843.30,19471.17
11.12.2024 22:00:00 +01:00,24357.23,19104.76
11.12.2024 23:00:00 +01:00,24357.92,18633.11
12.12.2024 00:00:00 +01:00,24629.98,18249.76
12.12.2024 01:00:00 +01:00,24996.82,17945.53
12.12.2024 02:00:00 +01:00,24627.74,17746.75
12.12.2024 03:00:00 +01:00,24141.51,17613.23
12.12.2024 04:00:00 +01:00,24134.40,17635.68
12.12.2024 05:00:00 +01:00,24276.09,17955.10
12.12.2024 06:00:00 +01:00,24737.06,18866.29
12.12.2024 07:00:00 +01:00,25803.14,19854.88
12.12.2024 08:00:00 +01:00,25732.96,20222.58
12.12.2024 09:00:00 +01:00,25368.99,20107.79
12.12.2024 10:00:00 +01:00,25248.63,19676.83
12.12.2024 11:00:00 +01:00,25356.67,19874.62
12.12.2024 12:00:00 +01:00,25431.50,19828.77
12.12.2024 13:00:00 +01:00,25194.87,19707.01
12.12.2024 14:00:00 +01:00,25253.72,19702.42
12.12.2024 15:00:00 +01:00,25200.39,19880.12
12.12.2024 16:00:00 +01:00,25456.32,19931.82
12.12.2024 17:00:00 +01:00,25444.02,19707.23
12.12.2024 18:00:00 +01:00,25267.72,19512.41
12.12.2024 19:00:00 +01:00,25323.56,19391.61
12.12.2024 20:00:00 +01:00,25821.48,19307.15
12.12.2024 21:00:00 +01:00,25925.23,19279.31
12.12.2024 22:00:00 +01:00,25595.31,19043.66
12.12.2024 23:00:00 +01:00,24995.27,18637.46
13.12.2024 00:00:00 +01:00,24780.41,18189.60
13.12.2024 01:00:00 +01:00,24203.03,17880.08
13.12.2024 02:00:00 +01:00,23473.45,17649.77
13.12.2024 03:00:00 +01:00,22910.83,17475.36
13.12.2024 04:00:00 +01:00,22904.08,17424.87
13.12.2024 05:00:00 +01:00,23330.40,17589.13
13.12.2024 06:00:00 +01:00,24216.62,18576.19
13.12.2024 07:00:00 +01:00,24922.75,19722.25
13.12.2024 08:00:00 +01:00,24693.67,19800.44
13.12.2024 09:00:00 +01:00,24427.66,19862.24
13.12.2024 10:00:00 +01:00,24497.03,19661.31
13.12.2024 11:00:00 +01:00,24870.04,19698.19
13.12.2024 12:00:00 +01:00,24769.96,19641.36
13.12.2024 13:00:00 +01:00,25010.62,19556.48
13.12.2024 14:00:00 +01:00,25398.89,19467.32
13.12.2024 15:00:00 +01:00,25333.99,19558.04
13.12.2024 16:00:00 +01:00,25144.88,19789.71
13.12.2024 17:00:00 +01:00,25186.58,19639.86
13.12.2024 18:00:00 +01:00,25075.78,19265.36
13.12.2024 19:00:00 +01:00,24654.83,19032.22
13.12.2024 20:00:00 +01:00,24304.59,18687.74
13.12.2024 21:00:00 +01:00,23657.87,18269.18
13.12.2024 22:00:00 +01:00,22852.08,17877.54
13.12.2024 23:00:00 +01:00,21961.95,17469.23
14.12.2024 00:00:00 +01:00,21859.70,17032.63
14.12.2024 01:00:00 +01:00,21488.55,16742.69
14.12.2024 02:00:00 +01:00,20546.72,16518.18
14.12.2024 03:00:00 +01:00,19978.32,16398.48
14.12.2024 04:00:00 +01:00,19466.54,16264.73
14.12.2024 05:00:00 +01:00,19645.15,16309.36
14.12.2024 06:00:00 +01:00,20145.90,16496.78
14.12.2024 07:00:00 +01:00,20398.01,16922.57
14.12.2024 08:00:00 +01:00,20559.81,17512.02
14.12.2024 09:00:00 +01:00,22099.38,18210.08
14.12.2024 10:00:00 +01:00,22985.29,18569.56
14.12.2024 11:00:00 +01:00,22420.28,18649.12
14.12.2024 12:00:00 +01:00,22020.10,18579.35
14.12.2024 13:00:00 +01:00,21692.70,18521.07
14.12.2024 14:00:00 +01:00,21390.34,18591.06
14.12.2024 15:00:00 +01:00,21542.84,18857.35
14.12.2024 16:00:00 +01:00,21949.21,19083.74
14.12.2024 17:00:00 +01:00,22257.87,19153.60
14.12.2024 18:00:00 +01:00,21913.51,18993.80
14.12.2024 19:00:00 +01:00,20356.80,18730.65
14.12.2024 20:00:00 +01:00,19615.77,18390.49
14.12.2024 21:00:00 +01:00,19353.41,18127.45
14.12.2024 22:00:00 +01:00,18794.47,17856.78
14.12.2024 23:00:00 +01:00,18219.56,17543.91
15.12.2024 00:00:00 +01:00,17937.27,17273.13
15.12.2024 01:00:00 +01:00,17755.30,16991.07
15.12.2024 02:00:00 +01:00,17587.82,16857.40
15.12.2024 03:00:00 +01:00,17669.19,16781.52
15.12.2024 04:00:00 +01:00,18086.40,16733.86
15.12.2024 05:00:00 +01:00,18604.52,16797.36
15.12.2024 06:00:00 +01:00,19480.52,16923.27
15.12.2024 07:00:00 +01:00,20760.27,17143.18
15.12.2024 08:00:00 +01:00,22464.36,17546.54
15.12.2024 09:00:00 +01:00,23474.43,18042.46
15.12.2024 10:00:00 +01:00,23630.94,18411.40
15.12.2024 11:00:00 +01:00,23162.43,18584.40
15.12.2024 12:00:00 +01:00,22397.52,18640.41
15.12.2024 13:00:00 +01:00,20836.06,18667.93
15.12.2024 14:00:00 +01:00,19368.42,18686.60
15.12.2024 15:00:00 +01:00,19099.09,18696.84
15.12.2024 16:00:00 +01:00,18982.45,18790.26
15.12.2024 17:00:00 +01:00,18705.72,18814.01
15.12.2024 18:00:00 +01:00,18178.50,18635.63
15.12.2024 19:00:00 +01:00,17438.32,18257.69
15.12.2024 20:00:00 +01:00,16911.11,18399.35
15.12.2024 21:00:00 +01:00,16844.88,18121.71
15.12.2024 22:00:00 +01:00,15522.04,17693.62
15.12.2024 23:00:00 +01:00,13385.96,17196.54
16.12.2024 00:00:00 +01:00,11720.98,16762.96
16.12.2024 01:00:00 +01:00,11041.68,16510.62
16.12.2024 02:00:00 +01:00,10850.78,16339.99
16.12.2024 03:00:00 +01:00,10808.01,16268.81
16.12.2024 04:00:00 +01:00,10821.29,16312.76
16.12.2024 05:00:00 +01:00,12148.20,16664.23
16.12.2024 06:00:00 +01:00,15710.25,17734.84
16.12.2024 07:00:00 +01:00,19087.07,18954.22
16.12.2024 08:00:00 +01:00,19837.65,19391.45
16.12.2024 09:00:00 +01:00,20013.83,19365.38
16.12.2024 10:00:00 +01:00,19624.56,19198.40
16.12.2024 11:00:00 +01:00,19429.17,19031.13
16.12.2024 12:00:00 +01:00,18748.80,18886.04
16.12.2024 13:00:00 +01:00,18953.08,18929.42
16.12.2024 14:00:00 +01:00,19709.96,18963.76
16.12.2024 15:00:00 +01:00,20836.98,19252.72
16.12.2024 16:00:00 +01:00,20849.16,19504.98
16.12.2024 17:00:00 +01:00,20202.12,19327.21
16.12.2024 18:00:00 +01:00,20124.34,19103.86
16.12.2024 19:00:00 +01:00,19096.42,18979.02
16.12.2024 20:00:00 +01:00,18404.47,18795.19
16.12.2024 21:00:00 +01:00,17963.44,18541.87
16.12.2024 22:00:00 +01:00,18023.68,18072.86
16.12.2024 23:00:00 +01:00,16844.01,17568.17
17.12.2024 00:00:00 +01:00,16543.15,17108.79
17.12.2024 01:00:00 +01:00,16283.45,16688.81
17.12.2024 02:00:00 +01:00,15618.85,16417.38
17.12.2024 03:00:00 +01:00,16134.64,16339.99
17.12.2024 04:00:00 +01:00,16975.17,16381.50
17.12.2024 05:00:00 +01:00,18559.71,16709.34
17.12.2024 06:00:00 +01:00,20458.42,17767.52
17.12.2024 07:00:00 +01:00,22997.10,19196.64
17.12.2024 08:00:00 +01:00,24473.98,19722.11
17.12.2024 09:00:00 +01:00,24953.75,19734.01
17.12.2024 10:00:00 +01:00,24867.63,18670.30
17.12.2024 11:00:00 +01:00,24417.18,19544.55
17.12.2024 12:00:00 +01:00,24633.95,19461.76
17.12.2024 13:00:00 +01:00,24967.43,19425.75
17.12.2024 14:00:00 +01:00,25876.09,19467.37
17.12.2024 15:00:00 +01:00,26214.52,19612.33
17.12.2024 16:00:00 +01:00,26278.44,19863.78
17.12.2024 17:00:00 +01:00,25822.14,19738.22
17.12.2024 18:00:00 +01:00,25458.08,19487.48
17.12.2024 19:00:00 +01:00,25749.93,19359.65
17.12.2024 20:00:00 +01:00,26044.35,19136.69
17.12.2024 21:00:00 +01:00,26016.54,18888.70
17.12.2024 22:00:00 +01:00,25848.33,18557.29
17.12.2024 23:00:00 +01:00,24126.81,17955.52
18.12.2024 00:00:00 +01:00,22108.75,17472.69
18.12.2024 01:00:00 +01:00,21145.48,17103.33
18.12.2024 02:00:00 +01:00,20087.57,16846.13
18.12.2024 03:00:00 +01:00,19163.82,16722.74
18.12.2024 04:00:00 +01:00,18655.32,16717.36
18.12.2024 05:00:00 +01:00,19002.45,16935.03
18.12.2024 06:00:00 +01:00,21060.07,17787.99
18.12.2024 07:00:00 +01:00,23549.85,18822.53
18.12.2024 08:00:00 +01:00,24187.00,19017.65
18.12.2024 09:00:00 +01:00,22555.24,18957.87
18.12.2024 10:00:00 +01:00,22001.59,18892.41
18.12.2024 11:00:00 +01:00,21937.49,18859.44
18.12.2024 12:00:00 +01:00,21470.71,18862.50
18.12.2024 13:00:00 +01:00,20335.34,18837.43
18.12.2024 14:00:00 +01:00,19534.73,18878.16
18.12.2024 15:00:00 +01:00,19937.24,18973.14
18.12.2024 16:00:00 +01:00,19701.62,19025.50
18.12.2024 17:00:00 +01:00,20409.96,18760.40
18.12.2024 18:00:00 +01:00,19249.96,18480.16
18.12.2024 19:00:00 +01:00,17483.61,18324.16
18.12.2024 20:00:00 +01:00,17037.30,18130.97
18.12.2024 21:00:00 +01:00,16616.33,17842.60
18.12.2024 22:00:00 +01:00,16317.77,17471.22
18.12.2024 23:00:00 +01:00,15340.02,17014.45
19.12.2024 00:00:00 +01:00,14083.92,16521.37
19.12.2024 01:00:00 +01:00,12995.44,16205.06
19.12.2024 02:00:00 +01:00,12522.60,15997.70
19.12.2024 03:00:00 +01:00,11793.68,15872.04
19.12.2024 04:00:00 +01:00,11899.26,15917.90
19.12.2024 05:00:00 +01:00,13131.59,16233.92
19.12.2024 06:00:00 +01:00,15940.93,17286.88
19.12.2024 07:00:00 +01:00,19672.27,18453.85
19.12.2024 08:00:00 +01:00,22323.03,18945.59
19.12.2024 09:00:00 +01:00,23201.90,19066.00
19.12.2024 10:00:00 +01:00,23013.37,18242.79
19.12.2024 11:00:00 +01:00,23569.91,18837.17
19.12.2024 12:00:00 +01:00,24386.96,18792.74
19.12.2024 13:00:00 +01:00,24692.17,18756.28
19.12.2024 14:00:00 +01:00,24246.55,18942.18
19.12.2024 15:00:00 +01:00,24942.50,19254.71
19.12.2024 16:00:00 +01:00,25511.24,19394.68
19.12.2024 17:00:00 +01:00,25586.16,19239.96
19.12.2024 18:00:00 +01:00,25484.68,19031.85
19.12.2024 19:00:00 +01:00,24638.66,18846.93
19.12.2024 20:00:00 +01:00,23718.65,18781.66
19.12.2024 21:00:00 +01:00,22842.05,18520.34
19.12.2024 22:00:00 +01:00,21484.02,18152.30
19.12.2024 23:00:00 +01:00,20017.78,17675.95
20.12.2024 00:00:00 +01:00,18372.38,17229.52
20.12.2024 01:00:00 +01:00,18636.94,16869.83
20.12.2024 02:00:00 +01:00,17909.80,16726.80
20.12.2024 03:00:00 +01:00,17712.46,16585.53
20.12.2024 04:00:00 +01:00,17637.47,16613.53
20.12.2024 05:00:00 +01:00,18409.79,16908.47
20.12.2024 06:00:00 +01:00,20722.30,17906.18
20.12.2024 07:00:00 +01:00,22732.43,19190.09
20.12.2024 08:00:00 +01:00,23905.60,19720.51
20.12.2024 09:00:00 +01:00,23515.70,19799.73
20.12.2024 10:00:00 +01:00,23395.47,19753.17
20.12.2024 11:00:00 +01:00,22917.53,19611.30
20.12.2024 12:00:00 +01:00,22891.98,19547.15
20.12.2024 13:00:00 +01:00,24028.94,19518.90
20.12.2024 14:00:00 +01:00,25102.58,19491.47
20.12.2024 15:00:00 +01:00,25694.03,19714.71
20.12.2024 16:00:00 +01:00,26561.60,19938.15
20.12.2024 17:00:00 +01:00,26503.68,19858.33
20.12.2024 18:00:00 +01:00,26198.52,19616.07
20.12.2024 19:00:00 +01:00,25442.24,19476.85
20.12.2024 20:00:00 +01:00,24256.22,19183.93
20.12.2024 21:00:00 +01:00,22659.37,18824.71
20.12.2024 22:00:00 +01:00,21145.98,18455.69
20.12.2024 23:00:00 +01:00,19436.44,18122.41
21.12.2024 00:00:00 +01:00,18152.06,17734.53
21.12.2024 01:00:00 +01:00,16898.08,17369.44
21.12.2024 02:00:00 +01:00,15588.97,17026.96
21.12.2024 03:00:00 +01:00,15170.76,16823.23
21.12.2024 04:00:00 +01:00,15222.99,16798.56
21.12.2024 05:00:00 +01:00,15666.98,16819.54
21.12.2024 06:00:00 +01:00,15831.64,17015.51
21.12.2024 07:00:00 +01:00,17350.07,17323.73
21.12.2024 08:00:00 +01:00,19268.81,17913.04
21.12.2024 09:00:00 +01:00,21639.63,18454.04
21.12.2024 10:00:00 +01:00,22058.02,18792.49
21.12.2024 11:00:00 +01:00,21380.50,18965.18
21.12.2024 12:00:00 +01:00,20566.08,18927.37
21.12.2024 13:00:00 +01:00,20573.30,18876.84
21.12.2024 14:00:00 +01:00,20596.80,18822.18
21.12.2024 15:00:00 +01:00,21209.93,18865.91
21.12.2024 16:00:00 +01:00,22175.06,19010.02
21.12.2024 17:00:00 +01:00,22675.57,18944.36
21.12.2024 18:00:00 +01:00,21558.57,18683.15
21.12.2024 19:00:00 +01:00,19133.77,18395.30
21.12.2024 20:00:00 +01:00,16500.10,18116.19
21.12.2024 21:00:00 +01:00,14638.65,17881.81
21.12.2024 22:00:00 +01:00,13425.42,17549.29
21.12.2024 23:00:00 +01:00,12549.79,17283.66
22.12.2024 00:00:00 +01:00,12749.74,16972.32
22.12.2024 01:00:00 +01:00,12732.96,16634.41
22.12.2024 02:00:00 +01:00,12571.01,16409.50
22.12.2024 03:00:00 +01:00,11762.99,16205.64
22.12.2024 04:00:00 +01:00,11515.32,16085.08
22.12.2024 05:00:00 +01:00,11486.97,16089.14
22.12.2024 06:00:00 +01:00,11821.62,16239.06
22.12.2024 07:00:00 +01:00,12458.21,16496.38
22.12.2024 08:00:00 +01:00,13819.97,16942.96
22.12.2024 09:00:00 +01:00,17579.84,17350.11
22.12.2024 10:00:00 +01:00,19887.90,17711.85
22.12.2024 11:00:00 +01:00,20948.76,17926.17
22.12.2024 12:00:00 +01:00,21316.15,18016.33
22.12.2024 13:00:00 +01:00,21649.08,18094.54
22.12.2024 14:00:00 +01:00,22846.44,18183.58
22.12.2024 15:00:00 +01:00,24426.05,18284.65
22.12.2024 16:00:00 +01:00,25141.32,18395.01
22.12.2024 17:00:00 +01:00,25625.63,18404.58
22.12.2024 18:00:00 +01:00,25945.74,18263.47
22.12.2024 19:00:00 +01:00,25811.90,18114.12
22.12.2024 20:00:00 +01:00,25269.21,17970.20
22.12.2024 21:00:00 +01:00,24801.00,17769.91
22.12.2024 22:00:00 +01:00,23900.85,17470.06
22.12.2024 23:00:00 +01:00,21137.66,17174.10
23.12.2024 00:00:00 +01:00,19658.61,16884.69
23.12.2024 01:00:00 +01:00,18327.01,16542.81
23.12.2024 02:00:00 +01:00,16518.17,16293.92
23.12.2024 03:00:00 +01:00,15232.98,16219.65
23.12.2024 04:00:00 +01:00,15134.46,16169.07
23.12.2024 05:00:00 +01:00,16029.77,16409.16
23.12.2024 06:00:00 +01:00,19487.74,17087.91
23.12.2024 07:00:00 +01:00,22755.01,17846.77
23.12.2024 08:00:00 +01:00,24535.43,18472.78
23.12.2024 09:00:00 +01:00,25269.05,18857.12
23.12.2024 10:00:00 +01:00,25045.24,18984.14
23.12.2024 11:00:00 +01:00,25179.23,19041.57
23.12.2024 12:00:00 +01:00,25372.69,18899.41
23.12.2024 13:00:00 +01:00,25604.48,18830.03
23.12.2024 14:00:00 +01:00,25849.68,18844.66
23.12.2024 15:00:00 +01:00,26158.07,19000.70
23.12.2024 16:00:00 +01:00,26090.24,19169.22
23.12.2024 17:00:00 +01:00,26257.75,19021.61
23.12.2024 18:00:00 +01:00,26190.62,18837.56
23.12.2024 19:00:00 +01:00,26043.98,18726.36
23.12.2024 20:00:00 +01:00,26381.72,18483.90
23.12.2024 21:00:00 +01:00,26227.58,18231.58
23.12.2024 22:00:00 +01:00,26380.25,18040.80
23.12.2024 23:00:00 +01:00,26091.37,17777.04
24.12.2024 00:00:00 +01:00,25610.17,17449.79
24.12.2024 01:00:00 +01:00,25203.57,17122.68
24.12.2024 02:00:00 +01:00,24824.81,16821.58
24.12.2024 03:00:00 +01:00,24437.01,16624.67
24.12.2024 04:00:00 +01:00,24238.66,16527.21
24.12.2024 05:00:00 +01:00,24058.91,16648.99
24.12.2024 06:00:00 +01:00,24526.63,17088.38
24.12.2024 07:00:00 +01:00,25107.91,17547.30
24.12.2024 08:00:00 +01:00,26165.07,17987.62
24.12.2024 09:00:00 +01:00,26981.70,18542.38
24.12.2024 10:00:00 +01:00,27009.63,18907.49
24.12.2024 11:00:00 +01:00,27124.66,18925.92
24.12.2024 12:00:00 +01:00,26874.83,18895.96
24.12.2024 13:00:00 +01:00,25596.91,18898.87
24.12.2024 14:00:00 +01:00,24673.11,19009.58
24.12.2024 15:00:00 +01:00,24451.03,19084.62
24.12.2024 16:00:00 +01:00,23196.11,18852.99
24.12.2024 17:00:00 +01:00,21578.58,18010.89
24.12.2024 18:00:00 +01:00,20382.02,17313.86
24.12.2024 19:00:00 +01:00,19367.58,16872.11
24.12.2024 20:00:00 +01:00,18812.35,16441.15
24.12.2024 21:00:00 +01:00,18374.29,16118.59
24.12.2024 22:00:00 +01:00,18076.36,15929.38
24.12.2024 23:00:00 +01:00,17591.99,15779.35
25.12.2024 00:00:00 +01:00,17619.00,15635.45
25.12.2024 01:00:00 +01:00,17375.52,15365.22
25.12.2024 02:00:00 +01:00,16990.61,15106.91
25.12.2024 03:00:00 +01:00,16803.76,14917.98
25.12.2024 04:00:00 +01:00,16682.77,14828.40
25.12.2024 05:00:00 +01:00,16998.01,14879.41
25.12.2024 06:00:00 +01:00,17083.97,15100.86
25.12.2024 07:00:00 +01:00,17831.83,15411.83
25.12.2024 08:00:00 +01:00,18174.08,15719.95
25.12.2024 09:00:00 +01:00,18339.80,16045.64
25.12.2024 10:00:00 +01:00,18895.75,16300.72
25.12.2024 11:00:00 +01:00,18958.50,16470.23
25.12.2024 12:00:00 +01:00,18980.46,16386.15
25.12.2024 13:00:00 +01:00,19272.12,16541.77
25.12.2024 14:00:00 +01:00,19919.35,16615.61
25.12.2024 15:00:00 +01:00,20534.10,16781.59
25.12.2024 16:00:00 +01:00,20143.61,16845.72
25.12.2024 17:00:00 +01:00,19867.99,16623.88
25.12.2024 18:00:00 +01:00,19527.96,16422.67
25.12.2024 19:00:00 +01:00,19164.11,16284.46
25.12.2024 20:00:00 +01:00,18778.33,16130.96
25.12.2024 21:00:00 +01:00,18438.26,15937.38
25.12.2024 22:00:00 +01:00,18465.60,15661.51
25.12.2024 23:00:00 +01:00,18352.35,15359.09
26.12.2024 00:00:00 +01:00,18512.28,15132.16
26.12.2024 01:00:00 +01:00,17831.55,14846.24
26.12.2024 02:00:00 +01:00,17109.40,14625.89
26.12.2024 03:00:00 +01:00,16525.85,14495.65
26.12.2024 04:00:00 +01:00,16500.95,14484.06
26.12.2024 05:00:00 +01:00,16521.85,14632.42
26.12.2024 06:00:00 +01:00,16800.72,15027.44
26.12.2024 07:00:00 +01:00,17255.37,15416.69
26.12.2024 08:00:00 +01:00,17692.52,15764.61
26.12.2024 09:00:00 +01:00,17986.06,16127.26
26.12.2024 10:00:00 +01:00,18717.26,16477.95
26.12.2024 11:00:00 +01:00,19160.46,16700.41
26.12.2024 12:00:00 +01:00,19314.04,16870.82
26.12.2024 13:00:00 +01:00,19485.46,16931.86
26.12.2024 14:00:00 +01:00,19973.50,17073.03
26.12.2024 15:00:00 +01:00,20707.78,17254.13
26.12.2024 16:00:00 +01:00,21106.16,17294.55
26.12.2024 17:00:00 +01:00,20880.10,17035.48
26.12.2024 18:00:00 +01:00,20672.75,16836.12
26.12.2024 19:00:00 +01:00,20465.06,16676.64
26.12.2024 20:00:00 +01:00,20025.33,16537.91
26.12.2024 21:00:00 +01:00,19717.29,16364.18
26.12.2024 22:00:00 +01:00,19214.37,16175.56
26.12.2024 23:00:00 +01:00,19128.66,16125.28
27.12.2024 00:00:00 +01:00,19128.66,16125.28
27.12.2024 01:00:00 +01:00,19128.66,16125.28
27.12.2024 02:00:00 +01:00,19128.66,16125.28
27.12.2024 03:00:00 +01:00,19128.66,16125.28
27.12.2024 04:00:00 +01:00,19128.66,16125.28
27.12.2024 05:00:00 +01:00,19128.66,16125.28
27.12.2024 06:00:00 +01:00,19128.66,16125.28
27.12.2024 07:00:00 +01:00,19128.66,16125.28
27.12.2024 08:00:00 +01:00,19128.66,16125.28
27.12.2024 09:00:00 +01:00,19128.66,16125.28
27.12.2024 10:00:00 +01:00,20954.27,16874.16
27.12.2024 11:00:00 +01:00,23421.47,17914.67
27.12.2024 12:00:00 +01:00,23393.58,17980.68
27.12.2024 13:00:00 +01:00,23672.76,18091.50
27.12.2024 14:00:00 +01:00,23961.98,18184.20
27.12.2024 15:00:00 +01:00,24443.03,18309.22
27.12.2024 16:00:00 +01:00,24751.85,18275.83
27.12.2024 17:00:00 +01:00,24468.41,18051.19
27.12.2024 18:00:00 +01:00,24069.67,17806.85
27.12.2024 19:00:00 +01:00,23329.04,17613.05
27.12.2024 20:00:00 +01:00,22200.57,17317.30
27.12.2024 21:00:00 +01:00,21393.07,16974.75
27.12.2024 22:00:00 +01:00,20642.10,16688.87
27.12.2024 23:00:00 +01:00,20103.91,16407.36
28.12.2024 00:00:00 +01:00,19013.28,16085.91
28.12.2024 01:00:00 +01:00,18298.13,15744.21
28.12.2024 02:00:00 +01:00,18058.73,15531.47
28.12.2024 03:00:00 +01:00,18127.53,15431.91
28.12.2024 04:00:00 +01:00,18029.64,15262.82
28.12.2024 05:00:00 +01:00,17942.00,15306.04
28.12.2024 06:00:00 +01:00,18191.35,15526.11
28.12.2024 07:00:00 +01:00,18781.91,15845.09
28.12.2024 08:00:00 +01:00,19617.13,16292.06
28.12.2024 09:00:00 +01:00,20019.65,16770.19
28.12.2024 10:00:00 +01:00,20644.94,17129.65
28.12.2024 11:00:00 +01:00,21186.32,17362.62
28.12.2024 12:00:00 +01:00,21789.24,17523.28
28.12.2024 13:00:00 +01:00,21451.39,17596.90
28.12.2024 14:00:00 +01:00,21789.27,17606.47
28.12.2024 15:00:00 +01:00,21929.61,17765.71
28.12.2024 16:00:00 +01:00,21779.89,17892.89
28.12.2024 17:00:00 +01:00,21901.10,17881.14
28.12.2024 18:00:00 +01:00,21539.39,17661.09
28.12.2024 19:00:00 +01:00,20744.79,17397.34
28.12.2024 20:00:00 +01:00,19875.80,17059.80
28.12.2024 21:00:00 +01:00,19611.79,16780.24
28.12.2024 22:00:00 +01:00,19221.07,16453.64
28.12.2024 23:00:00 +01:00,18861.21,16129.62
29.12.2024 00:00:00 +01:00,18610.10,15829.74
29.12.2024 01:00:00 +01:00,17825.38,15618.19
29.12.2024 02:00:00 +01:00,17696.41,15438.90
29.12.2024 03:00:00 +01:00,17385.49,15358.21
29.12.2024 04:00:00 +01:00,17442.32,15280.71
29.12.2024 05:00:00 +01:00,17440.08,15332.61
29.12.2024 06:00:00 +01:00,17431.33,15458.10
29.12.2024 07:00:00 +01:00,17758.70,15675.73
29.12.2024 08:00:00 +01:00,17985.13,15949.18
29.12.2024 09:00:00 +01:00,18134.54,16132.17
29.12.2024 10:00:00 +01:00,18255.01,16603.49
29.12.2024 11:00:00 +01:00,17720.16,16843.23
29.12.2024 12:00:00 +01:00,17508.07,16926.36
29.12.2024 13:00:00 +01:00,17477.77,16982.45
29.12.2024 14:00:00 +01:00,18054.72,17129.20
29.12.2024 15:00:00 +01:00,18650.13,17419.63
29.12.2024 16:00:00 +01:00,18661.19,17702.41
29.12.2024 17:00:00 +01:00,17829.35,17659.98
29.12.2024 18:00:00 +01:00,16821.52,17568.85
29.12.2024 19:00:00 +01:00,15969.61,17473.95
29.12.2024 20:00:00 +01:00,16139.92,17291.82
29.12.2024 21:00:00 +01:00,15837.95,17060.53
29.12.2024 22:00:00 +01:00,15561.22,16839.81
29.12.2024 23:00:00 +01:00,15406.26,16574.85
30.12.2024 00:00:00 +01:00,15600.09,16212.02
30.12.2024 01:00:00 +01:00,15791.08,15943.77
30.12.2024 02:00:00 +01:00,15237.81,15789.46
30.12.2024 03:00:00 +01:00,14709.00,15716.53
30.12.2024 04:00:00 +01:00,14459.27,15803.71
30.12.2024 05:00:00 +01:00,14882.18,16110.39
30.12.2024 06:00:00 +01:00,16051.19,16816.35
30.12.2024 07:00:00 +01:00,17324.96,17574.05
30.12.2024 08:00:00 +01:00,18139.04,18131.79
30.12.2024 09:00:00 +01:00,19257.31,18581.79
30.12.2024 10:00:00 +01:00,20205.96,18865.97
30.12.2024 11:00:00 +01:00,20690.82,18943.01
30.12.2024 12:00:00 +01:00,20558.36,19040.20
30.12.2024 13:00:00 +01:00,20477.42,19082.66
30.12.2024 14:00:00 +01:00,21109.88,19218.92
30.12.2024 15:00:00 +01:00,21984.34,19406.70
30.12.2024 16:00:00 +01:00,21756.00,19474.48
30.12.2024 17:00:00 +01:00,21565.36,19365.36
30.12.2024 18:00:00 +01:00,21221.37,19261.13
30.12.2024 19:00:00 +01:00,20564.59,19156.63
30.12.2024 20:00:00 +01:00,20093.77,18966.43
30.12.2024 21:00:00 +01:00,20010.76,18669.38
30.12.2024 22:00:00 +01:00,19440.05,18330.05
30.12.2024 23:00:00 +01:00,18772.08,18025.69
31.12.2024 00:00:00 +01:00,19348.02,17723.08
31.12.2024 01:00:00 +01:00,18791.05,17434.49
31.12.2024 02:00:00 +01:00,17841.62,17175.24
31.12.2024 03:00:00 +01:00,16670.22,16990.56
31.12.2024 04:00:00 +01:00,16025.82,16968.38
31.12.2024 05:00:00 +01:00,15903.19,17141.63
31.12.2024 06:00:00 +01:00,17027.10,17622.89
31.12.2024 07:00:00 +01:00,18219.09,18099.26
31.12.2024 08:00:00 +01:00,19815.94,18379.58
31.12.2024 09:00:00 +01:00,21194.33,18865.11
31.12.2024 10:00:00 +01:00,22484.50,19266.59
31.12.2024 11:00:00 +01:00,23289.33,19494.49
31.12.2024 12:00:00 +01:00,22858.17,19566.54
31.12.2024 13:00:00 +01:00,22791.43,19779.27
31.12.2024 14:00:00 +01:00,23012.74,20160.47
31.12.2024 15:00:00 +01:00,24056.61,20542.40
31.12.2024 16:00:00 +01:00,24392.62,20694.50
31.12.2024 17:00:00 +01:00,24254.02,20519.74
31.12.2024 18:00:00 +01:00,23300.17,20006.37
31.12.2024 19:00:00 +01:00,21386.88,19350.81
31.12.2024 20:00:00 +01:00,19609.53,18745.97
31.12.2024 21:00:00 +01:00,17339.98,18269.34
31.12.2024 22:00:00 +01:00,15613.27,17953.12
31.12.2024 23:00:00 +01:00,13462.86,17357.98
