Time(Local),Production,Consumption
31.12.2021 23:00:00 +01:00,13572.32,16332.18
01.01.2022 00:00:00 +01:00,13502.26,16471.17
01.01.2022 01:00:00 +01:00,13387.47,16460.71
01.01.2022 02:00:00 +01:00,13552.93,16355.53
01.01.2022 03:00:00 +01:00,12573.38,16277.53
01.01.2022 04:00:00 +01:00,12255.01,16266.45
01.01.2022 05:00:00 +01:00,12410.65,16355.62
01.01.2022 06:00:00 +01:00,12418.55,16576.79
01.01.2022 07:00:00 +01:00,12554.84,16795.66
01.01.2022 08:00:00 +01:00,13137.08,17134.27
01.01.2022 09:00:00 +01:00,13955.27,17428.09
01.01.2022 10:00:00 +01:00,14590.10,17765.65
01.01.2022 11:00:00 +01:00,15003.13,18016.17
01.01.2022 12:00:00 +01:00,15069.52,18111.16
01.01.2022 13:00:00 +01:00,14936.45,18101.30
01.01.2022 14:00:00 +01:00,15660.55,18283.80
01.01.2022 15:00:00 +01:00,16068.33,18446.33
01.01.2022 16:00:00 +01:00,16685.47,18675.33
01.01.2022 17:00:00 +01:00,17874.30,18647.02
01.01.2022 18:00:00 +01:00,17966.12,18438.63
01.01.2022 19:00:00 +01:00,16324.31,18152.02
01.01.2022 20:00:00 +01:00,15051.12,17802.88
01.01.2022 21:00:00 +01:00,14389.57,17482.15
01.01.2022 22:00:00 +01:00,13724.62,17081.24
01.01.2022 23:00:00 +01:00,13299.41,16706.63
02.01.2022 00:00:00 +01:00,13329.76,16299.86
02.01.2022 01:00:00 +01:00,13394.77,15939.52
02.01.2022 02:00:00 +01:00,13018.32,15710.34
02.01.2022 03:00:00 +01:00,12712.73,15671.61
02.01.2022 04:00:00 +01:00,12255.15,15580.21
02.01.2022 05:00:00 +01:00,11973.36,15589.71
02.01.2022 06:00:00 +01:00,11980.79,15717.76
02.01.2022 07:00:00 +01:00,12819.72,15918.04
02.01.2022 08:00:00 +01:00,13262.73,16268.11
02.01.2022 09:00:00 +01:00,13560.16,16667.34
02.01.2022 10:00:00 +01:00,14344.20,17011.75
02.01.2022 11:00:00 +01:00,15210.32,17314.48
02.01.2022 12:00:00 +01:00,15000.39,17375.69
02.01.2022 13:00:00 +01:00,15243.63,17248.55
02.01.2022 14:00:00 +01:00,15915.05,17574.95
02.01.2022 15:00:00 +01:00,16127.89,17824.70
02.01.2022 16:00:00 +01:00,16480.87,18032.01
02.01.2022 17:00:00 +01:00,16756.49,17995.10
02.01.2022 18:00:00 +01:00,17036.37,17855.30
02.01.2022 19:00:00 +01:00,16359.23,17618.80
02.01.2022 20:00:00 +01:00,14638.89,17449.12
02.01.2022 21:00:00 +01:00,14418.06,17294.22
02.01.2022 22:00:00 +01:00,14577.93,16941.28
02.01.2022 23:00:00 +01:00,13404.38,16511.28
03.01.2022 00:00:00 +01:00,12133.30,16118.00
03.01.2022 01:00:00 +01:00,11789.40,15803.36
03.01.2022 02:00:00 +01:00,11565.80,15630.91
03.01.2022 03:00:00 +01:00,11700.41,15550.31
03.01.2022 04:00:00 +01:00,11903.04,15624.71
03.01.2022 05:00:00 +01:00,13103.45,15986.40
03.01.2022 06:00:00 +01:00,15182.71,16981.35
03.01.2022 07:00:00 +01:00,16783.85,18206.27
03.01.2022 08:00:00 +01:00,17769.66,18833.24
03.01.2022 09:00:00 +01:00,18225.64,19015.60
03.01.2022 10:00:00 +01:00,17831.54,19019.72
03.01.2022 11:00:00 +01:00,18347.52,19036.75
03.01.2022 12:00:00 +01:00,18724.40,19033.35
03.01.2022 13:00:00 +01:00,18842.69,19096.83
03.01.2022 14:00:00 +01:00,19199.57,19133.52
03.01.2022 15:00:00 +01:00,19260.36,19195.79
03.01.2022 16:00:00 +01:00,19406.88,19287.45
03.01.2022 17:00:00 +01:00,20061.17,19058.52
03.01.2022 18:00:00 +01:00,19996.31,18815.75
03.01.2022 19:00:00 +01:00,19750.73,18640.86
03.01.2022 20:00:00 +01:00,19387.99,18521.32
03.01.2022 21:00:00 +01:00,18623.38,18284.40
03.01.2022 22:00:00 +01:00,17946.45,17897.16
03.01.2022 23:00:00 +01:00,16553.45,17425.30
04.01.2022 00:00:00 +01:00,16756.68,16970.57
04.01.2022 01:00:00 +01:00,16721.39,16682.45
04.01.2022 02:00:00 +01:00,16665.56,16578.10
04.01.2022 03:00:00 +01:00,15885.36,16591.27
04.01.2022 04:00:00 +01:00,16016.45,16661.36
04.01.2022 05:00:00 +01:00,17458.57,17000.07
04.01.2022 06:00:00 +01:00,20982.32,18138.94
04.01.2022 07:00:00 +01:00,24026.40,19500.86
04.01.2022 08:00:00 +01:00,26105.57,20022.56
04.01.2022 09:00:00 +01:00,25569.93,20088.26
04.01.2022 10:00:00 +01:00,25583.37,19319.53
04.01.2022 11:00:00 +01:00,25302.27,19810.10
04.01.2022 12:00:00 +01:00,24865.50,19695.96
04.01.2022 13:00:00 +01:00,24390.46,19620.21
04.01.2022 14:00:00 +01:00,24382.48,19708.55
04.01.2022 15:00:00 +01:00,24824.30,20016.15
04.01.2022 16:00:00 +01:00,25557.93,20234.33
04.01.2022 17:00:00 +01:00,26004.99,20011.26
04.01.2022 18:00:00 +01:00,25317.15,19739.46
04.01.2022 19:00:00 +01:00,23630.67,19587.04
04.01.2022 20:00:00 +01:00,21801.38,19351.76
04.01.2022 21:00:00 +01:00,20064.67,19010.83
04.01.2022 22:00:00 +01:00,18384.84,18498.73
04.01.2022 23:00:00 +01:00,16465.73,17925.49
05.01.2022 00:00:00 +01:00,16281.15,17346.89
05.01.2022 01:00:00 +01:00,15522.71,17083.96
05.01.2022 02:00:00 +01:00,14880.76,16927.39
05.01.2022 03:00:00 +01:00,14209.95,16888.53
05.01.2022 04:00:00 +01:00,14443.01,16979.57
05.01.2022 05:00:00 +01:00,15712.46,17341.30
05.01.2022 06:00:00 +01:00,18303.11,18504.85
05.01.2022 07:00:00 +01:00,20343.29,19892.96
05.01.2022 08:00:00 +01:00,22108.96,20296.42
05.01.2022 09:00:00 +01:00,21959.81,20210.18
05.01.2022 10:00:00 +01:00,22146.96,20196.83
05.01.2022 11:00:00 +01:00,21477.02,20010.68
05.01.2022 12:00:00 +01:00,20827.24,19891.93
05.01.2022 13:00:00 +01:00,20512.77,19951.33
05.01.2022 14:00:00 +01:00,20348.84,19988.98
05.01.2022 15:00:00 +01:00,20685.85,20146.13
05.01.2022 16:00:00 +01:00,21725.10,20431.28
05.01.2022 17:00:00 +01:00,22612.36,20263.62
05.01.2022 18:00:00 +01:00,22017.21,20002.82
05.01.2022 19:00:00 +01:00,21184.93,19843.67
05.01.2022 20:00:00 +01:00,20272.33,19636.75
05.01.2022 21:00:00 +01:00,20030.99,19346.18
05.01.2022 22:00:00 +01:00,18848.66,18905.77
05.01.2022 23:00:00 +01:00,18016.57,18395.44
06.01.2022 00:00:00 +01:00,17912.82,17903.33
06.01.2022 01:00:00 +01:00,17247.47,17626.70
06.01.2022 02:00:00 +01:00,16956.75,17471.50
06.01.2022 03:00:00 +01:00,17856.54,17477.04
06.01.2022 04:00:00 +01:00,18864.69,17630.14
06.01.2022 05:00:00 +01:00,20309.54,18036.55
06.01.2022 06:00:00 +01:00,22114.37,19214.75
06.01.2022 07:00:00 +01:00,24100.99,20569.79
06.01.2022 08:00:00 +01:00,25078.12,20953.48
06.01.2022 09:00:00 +01:00,25204.70,20958.20
06.01.2022 10:00:00 +01:00,25162.96,20150.36
06.01.2022 11:00:00 +01:00,24889.80,20674.86
06.01.2022 12:00:00 +01:00,24347.13,20434.90
06.01.2022 13:00:00 +01:00,23899.56,20262.16
06.01.2022 14:00:00 +01:00,23486.05,20324.67
06.01.2022 15:00:00 +01:00,23770.98,20543.71
06.01.2022 16:00:00 +01:00,23956.68,20836.23
06.01.2022 17:00:00 +01:00,24559.73,20739.86
06.01.2022 18:00:00 +01:00,24451.20,20533.05
06.01.2022 19:00:00 +01:00,24019.59,20310.92
06.01.2022 20:00:00 +01:00,23831.86,20158.84
06.01.2022 21:00:00 +01:00,23859.17,19908.03
06.01.2022 22:00:00 +01:00,23280.28,19656.25
06.01.2022 23:00:00 +01:00,20699.09,19144.16
07.01.2022 00:00:00 +01:00,18104.58,18673.74
07.01.2022 01:00:00 +01:00,17370.07,18288.24
07.01.2022 02:00:00 +01:00,16946.99,18167.62
07.01.2022 03:00:00 +01:00,16911.53,18077.01
07.01.2022 04:00:00 +01:00,16730.67,18149.09
07.01.2022 05:00:00 +01:00,17325.74,18458.06
07.01.2022 06:00:00 +01:00,20449.32,19537.85
07.01.2022 07:00:00 +01:00,23520.58,20850.60
07.01.2022 08:00:00 +01:00,24429.95,21407.35
07.01.2022 09:00:00 +01:00,24619.75,21455.32
07.01.2022 10:00:00 +01:00,25017.03,21427.96
07.01.2022 11:00:00 +01:00,25974.81,21243.16
07.01.2022 12:00:00 +01:00,26269.45,21017.12
07.01.2022 13:00:00 +01:00,26328.74,20927.48
07.01.2022 14:00:00 +01:00,26721.52,20816.69
07.01.2022 15:00:00 +01:00,27178.33,20650.50
07.01.2022 16:00:00 +01:00,27022.04,20579.95
07.01.2022 17:00:00 +01:00,26754.92,20307.59
07.01.2022 18:00:00 +01:00,26374.73,20080.69
07.01.2022 19:00:00 +01:00,26133.15,19908.37
07.01.2022 20:00:00 +01:00,25479.75,19620.35
07.01.2022 21:00:00 +01:00,24911.92,19098.99
07.01.2022 22:00:00 +01:00,24267.06,18625.14
07.01.2022 23:00:00 +01:00,22987.25,18219.26
08.01.2022 00:00:00 +01:00,22693.56,17841.11
08.01.2022 01:00:00 +01:00,21998.50,17512.82
08.01.2022 02:00:00 +01:00,21449.74,17288.65
08.01.2022 03:00:00 +01:00,21626.86,17138.58
08.01.2022 04:00:00 +01:00,21838.58,17112.25
08.01.2022 05:00:00 +01:00,21678.68,17254.87
08.01.2022 06:00:00 +01:00,21864.78,17539.91
08.01.2022 07:00:00 +01:00,22382.35,17884.41
08.01.2022 08:00:00 +01:00,23139.88,18374.54
08.01.2022 09:00:00 +01:00,24008.85,18919.73
08.01.2022 10:00:00 +01:00,25353.80,19230.93
08.01.2022 11:00:00 +01:00,25744.54,19449.41
08.01.2022 12:00:00 +01:00,25947.04,19411.13
08.01.2022 13:00:00 +01:00,25256.52,19275.94
08.01.2022 14:00:00 +01:00,25243.89,19224.42
08.01.2022 15:00:00 +01:00,25646.74,19418.54
08.01.2022 16:00:00 +01:00,25351.53,19733.04
08.01.2022 17:00:00 +01:00,25319.62,19788.19
08.01.2022 18:00:00 +01:00,24230.76,19665.18
08.01.2022 19:00:00 +01:00,22437.09,19327.44
08.01.2022 20:00:00 +01:00,20310.95,18872.02
08.01.2022 21:00:00 +01:00,19464.24,18491.47
08.01.2022 22:00:00 +01:00,18837.37,18133.58
08.01.2022 23:00:00 +01:00,18489.56,17803.85
09.01.2022 00:00:00 +01:00,17458.46,17498.96
09.01.2022 01:00:00 +01:00,17007.60,17246.66
09.01.2022 02:00:00 +01:00,16424.55,17009.54
09.01.2022 03:00:00 +01:00,16116.06,16861.96
09.01.2022 04:00:00 +01:00,15786.01,16867.23
09.01.2022 05:00:00 +01:00,15609.11,16896.99
09.01.2022 06:00:00 +01:00,15850.47,17094.12
09.01.2022 07:00:00 +01:00,16325.61,17351.48
09.01.2022 08:00:00 +01:00,17398.63,17765.98
09.01.2022 09:00:00 +01:00,19905.72,18145.95
09.01.2022 10:00:00 +01:00,22683.44,18509.67
09.01.2022 11:00:00 +01:00,24675.58,18683.89
09.01.2022 12:00:00 +01:00,25468.11,18660.40
09.01.2022 13:00:00 +01:00,25874.44,18698.05
09.01.2022 14:00:00 +01:00,26239.26,18809.44
09.01.2022 15:00:00 +01:00,26732.56,19061.14
09.01.2022 16:00:00 +01:00,27205.89,19225.22
09.01.2022 17:00:00 +01:00,27358.65,19147.75
09.01.2022 18:00:00 +01:00,27278.74,19059.15
09.01.2022 19:00:00 +01:00,27206.79,18948.76
09.01.2022 20:00:00 +01:00,26786.98,18946.75
09.01.2022 21:00:00 +01:00,25863.90,18601.74
09.01.2022 22:00:00 +01:00,25131.17,18276.40
09.01.2022 23:00:00 +01:00,24024.70,17803.30
10.01.2022 00:00:00 +01:00,23134.45,17374.64
10.01.2022 01:00:00 +01:00,21432.99,17040.25
10.01.2022 02:00:00 +01:00,20861.97,16890.22
10.01.2022 03:00:00 +01:00,21014.04,16797.02
10.01.2022 04:00:00 +01:00,21795.09,16926.88
10.01.2022 05:00:00 +01:00,23530.04,17331.61
10.01.2022 06:00:00 +01:00,25334.05,18478.70
10.01.2022 07:00:00 +01:00,26965.44,19750.03
10.01.2022 08:00:00 +01:00,27482.18,20260.86
10.01.2022 09:00:00 +01:00,27294.36,20278.27
10.01.2022 10:00:00 +01:00,27194.35,20164.26
10.01.2022 11:00:00 +01:00,27364.49,20001.56
10.01.2022 12:00:00 +01:00,27528.69,19951.64
10.01.2022 13:00:00 +01:00,27209.97,19823.35
10.01.2022 14:00:00 +01:00,26860.40,19880.32
10.01.2022 15:00:00 +01:00,27019.40,20045.54
10.01.2022 16:00:00 +01:00,27905.21,20311.46
10.01.2022 17:00:00 +01:00,28004.33,20075.02
10.01.2022 18:00:00 +01:00,28016.35,19791.41
10.01.2022 19:00:00 +01:00,27516.71,19533.98
10.01.2022 20:00:00 +01:00,27509.23,19317.42
10.01.2022 21:00:00 +01:00,27589.60,18940.02
10.01.2022 22:00:00 +01:00,26797.05,18443.97
10.01.2022 23:00:00 +01:00,25209.68,17780.44
11.01.2022 00:00:00 +01:00,24179.33,17256.81
11.01.2022 01:00:00 +01:00,23077.44,16877.08
11.01.2022 02:00:00 +01:00,22479.10,16689.25
11.01.2022 03:00:00 +01:00,22372.53,16601.21
11.01.2022 04:00:00 +01:00,22596.85,16637.55
11.01.2022 05:00:00 +01:00,24077.42,16964.77
11.01.2022 06:00:00 +01:00,25377.10,17964.83
11.01.2022 07:00:00 +01:00,26650.28,19192.69
11.01.2022 08:00:00 +01:00,26607.24,19639.60
11.01.2022 09:00:00 +01:00,26208.05,19636.55
11.01.2022 10:00:00 +01:00,25698.31,18836.91
11.01.2022 11:00:00 +01:00,25504.76,19373.72
11.01.2022 12:00:00 +01:00,25070.38,19188.04
11.01.2022 13:00:00 +01:00,24861.93,19218.04
11.01.2022 14:00:00 +01:00,25045.20,19212.59
11.01.2022 15:00:00 +01:00,25521.72,19295.54
11.01.2022 16:00:00 +01:00,26134.63,19500.65
11.01.2022 17:00:00 +01:00,26428.05,19290.11
11.01.2022 18:00:00 +01:00,26445.24,19009.95
11.01.2022 19:00:00 +01:00,25951.24,18758.67
11.01.2022 20:00:00 +01:00,25519.89,18485.35
11.01.2022 21:00:00 +01:00,25262.05,18226.06
11.01.2022 22:00:00 +01:00,24122.94,17748.47
11.01.2022 23:00:00 +01:00,22498.29,17173.67
12.01.2022 00:00:00 +01:00,22251.80,16639.82
12.01.2022 01:00:00 +01:00,21782.79,16348.47
12.01.2022 02:00:00 +01:00,21295.66,16200.23
12.01.2022 03:00:00 +01:00,21336.92,16061.75
12.01.2022 04:00:00 +01:00,21552.48,16051.63
12.01.2022 05:00:00 +01:00,22329.59,16407.11
12.01.2022 06:00:00 +01:00,23808.41,17490.74
12.01.2022 07:00:00 +01:00,25809.72,18740.56
12.01.2022 08:00:00 +01:00,26285.83,19208.74
12.01.2022 09:00:00 +01:00,25115.03,19063.38
12.01.2022 10:00:00 +01:00,24634.88,18990.76
12.01.2022 11:00:00 +01:00,24202.30,18838.48
12.01.2022 12:00:00 +01:00,23993.64,18741.23
12.01.2022 13:00:00 +01:00,23443.96,18586.84
12.01.2022 14:00:00 +01:00,22821.53,18756.57
12.01.2022 15:00:00 +01:00,22478.13,18859.83
12.01.2022 16:00:00 +01:00,22389.47,18948.28
12.01.2022 17:00:00 +01:00,22708.01,18785.36
12.01.2022 18:00:00 +01:00,21894.43,18487.59
12.01.2022 19:00:00 +01:00,20624.98,18241.56
12.01.2022 20:00:00 +01:00,19890.81,18090.88
12.01.2022 21:00:00 +01:00,19531.47,17773.98
12.01.2022 22:00:00 +01:00,18034.42,17253.69
12.01.2022 23:00:00 +01:00,16717.23,16737.23
13.01.2022 00:00:00 +01:00,15746.71,16146.82
13.01.2022 01:00:00 +01:00,15189.48,15819.17
13.01.2022 02:00:00 +01:00,14849.34,15577.45
13.01.2022 03:00:00 +01:00,14837.90,15556.28
13.01.2022 04:00:00 +01:00,14806.03,15627.09
13.01.2022 05:00:00 +01:00,15624.34,15917.90
13.01.2022 06:00:00 +01:00,17296.37,16805.58
13.01.2022 07:00:00 +01:00,19655.90,18192.55
13.01.2022 08:00:00 +01:00,20180.03,18679.86
13.01.2022 09:00:00 +01:00,20059.11,18569.37
13.01.2022 10:00:00 +01:00,20131.52,18460.73
13.01.2022 11:00:00 +01:00,19893.33,18346.24
13.01.2022 12:00:00 +01:00,19743.21,18213.98
13.01.2022 13:00:00 +01:00,19673.64,18062.24
13.01.2022 14:00:00 +01:00,19451.50,18123.97
13.01.2022 15:00:00 +01:00,19948.01,18192.36
13.01.2022 16:00:00 +01:00,20173.49,18475.64
13.01.2022 17:00:00 +01:00,19983.28,18374.12
13.01.2022 18:00:00 +01:00,19587.26,18140.78
13.01.2022 19:00:00 +01:00,19096.52,17782.57
13.01.2022 20:00:00 +01:00,18077.07,17512.33
13.01.2022 21:00:00 +01:00,17684.71,17125.69
13.01.2022 22:00:00 +01:00,16557.92,16716.77
13.01.2022 23:00:00 +01:00,15245.35,16274.33
14.01.2022 00:00:00 +01:00,15065.16,15828.30
14.01.2022 01:00:00 +01:00,14175.94,15508.38
14.01.2022 02:00:00 +01:00,13722.59,15364.83
14.01.2022 03:00:00 +01:00,13748.61,15349.85
14.01.2022 04:00:00 +01:00,14214.93,15445.76
14.01.2022 05:00:00 +01:00,15066.08,15746.29
14.01.2022 06:00:00 +01:00,16956.79,16930.34
14.01.2022 07:00:00 +01:00,19511.77,18338.99
14.01.2022 08:00:00 +01:00,20188.05,18918.71
14.01.2022 09:00:00 +01:00,19940.33,18775.47
14.01.2022 10:00:00 +01:00,19811.29,18762.44
14.01.2022 11:00:00 +01:00,19517.25,18653.33
14.01.2022 12:00:00 +01:00,19372.39,18483.80
14.01.2022 13:00:00 +01:00,19271.85,18431.41
14.01.2022 14:00:00 +01:00,19501.36,18447.94
14.01.2022 15:00:00 +01:00,20264.24,18507.69
14.01.2022 16:00:00 +01:00,21177.14,18823.23
14.01.2022 17:00:00 +01:00,21861.17,18864.96
14.01.2022 18:00:00 +01:00,21788.36,18727.78
14.01.2022 19:00:00 +01:00,21724.10,18493.18
14.01.2022 20:00:00 +01:00,21088.20,18091.11
14.01.2022 21:00:00 +01:00,21082.89,17655.55
14.01.2022 22:00:00 +01:00,20769.01,17255.21
14.01.2022 23:00:00 +01:00,20825.96,16969.84
15.01.2022 00:00:00 +01:00,20435.82,16566.59
15.01.2022 01:00:00 +01:00,20241.45,16335.77
15.01.2022 02:00:00 +01:00,20328.24,16193.01
15.01.2022 03:00:00 +01:00,20169.08,16035.75
15.01.2022 04:00:00 +01:00,20455.46,16025.55
15.01.2022 05:00:00 +01:00,20866.74,16094.32
15.01.2022 06:00:00 +01:00,21436.69,16378.98
15.01.2022 07:00:00 +01:00,22207.51,16768.56
15.01.2022 08:00:00 +01:00,23583.89,17258.97
15.01.2022 09:00:00 +01:00,24415.55,17758.04
15.01.2022 10:00:00 +01:00,24896.43,18085.01
15.01.2022 11:00:00 +01:00,25105.43,18225.11
15.01.2022 12:00:00 +01:00,24914.45,18302.00
15.01.2022 13:00:00 +01:00,24551.20,18222.18
15.01.2022 14:00:00 +01:00,24393.07,18155.38
15.01.2022 15:00:00 +01:00,24922.64,18101.36
15.01.2022 16:00:00 +01:00,25513.86,18374.14
15.01.2022 17:00:00 +01:00,25687.37,18562.16
15.01.2022 18:00:00 +01:00,25514.38,18505.91
15.01.2022 19:00:00 +01:00,23575.86,18175.58
15.01.2022 20:00:00 +01:00,21314.72,17717.39
15.01.2022 21:00:00 +01:00,20837.63,17288.74
15.01.2022 22:00:00 +01:00,20101.15,16921.20
15.01.2022 23:00:00 +01:00,19108.53,16600.46
16.01.2022 00:00:00 +01:00,18858.80,16293.71
16.01.2022 01:00:00 +01:00,18058.13,16023.35
16.01.2022 02:00:00 +01:00,17596.77,15821.65
16.01.2022 03:00:00 +01:00,17349.29,15734.79
16.01.2022 04:00:00 +01:00,17514.56,15667.14
16.01.2022 05:00:00 +01:00,17474.57,15733.21
16.01.2022 06:00:00 +01:00,16748.17,15887.51
16.01.2022 07:00:00 +01:00,16975.62,16138.61
16.01.2022 08:00:00 +01:00,17520.50,16532.90
16.01.2022 09:00:00 +01:00,17839.42,16947.09
16.01.2022 10:00:00 +01:00,17624.55,17349.19
16.01.2022 11:00:00 +01:00,17548.51,17526.73
16.01.2022 12:00:00 +01:00,17389.40,17533.98
16.01.2022 13:00:00 +01:00,17546.18,17458.96
16.01.2022 14:00:00 +01:00,17317.21,17562.59
16.01.2022 15:00:00 +01:00,17759.07,17875.22
16.01.2022 16:00:00 +01:00,17955.80,18150.70
16.01.2022 17:00:00 +01:00,18494.11,17870.05
16.01.2022 18:00:00 +01:00,18207.94,17628.77
16.01.2022 19:00:00 +01:00,18399.45,17699.04
16.01.2022 20:00:00 +01:00,17683.74,17555.90
16.01.2022 21:00:00 +01:00,17116.41,17323.26
16.01.2022 22:00:00 +01:00,16623.29,17045.98
16.01.2022 23:00:00 +01:00,15445.71,16750.15
17.01.2022 00:00:00 +01:00,14407.98,16333.05
17.01.2022 01:00:00 +01:00,14314.13,16195.35
17.01.2022 02:00:00 +01:00,13884.71,16162.68
17.01.2022 03:00:00 +01:00,13487.02,16164.90
17.01.2022 04:00:00 +01:00,14081.90,16367.11
17.01.2022 05:00:00 +01:00,15191.34,16843.43
17.01.2022 06:00:00 +01:00,16921.95,17968.27
17.01.2022 07:00:00 +01:00,18750.59,19397.81
17.01.2022 08:00:00 +01:00,19703.97,19921.80
17.01.2022 09:00:00 +01:00,19454.73,19852.99
17.01.2022 10:00:00 +01:00,19622.55,19702.11
17.01.2022 11:00:00 +01:00,19697.62,19490.95
17.01.2022 12:00:00 +01:00,19626.37,19354.13
17.01.2022 13:00:00 +01:00,19658.63,19217.63
17.01.2022 14:00:00 +01:00,19816.75,19160.12
17.01.2022 15:00:00 +01:00,20042.47,19288.99
17.01.2022 16:00:00 +01:00,21543.80,19579.94
17.01.2022 17:00:00 +01:00,22238.78,19506.41
17.01.2022 18:00:00 +01:00,22193.40,19344.11
17.01.2022 19:00:00 +01:00,21045.23,19242.87
17.01.2022 20:00:00 +01:00,20266.14,19077.58
17.01.2022 21:00:00 +01:00,19930.07,18721.03
17.01.2022 22:00:00 +01:00,19121.07,18259.78
17.01.2022 23:00:00 +01:00,18538.22,17610.58
18.01.2022 00:00:00 +01:00,18998.80,16840.09
18.01.2022 01:00:00 +01:00,19156.13,16570.93
18.01.2022 02:00:00 +01:00,19329.40,16231.73
18.01.2022 03:00:00 +01:00,19168.32,16056.27
18.01.2022 04:00:00 +01:00,19386.20,16188.76
18.01.2022 05:00:00 +01:00,20980.77,16559.34
18.01.2022 06:00:00 +01:00,23934.52,17653.49
18.01.2022 07:00:00 +01:00,25152.46,18812.33
18.01.2022 08:00:00 +01:00,25668.87,19354.22
18.01.2022 09:00:00 +01:00,25322.64,19340.73
18.01.2022 10:00:00 +01:00,24510.75,18581.27
18.01.2022 11:00:00 +01:00,24511.11,19258.92
18.01.2022 12:00:00 +01:00,24183.70,19237.16
18.01.2022 13:00:00 +01:00,23035.81,19079.74
18.01.2022 14:00:00 +01:00,22091.60,18919.74
18.01.2022 15:00:00 +01:00,22226.42,18971.79
18.01.2022 16:00:00 +01:00,22910.99,19390.07
18.01.2022 17:00:00 +01:00,23226.02,19222.88
18.01.2022 18:00:00 +01:00,22620.53,18943.60
18.01.2022 19:00:00 +01:00,21558.59,18707.92
18.01.2022 20:00:00 +01:00,20215.24,18518.84
18.01.2022 21:00:00 +01:00,19096.10,18155.12
18.01.2022 22:00:00 +01:00,17725.16,17608.30
18.01.2022 23:00:00 +01:00,16828.20,17018.73
19.01.2022 00:00:00 +01:00,17041.54,16421.02
19.01.2022 01:00:00 +01:00,16421.02,16010.94
19.01.2022 02:00:00 +01:00,16228.27,15815.32
19.01.2022 03:00:00 +01:00,16004.36,15666.01
19.01.2022 04:00:00 +01:00,16122.60,15614.72
19.01.2022 05:00:00 +01:00,16758.74,15980.33
19.01.2022 06:00:00 +01:00,17733.28,17075.66
19.01.2022 07:00:00 +01:00,18605.64,18303.37
19.01.2022 08:00:00 +01:00,18131.25,18642.41
19.01.2022 09:00:00 +01:00,17923.04,18644.11
19.01.2022 10:00:00 +01:00,18132.24,18648.90
19.01.2022 11:00:00 +01:00,17939.50,18526.04
19.01.2022 12:00:00 +01:00,17843.85,18676.15
19.01.2022 13:00:00 +01:00,18028.08,18765.12
19.01.2022 14:00:00 +01:00,18780.05,18843.55
19.01.2022 15:00:00 +01:00,19189.77,19034.73
19.01.2022 16:00:00 +01:00,19375.90,19333.35
19.01.2022 17:00:00 +01:00,19535.54,19464.02
19.01.2022 18:00:00 +01:00,19321.23,19432.61
19.01.2022 19:00:00 +01:00,18238.36,19313.29
19.01.2022 20:00:00 +01:00,17074.34,19146.77
19.01.2022 21:00:00 +01:00,16752.30,18973.18
19.01.2022 22:00:00 +01:00,15402.01,18562.77
19.01.2022 23:00:00 +01:00,14730.51,18033.40
20.01.2022 00:00:00 +01:00,14356.41,17513.25
20.01.2022 01:00:00 +01:00,13523.41,17259.39
20.01.2022 02:00:00 +01:00,12946.70,17155.98
20.01.2022 03:00:00 +01:00,12641.62,17085.11
20.01.2022 04:00:00 +01:00,13028.25,17172.86
20.01.2022 05:00:00 +01:00,14476.74,17487.70
20.01.2022 06:00:00 +01:00,16938.06,18625.48
20.01.2022 07:00:00 +01:00,18885.07,20103.67
20.01.2022 08:00:00 +01:00,19686.79,20656.11
20.01.2022 09:00:00 +01:00,19977.88,20598.91
20.01.2022 10:00:00 +01:00,19528.35,19805.94
20.01.2022 11:00:00 +01:00,19296.22,20227.77
20.01.2022 12:00:00 +01:00,18349.54,19999.65
20.01.2022 13:00:00 +01:00,18157.13,19860.98
20.01.2022 14:00:00 +01:00,18733.64,19854.03
20.01.2022 15:00:00 +01:00,19726.04,19962.84
20.01.2022 16:00:00 +01:00,20303.62,20320.02
20.01.2022 17:00:00 +01:00,20614.25,20330.30
20.01.2022 18:00:00 +01:00,20279.33,20058.59
20.01.2022 19:00:00 +01:00,20064.93,19815.27
20.01.2022 20:00:00 +01:00,19660.25,19663.09
20.01.2022 21:00:00 +01:00,19545.15,19282.73
20.01.2022 22:00:00 +01:00,18257.43,18758.15
20.01.2022 23:00:00 +01:00,17170.80,18211.39
21.01.2022 00:00:00 +01:00,16179.50,17768.84
21.01.2022 01:00:00 +01:00,15692.31,17405.90
21.01.2022 02:00:00 +01:00,15494.97,17210.34
21.01.2022 03:00:00 +01:00,15763.57,17087.14
21.01.2022 04:00:00 +01:00,16067.11,17222.67
21.01.2022 05:00:00 +01:00,16988.52,17574.52
21.01.2022 06:00:00 +01:00,18772.23,18627.25
21.01.2022 07:00:00 +01:00,21955.85,19845.50
21.01.2022 08:00:00 +01:00,23205.62,20418.12
21.01.2022 09:00:00 +01:00,22917.47,20281.71
21.01.2022 10:00:00 +01:00,23028.24,20187.11
21.01.2022 11:00:00 +01:00,22350.98,20052.31
21.01.2022 12:00:00 +01:00,21676.77,19730.18
21.01.2022 13:00:00 +01:00,22127.61,19546.72
21.01.2022 14:00:00 +01:00,22122.10,19447.43
21.01.2022 15:00:00 +01:00,22476.70,19433.48
21.01.2022 16:00:00 +01:00,23456.50,19607.84
21.01.2022 17:00:00 +01:00,24457.07,19449.17
21.01.2022 18:00:00 +01:00,23925.25,19273.12
21.01.2022 19:00:00 +01:00,22365.73,18904.17
21.01.2022 20:00:00 +01:00,21262.80,18425.16
21.01.2022 21:00:00 +01:00,20414.11,17946.44
21.01.2022 22:00:00 +01:00,19821.21,17554.61
21.01.2022 23:00:00 +01:00,17828.12,17195.38
22.01.2022 00:00:00 +01:00,17146.46,16690.54
22.01.2022 01:00:00 +01:00,16626.69,16400.21
22.01.2022 02:00:00 +01:00,16282.47,16213.46
22.01.2022 03:00:00 +01:00,16231.13,16024.13
22.01.2022 04:00:00 +01:00,16419.18,16086.02
22.01.2022 05:00:00 +01:00,16945.62,16225.67
22.01.2022 06:00:00 +01:00,18662.22,16532.74
22.01.2022 07:00:00 +01:00,21807.80,16902.39
22.01.2022 08:00:00 +01:00,23617.35,17391.60
22.01.2022 09:00:00 +01:00,24429.52,17867.65
22.01.2022 10:00:00 +01:00,24959.65,18184.96
22.01.2022 11:00:00 +01:00,25005.85,18208.36
22.01.2022 12:00:00 +01:00,24956.17,18097.18
22.01.2022 13:00:00 +01:00,24570.26,17897.67
22.01.2022 14:00:00 +01:00,24128.57,17763.40
22.01.2022 15:00:00 +01:00,24071.63,17723.77
22.01.2022 16:00:00 +01:00,24313.83,18003.61
22.01.2022 17:00:00 +01:00,24625.13,18233.49
22.01.2022 18:00:00 +01:00,24558.01,18217.50
22.01.2022 19:00:00 +01:00,24175.89,17904.38
22.01.2022 20:00:00 +01:00,23257.57,17441.36
22.01.2022 21:00:00 +01:00,22646.34,16991.43
22.01.2022 22:00:00 +01:00,21625.35,16604.59
22.01.2022 23:00:00 +01:00,20324.28,16227.07
23.01.2022 00:00:00 +01:00,19787.30,15894.13
23.01.2022 01:00:00 +01:00,18963.05,15613.16
23.01.2022 02:00:00 +01:00,18633.88,15401.36
23.01.2022 03:00:00 +01:00,18399.95,15304.99
23.01.2022 04:00:00 +01:00,18455.45,15282.88
23.01.2022 05:00:00 +01:00,18617.02,15329.91
23.01.2022 06:00:00 +01:00,18951.59,15488.59
23.01.2022 07:00:00 +01:00,20453.26,15804.79
23.01.2022 08:00:00 +01:00,21442.90,16239.93
23.01.2022 09:00:00 +01:00,22308.76,16707.08
23.01.2022 10:00:00 +01:00,22923.62,17115.09
23.01.2022 11:00:00 +01:00,23536.96,17232.66
23.01.2022 12:00:00 +01:00,23288.93,17232.23
23.01.2022 13:00:00 +01:00,22844.02,17124.04
23.01.2022 14:00:00 +01:00,22252.81,17191.97
23.01.2022 15:00:00 +01:00,22086.46,17305.17
23.01.2022 16:00:00 +01:00,22925.80,17610.29
23.01.2022 17:00:00 +01:00,23938.64,17795.63
23.01.2022 18:00:00 +01:00,23406.61,17755.66
23.01.2022 19:00:00 +01:00,22431.70,17713.89
23.01.2022 20:00:00 +01:00,21154.99,17554.49
23.01.2022 21:00:00 +01:00,20652.92,17309.14
23.01.2022 22:00:00 +01:00,19771.31,16850.83
23.01.2022 23:00:00 +01:00,18671.55,16423.14
24.01.2022 00:00:00 +01:00,18251.61,16048.10
24.01.2022 01:00:00 +01:00,17860.44,15728.67
24.01.2022 02:00:00 +01:00,17612.62,15541.79
24.01.2022 03:00:00 +01:00,17349.64,15541.86
24.01.2022 04:00:00 +01:00,17195.19,15448.93
24.01.2022 05:00:00 +01:00,18273.38,16108.52
24.01.2022 06:00:00 +01:00,19938.30,17238.71
24.01.2022 07:00:00 +01:00,21849.49,18617.54
24.01.2022 08:00:00 +01:00,22284.90,19157.34
24.01.2022 09:00:00 +01:00,22240.38,19160.53
24.01.2022 10:00:00 +01:00,22447.90,19020.17
24.01.2022 11:00:00 +01:00,22520.28,18917.35
24.01.2022 12:00:00 +01:00,22383.78,18811.97
24.01.2022 13:00:00 +01:00,22242.06,18615.58
24.01.2022 14:00:00 +01:00,22301.74,18612.01
24.01.2022 15:00:00 +01:00,22295.02,18661.49
24.01.2022 16:00:00 +01:00,22682.87,18964.81
24.01.2022 17:00:00 +01:00,22675.74,18941.91
24.01.2022 18:00:00 +01:00,21752.11,18814.79
24.01.2022 19:00:00 +01:00,20786.36,18627.11
24.01.2022 20:00:00 +01:00,20779.71,18406.36
24.01.2022 21:00:00 +01:00,21538.64,18096.77
24.01.2022 22:00:00 +01:00,20726.51,17654.20
24.01.2022 23:00:00 +01:00,19625.14,17081.36
25.01.2022 00:00:00 +01:00,19324.72,16750.66
25.01.2022 01:00:00 +01:00,19143.73,16385.22
25.01.2022 02:00:00 +01:00,19222.51,16216.58
25.01.2022 03:00:00 +01:00,19256.95,16174.24
25.01.2022 04:00:00 +01:00,19238.37,16294.53
25.01.2022 05:00:00 +01:00,20133.27,16713.23
25.01.2022 06:00:00 +01:00,21805.88,17843.25
25.01.2022 07:00:00 +01:00,25372.32,19248.41
25.01.2022 08:00:00 +01:00,26363.30,19610.59
25.01.2022 09:00:00 +01:00,26213.00,19411.05
25.01.2022 10:00:00 +01:00,26176.05,18555.31
25.01.2022 11:00:00 +01:00,25755.35,19095.70
25.01.2022 12:00:00 +01:00,25698.89,18504.13
25.01.2022 13:00:00 +01:00,25790.73,18747.26
25.01.2022 14:00:00 +01:00,25774.63,18828.32
25.01.2022 15:00:00 +01:00,25338.42,18899.15
25.01.2022 16:00:00 +01:00,26032.69,19136.07
25.01.2022 17:00:00 +01:00,26712.34,19175.03
25.01.2022 18:00:00 +01:00,26411.48,19130.68
25.01.2022 19:00:00 +01:00,25544.49,18860.46
25.01.2022 20:00:00 +01:00,24788.26,18584.76
25.01.2022 21:00:00 +01:00,23983.49,18185.61
25.01.2022 22:00:00 +01:00,22867.53,17683.55
25.01.2022 23:00:00 +01:00,20315.54,17090.44
26.01.2022 00:00:00 +01:00,19021.27,16465.68
26.01.2022 01:00:00 +01:00,18069.45,16076.90
26.01.2022 02:00:00 +01:00,17498.88,15898.62
26.01.2022 03:00:00 +01:00,17138.90,15868.45
26.01.2022 04:00:00 +01:00,16878.73,15971.14
26.01.2022 05:00:00 +01:00,17500.71,16384.70
26.01.2022 06:00:00 +01:00,19403.04,17477.60
26.01.2022 07:00:00 +01:00,21178.14,18916.16
26.01.2022 08:00:00 +01:00,21659.07,19334.30
26.01.2022 09:00:00 +01:00,21255.04,19359.06
26.01.2022 10:00:00 +01:00,21136.66,19115.10
26.01.2022 11:00:00 +01:00,20811.43,18842.31
26.01.2022 12:00:00 +01:00,20588.60,18653.95
26.01.2022 13:00:00 +01:00,20456.85,18364.85
26.01.2022 14:00:00 +01:00,20379.73,18457.90
26.01.2022 15:00:00 +01:00,20405.23,18530.60
26.01.2022 16:00:00 +01:00,20651.05,18907.58
26.01.2022 17:00:00 +01:00,21401.53,18855.50
26.01.2022 18:00:00 +01:00,21078.58,18630.81
26.01.2022 19:00:00 +01:00,20605.37,18440.87
26.01.2022 20:00:00 +01:00,20046.66,18148.08
26.01.2022 21:00:00 +01:00,19941.22,17881.62
26.01.2022 22:00:00 +01:00,19057.41,17351.96
26.01.2022 23:00:00 +01:00,18211.78,16708.76
27.01.2022 00:00:00 +01:00,17696.51,16113.12
27.01.2022 01:00:00 +01:00,16663.57,15731.46
27.01.2022 02:00:00 +01:00,15819.13,15551.88
27.01.2022 03:00:00 +01:00,15171.60,15463.48
27.01.2022 04:00:00 +01:00,15234.57,15538.22
27.01.2022 05:00:00 +01:00,15550.87,15925.01
27.01.2022 06:00:00 +01:00,17175.05,16975.73
27.01.2022 07:00:00 +01:00,19487.85,18325.50
27.01.2022 08:00:00 +01:00,19503.80,18734.35
27.01.2022 09:00:00 +01:00,19383.30,18694.35
27.01.2022 10:00:00 +01:00,19569.43,18083.76
27.01.2022 11:00:00 +01:00,19040.57,18505.01
27.01.2022 12:00:00 +01:00,18674.53,18370.56
27.01.2022 13:00:00 +01:00,18697.37,18291.68
27.01.2022 14:00:00 +01:00,19322.31,18389.49
27.01.2022 15:00:00 +01:00,19554.91,18304.06
27.01.2022 16:00:00 +01:00,19666.26,18473.79
27.01.2022 17:00:00 +01:00,20573.18,18507.71
27.01.2022 18:00:00 +01:00,20179.54,18299.85
27.01.2022 19:00:00 +01:00,20025.86,18239.48
27.01.2022 20:00:00 +01:00,19703.87,18073.68
27.01.2022 21:00:00 +01:00,19661.16,17771.93
27.01.2022 22:00:00 +01:00,18400.49,17283.41
27.01.2022 23:00:00 +01:00,17144.63,16757.31
28.01.2022 00:00:00 +01:00,15947.34,16308.43
28.01.2022 01:00:00 +01:00,14852.99,16038.25
28.01.2022 02:00:00 +01:00,14199.13,15935.14
28.01.2022 03:00:00 +01:00,13974.63,15938.58
28.01.2022 04:00:00 +01:00,13911.61,16020.34
28.01.2022 05:00:00 +01:00,15312.35,16484.43
28.01.2022 06:00:00 +01:00,17889.12,17680.22
28.01.2022 07:00:00 +01:00,20659.19,19192.97
28.01.2022 08:00:00 +01:00,21842.98,19745.20
28.01.2022 09:00:00 +01:00,21820.36,19739.87
28.01.2022 10:00:00 +01:00,21658.45,19495.77
28.01.2022 11:00:00 +01:00,21788.02,19241.41
28.01.2022 12:00:00 +01:00,22643.38,18987.39
28.01.2022 13:00:00 +01:00,22960.27,19056.02
28.01.2022 14:00:00 +01:00,23310.91,19138.74
28.01.2022 15:00:00 +01:00,24142.31,19232.48
28.01.2022 16:00:00 +01:00,24822.53,19381.55
28.01.2022 17:00:00 +01:00,25263.44,19392.71
28.01.2022 18:00:00 +01:00,24249.36,19131.70
28.01.2022 19:00:00 +01:00,22620.96,18790.25
28.01.2022 20:00:00 +01:00,20125.50,18331.30
28.01.2022 21:00:00 +01:00,18908.33,17821.55
28.01.2022 22:00:00 +01:00,17719.22,17410.76
28.01.2022 23:00:00 +01:00,16536.03,16990.72
29.01.2022 00:00:00 +01:00,16388.34,16449.82
29.01.2022 01:00:00 +01:00,15294.82,16063.31
29.01.2022 02:00:00 +01:00,14310.88,15787.18
29.01.2022 03:00:00 +01:00,13534.09,15651.82
29.01.2022 04:00:00 +01:00,13234.74,15569.40
29.01.2022 05:00:00 +01:00,13339.07,15578.23
29.01.2022 06:00:00 +01:00,13872.99,15788.74
29.01.2022 07:00:00 +01:00,14684.25,16061.92
29.01.2022 08:00:00 +01:00,15946.21,16486.03
29.01.2022 09:00:00 +01:00,16552.29,16998.89
29.01.2022 10:00:00 +01:00,16770.68,17343.66
29.01.2022 11:00:00 +01:00,17147.75,17376.78
29.01.2022 12:00:00 +01:00,16767.13,17319.03
29.01.2022 13:00:00 +01:00,16569.06,17254.78
29.01.2022 14:00:00 +01:00,16542.23,17259.55
29.01.2022 15:00:00 +01:00,16122.37,17325.41
29.01.2022 16:00:00 +01:00,16886.08,17494.75
29.01.2022 17:00:00 +01:00,17737.51,17802.06
29.01.2022 18:00:00 +01:00,18378.78,17712.63
29.01.2022 19:00:00 +01:00,18079.33,17499.66
29.01.2022 20:00:00 +01:00,17278.37,17374.78
29.01.2022 21:00:00 +01:00,16402.21,17092.85
29.01.2022 22:00:00 +01:00,14968.49,16792.30
29.01.2022 23:00:00 +01:00,14340.15,16539.33
30.01.2022 00:00:00 +01:00,13579.04,16167.82
30.01.2022 01:00:00 +01:00,12960.44,15916.58
30.01.2022 02:00:00 +01:00,12917.81,15724.04
30.01.2022 03:00:00 +01:00,13001.83,15599.75
30.01.2022 04:00:00 +01:00,13134.98,15635.52
30.01.2022 05:00:00 +01:00,13335.54,15719.36
30.01.2022 06:00:00 +01:00,13817.46,15881.77
30.01.2022 07:00:00 +01:00,14366.41,16167.82
30.01.2022 08:00:00 +01:00,15368.02,16607.89
30.01.2022 09:00:00 +01:00,15961.59,17016.53
30.01.2022 10:00:00 +01:00,16161.82,17286.22
30.01.2022 11:00:00 +01:00,16048.12,17341.88
30.01.2022 12:00:00 +01:00,15558.80,17314.56
30.01.2022 13:00:00 +01:00,15488.87,17246.58
30.01.2022 14:00:00 +01:00,15958.52,17268.89
30.01.2022 15:00:00 +01:00,16839.44,17509.25
30.01.2022 16:00:00 +01:00,17751.96,17986.13
30.01.2022 17:00:00 +01:00,18629.26,18388.86
30.01.2022 18:00:00 +01:00,19094.26,18449.94
30.01.2022 19:00:00 +01:00,19739.44,18475.84
30.01.2022 20:00:00 +01:00,20184.67,18376.07
30.01.2022 21:00:00 +01:00,20586.47,18184.41
30.01.2022 22:00:00 +01:00,20458.74,17821.24
30.01.2022 23:00:00 +01:00,20163.44,17396.77
31.01.2022 00:00:00 +01:00,18612.34,17065.17
31.01.2022 01:00:00 +01:00,17378.80,16780.48
31.01.2022 02:00:00 +01:00,16477.91,16727.30
31.01.2022 03:00:00 +01:00,15456.08,16706.11
31.01.2022 04:00:00 +01:00,15674.97,16959.58
31.01.2022 05:00:00 +01:00,18098.06,17501.46
31.01.2022 06:00:00 +01:00,23090.53,18705.62
31.01.2022 07:00:00 +01:00,25546.41,20068.56
31.01.2022 08:00:00 +01:00,25774.10,20364.44
31.01.2022 09:00:00 +01:00,25941.08,20350.49
31.01.2022 10:00:00 +01:00,25668.25,20317.09
31.01.2022 11:00:00 +01:00,25805.93,20130.14
31.01.2022 12:00:00 +01:00,25882.43,20057.82
31.01.2022 13:00:00 +01:00,25986.68,20004.03
31.01.2022 14:00:00 +01:00,26072.68,20117.63
31.01.2022 15:00:00 +01:00,25873.47,20267.03
31.01.2022 16:00:00 +01:00,26053.00,20348.15
31.01.2022 17:00:00 +01:00,26709.19,20355.83
31.01.2022 18:00:00 +01:00,26899.53,20163.63
31.01.2022 19:00:00 +01:00,26983.09,19990.42
31.01.2022 20:00:00 +01:00,26733.11,19819.86
31.01.2022 21:00:00 +01:00,26172.51,19574.40
31.01.2022 22:00:00 +01:00,25351.67,19066.43
31.01.2022 23:00:00 +01:00,22943.56,18435.14
01.02.2022 00:00:00 +01:00,21669.01,17947.96
01.02.2022 01:00:00 +01:00,20613.05,17611.08
01.02.2022 02:00:00 +01:00,20377.88,17487.76
01.02.2022 03:00:00 +01:00,20241.43,17457.28
01.02.2022 04:00:00 +01:00,20438.67,17504.11
01.02.2022 05:00:00 +01:00,22128.93,17900.55
01.02.2022 06:00:00 +01:00,24514.37,19001.99
01.02.2022 07:00:00 +01:00,26033.55,20311.57
01.02.2022 08:00:00 +01:00,26187.70,20847.23
01.02.2022 09:00:00 +01:00,26518.19,20687.19
01.02.2022 10:00:00 +01:00,26253.75,20032.59
01.02.2022 11:00:00 +01:00,25904.88,20514.20
01.02.2022 12:00:00 +01:00,25039.34,20687.74
01.02.2022 13:00:00 +01:00,23867.17,20656.02
01.02.2022 14:00:00 +01:00,22254.89,20634.03
01.02.2022 15:00:00 +01:00,21598.67,20648.04
01.02.2022 16:00:00 +01:00,21720.16,20758.14
01.02.2022 17:00:00 +01:00,22018.64,20771.51
01.02.2022 18:00:00 +01:00,21846.71,20532.12
01.02.2022 19:00:00 +01:00,20316.59,20257.18
01.02.2022 20:00:00 +01:00,19900.09,20070.10
01.02.2022 21:00:00 +01:00,19564.70,19744.29
01.02.2022 22:00:00 +01:00,18838.53,19220.53
01.02.2022 23:00:00 +01:00,17662.99,18560.45
02.02.2022 00:00:00 +01:00,16870.25,18035.34
02.02.2022 01:00:00 +01:00,15975.42,17679.05
02.02.2022 02:00:00 +01:00,15227.63,17520.11
02.02.2022 03:00:00 +01:00,15306.26,17444.60
02.02.2022 04:00:00 +01:00,15874.49,17556.95
02.02.2022 05:00:00 +01:00,17053.07,17935.97
02.02.2022 06:00:00 +01:00,18564.35,19086.03
02.02.2022 07:00:00 +01:00,22060.37,20463.73
02.02.2022 08:00:00 +01:00,24120.03,20901.40
02.02.2022 09:00:00 +01:00,23583.14,20794.20
02.02.2022 10:00:00 +01:00,22780.83,20698.55
02.02.2022 11:00:00 +01:00,22190.31,20309.16
02.02.2022 12:00:00 +01:00,21198.45,20106.99
02.02.2022 13:00:00 +01:00,21525.49,19892.72
02.02.2022 14:00:00 +01:00,22844.78,19828.70
02.02.2022 15:00:00 +01:00,23780.56,19908.76
02.02.2022 16:00:00 +01:00,25889.08,20162.16
02.02.2022 17:00:00 +01:00,27008.28,20368.81
02.02.2022 18:00:00 +01:00,27106.85,20309.18
02.02.2022 19:00:00 +01:00,27119.35,20188.46
02.02.2022 20:00:00 +01:00,26151.04,19992.93
02.02.2022 21:00:00 +01:00,25774.26,19702.73
02.02.2022 22:00:00 +01:00,25126.79,19152.65
02.02.2022 23:00:00 +01:00,23312.52,18562.99
03.02.2022 00:00:00 +01:00,22151.88,18143.01
03.02.2022 01:00:00 +01:00,22656.95,17837.79
03.02.2022 02:00:00 +01:00,22596.35,17718.63
03.02.2022 03:00:00 +01:00,22629.89,17667.50
03.02.2022 04:00:00 +01:00,23212.41,17767.89
03.02.2022 05:00:00 +01:00,24564.74,18126.70
03.02.2022 06:00:00 +01:00,25740.19,19273.64
03.02.2022 07:00:00 +01:00,26621.73,20586.40
03.02.2022 08:00:00 +01:00,26619.21,21018.31
03.02.2022 09:00:00 +01:00,26136.98,21021.26
03.02.2022 10:00:00 +01:00,25971.19,20252.86
03.02.2022 11:00:00 +01:00,26658.04,20824.89
03.02.2022 12:00:00 +01:00,26927.68,20701.52
03.02.2022 13:00:00 +01:00,27041.62,20688.66
03.02.2022 14:00:00 +01:00,26982.13,20561.36
03.02.2022 15:00:00 +01:00,27212.68,20555.11
03.02.2022 16:00:00 +01:00,27444.08,20670.42
03.02.2022 17:00:00 +01:00,27230.94,20597.56
03.02.2022 18:00:00 +01:00,26845.55,20376.16
03.02.2022 19:00:00 +01:00,26697.71,20102.92
03.02.2022 20:00:00 +01:00,25775.51,19838.09
03.02.2022 21:00:00 +01:00,24247.99,19409.75
03.02.2022 22:00:00 +01:00,22748.81,18901.79
03.02.2022 23:00:00 +01:00,21017.75,18266.09
04.02.2022 00:00:00 +01:00,19877.00,17669.27
04.02.2022 01:00:00 +01:00,19061.88,17250.19
04.02.2022 02:00:00 +01:00,18208.53,17036.70
04.02.2022 03:00:00 +01:00,17719.21,16897.55
04.02.2022 04:00:00 +01:00,16936.98,16969.56
04.02.2022 05:00:00 +01:00,17088.70,17253.11
04.02.2022 06:00:00 +01:00,18774.17,18250.24
04.02.2022 07:00:00 +01:00,21000.46,19497.49
04.02.2022 08:00:00 +01:00,21613.83,19912.71
04.02.2022 09:00:00 +01:00,21363.45,19952.91
04.02.2022 10:00:00 +01:00,20738.48,19938.17
04.02.2022 11:00:00 +01:00,20866.74,19715.01
04.02.2022 12:00:00 +01:00,20360.27,19493.67
04.02.2022 13:00:00 +01:00,19580.60,19509.54
04.02.2022 14:00:00 +01:00,19232.01,19375.23
04.02.2022 15:00:00 +01:00,19805.26,19303.18
04.02.2022 16:00:00 +01:00,20811.73,19422.49
04.02.2022 17:00:00 +01:00,21548.41,19695.68
04.02.2022 18:00:00 +01:00,21899.63,19589.17
04.02.2022 19:00:00 +01:00,20608.68,19346.81
04.02.2022 20:00:00 +01:00,19169.38,18865.76
04.02.2022 21:00:00 +01:00,18290.39,18512.07
04.02.2022 22:00:00 +01:00,17363.84,18094.72
04.02.2022 23:00:00 +01:00,16720.36,17701.31
05.02.2022 00:00:00 +01:00,15957.48,17348.83
05.02.2022 01:00:00 +01:00,15575.96,17034.54
05.02.2022 02:00:00 +01:00,14907.86,16815.95
05.02.2022 03:00:00 +01:00,14528.70,16678.68
05.02.2022 04:00:00 +01:00,14713.97,16653.45
05.02.2022 05:00:00 +01:00,15329.22,16829.01
05.02.2022 06:00:00 +01:00,16019.43,17205.38
05.02.2022 07:00:00 +01:00,16227.44,17689.64
05.02.2022 08:00:00 +01:00,17094.04,18183.55
05.02.2022 09:00:00 +01:00,18016.82,18557.66
05.02.2022 10:00:00 +01:00,17849.64,18784.90
05.02.2022 11:00:00 +01:00,16836.13,18680.40
05.02.2022 12:00:00 +01:00,15975.67,18402.01
05.02.2022 13:00:00 +01:00,15559.82,18210.59
05.02.2022 14:00:00 +01:00,15450.27,18101.90
05.02.2022 15:00:00 +01:00,15468.09,18043.14
05.02.2022 16:00:00 +01:00,16236.06,18303.71
05.02.2022 17:00:00 +01:00,17296.69,18694.94
05.02.2022 18:00:00 +01:00,17296.38,18612.20
05.02.2022 19:00:00 +01:00,16704.43,18274.02
05.02.2022 20:00:00 +01:00,15980.56,17858.09
05.02.2022 21:00:00 +01:00,14830.88,17341.39
05.02.2022 22:00:00 +01:00,14081.19,16938.13
05.02.2022 23:00:00 +01:00,12392.50,16617.55
06.02.2022 00:00:00 +01:00,11384.66,16281.24
06.02.2022 01:00:00 +01:00,10483.30,16131.32
06.02.2022 02:00:00 +01:00,9919.42,16030.14
06.02.2022 03:00:00 +01:00,9515.06,16057.91
06.02.2022 04:00:00 +01:00,9469.05,16092.63
06.02.2022 05:00:00 +01:00,9626.22,16197.23
06.02.2022 06:00:00 +01:00,10489.29,16430.15
06.02.2022 07:00:00 +01:00,12355.95,16767.90
06.02.2022 08:00:00 +01:00,13941.51,17206.27
06.02.2022 09:00:00 +01:00,15200.63,17541.71
06.02.2022 10:00:00 +01:00,16516.21,17784.05
06.02.2022 11:00:00 +01:00,16931.26,17777.76
06.02.2022 12:00:00 +01:00,17173.71,17622.18
06.02.2022 13:00:00 +01:00,17253.69,17572.77
06.02.2022 14:00:00 +01:00,17339.93,17548.97
06.02.2022 15:00:00 +01:00,17467.86,17688.82
06.02.2022 16:00:00 +01:00,17848.40,18001.81
06.02.2022 17:00:00 +01:00,18684.88,18425.07
06.02.2022 18:00:00 +01:00,19275.63,18595.19
06.02.2022 19:00:00 +01:00,18919.11,18606.42
06.02.2022 20:00:00 +01:00,18924.97,18454.33
06.02.2022 21:00:00 +01:00,18246.70,18199.78
06.02.2022 22:00:00 +01:00,17911.18,17826.52
06.02.2022 23:00:00 +01:00,16236.43,17376.58
07.02.2022 00:00:00 +01:00,14837.10,16952.07
07.02.2022 01:00:00 +01:00,14347.26,16714.73
07.02.2022 02:00:00 +01:00,14203.08,16659.62
07.02.2022 03:00:00 +01:00,13628.22,16544.63
07.02.2022 04:00:00 +01:00,14190.66,16703.44
07.02.2022 05:00:00 +01:00,15421.79,17089.88
07.02.2022 06:00:00 +01:00,17424.59,18328.43
07.02.2022 07:00:00 +01:00,20236.08,19746.32
07.02.2022 08:00:00 +01:00,20571.67,20054.81
07.02.2022 09:00:00 +01:00,19319.17,19971.07
07.02.2022 10:00:00 +01:00,18662.71,19622.41
07.02.2022 11:00:00 +01:00,17839.02,19106.10
07.02.2022 12:00:00 +01:00,16127.68,18669.93
07.02.2022 13:00:00 +01:00,16810.71,18513.90
07.02.2022 14:00:00 +01:00,17383.51,18433.59
07.02.2022 15:00:00 +01:00,17605.47,18528.15
07.02.2022 16:00:00 +01:00,19366.56,18837.45
07.02.2022 17:00:00 +01:00,20901.46,19055.29
07.02.2022 18:00:00 +01:00,21227.98,18964.43
07.02.2022 19:00:00 +01:00,21436.39,18721.73
07.02.2022 20:00:00 +01:00,21020.49,18597.61
07.02.2022 21:00:00 +01:00,20202.83,18267.68
07.02.2022 22:00:00 +01:00,18852.03,17716.15
07.02.2022 23:00:00 +01:00,17059.22,17087.32
08.02.2022 00:00:00 +01:00,16431.53,16476.60
08.02.2022 01:00:00 +01:00,15727.32,16149.29
08.02.2022 02:00:00 +01:00,15114.57,15998.61
08.02.2022 03:00:00 +01:00,14421.32,15898.09
08.02.2022 04:00:00 +01:00,14186.25,15960.88
08.02.2022 05:00:00 +01:00,15608.37,16351.97
08.02.2022 06:00:00 +01:00,17989.82,17574.04
08.02.2022 07:00:00 +01:00,19644.08,18896.72
08.02.2022 08:00:00 +01:00,20259.66,19305.80
08.02.2022 09:00:00 +01:00,19908.32,19077.57
08.02.2022 10:00:00 +01:00,19410.85,18188.26
08.02.2022 11:00:00 +01:00,19049.86,18567.62
08.02.2022 12:00:00 +01:00,18993.24,18371.82
08.02.2022 13:00:00 +01:00,18515.82,18065.58
08.02.2022 14:00:00 +01:00,18398.07,18049.22
08.02.2022 15:00:00 +01:00,19248.46,18029.38
08.02.2022 16:00:00 +01:00,20093.36,18225.85
08.02.2022 17:00:00 +01:00,21095.80,18597.69
08.02.2022 18:00:00 +01:00,21567.58,18644.98
08.02.2022 19:00:00 +01:00,21371.58,18510.03
08.02.2022 20:00:00 +01:00,21004.09,18351.16
08.02.2022 21:00:00 +01:00,20132.94,18037.74
08.02.2022 22:00:00 +01:00,18977.52,17553.80
08.02.2022 23:00:00 +01:00,17569.36,16970.90
09.02.2022 00:00:00 +01:00,17027.57,16428.65
09.02.2022 01:00:00 +01:00,16366.98,16126.60
09.02.2022 02:00:00 +01:00,16588.83,16057.91
09.02.2022 03:00:00 +01:00,15853.78,15990.53
09.02.2022 04:00:00 +01:00,16398.86,16078.84
09.02.2022 05:00:00 +01:00,17018.00,16479.31
09.02.2022 06:00:00 +01:00,19756.31,17593.51
09.02.2022 07:00:00 +01:00,21517.17,18884.65
09.02.2022 08:00:00 +01:00,21517.98,19114.81
09.02.2022 09:00:00 +01:00,20891.93,19074.71
09.02.2022 10:00:00 +01:00,20239.62,18866.46
09.02.2022 11:00:00 +01:00,19536.04,18614.63
09.02.2022 12:00:00 +01:00,19332.49,18475.79
09.02.2022 13:00:00 +01:00,19316.12,18459.66
09.02.2022 14:00:00 +01:00,19211.28,18435.32
09.02.2022 15:00:00 +01:00,19525.86,18503.17
09.02.2022 16:00:00 +01:00,20352.58,18783.02
09.02.2022 17:00:00 +01:00,21721.11,18955.94
09.02.2022 18:00:00 +01:00,22190.69,18948.67
09.02.2022 19:00:00 +01:00,21481.98,18879.82
09.02.2022 20:00:00 +01:00,21087.59,18663.37
09.02.2022 21:00:00 +01:00,20418.95,18392.31
09.02.2022 22:00:00 +01:00,19971.62,17868.74
09.02.2022 23:00:00 +01:00,19192.54,17249.77
10.02.2022 00:00:00 +01:00,18741.02,16766.57
10.02.2022 01:00:00 +01:00,18876.44,16506.45
10.02.2022 02:00:00 +01:00,18542.53,16300.77
10.02.2022 03:00:00 +01:00,18438.54,16220.03
10.02.2022 04:00:00 +01:00,18727.34,16315.28
10.02.2022 05:00:00 +01:00,19841.58,16706.00
10.02.2022 06:00:00 +01:00,21658.72,17851.22
10.02.2022 07:00:00 +01:00,23442.13,19298.43
10.02.2022 08:00:00 +01:00,23474.47,19686.46
10.02.2022 09:00:00 +01:00,22895.59,19495.59
10.02.2022 10:00:00 +01:00,22618.38,18582.46
10.02.2022 11:00:00 +01:00,22422.94,18850.91
10.02.2022 12:00:00 +01:00,22010.51,18543.32
10.02.2022 13:00:00 +01:00,21418.34,18457.72
10.02.2022 14:00:00 +01:00,21154.24,18483.42
10.02.2022 15:00:00 +01:00,21258.18,18653.84
10.02.2022 16:00:00 +01:00,21965.02,18793.67
10.02.2022 17:00:00 +01:00,23130.77,19102.75
10.02.2022 18:00:00 +01:00,23281.75,19078.36
10.02.2022 19:00:00 +01:00,22757.92,18971.01
10.02.2022 20:00:00 +01:00,22410.86,18830.32
10.02.2022 21:00:00 +01:00,21521.33,18428.44
10.02.2022 22:00:00 +01:00,20766.99,18183.60
10.02.2022 23:00:00 +01:00,20056.52,17656.68
11.02.2022 00:00:00 +01:00,19874.89,17135.99
11.02.2022 01:00:00 +01:00,19897.87,16825.93
11.02.2022 02:00:00 +01:00,20125.13,16710.77
11.02.2022 03:00:00 +01:00,20088.72,16725.08
11.02.2022 04:00:00 +01:00,20162.48,16881.83
11.02.2022 05:00:00 +01:00,20930.03,17362.38
11.02.2022 06:00:00 +01:00,22857.28,18638.81
11.02.2022 07:00:00 +01:00,24901.64,20086.70
11.02.2022 08:00:00 +01:00,25160.85,20147.83
11.02.2022 09:00:00 +01:00,24654.82,20358.98
11.02.2022 10:00:00 +01:00,23372.51,20055.57
11.02.2022 11:00:00 +01:00,21513.20,19740.98
11.02.2022 12:00:00 +01:00,19239.75,19321.56
11.02.2022 13:00:00 +01:00,18705.52,19047.90
11.02.2022 14:00:00 +01:00,19426.78,18935.83
11.02.2022 15:00:00 +01:00,20971.87,19012.58
11.02.2022 16:00:00 +01:00,22610.19,19205.98
11.02.2022 17:00:00 +01:00,24193.91,19425.22
11.02.2022 18:00:00 +01:00,23971.02,19376.01
11.02.2022 19:00:00 +01:00,23062.91,19158.61
11.02.2022 20:00:00 +01:00,21903.73,18757.66
11.02.2022 21:00:00 +01:00,21638.87,18323.65
11.02.2022 22:00:00 +01:00,20957.50,17834.23
11.02.2022 23:00:00 +01:00,20489.36,17400.10
12.02.2022 00:00:00 +01:00,20638.03,16960.92
12.02.2022 01:00:00 +01:00,20689.62,16683.63
12.02.2022 02:00:00 +01:00,20458.05,16445.65
12.02.2022 03:00:00 +01:00,20148.66,16302.00
12.02.2022 04:00:00 +01:00,19454.58,16229.17
12.02.2022 05:00:00 +01:00,19085.86,16249.80
12.02.2022 06:00:00 +01:00,19154.74,16498.45
12.02.2022 07:00:00 +01:00,19554.73,16919.06
12.02.2022 08:00:00 +01:00,19685.21,17492.39
12.02.2022 09:00:00 +01:00,19293.39,17979.81
12.02.2022 10:00:00 +01:00,18546.34,18247.72
12.02.2022 11:00:00 +01:00,17648.82,18264.30
12.02.2022 12:00:00 +01:00,17141.03,18171.77
12.02.2022 13:00:00 +01:00,16768.08,18059.44
12.02.2022 14:00:00 +01:00,17475.28,17924.34
12.02.2022 15:00:00 +01:00,18236.39,17935.40
12.02.2022 16:00:00 +01:00,18890.30,18105.50
12.02.2022 17:00:00 +01:00,20458.69,18402.21
12.02.2022 18:00:00 +01:00,20144.97,18340.53
12.02.2022 19:00:00 +01:00,19368.83,18002.04
12.02.2022 20:00:00 +01:00,18773.15,17576.39
12.02.2022 21:00:00 +01:00,18273.56,17142.80
12.02.2022 22:00:00 +01:00,17891.68,16792.37
12.02.2022 23:00:00 +01:00,17362.29,16393.84
13.02.2022 00:00:00 +01:00,16588.46,16054.79
13.02.2022 01:00:00 +01:00,15968.48,15808.63
13.02.2022 02:00:00 +01:00,16033.88,15554.70
13.02.2022 03:00:00 +01:00,15502.02,15443.52
13.02.2022 04:00:00 +01:00,15553.58,15398.41
13.02.2022 05:00:00 +01:00,15215.79,15407.28
13.02.2022 06:00:00 +01:00,15024.01,15597.32
13.02.2022 07:00:00 +01:00,15441.17,15888.41
13.02.2022 08:00:00 +01:00,16119.63,16218.22
13.02.2022 09:00:00 +01:00,16462.70,16528.91
13.02.2022 10:00:00 +01:00,15916.09,16828.73
13.02.2022 11:00:00 +01:00,15777.67,17036.17
13.02.2022 12:00:00 +01:00,15920.23,17012.65
13.02.2022 13:00:00 +01:00,15711.40,16963.46
13.02.2022 14:00:00 +01:00,15181.19,16935.67
13.02.2022 15:00:00 +01:00,15280.89,17025.56
13.02.2022 16:00:00 +01:00,15666.31,17118.18
13.02.2022 17:00:00 +01:00,16711.29,17428.97
13.02.2022 18:00:00 +01:00,16901.33,17488.11
13.02.2022 19:00:00 +01:00,15996.47,17375.04
13.02.2022 20:00:00 +01:00,15174.83,17232.54
13.02.2022 21:00:00 +01:00,14894.77,16968.35
13.02.2022 22:00:00 +01:00,15106.24,16676.20
13.02.2022 23:00:00 +01:00,14528.91,16231.72
14.02.2022 00:00:00 +01:00,14030.12,15841.20
14.02.2022 01:00:00 +01:00,13589.12,15675.20
14.02.2022 02:00:00 +01:00,13615.49,15571.64
14.02.2022 03:00:00 +01:00,13556.92,15511.63
14.02.2022 04:00:00 +01:00,14066.52,15621.23
14.02.2022 05:00:00 +01:00,15017.45,16095.71
14.02.2022 06:00:00 +01:00,16976.01,17287.98
14.02.2022 07:00:00 +01:00,18913.34,18696.04
14.02.2022 08:00:00 +01:00,18956.79,19085.42
14.02.2022 09:00:00 +01:00,18449.93,19004.17
14.02.2022 10:00:00 +01:00,18646.82,19055.84
14.02.2022 11:00:00 +01:00,18172.84,18892.52
14.02.2022 12:00:00 +01:00,18152.86,18916.70
14.02.2022 13:00:00 +01:00,18026.01,18896.38
14.02.2022 14:00:00 +01:00,18658.49,18899.89
14.02.2022 15:00:00 +01:00,19442.79,18964.44
14.02.2022 16:00:00 +01:00,20030.78,19138.98
14.02.2022 17:00:00 +01:00,20793.32,19287.40
14.02.2022 18:00:00 +01:00,20893.70,19209.99
14.02.2022 19:00:00 +01:00,20102.14,18982.60
14.02.2022 20:00:00 +01:00,19237.81,18718.01
14.02.2022 21:00:00 +01:00,18792.51,18325.38
14.02.2022 22:00:00 +01:00,18181.55,17798.84
14.02.2022 23:00:00 +01:00,17307.90,17132.64
15.02.2022 00:00:00 +01:00,16791.15,16614.17
15.02.2022 01:00:00 +01:00,16245.15,16227.83
15.02.2022 02:00:00 +01:00,16052.57,16000.56
15.02.2022 03:00:00 +01:00,16354.71,15985.89
15.02.2022 04:00:00 +01:00,16415.28,16070.75
15.02.2022 05:00:00 +01:00,17136.49,16503.46
15.02.2022 06:00:00 +01:00,18950.08,17818.41
15.02.2022 07:00:00 +01:00,21071.76,19356.14
15.02.2022 08:00:00 +01:00,21643.13,19653.62
15.02.2022 09:00:00 +01:00,21566.09,19688.54
15.02.2022 10:00:00 +01:00,21263.20,18838.92
15.02.2022 11:00:00 +01:00,20615.45,19139.71
15.02.2022 12:00:00 +01:00,19933.97,18877.67
15.02.2022 13:00:00 +01:00,19640.78,18803.65
15.02.2022 14:00:00 +01:00,19515.28,18715.78
15.02.2022 15:00:00 +01:00,19518.70,18785.68
15.02.2022 16:00:00 +01:00,20197.64,18979.76
15.02.2022 17:00:00 +01:00,21089.15,19131.20
15.02.2022 18:00:00 +01:00,20726.80,19091.72
15.02.2022 19:00:00 +01:00,19840.80,18957.04
15.02.2022 20:00:00 +01:00,18309.83,18733.38
15.02.2022 21:00:00 +01:00,17644.17,18370.75
15.02.2022 22:00:00 +01:00,16817.04,17889.21
15.02.2022 23:00:00 +01:00,15833.92,17332.16
16.02.2022 00:00:00 +01:00,15045.42,16781.52
16.02.2022 01:00:00 +01:00,14809.37,16449.24
16.02.2022 02:00:00 +01:00,15214.47,16318.39
16.02.2022 03:00:00 +01:00,15970.19,16216.57
16.02.2022 04:00:00 +01:00,16250.34,16249.65
16.02.2022 05:00:00 +01:00,17139.17,16633.84
16.02.2022 06:00:00 +01:00,19529.30,17801.66
16.02.2022 07:00:00 +01:00,21129.39,19152.40
16.02.2022 08:00:00 +01:00,20973.77,19402.58
16.02.2022 09:00:00 +01:00,20547.63,19306.39
16.02.2022 10:00:00 +01:00,20368.10,19173.18
16.02.2022 11:00:00 +01:00,20461.92,18870.09
16.02.2022 12:00:00 +01:00,20313.48,18646.13
16.02.2022 13:00:00 +01:00,19717.64,18507.29
16.02.2022 14:00:00 +01:00,19017.02,18480.50
16.02.2022 15:00:00 +01:00,18851.92,18589.97
16.02.2022 16:00:00 +01:00,19036.50,18775.79
16.02.2022 17:00:00 +01:00,20030.95,18997.03
16.02.2022 18:00:00 +01:00,20819.43,19046.06
16.02.2022 19:00:00 +01:00,20678.96,18938.38
16.02.2022 20:00:00 +01:00,20060.14,18775.26
16.02.2022 21:00:00 +01:00,19111.93,18454.60
16.02.2022 22:00:00 +01:00,18141.02,17961.79
16.02.2022 23:00:00 +01:00,16593.18,17374.73
17.02.2022 00:00:00 +01:00,14910.12,16709.72
17.02.2022 01:00:00 +01:00,13306.79,16382.30
17.02.2022 02:00:00 +01:00,12887.73,16237.89
17.02.2022 03:00:00 +01:00,12425.35,16259.46
17.02.2022 04:00:00 +01:00,12361.70,16286.62
17.02.2022 05:00:00 +01:00,13225.63,16711.88
17.02.2022 06:00:00 +01:00,16531.35,18039.35
17.02.2022 07:00:00 +01:00,19522.73,19457.18
17.02.2022 08:00:00 +01:00,20502.43,19803.47
17.02.2022 09:00:00 +01:00,19328.60,19680.64
17.02.2022 10:00:00 +01:00,18696.12,19435.53
17.02.2022 11:00:00 +01:00,18048.98,19180.89
17.02.2022 12:00:00 +01:00,17494.83,18812.21
17.02.2022 13:00:00 +01:00,17348.30,18696.35
17.02.2022 14:00:00 +01:00,16961.59,17984.47
17.02.2022 15:00:00 +01:00,17735.65,18680.24
17.02.2022 16:00:00 +01:00,18685.86,18944.35
17.02.2022 17:00:00 +01:00,19660.02,19164.98
17.02.2022 18:00:00 +01:00,20553.91,19212.82
17.02.2022 19:00:00 +01:00,19666.50,19061.87
17.02.2022 20:00:00 +01:00,18510.07,18864.85
17.02.2022 21:00:00 +01:00,18286.78,18588.72
17.02.2022 22:00:00 +01:00,17386.89,18147.09
17.02.2022 23:00:00 +01:00,16668.62,17576.82
18.02.2022 00:00:00 +01:00,15747.45,17018.63
18.02.2022 01:00:00 +01:00,15311.18,16653.69
18.02.2022 02:00:00 +01:00,14980.08,16554.29
18.02.2022 03:00:00 +01:00,14867.82,16543.44
18.02.2022 04:00:00 +01:00,16014.64,16647.60
18.02.2022 05:00:00 +01:00,17974.25,17059.28
18.02.2022 06:00:00 +01:00,20325.68,18256.28
18.02.2022 07:00:00 +01:00,22194.09,19691.04
18.02.2022 08:00:00 +01:00,22840.88,20029.41
18.02.2022 09:00:00 +01:00,22819.13,19800.43
18.02.2022 10:00:00 +01:00,22438.35,19381.51
18.02.2022 11:00:00 +01:00,21788.08,18996.73
18.02.2022 12:00:00 +01:00,21067.17,18744.26
18.02.2022 13:00:00 +01:00,20109.14,18407.31
18.02.2022 14:00:00 +01:00,19031.91,18274.20
18.02.2022 15:00:00 +01:00,18749.96,18256.24
18.02.2022 16:00:00 +01:00,19381.49,18476.87
18.02.2022 17:00:00 +01:00,20923.87,18769.37
18.02.2022 18:00:00 +01:00,21816.79,18863.05
18.02.2022 19:00:00 +01:00,21605.70,18699.37
18.02.2022 20:00:00 +01:00,20873.15,18272.91
18.02.2022 21:00:00 +01:00,20397.41,17810.91
18.02.2022 22:00:00 +01:00,19617.59,17390.07
18.02.2022 23:00:00 +01:00,18240.05,16969.05
19.02.2022 00:00:00 +01:00,16383.19,16533.36
19.02.2022 01:00:00 +01:00,15301.31,16292.64
19.02.2022 02:00:00 +01:00,14303.50,16138.09
19.02.2022 03:00:00 +01:00,13811.17,16190.81
19.02.2022 04:00:00 +01:00,13805.15,16236.78
19.02.2022 05:00:00 +01:00,13889.00,16429.50
19.02.2022 06:00:00 +01:00,14817.88,16846.32
19.02.2022 07:00:00 +01:00,16005.61,17349.90
19.02.2022 08:00:00 +01:00,16485.94,17797.05
19.02.2022 09:00:00 +01:00,16354.33,18278.17
19.02.2022 10:00:00 +01:00,16116.88,18446.91
19.02.2022 11:00:00 +01:00,16149.90,18187.31
19.02.2022 12:00:00 +01:00,15801.55,17930.40
19.02.2022 13:00:00 +01:00,15289.69,17718.06
19.02.2022 14:00:00 +01:00,15744.74,17597.41
19.02.2022 15:00:00 +01:00,16211.26,17619.06
19.02.2022 16:00:00 +01:00,17303.55,17836.28
19.02.2022 17:00:00 +01:00,18930.33,18297.67
19.02.2022 18:00:00 +01:00,20211.51,18613.62
19.02.2022 19:00:00 +01:00,20013.34,18436.62
19.02.2022 20:00:00 +01:00,18781.42,18188.67
19.02.2022 21:00:00 +01:00,17603.83,17898.72
19.02.2022 22:00:00 +01:00,17684.48,17621.81
19.02.2022 23:00:00 +01:00,17479.96,17384.84
20.02.2022 00:00:00 +01:00,18180.37,17160.22
20.02.2022 01:00:00 +01:00,17575.04,16942.34
20.02.2022 02:00:00 +01:00,16641.21,16848.66
20.02.2022 03:00:00 +01:00,15367.24,16862.40
20.02.2022 04:00:00 +01:00,14551.58,16916.85
20.02.2022 05:00:00 +01:00,14181.11,17059.35
20.02.2022 06:00:00 +01:00,13845.48,17341.07
20.02.2022 07:00:00 +01:00,13846.40,17693.57
20.02.2022 08:00:00 +01:00,14848.29,18017.69
20.02.2022 09:00:00 +01:00,15682.41,18208.06
20.02.2022 10:00:00 +01:00,16799.03,18234.81
20.02.2022 11:00:00 +01:00,17061.71,18053.81
20.02.2022 12:00:00 +01:00,17188.01,17835.56
20.02.2022 13:00:00 +01:00,17104.41,17782.22
20.02.2022 14:00:00 +01:00,16712.51,17817.20
20.02.2022 15:00:00 +01:00,16954.13,18048.74
20.02.2022 16:00:00 +01:00,17362.28,18264.30
20.02.2022 17:00:00 +01:00,18217.01,18583.19
20.02.2022 18:00:00 +01:00,18413.02,18761.80
20.02.2022 19:00:00 +01:00,18177.91,18711.94
20.02.2022 20:00:00 +01:00,17676.13,18545.01
20.02.2022 21:00:00 +01:00,17110.68,18188.62
20.02.2022 22:00:00 +01:00,16859.96,17793.58
20.02.2022 23:00:00 +01:00,15490.14,17328.38
21.02.2022 00:00:00 +01:00,13580.67,16931.63
21.02.2022 01:00:00 +01:00,12912.01,16679.74
21.02.2022 02:00:00 +01:00,12956.66,16540.80
21.02.2022 03:00:00 +01:00,12915.45,16544.59
21.02.2022 04:00:00 +01:00,13387.32,16663.01
21.02.2022 05:00:00 +01:00,15637.24,17060.18
21.02.2022 06:00:00 +01:00,17829.76,18172.48
21.02.2022 07:00:00 +01:00,20105.57,19479.93
21.02.2022 08:00:00 +01:00,21105.70,19985.86
21.02.2022 09:00:00 +01:00,20806.02,20032.32
21.02.2022 10:00:00 +01:00,20168.32,19849.84
21.02.2022 11:00:00 +01:00,19986.14,19588.75
21.02.2022 12:00:00 +01:00,20048.00,19387.63
21.02.2022 13:00:00 +01:00,20074.50,19225.01
21.02.2022 14:00:00 +01:00,20204.64,19122.64
21.02.2022 15:00:00 +01:00,21124.88,19071.90
21.02.2022 16:00:00 +01:00,21545.10,19167.15
21.02.2022 17:00:00 +01:00,22388.41,19297.55
21.02.2022 18:00:00 +01:00,22403.70,19497.27
21.02.2022 19:00:00 +01:00,22008.07,19345.99
21.02.2022 20:00:00 +01:00,20729.21,19111.81
21.02.2022 21:00:00 +01:00,19678.40,18824.11
21.02.2022 22:00:00 +01:00,18541.37,18322.90
21.02.2022 23:00:00 +01:00,17612.12,17799.94
22.02.2022 00:00:00 +01:00,17219.18,17356.86
22.02.2022 01:00:00 +01:00,16792.39,17045.24
22.02.2022 02:00:00 +01:00,16762.79,17012.71
22.02.2022 03:00:00 +01:00,17195.87,16972.34
22.02.2022 04:00:00 +01:00,18079.39,17161.64
22.02.2022 05:00:00 +01:00,19531.52,17709.92
22.02.2022 06:00:00 +01:00,22030.82,18938.65
22.02.2022 07:00:00 +01:00,24748.03,20140.11
22.02.2022 08:00:00 +01:00,25486.06,20341.98
22.02.2022 09:00:00 +01:00,26027.99,20247.58
22.02.2022 10:00:00 +01:00,26322.45,19751.99
22.02.2022 11:00:00 +01:00,26315.69,19801.72
22.02.2022 12:00:00 +01:00,25744.82,19719.15
22.02.2022 13:00:00 +01:00,24487.97,19771.26
22.02.2022 14:00:00 +01:00,24640.60,19724.98
22.02.2022 15:00:00 +01:00,25363.14,19857.23
22.02.2022 16:00:00 +01:00,26155.10,20001.42
22.02.2022 17:00:00 +01:00,26194.14,20143.22
22.02.2022 18:00:00 +01:00,26016.75,20153.88
22.02.2022 19:00:00 +01:00,25277.18,19938.23
22.02.2022 20:00:00 +01:00,23313.22,19662.66
22.02.2022 21:00:00 +01:00,20911.99,19288.49
22.02.2022 22:00:00 +01:00,19554.95,18750.77
22.02.2022 23:00:00 +01:00,17632.59,18134.30
23.02.2022 00:00:00 +01:00,16429.94,17574.48
23.02.2022 01:00:00 +01:00,15843.15,17237.93
23.02.2022 02:00:00 +01:00,15904.14,17044.69
23.02.2022 03:00:00 +01:00,16259.40,16962.30
23.02.2022 04:00:00 +01:00,17056.37,17033.06
23.02.2022 05:00:00 +01:00,18753.44,17419.91
23.02.2022 06:00:00 +01:00,22059.16,18538.43
23.02.2022 07:00:00 +01:00,25314.33,19768.45
23.02.2022 08:00:00 +01:00,25888.11,20018.97
23.02.2022 09:00:00 +01:00,25041.94,19989.94
23.02.2022 10:00:00 +01:00,21803.21,19690.01
23.02.2022 11:00:00 +01:00,19593.42,19430.08
23.02.2022 12:00:00 +01:00,18375.57,19110.15
23.02.2022 13:00:00 +01:00,17606.37,18912.84
23.02.2022 14:00:00 +01:00,18711.45,18966.22
23.02.2022 15:00:00 +01:00,19957.09,19040.20
23.02.2022 16:00:00 +01:00,21757.30,19106.22
23.02.2022 17:00:00 +01:00,22477.10,19159.30
23.02.2022 18:00:00 +01:00,22251.98,19150.57
23.02.2022 19:00:00 +01:00,20711.39,18990.27
23.02.2022 20:00:00 +01:00,19923.01,18741.92
23.02.2022 21:00:00 +01:00,19566.12,18388.40
23.02.2022 22:00:00 +01:00,18584.67,17877.11
23.02.2022 23:00:00 +01:00,17608.57,17305.64
24.02.2022 00:00:00 +01:00,16896.02,16765.74
24.02.2022 01:00:00 +01:00,16482.21,16518.25
24.02.2022 02:00:00 +01:00,16091.15,16426.07
24.02.2022 03:00:00 +01:00,15716.13,16291.17
24.02.2022 04:00:00 +01:00,16213.68,16274.06
24.02.2022 05:00:00 +01:00,17821.78,16688.88
24.02.2022 06:00:00 +01:00,20248.52,17817.63
24.02.2022 07:00:00 +01:00,21500.69,18969.20
24.02.2022 08:00:00 +01:00,21973.94,19336.61
24.02.2022 09:00:00 +01:00,21734.53,19334.25
24.02.2022 10:00:00 +01:00,21237.65,18552.46
24.02.2022 11:00:00 +01:00,20012.81,18931.46
24.02.2022 12:00:00 +01:00,18208.81,18665.35
24.02.2022 13:00:00 +01:00,17750.12,18640.34
24.02.2022 14:00:00 +01:00,18166.64,18518.96
24.02.2022 15:00:00 +01:00,19457.64,18599.67
24.02.2022 16:00:00 +01:00,20111.23,18727.88
24.02.2022 17:00:00 +01:00,21013.71,18848.25
24.02.2022 18:00:00 +01:00,21383.45,19021.70
24.02.2022 19:00:00 +01:00,20057.93,18927.06
24.02.2022 20:00:00 +01:00,18749.75,18695.46
24.02.2022 21:00:00 +01:00,18159.01,18409.39
24.02.2022 22:00:00 +01:00,17399.59,17974.75
24.02.2022 23:00:00 +01:00,16341.00,17416.52
25.02.2022 00:00:00 +01:00,15362.01,16938.97
25.02.2022 01:00:00 +01:00,15012.14,16594.21
25.02.2022 02:00:00 +01:00,14790.23,16521.03
25.02.2022 03:00:00 +01:00,14764.00,16437.91
25.02.2022 04:00:00 +01:00,15036.42,16606.59
25.02.2022 05:00:00 +01:00,15711.33,17055.22
25.02.2022 06:00:00 +01:00,18079.88,18194.25
25.02.2022 07:00:00 +01:00,20235.98,19300.11
25.02.2022 08:00:00 +01:00,20385.85,19651.93
25.02.2022 09:00:00 +01:00,19800.94,19535.94
25.02.2022 10:00:00 +01:00,19773.84,19438.08
25.02.2022 11:00:00 +01:00,19319.46,19048.90
25.02.2022 12:00:00 +01:00,18313.05,18685.57
25.02.2022 13:00:00 +01:00,17322.52,18380.10
25.02.2022 14:00:00 +01:00,17286.36,18144.21
25.02.2022 15:00:00 +01:00,17332.97,17981.22
25.02.2022 16:00:00 +01:00,18206.83,18021.77
25.02.2022 17:00:00 +01:00,19791.97,18349.37
25.02.2022 18:00:00 +01:00,20342.52,18690.87
25.02.2022 19:00:00 +01:00,19949.17,18556.12
25.02.2022 20:00:00 +01:00,18994.53,18275.65
25.02.2022 21:00:00 +01:00,18688.72,17929.42
25.02.2022 22:00:00 +01:00,18565.35,17553.89
25.02.2022 23:00:00 +01:00,17836.22,17219.50
26.02.2022 00:00:00 +01:00,18730.83,16956.32
26.02.2022 01:00:00 +01:00,19248.05,16752.61
26.02.2022 02:00:00 +01:00,19765.62,16661.43
26.02.2022 03:00:00 +01:00,20541.69,16613.21
26.02.2022 04:00:00 +01:00,21373.54,16675.45
26.02.2022 05:00:00 +01:00,22334.29,16839.50
26.02.2022 06:00:00 +01:00,24155.64,17258.40
26.02.2022 07:00:00 +01:00,25016.47,17633.66
26.02.2022 08:00:00 +01:00,25595.27,17973.12
26.02.2022 09:00:00 +01:00,26249.70,18346.72
26.02.2022 10:00:00 +01:00,25618.70,18378.37
26.02.2022 11:00:00 +01:00,24731.99,18200.16
26.02.2022 12:00:00 +01:00,23596.01,18088.88
26.02.2022 13:00:00 +01:00,23075.86,17876.70
26.02.2022 14:00:00 +01:00,22417.57,17839.88
26.02.2022 15:00:00 +01:00,22558.66,17774.33
26.02.2022 16:00:00 +01:00,22750.05,17788.46
26.02.2022 17:00:00 +01:00,23594.54,18017.94
26.02.2022 18:00:00 +01:00,23358.15,18242.43
26.02.2022 19:00:00 +01:00,22491.10,17996.21
26.02.2022 20:00:00 +01:00,21532.28,17523.66
26.02.2022 21:00:00 +01:00,21005.15,17136.51
26.02.2022 22:00:00 +01:00,20999.52,16786.37
26.02.2022 23:00:00 +01:00,20587.99,16391.94
27.02.2022 00:00:00 +01:00,20397.21,15967.18
27.02.2022 01:00:00 +01:00,19852.38,15702.53
27.02.2022 02:00:00 +01:00,19671.39,15540.56
27.02.2022 03:00:00 +01:00,19579.81,15426.77
27.02.2022 04:00:00 +01:00,19670.42,15347.94
27.02.2022 05:00:00 +01:00,19886.05,15423.55
27.02.2022 06:00:00 +01:00,20063.74,15672.38
27.02.2022 07:00:00 +01:00,20480.31,15884.70
27.02.2022 08:00:00 +01:00,20811.84,16153.78
27.02.2022 09:00:00 +01:00,20676.91,16450.43
27.02.2022 10:00:00 +01:00,19760.94,16543.69
27.02.2022 11:00:00 +01:00,18455.80,16431.62
27.02.2022 12:00:00 +01:00,16119.96,16264.74
27.02.2022 13:00:00 +01:00,15109.18,16122.56
27.02.2022 14:00:00 +01:00,15768.70,15998.70
27.02.2022 15:00:00 +01:00,17303.07,16041.83
27.02.2022 16:00:00 +01:00,18982.20,16180.35
27.02.2022 17:00:00 +01:00,20402.41,16580.84
27.02.2022 18:00:00 +01:00,21795.86,17186.95
27.02.2022 19:00:00 +01:00,21160.48,17327.96
27.02.2022 20:00:00 +01:00,20529.71,17159.04
27.02.2022 21:00:00 +01:00,20193.11,17040.19
27.02.2022 22:00:00 +01:00,20231.31,16761.54
27.02.2022 23:00:00 +01:00,19792.29,16325.46
28.02.2022 00:00:00 +01:00,19151.49,16018.78
28.02.2022 01:00:00 +01:00,18881.48,15827.43
28.02.2022 02:00:00 +01:00,19009.60,15714.95
28.02.2022 03:00:00 +01:00,19253.83,15753.99
28.02.2022 04:00:00 +01:00,19785.28,15901.28
28.02.2022 05:00:00 +01:00,21071.00,16308.84
28.02.2022 06:00:00 +01:00,23376.28,17439.32
28.02.2022 07:00:00 +01:00,25191.36,18664.45
28.02.2022 08:00:00 +01:00,25445.01,19137.92
28.02.2022 09:00:00 +01:00,25064.48,18997.99
28.02.2022 10:00:00 +01:00,24616.28,18588.12
28.02.2022 11:00:00 +01:00,22332.09,18353.76
28.02.2022 12:00:00 +01:00,20282.79,18180.48
28.02.2022 13:00:00 +01:00,19265.74,18103.64
28.02.2022 14:00:00 +01:00,20022.54,18174.92
28.02.2022 15:00:00 +01:00,21629.22,18264.79
28.02.2022 16:00:00 +01:00,21997.96,18332.85
28.02.2022 17:00:00 +01:00,22662.10,18301.79
28.02.2022 18:00:00 +01:00,22161.45,18364.15
28.02.2022 19:00:00 +01:00,20874.85,18243.35
28.02.2022 20:00:00 +01:00,20262.57,18079.14
28.02.2022 21:00:00 +01:00,19703.79,17735.95
28.02.2022 22:00:00 +01:00,18734.19,17251.34
28.02.2022 23:00:00 +01:00,17646.79,16540.48
01.03.2022 00:00:00 +01:00,16915.91,16059.46
01.03.2022 01:00:00 +01:00,16414.96,15745.57
01.03.2022 02:00:00 +01:00,16473.65,15546.71
01.03.2022 03:00:00 +01:00,16866.65,15424.59
01.03.2022 04:00:00 +01:00,17902.55,15464.68
01.03.2022 05:00:00 +01:00,19709.54,15777.17
01.03.2022 06:00:00 +01:00,21353.05,16902.93
01.03.2022 07:00:00 +01:00,22791.95,18017.60
01.03.2022 08:00:00 +01:00,23220.47,18357.53
01.03.2022 09:00:00 +01:00,22520.57,18233.35
01.03.2022 10:00:00 +01:00,22504.12,17670.13
01.03.2022 11:00:00 +01:00,22324.93,17665.00
01.03.2022 12:00:00 +01:00,22090.73,17330.68
01.03.2022 13:00:00 +01:00,22128.12,17258.43
01.03.2022 14:00:00 +01:00,22356.54,17149.89
01.03.2022 15:00:00 +01:00,22457.63,17083.41
01.03.2022 16:00:00 +01:00,23299.93,17207.35
01.03.2022 17:00:00 +01:00,23940.99,17426.34
01.03.2022 18:00:00 +01:00,23853.78,17779.64
01.03.2022 19:00:00 +01:00,23357.66,17767.02
01.03.2022 20:00:00 +01:00,22735.94,17626.71
01.03.2022 21:00:00 +01:00,22104.46,17373.17
01.03.2022 22:00:00 +01:00,21437.35,16984.35
01.03.2022 23:00:00 +01:00,20652.59,16375.92
02.03.2022 00:00:00 +01:00,19733.62,16031.23
02.03.2022 01:00:00 +01:00,19082.52,15693.06
02.03.2022 02:00:00 +01:00,18921.18,15498.45
02.03.2022 03:00:00 +01:00,19034.19,15466.40
02.03.2022 04:00:00 +01:00,19183.93,15555.30
02.03.2022 05:00:00 +01:00,20283.57,15922.43
02.03.2022 06:00:00 +01:00,22097.90,16942.80
02.03.2022 07:00:00 +01:00,23813.00,18280.52
02.03.2022 08:00:00 +01:00,24264.81,18420.63
02.03.2022 09:00:00 +01:00,23863.73,18212.87
02.03.2022 10:00:00 +01:00,22841.60,17867.94
02.03.2022 11:00:00 +01:00,21951.77,17478.12
02.03.2022 12:00:00 +01:00,21409.67,17221.78
02.03.2022 13:00:00 +01:00,21152.87,16989.30
02.03.2022 14:00:00 +01:00,21344.92,16843.17
02.03.2022 15:00:00 +01:00,21395.75,16818.67
02.03.2022 16:00:00 +01:00,22058.68,16907.81
02.03.2022 17:00:00 +01:00,22738.26,17069.88
02.03.2022 18:00:00 +01:00,22821.48,17454.46
02.03.2022 19:00:00 +01:00,22120.78,17509.16
02.03.2022 20:00:00 +01:00,21389.39,17482.46
02.03.2022 21:00:00 +01:00,20920.52,17292.87
02.03.2022 22:00:00 +01:00,20269.05,16966.07
02.03.2022 23:00:00 +01:00,19540.59,16463.54
03.03.2022 00:00:00 +01:00,19335.42,16019.85
03.03.2022 01:00:00 +01:00,19204.90,15778.77
03.03.2022 02:00:00 +01:00,19063.72,15712.48
03.03.2022 03:00:00 +01:00,18881.49,15659.82
03.03.2022 04:00:00 +01:00,19218.01,15825.81
03.03.2022 05:00:00 +01:00,20085.78,16328.05
03.03.2022 06:00:00 +01:00,22155.41,17530.18
03.03.2022 07:00:00 +01:00,24001.13,18609.03
03.03.2022 08:00:00 +01:00,24888.42,18789.19
03.03.2022 09:00:00 +01:00,24951.58,18460.73
03.03.2022 10:00:00 +01:00,24580.06,17726.39
03.03.2022 11:00:00 +01:00,23482.37,17651.65
03.03.2022 12:00:00 +01:00,22981.97,17397.96
03.03.2022 13:00:00 +01:00,22721.57,17260.39
03.03.2022 14:00:00 +01:00,22373.87,17099.76
03.03.2022 15:00:00 +01:00,23167.74,17076.71
03.03.2022 16:00:00 +01:00,24101.57,17187.32
03.03.2022 17:00:00 +01:00,24713.92,17435.04
03.03.2022 18:00:00 +01:00,24986.94,17896.00
03.03.2022 19:00:00 +01:00,24823.70,18018.14
03.03.2022 20:00:00 +01:00,24232.98,17941.06
03.03.2022 21:00:00 +01:00,23558.05,17685.46
03.03.2022 22:00:00 +01:00,22489.12,17385.79
03.03.2022 23:00:00 +01:00,21645.65,16861.63
04.03.2022 00:00:00 +01:00,21404.61,16471.60
04.03.2022 01:00:00 +01:00,21069.96,16233.32
04.03.2022 02:00:00 +01:00,20964.30,16152.45
04.03.2022 03:00:00 +01:00,21089.89,16180.03
04.03.2022 04:00:00 +01:00,21435.08,16363.69
04.03.2022 05:00:00 +01:00,23032.51,16817.74
04.03.2022 06:00:00 +01:00,25673.66,17927.01
04.03.2022 07:00:00 +01:00,26757.69,19122.42
04.03.2022 08:00:00 +01:00,26724.76,19427.10
04.03.2022 09:00:00 +01:00,26460.92,19153.36
04.03.2022 10:00:00 +01:00,26056.00,18675.23
04.03.2022 11:00:00 +01:00,25040.99,18372.93
04.03.2022 12:00:00 +01:00,23971.93,18008.83
04.03.2022 13:00:00 +01:00,23264.26,17700.75
04.03.2022 14:00:00 +01:00,23009.02,17432.13
04.03.2022 15:00:00 +01:00,22985.51,17368.10
04.03.2022 16:00:00 +01:00,23472.98,17432.19
04.03.2022 17:00:00 +01:00,24687.02,17616.27
04.03.2022 18:00:00 +01:00,25194.78,17985.81
04.03.2022 19:00:00 +01:00,24488.04,18007.10
04.03.2022 20:00:00 +01:00,23124.03,17710.62
04.03.2022 21:00:00 +01:00,22425.93,17429.41
04.03.2022 22:00:00 +01:00,21677.34,17139.19
04.03.2022 23:00:00 +01:00,21470.65,16828.87
05.03.2022 00:00:00 +01:00,20735.85,16484.88
05.03.2022 01:00:00 +01:00,20414.93,16283.15
05.03.2022 02:00:00 +01:00,20277.45,16146.76
05.03.2022 03:00:00 +01:00,20070.78,16035.54
05.03.2022 04:00:00 +01:00,20243.31,16084.21
05.03.2022 05:00:00 +01:00,20849.09,16225.40
05.03.2022 06:00:00 +01:00,20974.65,16561.32
05.03.2022 07:00:00 +01:00,21375.26,16877.53
05.03.2022 08:00:00 +01:00,22414.48,17364.83
05.03.2022 09:00:00 +01:00,23207.56,17675.35
05.03.2022 10:00:00 +01:00,23237.91,17740.18
05.03.2022 11:00:00 +01:00,22743.03,17573.32
05.03.2022 12:00:00 +01:00,22298.46,17329.69
05.03.2022 13:00:00 +01:00,21977.55,17053.26
05.03.2022 14:00:00 +01:00,21673.86,16735.11
05.03.2022 15:00:00 +01:00,21609.71,16596.95
05.03.2022 16:00:00 +01:00,21612.11,16737.66
05.03.2022 17:00:00 +01:00,22145.68,17098.21
05.03.2022 18:00:00 +01:00,22485.36,17469.42
05.03.2022 19:00:00 +01:00,22385.26,17466.16
05.03.2022 20:00:00 +01:00,21688.77,17174.95
05.03.2022 21:00:00 +01:00,20985.56,16930.05
05.03.2022 22:00:00 +01:00,20575.21,16740.51
05.03.2022 23:00:00 +01:00,20252.62,16459.72
06.03.2022 00:00:00 +01:00,19849.17,16173.76
06.03.2022 01:00:00 +01:00,19512.32,15943.09
06.03.2022 02:00:00 +01:00,19259.50,15862.12
06.03.2022 03:00:00 +01:00,19051.34,15832.95
06.03.2022 04:00:00 +01:00,19176.25,15851.14
06.03.2022 05:00:00 +01:00,19634.29,15965.04
06.03.2022 06:00:00 +01:00,19785.05,16172.68
06.03.2022 07:00:00 +01:00,20188.34,16463.14
06.03.2022 08:00:00 +01:00,20820.54,16725.68
06.03.2022 09:00:00 +01:00,21060.09,16865.57
06.03.2022 10:00:00 +01:00,20209.76,16833.91
06.03.2022 11:00:00 +01:00,19310.85,16530.31
06.03.2022 12:00:00 +01:00,18589.78,16291.32
06.03.2022 13:00:00 +01:00,18196.97,16048.59
06.03.2022 14:00:00 +01:00,18269.56,15962.06
06.03.2022 15:00:00 +01:00,18421.65,16040.24
06.03.2022 16:00:00 +01:00,19232.58,16197.12
06.03.2022 17:00:00 +01:00,20130.13,16503.25
06.03.2022 18:00:00 +01:00,21249.99,17042.27
06.03.2022 19:00:00 +01:00,21084.32,17182.73
06.03.2022 20:00:00 +01:00,21201.75,17166.52
06.03.2022 21:00:00 +01:00,21337.82,16947.55
06.03.2022 22:00:00 +01:00,21144.13,16637.19
06.03.2022 23:00:00 +01:00,20817.51,16185.17
07.03.2022 00:00:00 +01:00,20281.36,15804.95
07.03.2022 01:00:00 +01:00,20191.33,15581.24
07.03.2022 02:00:00 +01:00,20167.01,15492.97
07.03.2022 03:00:00 +01:00,20076.66,15478.33
07.03.2022 04:00:00 +01:00,20230.03,15544.78
07.03.2022 05:00:00 +01:00,21423.03,15993.20
07.03.2022 06:00:00 +01:00,23564.97,17165.19
07.03.2022 07:00:00 +01:00,24830.17,18350.31
07.03.2022 08:00:00 +01:00,25325.31,18625.95
07.03.2022 09:00:00 +01:00,24861.56,18357.81
07.03.2022 10:00:00 +01:00,24371.10,17993.22
07.03.2022 11:00:00 +01:00,24042.38,17702.67
07.03.2022 12:00:00 +01:00,23421.78,17441.74
07.03.2022 13:00:00 +01:00,22509.62,17125.23
07.03.2022 14:00:00 +01:00,21870.44,17090.53
07.03.2022 15:00:00 +01:00,21843.75,17022.70
07.03.2022 16:00:00 +01:00,22138.07,17081.91
07.03.2022 17:00:00 +01:00,23078.31,17280.83
07.03.2022 18:00:00 +01:00,23959.61,17603.69
07.03.2022 19:00:00 +01:00,23844.40,17752.88
07.03.2022 20:00:00 +01:00,23362.46,17681.88
07.03.2022 21:00:00 +01:00,22667.86,17549.05
07.03.2022 22:00:00 +01:00,22025.97,17130.44
07.03.2022 23:00:00 +01:00,21699.08,16572.88
08.03.2022 00:00:00 +01:00,21365.51,16116.24
08.03.2022 01:00:00 +01:00,21252.23,15877.82
08.03.2022 02:00:00 +01:00,21263.75,15820.18
08.03.2022 03:00:00 +01:00,21420.91,15867.00
08.03.2022 04:00:00 +01:00,21474.75,16061.38
08.03.2022 05:00:00 +01:00,22568.74,16490.64
08.03.2022 06:00:00 +01:00,24321.27,17584.83
08.03.2022 07:00:00 +01:00,25057.23,18614.09
08.03.2022 08:00:00 +01:00,24395.43,18901.67
08.03.2022 09:00:00 +01:00,24226.14,18633.60
08.03.2022 10:00:00 +01:00,23451.06,18303.02
08.03.2022 11:00:00 +01:00,22075.74,17926.94
08.03.2022 12:00:00 +01:00,21239.15,17534.68
08.03.2022 13:00:00 +01:00,21190.30,17227.05
08.03.2022 14:00:00 +01:00,21899.50,17067.62
08.03.2022 15:00:00 +01:00,23085.59,17014.10
08.03.2022 16:00:00 +01:00,23886.74,17177.80
08.03.2022 17:00:00 +01:00,24798.39,17282.85
08.03.2022 18:00:00 +01:00,25473.17,17616.49
08.03.2022 19:00:00 +01:00,25319.51,17819.32
08.03.2022 20:00:00 +01:00,24790.82,17767.28
08.03.2022 21:00:00 +01:00,24264.26,17586.03
08.03.2022 22:00:00 +01:00,23620.27,17179.94
08.03.2022 23:00:00 +01:00,22198.53,16673.73
09.03.2022 00:00:00 +01:00,20959.97,16291.05
09.03.2022 01:00:00 +01:00,20759.27,15994.96
09.03.2022 02:00:00 +01:00,20736.79,15864.36
09.03.2022 03:00:00 +01:00,20900.18,15828.14
09.03.2022 04:00:00 +01:00,21011.26,15907.92
09.03.2022 05:00:00 +01:00,22493.40,16352.76
09.03.2022 06:00:00 +01:00,24341.10,17443.96
09.03.2022 07:00:00 +01:00,25571.94,18643.97
09.03.2022 08:00:00 +01:00,25606.62,18931.76
09.03.2022 09:00:00 +01:00,25660.14,18683.27
09.03.2022 10:00:00 +01:00,25412.52,18491.17
09.03.2022 11:00:00 +01:00,24968.54,18174.12
09.03.2022 12:00:00 +01:00,24139.99,17947.61
09.03.2022 13:00:00 +01:00,23186.07,17526.00
09.03.2022 14:00:00 +01:00,23405.21,17513.77
09.03.2022 15:00:00 +01:00,23414.56,17500.80
09.03.2022 16:00:00 +01:00,23258.10,17616.52
09.03.2022 17:00:00 +01:00,23488.68,17671.25
09.03.2022 18:00:00 +01:00,23728.90,17925.19
09.03.2022 19:00:00 +01:00,22986.28,17992.30
09.03.2022 20:00:00 +01:00,22005.15,17846.87
09.03.2022 21:00:00 +01:00,21375.97,17568.97
09.03.2022 22:00:00 +01:00,20442.44,17184.91
09.03.2022 23:00:00 +01:00,19771.43,16557.41
10.03.2022 00:00:00 +01:00,19647.53,16062.96
10.03.2022 01:00:00 +01:00,19165.56,15762.78
10.03.2022 02:00:00 +01:00,18883.15,15640.14
10.03.2022 03:00:00 +01:00,18717.86,15580.01
10.03.2022 04:00:00 +01:00,19082.98,15676.09
10.03.2022 05:00:00 +01:00,20221.59,16052.32
10.03.2022 06:00:00 +01:00,21238.67,17043.63
10.03.2022 07:00:00 +01:00,22360.44,18164.13
10.03.2022 08:00:00 +01:00,22432.90,18474.13
10.03.2022 09:00:00 +01:00,21849.37,18351.29
10.03.2022 10:00:00 +01:00,20234.31,18146.90
10.03.2022 11:00:00 +01:00,18417.22,17986.90
10.03.2022 12:00:00 +01:00,16975.91,17908.49
10.03.2022 13:00:00 +01:00,16115.93,17818.14
10.03.2022 14:00:00 +01:00,16677.85,17810.62
10.03.2022 15:00:00 +01:00,18458.22,17742.32
10.03.2022 16:00:00 +01:00,20289.43,17798.23
10.03.2022 17:00:00 +01:00,21388.92,17750.70
10.03.2022 18:00:00 +01:00,22034.42,17797.18
10.03.2022 19:00:00 +01:00,20977.90,17693.31
10.03.2022 20:00:00 +01:00,19707.07,17552.51
10.03.2022 21:00:00 +01:00,18243.13,17214.49
10.03.2022 22:00:00 +01:00,17228.88,16729.61
10.03.2022 23:00:00 +01:00,16326.15,16197.47
11.03.2022 00:00:00 +01:00,15366.56,15711.56
11.03.2022 01:00:00 +01:00,14948.67,15379.31
11.03.2022 02:00:00 +01:00,14396.23,15195.83
11.03.2022 03:00:00 +01:00,14624.13,15127.60
11.03.2022 04:00:00 +01:00,14663.59,15256.55
11.03.2022 05:00:00 +01:00,15532.27,15580.20
11.03.2022 06:00:00 +01:00,16926.04,16616.27
11.03.2022 07:00:00 +01:00,18340.34,17843.10
11.03.2022 08:00:00 +01:00,18684.23,18209.46
11.03.2022 09:00:00 +01:00,18328.59,17976.50
11.03.2022 10:00:00 +01:00,17861.86,17818.57
11.03.2022 11:00:00 +01:00,16350.80,17495.29
11.03.2022 12:00:00 +01:00,15404.38,17109.11
11.03.2022 13:00:00 +01:00,14801.68,16951.50
11.03.2022 14:00:00 +01:00,14719.71,16752.25
11.03.2022 15:00:00 +01:00,14839.52,16588.43
11.03.2022 16:00:00 +01:00,16006.93,16584.99
11.03.2022 17:00:00 +01:00,17343.15,16749.25
11.03.2022 18:00:00 +01:00,18103.81,17141.46
11.03.2022 19:00:00 +01:00,18172.91,17289.27
11.03.2022 20:00:00 +01:00,17709.99,17038.78
11.03.2022 21:00:00 +01:00,16989.76,16708.81
11.03.2022 22:00:00 +01:00,16519.76,16393.80
11.03.2022 23:00:00 +01:00,15891.47,16052.27
12.03.2022 00:00:00 +01:00,15122.79,15732.01
12.03.2022 01:00:00 +01:00,14827.44,15530.21
12.03.2022 02:00:00 +01:00,14644.18,15418.65
12.03.2022 03:00:00 +01:00,14534.40,15384.66
12.03.2022 04:00:00 +01:00,14682.53,15466.96
12.03.2022 05:00:00 +01:00,15058.19,15633.76
12.03.2022 06:00:00 +01:00,16045.69,15999.72
12.03.2022 07:00:00 +01:00,16332.38,16305.28
12.03.2022 08:00:00 +01:00,16595.69,16673.32
12.03.2022 09:00:00 +01:00,17055.79,16810.18
12.03.2022 10:00:00 +01:00,17077.14,16777.98
12.03.2022 11:00:00 +01:00,16064.49,16470.44
12.03.2022 12:00:00 +01:00,15609.88,16143.85
12.03.2022 13:00:00 +01:00,15291.05,15849.13
12.03.2022 14:00:00 +01:00,15370.00,15656.81
12.03.2022 15:00:00 +01:00,16305.71,15526.20
12.03.2022 16:00:00 +01:00,17591.52,15684.25
12.03.2022 17:00:00 +01:00,19310.68,16034.37
12.03.2022 18:00:00 +01:00,20462.57,16603.57
12.03.2022 19:00:00 +01:00,19682.67,16701.62
12.03.2022 20:00:00 +01:00,18287.27,16243.87
12.03.2022 21:00:00 +01:00,17349.44,16085.87
12.03.2022 22:00:00 +01:00,17318.45,15780.48
12.03.2022 23:00:00 +01:00,16187.23,15582.74
13.03.2022 00:00:00 +01:00,14676.76,15279.97
13.03.2022 01:00:00 +01:00,13719.38,15117.20
13.03.2022 02:00:00 +01:00,12787.23,15000.54
13.03.2022 03:00:00 +01:00,12380.27,14971.70
13.03.2022 04:00:00 +01:00,12400.29,14979.97
13.03.2022 05:00:00 +01:00,12277.13,15091.68
13.03.2022 06:00:00 +01:00,12748.19,15299.39
13.03.2022 07:00:00 +01:00,13791.98,15508.87
13.03.2022 08:00:00 +01:00,14385.60,15813.08
13.03.2022 09:00:00 +01:00,14510.54,15912.42
13.03.2022 10:00:00 +01:00,14464.62,15861.58
13.03.2022 11:00:00 +01:00,14325.99,15660.84
13.03.2022 12:00:00 +01:00,13742.47,15477.70
13.03.2022 13:00:00 +01:00,12646.08,15305.77
13.03.2022 14:00:00 +01:00,12973.34,15250.91
13.03.2022 15:00:00 +01:00,14836.36,15347.12
13.03.2022 16:00:00 +01:00,16070.28,15562.70
13.03.2022 17:00:00 +01:00,17130.64,15841.00
13.03.2022 18:00:00 +01:00,18482.17,16358.48
13.03.2022 19:00:00 +01:00,18606.84,16666.49
13.03.2022 20:00:00 +01:00,17763.39,16597.80
13.03.2022 21:00:00 +01:00,17286.20,16480.83
13.03.2022 22:00:00 +01:00,17503.90,16155.98
13.03.2022 23:00:00 +01:00,17407.15,15729.18
14.03.2022 00:00:00 +01:00,16911.30,15327.73
14.03.2022 01:00:00 +01:00,16978.10,15063.14
14.03.2022 02:00:00 +01:00,17046.45,14948.93
14.03.2022 03:00:00 +01:00,16993.29,14983.98
14.03.2022 04:00:00 +01:00,17685.01,15153.21
14.03.2022 05:00:00 +01:00,19756.47,15655.24
14.03.2022 06:00:00 +01:00,22745.36,16879.61
14.03.2022 07:00:00 +01:00,24774.35,17958.57
14.03.2022 08:00:00 +01:00,25222.30,18129.73
14.03.2022 09:00:00 +01:00,24905.47,17758.39
14.03.2022 10:00:00 +01:00,23802.72,17312.56
14.03.2022 11:00:00 +01:00,22498.36,16887.84
14.03.2022 12:00:00 +01:00,21809.66,16557.04
14.03.2022 13:00:00 +01:00,21324.14,16358.15
14.03.2022 14:00:00 +01:00,21291.22,16190.93
14.03.2022 15:00:00 +01:00,21559.96,16149.05
14.03.2022 16:00:00 +01:00,22070.90,16232.29
14.03.2022 17:00:00 +01:00,22723.05,16335.70
14.03.2022 18:00:00 +01:00,23492.53,16738.58
14.03.2022 19:00:00 +01:00,23257.79,16986.74
14.03.2022 20:00:00 +01:00,22048.94,16946.13
14.03.2022 21:00:00 +01:00,21619.52,16694.47
14.03.2022 22:00:00 +01:00,21127.21,16318.50
14.03.2022 23:00:00 +01:00,20855.10,15803.29
15.03.2022 00:00:00 +01:00,20243.05,15343.19
15.03.2022 01:00:00 +01:00,20404.07,15142.94
15.03.2022 02:00:00 +01:00,20686.81,15081.81
15.03.2022 03:00:00 +01:00,20881.98,15168.89
15.03.2022 04:00:00 +01:00,21220.67,15290.31
15.03.2022 05:00:00 +01:00,22674.24,15719.09
15.03.2022 06:00:00 +01:00,24341.36,16870.27
15.03.2022 07:00:00 +01:00,25646.57,17957.72
15.03.2022 08:00:00 +01:00,25514.99,17766.08
15.03.2022 09:00:00 +01:00,25274.75,17644.22
15.03.2022 10:00:00 +01:00,24439.64,16748.22
15.03.2022 11:00:00 +01:00,23814.79,16959.31
15.03.2022 12:00:00 +01:00,23548.07,16738.68
15.03.2022 13:00:00 +01:00,23074.92,16599.25
15.03.2022 14:00:00 +01:00,22762.96,16500.10
15.03.2022 15:00:00 +01:00,23225.29,16570.66
15.03.2022 16:00:00 +01:00,23524.97,16726.85
15.03.2022 17:00:00 +01:00,23883.43,16718.71
15.03.2022 18:00:00 +01:00,24493.80,16896.75
15.03.2022 19:00:00 +01:00,23835.80,17158.78
15.03.2022 20:00:00 +01:00,22694.94,17102.07
15.03.2022 21:00:00 +01:00,22109.20,16818.02
15.03.2022 22:00:00 +01:00,21604.53,16460.84
15.03.2022 23:00:00 +01:00,20317.06,15933.71
16.03.2022 00:00:00 +01:00,19577.68,15452.40
16.03.2022 01:00:00 +01:00,19383.53,15156.50
16.03.2022 02:00:00 +01:00,19644.91,15005.00
16.03.2022 03:00:00 +01:00,20046.73,15005.31
16.03.2022 04:00:00 +01:00,20334.72,15092.89
16.03.2022 05:00:00 +01:00,21166.61,15490.34
16.03.2022 06:00:00 +01:00,22903.90,16443.77
16.03.2022 07:00:00 +01:00,24048.05,17648.76
16.03.2022 08:00:00 +01:00,24284.31,17833.86
16.03.2022 09:00:00 +01:00,24127.19,17542.26
16.03.2022 10:00:00 +01:00,23756.85,17538.44
16.03.2022 11:00:00 +01:00,23072.37,17387.83
16.03.2022 12:00:00 +01:00,21977.61,17207.52
16.03.2022 13:00:00 +01:00,21696.54,17143.24
16.03.2022 14:00:00 +01:00,21766.10,17030.67
16.03.2022 15:00:00 +01:00,22361.40,17082.72
16.03.2022 16:00:00 +01:00,23019.23,17151.75
16.03.2022 17:00:00 +01:00,24026.53,17134.36
16.03.2022 18:00:00 +01:00,23819.95,17244.45
16.03.2022 19:00:00 +01:00,22390.03,17223.98
16.03.2022 20:00:00 +01:00,21188.37,17130.18
16.03.2022 21:00:00 +01:00,19704.22,16798.52
16.03.2022 22:00:00 +01:00,17868.46,16248.68
16.03.2022 23:00:00 +01:00,16159.94,15672.34
17.03.2022 00:00:00 +01:00,15304.08,15081.42
17.03.2022 01:00:00 +01:00,14438.99,14751.43
17.03.2022 02:00:00 +01:00,14061.66,14734.10
17.03.2022 03:00:00 +01:00,14196.72,14655.07
17.03.2022 04:00:00 +01:00,14621.57,14681.66
17.03.2022 05:00:00 +01:00,16205.45,15068.93
17.03.2022 06:00:00 +01:00,17951.02,16178.55
17.03.2022 07:00:00 +01:00,19362.47,17403.44
17.03.2022 08:00:00 +01:00,20290.01,17710.67
17.03.2022 09:00:00 +01:00,19887.77,17684.39
17.03.2022 10:00:00 +01:00,19934.67,17034.13
17.03.2022 11:00:00 +01:00,19495.35,17594.04
17.03.2022 12:00:00 +01:00,19131.90,17606.38
17.03.2022 13:00:00 +01:00,19363.11,17597.22
17.03.2022 14:00:00 +01:00,19588.44,17630.51
17.03.2022 15:00:00 +01:00,19971.47,17711.90
17.03.2022 16:00:00 +01:00,20366.75,17732.24
17.03.2022 17:00:00 +01:00,21389.69,17734.67
17.03.2022 18:00:00 +01:00,22176.10,17693.64
17.03.2022 19:00:00 +01:00,22201.64,17681.00
17.03.2022 20:00:00 +01:00,21542.86,17416.60
17.03.2022 21:00:00 +01:00,21232.55,17102.71
17.03.2022 22:00:00 +01:00,20002.39,16633.83
17.03.2022 23:00:00 +01:00,18720.01,16049.84
18.03.2022 00:00:00 +01:00,18217.26,15521.44
18.03.2022 01:00:00 +01:00,17834.98,15208.97
18.03.2022 02:00:00 +01:00,18241.91,15084.70
18.03.2022 03:00:00 +01:00,19202.78,15007.73
18.03.2022 04:00:00 +01:00,20387.41,15062.53
18.03.2022 05:00:00 +01:00,21371.94,15447.21
18.03.2022 06:00:00 +01:00,22648.81,16482.03
18.03.2022 07:00:00 +01:00,23957.62,17685.05
18.03.2022 08:00:00 +01:00,23947.19,17942.83
18.03.2022 09:00:00 +01:00,23744.46,17580.92
18.03.2022 10:00:00 +01:00,23590.63,17198.32
18.03.2022 11:00:00 +01:00,22868.08,16859.34
18.03.2022 12:00:00 +01:00,22306.68,16544.73
18.03.2022 13:00:00 +01:00,21885.81,16266.31
18.03.2022 14:00:00 +01:00,20594.04,16154.44
18.03.2022 15:00:00 +01:00,20911.46,15958.82
18.03.2022 16:00:00 +01:00,21886.61,15982.00
18.03.2022 17:00:00 +01:00,22717.65,16080.98
18.03.2022 18:00:00 +01:00,23679.18,16426.38
18.03.2022 19:00:00 +01:00,23278.02,16713.20
18.03.2022 20:00:00 +01:00,22510.36,16499.58
18.03.2022 21:00:00 +01:00,21670.27,16132.40
18.03.2022 22:00:00 +01:00,20925.94,15862.16
18.03.2022 23:00:00 +01:00,19949.05,15505.70
19.03.2022 00:00:00 +01:00,18948.01,15136.74
19.03.2022 01:00:00 +01:00,18124.15,14927.02
19.03.2022 02:00:00 +01:00,17970.42,14773.88
19.03.2022 03:00:00 +01:00,17873.60,14780.09
19.03.2022 04:00:00 +01:00,17733.66,14786.16
19.03.2022 05:00:00 +01:00,17759.44,14987.38
19.03.2022 06:00:00 +01:00,17537.20,15179.67
19.03.2022 07:00:00 +01:00,17277.25,15433.81
19.03.2022 08:00:00 +01:00,16488.12,15822.84
19.03.2022 09:00:00 +01:00,15532.70,15991.18
19.03.2022 10:00:00 +01:00,14363.33,15982.56
19.03.2022 11:00:00 +01:00,13705.24,15708.46
19.03.2022 12:00:00 +01:00,13161.56,15406.36
19.03.2022 13:00:00 +01:00,12456.45,15157.57
19.03.2022 14:00:00 +01:00,11659.95,14968.09
19.03.2022 15:00:00 +01:00,11779.12,14831.60
19.03.2022 16:00:00 +01:00,12982.87,14868.59
19.03.2022 17:00:00 +01:00,14283.35,15088.25
19.03.2022 18:00:00 +01:00,15558.30,15527.41
19.03.2022 19:00:00 +01:00,15267.20,15822.72
19.03.2022 20:00:00 +01:00,14563.56,15695.24
19.03.2022 21:00:00 +01:00,14601.36,15433.95
19.03.2022 22:00:00 +01:00,14227.64,15293.35
19.03.2022 23:00:00 +01:00,13407.18,15050.50
20.03.2022 00:00:00 +01:00,12807.47,14818.39
20.03.2022 01:00:00 +01:00,12963.37,14673.27
20.03.2022 02:00:00 +01:00,12439.24,14607.21
20.03.2022 03:00:00 +01:00,12555.20,14592.63
20.03.2022 04:00:00 +01:00,12851.60,14618.50
20.03.2022 05:00:00 +01:00,13094.29,14744.98
20.03.2022 06:00:00 +01:00,13368.49,14911.36
20.03.2022 07:00:00 +01:00,13345.40,15037.49
20.03.2022 08:00:00 +01:00,12735.41,15111.83
20.03.2022 09:00:00 +01:00,13402.78,15132.08
20.03.2022 10:00:00 +01:00,13740.51,15139.09
20.03.2022 11:00:00 +01:00,13667.72,14892.98
20.03.2022 12:00:00 +01:00,12944.28,14559.10
20.03.2022 13:00:00 +01:00,12128.76,14386.64
20.03.2022 14:00:00 +01:00,12235.11,14290.47
20.03.2022 15:00:00 +01:00,12410.84,14301.48
20.03.2022 16:00:00 +01:00,13537.36,14399.88
20.03.2022 17:00:00 +01:00,14951.68,14650.19
20.03.2022 18:00:00 +01:00,15507.07,15136.21
20.03.2022 19:00:00 +01:00,16297.67,15665.65
20.03.2022 20:00:00 +01:00,15690.66,15804.81
20.03.2022 21:00:00 +01:00,15288.97,15712.25
20.03.2022 22:00:00 +01:00,14588.88,15487.96
20.03.2022 23:00:00 +01:00,13859.14,15073.46
21.03.2022 00:00:00 +01:00,13811.23,14799.41
21.03.2022 01:00:00 +01:00,13717.38,14688.32
21.03.2022 02:00:00 +01:00,13728.76,14629.92
21.03.2022 03:00:00 +01:00,13845.92,14657.64
21.03.2022 04:00:00 +01:00,15059.63,14839.10
21.03.2022 05:00:00 +01:00,17263.81,15378.24
21.03.2022 06:00:00 +01:00,19789.01,16572.44
21.03.2022 07:00:00 +01:00,21755.70,17767.72
21.03.2022 08:00:00 +01:00,22486.38,17788.44
21.03.2022 09:00:00 +01:00,21608.76,17381.53
21.03.2022 10:00:00 +01:00,19584.20,17006.19
21.03.2022 11:00:00 +01:00,18201.65,16673.64
21.03.2022 12:00:00 +01:00,18389.36,16332.41
21.03.2022 13:00:00 +01:00,18925.42,16177.06
21.03.2022 14:00:00 +01:00,19990.90,16099.25
21.03.2022 15:00:00 +01:00,21506.99,16085.60
21.03.2022 16:00:00 +01:00,22287.91,16151.27
21.03.2022 17:00:00 +01:00,22464.00,16114.04
21.03.2022 18:00:00 +01:00,23023.26,16372.14
21.03.2022 19:00:00 +01:00,22945.46,16685.50
21.03.2022 20:00:00 +01:00,21642.47,16647.20
21.03.2022 21:00:00 +01:00,20980.95,16479.42
21.03.2022 22:00:00 +01:00,20473.73,16147.77
21.03.2022 23:00:00 +01:00,20113.73,15550.57
22.03.2022 00:00:00 +01:00,20257.28,15118.90
22.03.2022 01:00:00 +01:00,20492.98,14861.20
22.03.2022 02:00:00 +01:00,20400.47,14748.44
22.03.2022 03:00:00 +01:00,20499.90,14740.06
22.03.2022 04:00:00 +01:00,20794.70,14888.80
22.03.2022 05:00:00 +01:00,21509.61,15300.87
22.03.2022 06:00:00 +01:00,22646.31,16353.04
22.03.2022 07:00:00 +01:00,23349.06,17486.13
22.03.2022 08:00:00 +01:00,23296.23,17725.98
22.03.2022 09:00:00 +01:00,22345.56,17528.27
22.03.2022 10:00:00 +01:00,21741.95,16466.90
22.03.2022 11:00:00 +01:00,19861.37,16487.28
22.03.2022 12:00:00 +01:00,19634.81,16159.08
22.03.2022 13:00:00 +01:00,20025.54,16057.46
22.03.2022 14:00:00 +01:00,20930.46,15954.74
22.03.2022 15:00:00 +01:00,21358.38,15905.08
22.03.2022 16:00:00 +01:00,21133.45,16048.03
22.03.2022 17:00:00 +01:00,21586.66,16079.99
22.03.2022 18:00:00 +01:00,21684.44,16245.40
22.03.2022 19:00:00 +01:00,21447.28,16665.83
22.03.2022 20:00:00 +01:00,20936.64,16733.52
22.03.2022 21:00:00 +01:00,20743.19,16539.18
22.03.2022 22:00:00 +01:00,20440.12,16165.18
22.03.2022 23:00:00 +01:00,20024.52,15632.08
23.03.2022 00:00:00 +01:00,19543.67,15156.13
23.03.2022 01:00:00 +01:00,19133.71,14960.48
23.03.2022 02:00:00 +01:00,19069.04,14899.91
23.03.2022 03:00:00 +01:00,18943.13,14930.65
23.03.2022 04:00:00 +01:00,18954.02,15037.93
23.03.2022 05:00:00 +01:00,19661.68,15396.42
23.03.2022 06:00:00 +01:00,21343.62,16471.65
23.03.2022 07:00:00 +01:00,22815.07,17617.60
23.03.2022 08:00:00 +01:00,22464.65,17567.11
23.03.2022 09:00:00 +01:00,21482.59,17178.20
23.03.2022 10:00:00 +01:00,20422.03,16757.09
23.03.2022 11:00:00 +01:00,18760.73,16468.94
23.03.2022 12:00:00 +01:00,17709.45,16221.22
23.03.2022 13:00:00 +01:00,18410.72,16059.33
23.03.2022 14:00:00 +01:00,19279.22,15954.30
23.03.2022 15:00:00 +01:00,19753.27,15882.48
23.03.2022 16:00:00 +01:00,20327.56,16002.12
23.03.2022 17:00:00 +01:00,20211.49,16053.65
23.03.2022 18:00:00 +01:00,20367.86,16202.81
23.03.2022 19:00:00 +01:00,20662.36,16493.65
23.03.2022 20:00:00 +01:00,20227.39,16476.56
23.03.2022 21:00:00 +01:00,19577.69,16221.91
23.03.2022 22:00:00 +01:00,18919.07,15800.37
23.03.2022 23:00:00 +01:00,18152.53,15169.36
24.03.2022 00:00:00 +01:00,17350.24,14685.85
24.03.2022 01:00:00 +01:00,17156.56,14426.42
24.03.2022 02:00:00 +01:00,17258.19,14299.38
24.03.2022 03:00:00 +01:00,17479.90,14269.27
24.03.2022 04:00:00 +01:00,18252.90,14372.43
24.03.2022 05:00:00 +01:00,19369.76,14769.05
24.03.2022 06:00:00 +01:00,20914.88,15794.55
24.03.2022 07:00:00 +01:00,22466.79,17030.27
24.03.2022 08:00:00 +01:00,22982.20,17269.12
24.03.2022 09:00:00 +01:00,22139.52,17011.47
24.03.2022 10:00:00 +01:00,20439.53,16382.65
24.03.2022 11:00:00 +01:00,20030.25,16458.68
24.03.2022 12:00:00 +01:00,18770.45,16246.96
24.03.2022 13:00:00 +01:00,18795.15,16003.93
24.03.2022 14:00:00 +01:00,19780.23,15820.74
24.03.2022 15:00:00 +01:00,20349.58,15806.65
24.03.2022 16:00:00 +01:00,20665.19,15935.35
24.03.2022 17:00:00 +01:00,21081.67,15968.76
24.03.2022 18:00:00 +01:00,21097.94,16053.67
24.03.2022 19:00:00 +01:00,20980.40,16357.63
24.03.2022 20:00:00 +01:00,21238.54,16355.08
24.03.2022 21:00:00 +01:00,20886.71,16108.80
24.03.2022 22:00:00 +01:00,20199.34,15638.76
24.03.2022 23:00:00 +01:00,19576.20,15068.09
25.03.2022 00:00:00 +01:00,19203.84,14623.46
25.03.2022 01:00:00 +01:00,18850.45,14362.01
25.03.2022 02:00:00 +01:00,18870.79,14174.57
25.03.2022 03:00:00 +01:00,18639.43,14141.48
25.03.2022 04:00:00 +01:00,18290.25,14186.77
25.03.2022 05:00:00 +01:00,19092.53,14538.95
25.03.2022 06:00:00 +01:00,20499.72,15482.09
25.03.2022 07:00:00 +01:00,21639.88,16566.32
25.03.2022 08:00:00 +01:00,21977.96,16831.52
25.03.2022 09:00:00 +01:00,21865.33,16677.58
25.03.2022 10:00:00 +01:00,20754.15,16527.47
25.03.2022 11:00:00 +01:00,18816.50,16337.21
25.03.2022 12:00:00 +01:00,17095.35,16180.83
25.03.2022 13:00:00 +01:00,16978.06,16030.40
25.03.2022 14:00:00 +01:00,17888.03,15948.28
25.03.2022 15:00:00 +01:00,19252.15,15842.32
25.03.2022 16:00:00 +01:00,20023.68,15877.07
25.03.2022 17:00:00 +01:00,20511.66,15915.95
25.03.2022 18:00:00 +01:00,20925.91,15967.90
25.03.2022 19:00:00 +01:00,20455.43,16140.66
25.03.2022 20:00:00 +01:00,19271.44,15878.17
25.03.2022 21:00:00 +01:00,18877.77,15545.37
25.03.2022 22:00:00 +01:00,17976.07,15186.97
25.03.2022 23:00:00 +01:00,16396.71,14799.09
26.03.2022 00:00:00 +01:00,15149.02,14553.46
26.03.2022 01:00:00 +01:00,14163.99,14343.10
26.03.2022 02:00:00 +01:00,13784.43,14201.43
26.03.2022 03:00:00 +01:00,13536.44,14184.79
26.03.2022 04:00:00 +01:00,13413.64,14247.76
26.03.2022 05:00:00 +01:00,13327.72,14381.32
26.03.2022 06:00:00 +01:00,13351.92,14563.88
26.03.2022 07:00:00 +01:00,14146.95,14919.95
26.03.2022 08:00:00 +01:00,13620.60,15245.38
26.03.2022 09:00:00 +01:00,12707.65,15612.17
26.03.2022 10:00:00 +01:00,12320.46,15705.12
26.03.2022 11:00:00 +01:00,11715.88,15519.24
26.03.2022 12:00:00 +01:00,10984.67,15202.55
26.03.2022 13:00:00 +01:00,11309.93,14943.45
26.03.2022 14:00:00 +01:00,12284.39,14826.87
26.03.2022 15:00:00 +01:00,14149.18,14801.50
26.03.2022 16:00:00 +01:00,16464.98,14980.45
26.03.2022 17:00:00 +01:00,18708.50,15227.64
26.03.2022 18:00:00 +01:00,20285.42,15571.58
26.03.2022 19:00:00 +01:00,20689.45,15890.40
26.03.2022 20:00:00 +01:00,20388.03,15681.98
26.03.2022 21:00:00 +01:00,20302.41,15350.68
26.03.2022 22:00:00 +01:00,20054.80,15102.85
26.03.2022 23:00:00 +01:00,20041.61,14789.93
27.03.2022 00:00:00 +01:00,19538.68,14504.70
27.03.2022 01:00:00 +01:00,19502.64,14276.04
27.03.2022 03:00:00 +02:00,19312.61,14168.12
27.03.2022 04:00:00 +02:00,19218.23,14178.76
27.03.2022 05:00:00 +02:00,19037.70,14235.39
27.03.2022 06:00:00 +02:00,19032.45,14424.27
27.03.2022 07:00:00 +02:00,18639.40,14452.98
27.03.2022 08:00:00 +02:00,18619.53,14728.94
27.03.2022 09:00:00 +02:00,18242.65,15136.42
27.03.2022 10:00:00 +02:00,16582.50,15382.59
27.03.2022 11:00:00 +02:00,14978.86,15444.45
27.03.2022 12:00:00 +02:00,13382.69,15263.90
27.03.2022 13:00:00 +02:00,12474.28,15235.11
27.03.2022 14:00:00 +02:00,12226.48,15063.15
27.03.2022 15:00:00 +02:00,12501.25,14951.57
27.03.2022 16:00:00 +02:00,13769.95,14869.13
27.03.2022 17:00:00 +02:00,15562.03,14873.77
27.03.2022 18:00:00 +02:00,17437.86,15032.43
27.03.2022 19:00:00 +02:00,19161.35,15261.72
27.03.2022 20:00:00 +02:00,19454.96,15533.41
27.03.2022 21:00:00 +02:00,18955.25,15432.78
27.03.2022 22:00:00 +02:00,18010.38,15153.52
27.03.2022 23:00:00 +02:00,16856.90,14735.88
28.03.2022 00:00:00 +02:00,15590.20,14298.08
28.03.2022 01:00:00 +02:00,15164.46,14052.47
28.03.2022 02:00:00 +02:00,14849.08,13893.41
28.03.2022 03:00:00 +02:00,14802.59,13919.40
28.03.2022 04:00:00 +02:00,15151.34,14001.71
28.03.2022 05:00:00 +02:00,16701.76,14351.02
28.03.2022 06:00:00 +02:00,17804.58,15406.96
28.03.2022 07:00:00 +02:00,19635.54,16573.90
28.03.2022 08:00:00 +02:00,20088.77,16905.41
28.03.2022 09:00:00 +02:00,20163.92,16826.42
28.03.2022 10:00:00 +02:00,19663.14,16774.12
28.03.2022 11:00:00 +02:00,18459.62,16582.94
28.03.2022 12:00:00 +02:00,17251.57,16406.19
28.03.2022 13:00:00 +02:00,16034.50,16222.37
28.03.2022 14:00:00 +02:00,15131.90,16143.54
28.03.2022 15:00:00 +02:00,15119.23,16034.68
28.03.2022 16:00:00 +02:00,16127.78,16049.31
28.03.2022 17:00:00 +02:00,17317.43,15962.94
28.03.2022 18:00:00 +02:00,18144.44,15982.00
28.03.2022 19:00:00 +02:00,19075.70,16169.20
28.03.2022 20:00:00 +02:00,19138.08,16580.49
28.03.2022 21:00:00 +02:00,18811.12,16582.31
28.03.2022 22:00:00 +02:00,18433.45,16221.95
28.03.2022 23:00:00 +02:00,17157.57,15721.44
29.03.2022 00:00:00 +02:00,16280.28,15169.93
29.03.2022 01:00:00 +02:00,16148.31,14953.64
29.03.2022 02:00:00 +02:00,16096.80,14791.40
29.03.2022 03:00:00 +02:00,16276.59,14805.67
29.03.2022 04:00:00 +02:00,16584.14,15012.65
29.03.2022 05:00:00 +02:00,18194.17,15475.96
29.03.2022 06:00:00 +02:00,20848.94,16703.47
29.03.2022 07:00:00 +02:00,23093.89,17890.76
29.03.2022 08:00:00 +02:00,23719.44,18083.63
29.03.2022 09:00:00 +02:00,23225.84,17958.65
29.03.2022 10:00:00 +02:00,22820.39,17256.97
29.03.2022 11:00:00 +02:00,21687.52,17185.58
29.03.2022 12:00:00 +02:00,20244.24,17055.46
29.03.2022 13:00:00 +02:00,19445.58,16907.48
29.03.2022 14:00:00 +02:00,18556.07,16773.97
29.03.2022 15:00:00 +02:00,18760.20,16750.99
29.03.2022 16:00:00 +02:00,19329.61,16731.30
29.03.2022 17:00:00 +02:00,21258.20,16671.35
29.03.2022 18:00:00 +02:00,22154.32,16704.82
29.03.2022 19:00:00 +02:00,22897.03,16901.76
29.03.2022 20:00:00 +02:00,22757.87,17243.18
29.03.2022 21:00:00 +02:00,21892.12,17217.14
29.03.2022 22:00:00 +02:00,20847.93,16867.95
29.03.2022 23:00:00 +02:00,19973.76,16367.02
30.03.2022 00:00:00 +02:00,18746.48,15928.71
30.03.2022 01:00:00 +02:00,17629.87,15698.25
30.03.2022 02:00:00 +02:00,17593.89,15609.12
30.03.2022 03:00:00 +02:00,17708.30,15599.05
30.03.2022 04:00:00 +02:00,17915.98,15776.09
30.03.2022 05:00:00 +02:00,19562.46,16191.23
30.03.2022 06:00:00 +02:00,22119.35,17347.42
30.03.2022 07:00:00 +02:00,23634.02,18453.57
30.03.2022 08:00:00 +02:00,24203.35,18466.41
30.03.2022 09:00:00 +02:00,24108.21,18375.49
30.03.2022 10:00:00 +02:00,22673.26,18044.91
30.03.2022 11:00:00 +02:00,21454.03,17563.53
30.03.2022 12:00:00 +02:00,20533.01,17242.44
30.03.2022 13:00:00 +02:00,19952.69,17044.38
30.03.2022 14:00:00 +02:00,19614.40,16901.24
30.03.2022 15:00:00 +02:00,19924.54,16749.58
30.03.2022 16:00:00 +02:00,21470.69,16798.41
30.03.2022 17:00:00 +02:00,22387.62,16621.61
30.03.2022 18:00:00 +02:00,22503.44,16580.15
30.03.2022 19:00:00 +02:00,23187.75,16722.12
30.03.2022 20:00:00 +02:00,23417.21,17196.33
30.03.2022 21:00:00 +02:00,22879.86,17258.53
30.03.2022 22:00:00 +02:00,21591.09,16938.68
30.03.2022 23:00:00 +02:00,18718.35,16462.93
31.03.2022 00:00:00 +02:00,18066.80,15915.88
31.03.2022 01:00:00 +02:00,17333.44,15661.96
31.03.2022 02:00:00 +02:00,16727.42,15570.38
31.03.2022 03:00:00 +02:00,16128.84,15552.73
31.03.2022 04:00:00 +02:00,16829.25,15770.38
31.03.2022 05:00:00 +02:00,18572.70,16180.71
31.03.2022 06:00:00 +02:00,22302.94,17351.64
31.03.2022 07:00:00 +02:00,23570.55,18601.38
31.03.2022 08:00:00 +02:00,23837.44,18789.21
31.03.2022 09:00:00 +02:00,23517.36,18344.05
31.03.2022 10:00:00 +02:00,22195.67,17287.28
31.03.2022 11:00:00 +02:00,20837.55,17497.53
31.03.2022 12:00:00 +02:00,18697.60,17116.26
31.03.2022 13:00:00 +02:00,17872.38,16972.73
31.03.2022 14:00:00 +02:00,17856.10,16827.19
31.03.2022 15:00:00 +02:00,17471.48,16726.69
31.03.2022 16:00:00 +02:00,17144.82,16739.21
31.03.2022 17:00:00 +02:00,17832.41,16681.40
31.03.2022 18:00:00 +02:00,19189.19,16670.08
31.03.2022 19:00:00 +02:00,20666.21,16845.26
31.03.2022 20:00:00 +02:00,19664.98,17254.40
31.03.2022 21:00:00 +02:00,18023.69,17273.53
31.03.2022 22:00:00 +02:00,17054.94,16995.17
31.03.2022 23:00:00 +02:00,16259.92,16563.38
01.04.2022 00:00:00 +02:00,15119.04,16105.27
01.04.2022 01:00:00 +02:00,14690.12,15877.70
01.04.2022 02:00:00 +02:00,14489.74,15812.22
01.04.2022 03:00:00 +02:00,14661.17,15909.85
01.04.2022 04:00:00 +02:00,14720.34,15994.16
01.04.2022 05:00:00 +02:00,15799.80,16461.16
01.04.2022 06:00:00 +02:00,17761.12,17565.32
01.04.2022 07:00:00 +02:00,21341.83,18741.83
01.04.2022 08:00:00 +02:00,22731.47,19039.82
01.04.2022 09:00:00 +02:00,21311.42,18595.83
01.04.2022 10:00:00 +02:00,19094.11,18148.97
01.04.2022 11:00:00 +02:00,17313.35,17732.71
01.04.2022 12:00:00 +02:00,16906.75,17280.87
01.04.2022 13:00:00 +02:00,16003.74,17056.33
01.04.2022 14:00:00 +02:00,15968.61,16915.90
01.04.2022 15:00:00 +02:00,15916.12,16793.82
01.04.2022 16:00:00 +02:00,15911.97,16732.71
01.04.2022 17:00:00 +02:00,16433.33,16598.57
01.04.2022 18:00:00 +02:00,17436.11,16626.43
01.04.2022 19:00:00 +02:00,19583.51,16731.78
01.04.2022 20:00:00 +02:00,18806.14,16961.90
01.04.2022 21:00:00 +02:00,16775.15,16872.47
01.04.2022 22:00:00 +02:00,15860.83,16588.40
01.04.2022 23:00:00 +02:00,15408.32,16258.59
02.04.2022 00:00:00 +02:00,15326.99,15913.69
02.04.2022 01:00:00 +02:00,14845.04,15701.59
02.04.2022 02:00:00 +02:00,14624.33,15571.24
02.04.2022 03:00:00 +02:00,14524.05,15537.36
02.04.2022 04:00:00 +02:00,14550.20,15623.65
02.04.2022 05:00:00 +02:00,14700.13,15775.32
02.04.2022 06:00:00 +02:00,15021.71,16074.74
02.04.2022 07:00:00 +02:00,15566.67,16434.10
02.04.2022 08:00:00 +02:00,16993.73,16746.93
02.04.2022 09:00:00 +02:00,16822.89,17014.59
02.04.2022 10:00:00 +02:00,15419.96,16981.62
02.04.2022 11:00:00 +02:00,15035.96,16723.19
02.04.2022 12:00:00 +02:00,14863.48,16352.81
02.04.2022 13:00:00 +02:00,14592.04,16111.43
02.04.2022 14:00:00 +02:00,14292.18,15876.26
02.04.2022 15:00:00 +02:00,14111.68,15788.23
02.04.2022 16:00:00 +02:00,14644.16,15734.51
02.04.2022 17:00:00 +02:00,16671.87,15886.74
02.04.2022 18:00:00 +02:00,18301.04,16068.94
02.04.2022 19:00:00 +02:00,19586.24,16229.63
02.04.2022 20:00:00 +02:00,20374.45,16384.28
02.04.2022 21:00:00 +02:00,20389.17,16256.35
02.04.2022 22:00:00 +02:00,20163.55,16049.85
02.04.2022 23:00:00 +02:00,19698.51,15754.03
03.04.2022 00:00:00 +02:00,19327.78,15440.20
03.04.2022 01:00:00 +02:00,18818.13,15263.22
03.04.2022 02:00:00 +02:00,19239.74,15153.24
03.04.2022 03:00:00 +02:00,19069.06,15061.81
03.04.2022 04:00:00 +02:00,19177.80,15061.31
03.04.2022 05:00:00 +02:00,18954.24,15148.00
03.04.2022 06:00:00 +02:00,18204.49,15306.35
03.04.2022 07:00:00 +02:00,18782.71,15471.08
03.04.2022 08:00:00 +02:00,19483.22,15743.77
03.04.2022 09:00:00 +02:00,19053.48,16006.20
03.04.2022 10:00:00 +02:00,18338.49,16104.65
03.04.2022 11:00:00 +02:00,17439.61,16089.21
03.04.2022 12:00:00 +02:00,16253.58,15973.02
03.04.2022 13:00:00 +02:00,15382.06,15859.78
03.04.2022 14:00:00 +02:00,15065.53,15787.26
03.04.2022 15:00:00 +02:00,14814.16,15782.16
03.04.2022 16:00:00 +02:00,15026.64,15783.35
03.04.2022 17:00:00 +02:00,15576.23,15814.83
03.04.2022 18:00:00 +02:00,16403.08,16043.29
03.04.2022 19:00:00 +02:00,16941.57,16228.94
03.04.2022 20:00:00 +02:00,17404.61,16462.28
03.04.2022 21:00:00 +02:00,17074.07,16396.63
03.04.2022 22:00:00 +02:00,16201.74,16060.02
03.04.2022 23:00:00 +02:00,14570.44,15608.29
04.04.2022 00:00:00 +02:00,12897.13,15152.77
04.04.2022 01:00:00 +02:00,11764.22,14824.52
04.04.2022 02:00:00 +02:00,10907.15,14770.45
04.04.2022 03:00:00 +02:00,10701.70,14809.58
04.04.2022 04:00:00 +02:00,10147.45,14963.53
04.04.2022 05:00:00 +02:00,10816.32,15287.92
04.04.2022 06:00:00 +02:00,13159.17,16455.63
04.04.2022 07:00:00 +02:00,15026.86,17655.26
04.04.2022 08:00:00 +02:00,15819.75,18106.01
04.04.2022 09:00:00 +02:00,16198.76,18084.67
04.04.2022 10:00:00 +02:00,16064.09,17945.60
04.04.2022 11:00:00 +02:00,15757.68,17639.13
04.04.2022 12:00:00 +02:00,15843.68,17414.50
04.04.2022 13:00:00 +02:00,15630.36,17195.40
04.04.2022 14:00:00 +02:00,15144.56,17027.64
04.04.2022 15:00:00 +02:00,14928.20,16931.28
04.04.2022 16:00:00 +02:00,15216.59,17058.19
04.04.2022 17:00:00 +02:00,15088.59,16911.88
04.04.2022 18:00:00 +02:00,15115.43,16867.55
04.04.2022 19:00:00 +02:00,15029.56,17007.75
04.04.2022 20:00:00 +02:00,14645.73,17275.67
04.04.2022 21:00:00 +02:00,13983.26,17308.76
04.04.2022 22:00:00 +02:00,13461.38,16968.40
04.04.2022 23:00:00 +02:00,12759.45,16469.12
05.04.2022 00:00:00 +02:00,12874.91,16022.44
05.04.2022 01:00:00 +02:00,12649.38,15863.54
05.04.2022 02:00:00 +02:00,12516.43,15718.87
05.04.2022 03:00:00 +02:00,12583.49,15703.80
05.04.2022 04:00:00 +02:00,13109.55,15876.59
05.04.2022 05:00:00 +02:00,14368.52,16363.16
05.04.2022 06:00:00 +02:00,17263.91,17563.01
05.04.2022 07:00:00 +02:00,19848.31,18833.65
05.04.2022 08:00:00 +02:00,20932.11,18813.62
05.04.2022 09:00:00 +02:00,20499.40,18214.26
05.04.2022 10:00:00 +02:00,19539.69,17250.38
05.04.2022 11:00:00 +02:00,19118.40,17373.75
05.04.2022 12:00:00 +02:00,18509.19,17108.52
05.04.2022 13:00:00 +02:00,17774.66,17059.98
05.04.2022 14:00:00 +02:00,16963.58,17000.43
05.04.2022 15:00:00 +02:00,17217.69,16938.72
05.04.2022 16:00:00 +02:00,17626.82,16935.99
05.04.2022 17:00:00 +02:00,19077.67,16739.22
05.04.2022 18:00:00 +02:00,20051.30,16693.63
05.04.2022 19:00:00 +02:00,21237.09,16927.81
05.04.2022 20:00:00 +02:00,22331.33,17211.74
05.04.2022 21:00:00 +02:00,21444.18,17388.39
05.04.2022 22:00:00 +02:00,19111.19,17013.73
05.04.2022 23:00:00 +02:00,17310.38,16481.79
06.04.2022 00:00:00 +02:00,15733.13,16011.46
06.04.2022 01:00:00 +02:00,13894.64,15712.87
06.04.2022 02:00:00 +02:00,12910.28,15626.92
06.04.2022 03:00:00 +02:00,12914.82,15613.53
06.04.2022 04:00:00 +02:00,12766.36,15741.83
06.04.2022 05:00:00 +02:00,13404.87,16202.36
06.04.2022 06:00:00 +02:00,15285.25,17313.58
06.04.2022 07:00:00 +02:00,17571.69,18612.44
06.04.2022 08:00:00 +02:00,18609.05,18803.28
06.04.2022 09:00:00 +02:00,17951.95,18492.66
06.04.2022 10:00:00 +02:00,17232.31,18168.52
06.04.2022 11:00:00 +02:00,16925.29,17777.59
06.04.2022 12:00:00 +02:00,16175.33,17411.10
06.04.2022 13:00:00 +02:00,15196.66,17191.69
06.04.2022 14:00:00 +02:00,15018.16,17084.58
06.04.2022 15:00:00 +02:00,15431.79,17059.55
06.04.2022 16:00:00 +02:00,15848.23,17075.35
06.04.2022 17:00:00 +02:00,15676.16,16919.33
06.04.2022 18:00:00 +02:00,15604.62,16874.94
06.04.2022 19:00:00 +02:00,17140.04,17015.08
06.04.2022 20:00:00 +02:00,16535.61,17320.98
06.04.2022 21:00:00 +02:00,15912.55,17403.64
06.04.2022 22:00:00 +02:00,15660.30,17081.74
06.04.2022 23:00:00 +02:00,14683.68,16562.12
07.04.2022 00:00:00 +02:00,13965.09,15991.07
07.04.2022 01:00:00 +02:00,13691.53,15712.73
07.04.2022 02:00:00 +02:00,13361.71,15581.87
07.04.2022 03:00:00 +02:00,13011.55,15541.79
07.04.2022 04:00:00 +02:00,12959.78,15758.97
07.04.2022 05:00:00 +02:00,13080.17,16110.09
07.04.2022 06:00:00 +02:00,14556.38,17258.33
07.04.2022 07:00:00 +02:00,16817.13,18495.63
07.04.2022 08:00:00 +02:00,17147.17,18663.81
07.04.2022 09:00:00 +02:00,16614.38,18411.76
07.04.2022 10:00:00 +02:00,16227.23,18023.25
07.04.2022 11:00:00 +02:00,15638.63,17098.32
07.04.2022 12:00:00 +02:00,14690.90,17381.86
07.04.2022 13:00:00 +02:00,14488.93,17208.05
07.04.2022 14:00:00 +02:00,14422.56,17106.35
07.04.2022 15:00:00 +02:00,14381.93,16939.06
07.04.2022 16:00:00 +02:00,14698.84,17104.81
07.04.2022 17:00:00 +02:00,15592.28,16952.11
07.04.2022 18:00:00 +02:00,15255.72,16883.57
07.04.2022 19:00:00 +02:00,15474.31,16958.83
07.04.2022 20:00:00 +02:00,15843.71,17251.85
07.04.2022 21:00:00 +02:00,15492.76,17179.88
07.04.2022 22:00:00 +02:00,14718.84,16913.68
07.04.2022 23:00:00 +02:00,13298.08,16366.87
08.04.2022 00:00:00 +02:00,12705.65,15894.67
08.04.2022 01:00:00 +02:00,12135.29,15605.82
08.04.2022 02:00:00 +02:00,11672.22,15514.89
08.04.2022 03:00:00 +02:00,11837.87,15459.73
08.04.2022 04:00:00 +02:00,11820.26,15573.58
08.04.2022 05:00:00 +02:00,13492.20,16027.66
08.04.2022 06:00:00 +02:00,14771.17,17102.29
08.04.2022 07:00:00 +02:00,16122.95,18335.75
08.04.2022 08:00:00 +02:00,16358.31,18686.41
08.04.2022 09:00:00 +02:00,16029.64,18498.42
08.04.2022 10:00:00 +02:00,15769.97,18174.79
08.04.2022 11:00:00 +02:00,15611.61,17842.50
08.04.2022 12:00:00 +02:00,15822.89,17508.44
08.04.2022 13:00:00 +02:00,15922.46,17226.80
08.04.2022 14:00:00 +02:00,15833.08,16999.75
08.04.2022 15:00:00 +02:00,16047.31,16770.75
08.04.2022 16:00:00 +02:00,16566.23,16674.80
08.04.2022 17:00:00 +02:00,17373.42,16606.15
08.04.2022 18:00:00 +02:00,18452.81,16707.31
08.04.2022 19:00:00 +02:00,19322.95,16721.75
08.04.2022 20:00:00 +02:00,20235.25,16823.92
08.04.2022 21:00:00 +02:00,20082.23,16756.30
08.04.2022 22:00:00 +02:00,19658.47,16441.69
08.04.2022 23:00:00 +02:00,17660.58,15974.70
09.04.2022 00:00:00 +02:00,15333.30,15523.61
09.04.2022 01:00:00 +02:00,14279.27,15255.98
09.04.2022 02:00:00 +02:00,14006.16,15151.00
09.04.2022 03:00:00 +02:00,13761.52,15094.09
09.04.2022 04:00:00 +02:00,13687.56,15054.23
09.04.2022 05:00:00 +02:00,13762.87,15092.02
09.04.2022 06:00:00 +02:00,13981.60,15254.69
09.04.2022 07:00:00 +02:00,14602.60,15517.77
09.04.2022 08:00:00 +02:00,14924.74,16030.92
09.04.2022 09:00:00 +02:00,14679.27,16555.33
09.04.2022 10:00:00 +02:00,14114.66,16665.38
09.04.2022 11:00:00 +02:00,14221.14,16492.17
09.04.2022 12:00:00 +02:00,13973.31,16300.31
09.04.2022 13:00:00 +02:00,13626.49,16105.72
09.04.2022 14:00:00 +02:00,13407.56,15927.02
09.04.2022 15:00:00 +02:00,13245.84,15746.32
09.04.2022 16:00:00 +02:00,13151.52,15752.94
09.04.2022 17:00:00 +02:00,13818.78,15802.17
09.04.2022 18:00:00 +02:00,14424.55,15877.81
09.04.2022 19:00:00 +02:00,14145.23,15958.68
09.04.2022 20:00:00 +02:00,14246.80,15915.86
09.04.2022 21:00:00 +02:00,14218.64,15852.06
09.04.2022 22:00:00 +02:00,13956.40,15606.45
09.04.2022 23:00:00 +02:00,13845.14,15273.78
10.04.2022 00:00:00 +02:00,13419.76,14968.04
10.04.2022 01:00:00 +02:00,13241.50,14748.56
10.04.2022 02:00:00 +02:00,12999.86,14611.81
10.04.2022 03:00:00 +02:00,12829.42,14548.52
10.04.2022 04:00:00 +02:00,12993.25,14550.53
10.04.2022 05:00:00 +02:00,13030.70,14621.65
10.04.2022 06:00:00 +02:00,13101.74,14698.20
10.04.2022 07:00:00 +02:00,13403.09,14881.48
10.04.2022 08:00:00 +02:00,14135.47,15206.90
10.04.2022 09:00:00 +02:00,14040.19,15484.56
10.04.2022 10:00:00 +02:00,13069.04,15599.23
10.04.2022 11:00:00 +02:00,12857.50,15411.00
10.04.2022 12:00:00 +02:00,11979.18,15263.95
10.04.2022 13:00:00 +02:00,11370.85,15201.57
10.04.2022 14:00:00 +02:00,10491.84,15161.91
10.04.2022 15:00:00 +02:00,10299.86,15122.38
10.04.2022 16:00:00 +02:00,11325.03,15050.32
10.04.2022 17:00:00 +02:00,13597.84,14999.45
10.04.2022 18:00:00 +02:00,14752.15,15111.43
10.04.2022 19:00:00 +02:00,16003.74,15276.73
10.04.2022 20:00:00 +02:00,16677.54,15611.16
10.04.2022 21:00:00 +02:00,16808.02,15712.55
10.04.2022 22:00:00 +02:00,17036.43,15439.80
10.04.2022 23:00:00 +02:00,17293.95,15129.03
11.04.2022 00:00:00 +02:00,18124.26,14835.70
11.04.2022 01:00:00 +02:00,18624.60,14683.54
11.04.2022 02:00:00 +02:00,18529.18,14660.32
11.04.2022 03:00:00 +02:00,18996.82,14679.22
11.04.2022 04:00:00 +02:00,19627.36,14872.50
11.04.2022 05:00:00 +02:00,20526.48,15235.74
11.04.2022 06:00:00 +02:00,21769.53,16026.92
11.04.2022 07:00:00 +02:00,22882.61,16826.09
11.04.2022 08:00:00 +02:00,23189.35,17067.80
11.04.2022 09:00:00 +02:00,22569.14,17093.23
11.04.2022 10:00:00 +02:00,21192.52,16839.43
11.04.2022 11:00:00 +02:00,18655.24,16610.86
11.04.2022 12:00:00 +02:00,17902.72,16408.60
11.04.2022 13:00:00 +02:00,16341.62,16195.43
11.04.2022 14:00:00 +02:00,15636.10,16074.36
11.04.2022 15:00:00 +02:00,16369.25,15913.60
11.04.2022 16:00:00 +02:00,18381.11,15845.97
11.04.2022 17:00:00 +02:00,20474.07,15696.97
11.04.2022 18:00:00 +02:00,20878.43,15665.96
11.04.2022 19:00:00 +02:00,21467.68,15771.83
11.04.2022 20:00:00 +02:00,21736.63,16010.94
11.04.2022 21:00:00 +02:00,21364.34,16109.83
11.04.2022 22:00:00 +02:00,20502.91,15818.64
11.04.2022 23:00:00 +02:00,20105.26,15451.99
12.04.2022 00:00:00 +02:00,19369.13,15099.18
12.04.2022 01:00:00 +02:00,17843.19,14818.03
12.04.2022 02:00:00 +02:00,16949.27,14781.27
12.04.2022 03:00:00 +02:00,16844.10,14762.39
12.04.2022 04:00:00 +02:00,17529.25,14893.08
12.04.2022 05:00:00 +02:00,18859.08,15182.99
12.04.2022 06:00:00 +02:00,21111.26,15858.79
12.04.2022 07:00:00 +02:00,21855.51,16500.99
12.04.2022 08:00:00 +02:00,22152.52,16780.56
12.04.2022 09:00:00 +02:00,21399.35,16811.74
12.04.2022 10:00:00 +02:00,18321.09,16637.37
12.04.2022 11:00:00 +02:00,16284.00,16424.77
12.04.2022 12:00:00 +02:00,14849.69,16143.21
12.04.2022 13:00:00 +02:00,14459.85,15911.94
12.04.2022 14:00:00 +02:00,14450.82,15770.36
12.04.2022 15:00:00 +02:00,14531.40,15668.94
12.04.2022 16:00:00 +02:00,15531.32,15653.44
12.04.2022 17:00:00 +02:00,16904.35,15583.39
12.04.2022 18:00:00 +02:00,18525.16,15579.80
12.04.2022 19:00:00 +02:00,19254.35,15659.42
12.04.2022 20:00:00 +02:00,19034.06,15800.52
12.04.2022 21:00:00 +02:00,17701.80,15859.97
12.04.2022 22:00:00 +02:00,15959.81,15539.96
12.04.2022 23:00:00 +02:00,15411.98,15139.57
13.04.2022 00:00:00 +02:00,14534.45,14781.90
13.04.2022 01:00:00 +02:00,14132.91,14509.80
13.04.2022 02:00:00 +02:00,13849.54,14322.51
13.04.2022 03:00:00 +02:00,14424.22,14253.19
13.04.2022 04:00:00 +02:00,15521.77,14332.03
13.04.2022 05:00:00 +02:00,16301.88,14588.95
13.04.2022 06:00:00 +02:00,18215.60,15107.43
13.04.2022 07:00:00 +02:00,20263.54,15781.75
13.04.2022 08:00:00 +02:00,20938.48,16207.94
13.04.2022 09:00:00 +02:00,20851.08,16466.75
13.04.2022 10:00:00 +02:00,21307.22,16568.08
13.04.2022 11:00:00 +02:00,20988.19,16542.49
13.04.2022 12:00:00 +02:00,20695.44,16411.53
13.04.2022 13:00:00 +02:00,20721.39,16283.28
13.04.2022 14:00:00 +02:00,20857.03,16213.53
13.04.2022 15:00:00 +02:00,20943.55,16211.31
13.04.2022 16:00:00 +02:00,20980.29,16152.58
13.04.2022 17:00:00 +02:00,21193.81,15903.41
13.04.2022 18:00:00 +02:00,21410.75,15906.82
13.04.2022 19:00:00 +02:00,21210.37,15923.84
13.04.2022 20:00:00 +02:00,21032.06,15866.02
13.04.2022 21:00:00 +02:00,20668.68,15729.08
13.04.2022 22:00:00 +02:00,20327.99,15375.60
13.04.2022 23:00:00 +02:00,19981.70,14976.95
14.04.2022 00:00:00 +02:00,19508.11,14561.84
14.04.2022 01:00:00 +02:00,19227.36,14245.52
14.04.2022 02:00:00 +02:00,18952.17,14176.80
14.04.2022 03:00:00 +02:00,18498.80,14124.39
14.04.2022 04:00:00 +02:00,18527.03,14192.42
14.04.2022 05:00:00 +02:00,19209.82,14307.79
14.04.2022 06:00:00 +02:00,19490.49,14521.30
14.04.2022 07:00:00 +02:00,20402.42,14895.83
14.04.2022 08:00:00 +02:00,20603.10,15182.60
14.04.2022 09:00:00 +02:00,20408.59,15481.01
14.04.2022 10:00:00 +02:00,20601.10,15616.85
14.04.2022 11:00:00 +02:00,20397.19,15523.07
14.04.2022 12:00:00 +02:00,19182.54,15332.40
14.04.2022 13:00:00 +02:00,17967.16,15109.69
14.04.2022 14:00:00 +02:00,17345.17,14989.97
14.04.2022 15:00:00 +02:00,17815.96,14888.56
14.04.2022 16:00:00 +02:00,18465.86,14892.16
14.04.2022 17:00:00 +02:00,19704.76,14813.57
14.04.2022 18:00:00 +02:00,20120.50,14841.28
14.04.2022 19:00:00 +02:00,20570.24,14776.33
14.04.2022 20:00:00 +02:00,20269.64,14836.23
14.04.2022 21:00:00 +02:00,20097.59,14901.11
14.04.2022 22:00:00 +02:00,19794.73,14703.84
14.04.2022 23:00:00 +02:00,19282.38,14459.72
15.04.2022 00:00:00 +02:00,18734.73,14193.87
15.04.2022 01:00:00 +02:00,17127.67,14010.69
15.04.2022 02:00:00 +02:00,16457.16,13933.11
15.04.2022 03:00:00 +02:00,15911.10,13961.99
15.04.2022 04:00:00 +02:00,15822.54,14092.10
15.04.2022 05:00:00 +02:00,16878.60,14251.85
15.04.2022 06:00:00 +02:00,18119.12,14561.83
15.04.2022 07:00:00 +02:00,19109.15,14826.35
15.04.2022 08:00:00 +02:00,18491.66,14889.53
15.04.2022 09:00:00 +02:00,17547.58,14898.35
15.04.2022 10:00:00 +02:00,15912.85,14775.40
15.04.2022 11:00:00 +02:00,14660.33,14560.43
15.04.2022 12:00:00 +02:00,13211.84,14267.56
15.04.2022 13:00:00 +02:00,11697.95,14084.60
15.04.2022 14:00:00 +02:00,11267.26,13867.01
15.04.2022 15:00:00 +02:00,11393.42,13746.47
15.04.2022 16:00:00 +02:00,12423.25,13680.06
15.04.2022 17:00:00 +02:00,13789.84,13679.83
15.04.2022 18:00:00 +02:00,15563.50,13719.24
15.04.2022 19:00:00 +02:00,17915.39,13838.09
15.04.2022 20:00:00 +02:00,19044.21,13997.32
15.04.2022 21:00:00 +02:00,19054.37,14095.67
15.04.2022 22:00:00 +02:00,18467.45,13942.91
15.04.2022 23:00:00 +02:00,16705.07,13725.55
16.04.2022 00:00:00 +02:00,15468.42,13583.82
16.04.2022 01:00:00 +02:00,14251.58,13469.00
16.04.2022 02:00:00 +02:00,13010.69,13425.01
16.04.2022 03:00:00 +02:00,12320.07,13458.15
16.04.2022 04:00:00 +02:00,12484.94,13549.34
16.04.2022 05:00:00 +02:00,13335.90,13683.11
16.04.2022 06:00:00 +02:00,14011.96,13851.08
16.04.2022 07:00:00 +02:00,14186.27,14072.04
16.04.2022 08:00:00 +02:00,13788.53,14292.27
16.04.2022 09:00:00 +02:00,12402.53,14518.10
16.04.2022 10:00:00 +02:00,10956.25,14618.22
16.04.2022 11:00:00 +02:00,10155.74,14478.99
16.04.2022 12:00:00 +02:00,9659.30,14211.78
16.04.2022 13:00:00 +02:00,9162.03,14016.75
16.04.2022 14:00:00 +02:00,8149.77,13886.55
16.04.2022 15:00:00 +02:00,7699.94,13818.36
16.04.2022 16:00:00 +02:00,8800.69,13732.29
16.04.2022 17:00:00 +02:00,9618.31,13761.01
16.04.2022 18:00:00 +02:00,11168.50,13882.93
16.04.2022 19:00:00 +02:00,13098.37,13908.98
16.04.2022 20:00:00 +02:00,14513.76,13929.52
16.04.2022 21:00:00 +02:00,13907.74,14057.12
16.04.2022 22:00:00 +02:00,12022.01,13944.14
16.04.2022 23:00:00 +02:00,10228.58,13775.17
17.04.2022 00:00:00 +02:00,9443.61,13646.57
17.04.2022 01:00:00 +02:00,8889.44,13479.42
17.04.2022 02:00:00 +02:00,9020.20,13375.72
17.04.2022 03:00:00 +02:00,9112.94,13390.66
17.04.2022 04:00:00 +02:00,9109.47,13459.40
17.04.2022 05:00:00 +02:00,9419.58,13532.11
17.04.2022 06:00:00 +02:00,9606.19,13584.23
17.04.2022 07:00:00 +02:00,9957.56,13768.06
17.04.2022 08:00:00 +02:00,10099.84,13891.75
17.04.2022 09:00:00 +02:00,10141.23,14059.49
17.04.2022 10:00:00 +02:00,9851.74,14085.72
17.04.2022 11:00:00 +02:00,8657.17,13897.17
17.04.2022 12:00:00 +02:00,8036.76,13677.18
17.04.2022 13:00:00 +02:00,6969.38,13566.65
17.04.2022 14:00:00 +02:00,6748.32,13454.73
17.04.2022 15:00:00 +02:00,6725.51,13449.52
17.04.2022 16:00:00 +02:00,7119.81,13351.85
17.04.2022 17:00:00 +02:00,8424.96,13482.30
17.04.2022 18:00:00 +02:00,10594.28,13604.44
17.04.2022 19:00:00 +02:00,12484.78,13751.48
17.04.2022 20:00:00 +02:00,13452.07,13917.12
17.04.2022 21:00:00 +02:00,13546.74,14110.40
17.04.2022 22:00:00 +02:00,12154.53,13960.91
17.04.2022 23:00:00 +02:00,10330.81,13717.64
18.04.2022 00:00:00 +02:00,9818.83,13530.04
18.04.2022 01:00:00 +02:00,9389.94,13360.22
18.04.2022 02:00:00 +02:00,9384.89,13283.77
18.04.2022 03:00:00 +02:00,9401.58,13292.97
18.04.2022 04:00:00 +02:00,9644.98,13373.31
18.04.2022 05:00:00 +02:00,9932.79,13516.83
18.04.2022 06:00:00 +02:00,10255.66,13764.04
18.04.2022 07:00:00 +02:00,10622.08,14079.78
18.04.2022 08:00:00 +02:00,10836.00,14368.85
18.04.2022 09:00:00 +02:00,10977.87,14600.51
18.04.2022 10:00:00 +02:00,10837.59,14635.09
18.04.2022 11:00:00 +02:00,10743.28,14590.48
18.04.2022 12:00:00 +02:00,10481.45,14339.86
18.04.2022 13:00:00 +02:00,10089.29,14148.45
18.04.2022 14:00:00 +02:00,9606.89,14038.43
18.04.2022 15:00:00 +02:00,10262.90,13917.57
18.04.2022 16:00:00 +02:00,10934.12,13804.96
18.04.2022 17:00:00 +02:00,11934.63,13707.23
18.04.2022 18:00:00 +02:00,13807.01,13795.64
18.04.2022 19:00:00 +02:00,16207.29,13898.29
18.04.2022 20:00:00 +02:00,18072.16,14125.86
18.04.2022 21:00:00 +02:00,19065.23,14349.88
18.04.2022 22:00:00 +02:00,18675.03,14242.00
18.04.2022 23:00:00 +02:00,17819.11,13876.24
19.04.2022 00:00:00 +02:00,17010.51,13513.99
19.04.2022 01:00:00 +02:00,15899.43,13312.81
19.04.2022 02:00:00 +02:00,15245.28,13243.85
19.04.2022 03:00:00 +02:00,14855.56,13284.63
19.04.2022 04:00:00 +02:00,15318.97,13439.04
19.04.2022 05:00:00 +02:00,16947.66,13802.40
19.04.2022 06:00:00 +02:00,18796.37,14759.05
19.04.2022 07:00:00 +02:00,19696.26,15813.40
19.04.2022 08:00:00 +02:00,20284.86,15877.92
19.04.2022 09:00:00 +02:00,19929.46,15576.13
19.04.2022 10:00:00 +02:00,19487.84,15278.34
19.04.2022 11:00:00 +02:00,17160.69,14867.99
19.04.2022 12:00:00 +02:00,15354.13,14649.69
19.04.2022 13:00:00 +02:00,13839.31,14538.77
19.04.2022 14:00:00 +02:00,13063.21,14359.47
19.04.2022 15:00:00 +02:00,13126.18,14231.95
19.04.2022 16:00:00 +02:00,14103.17,14210.30
19.04.2022 17:00:00 +02:00,15529.01,13997.41
19.04.2022 18:00:00 +02:00,17445.42,13882.35
19.04.2022 19:00:00 +02:00,18223.58,13974.20
19.04.2022 20:00:00 +02:00,18409.46,14172.30
19.04.2022 21:00:00 +02:00,18288.95,14391.49
19.04.2022 22:00:00 +02:00,16651.78,14171.85
19.04.2022 23:00:00 +02:00,14206.42,13704.39
20.04.2022 00:00:00 +02:00,13444.50,13246.55
20.04.2022 01:00:00 +02:00,13020.54,13003.33
20.04.2022 02:00:00 +02:00,12834.53,12919.39
20.04.2022 03:00:00 +02:00,12918.88,12861.64
20.04.2022 04:00:00 +02:00,13260.28,12905.80
20.04.2022 05:00:00 +02:00,15061.03,13278.88
20.04.2022 06:00:00 +02:00,17761.58,14206.50
20.04.2022 07:00:00 +02:00,18835.94,15269.42
20.04.2022 08:00:00 +02:00,19115.86,15295.06
20.04.2022 09:00:00 +02:00,18089.21,14980.77
20.04.2022 10:00:00 +02:00,16867.22,14717.82
20.04.2022 11:00:00 +02:00,14821.82,14397.68
20.04.2022 12:00:00 +02:00,12814.99,14235.91
20.04.2022 13:00:00 +02:00,11652.32,14054.03
20.04.2022 14:00:00 +02:00,11571.37,13941.56
20.04.2022 15:00:00 +02:00,12740.27,13925.28
20.04.2022 16:00:00 +02:00,13877.73,13884.98
20.04.2022 17:00:00 +02:00,15726.09,13679.12
20.04.2022 18:00:00 +02:00,17081.22,13466.12
20.04.2022 19:00:00 +02:00,17564.12,13519.58
20.04.2022 20:00:00 +02:00,17758.45,13783.69
20.04.2022 21:00:00 +02:00,17512.57,14019.09
20.04.2022 22:00:00 +02:00,16725.90,13791.58
20.04.2022 23:00:00 +02:00,15941.19,13278.05
21.04.2022 00:00:00 +02:00,15114.96,12804.94
21.04.2022 01:00:00 +02:00,13828.73,12589.60
21.04.2022 02:00:00 +02:00,12730.40,12481.68
21.04.2022 03:00:00 +02:00,12536.60,12437.72
21.04.2022 04:00:00 +02:00,12709.81,12533.95
21.04.2022 05:00:00 +02:00,14290.15,12803.53
21.04.2022 06:00:00 +02:00,16547.08,13652.39
21.04.2022 07:00:00 +02:00,18402.20,14758.41
21.04.2022 08:00:00 +02:00,19186.30,14881.74
21.04.2022 09:00:00 +02:00,18511.30,14637.18
21.04.2022 10:00:00 +02:00,17261.54,14376.76
21.04.2022 11:00:00 +02:00,15253.48,13729.49
21.04.2022 12:00:00 +02:00,13830.93,14080.52
21.04.2022 13:00:00 +02:00,12971.31,13903.50
21.04.2022 14:00:00 +02:00,12425.78,13819.25
21.04.2022 15:00:00 +02:00,12303.79,13818.67
21.04.2022 16:00:00 +02:00,13148.23,13857.42
21.04.2022 17:00:00 +02:00,14840.97,13711.41
21.04.2022 18:00:00 +02:00,16299.46,13597.73
21.04.2022 19:00:00 +02:00,16998.44,13663.35
21.04.2022 20:00:00 +02:00,16912.34,13818.86
21.04.2022 21:00:00 +02:00,16376.93,13863.66
21.04.2022 22:00:00 +02:00,14973.53,13625.83
21.04.2022 23:00:00 +02:00,13073.09,13133.56
22.04.2022 00:00:00 +02:00,12522.61,12647.28
22.04.2022 01:00:00 +02:00,11778.95,12353.37
22.04.2022 02:00:00 +02:00,11573.76,12272.03
22.04.2022 03:00:00 +02:00,11448.81,12303.09
22.04.2022 04:00:00 +02:00,11023.18,12417.91
22.04.2022 05:00:00 +02:00,12534.00,12685.31
22.04.2022 06:00:00 +02:00,14717.95,13597.65
22.04.2022 07:00:00 +02:00,16194.86,14705.45
22.04.2022 08:00:00 +02:00,16587.39,14852.40
22.04.2022 09:00:00 +02:00,15800.82,14622.56
22.04.2022 10:00:00 +02:00,14244.38,14452.25
22.04.2022 11:00:00 +02:00,12306.22,14234.90
22.04.2022 12:00:00 +02:00,11149.35,14058.52
22.04.2022 13:00:00 +02:00,10039.17,13907.64
22.04.2022 14:00:00 +02:00,9260.27,13791.94
22.04.2022 15:00:00 +02:00,9421.07,13652.06
22.04.2022 16:00:00 +02:00,10101.84,13554.15
22.04.2022 17:00:00 +02:00,11285.73,13462.75
22.04.2022 18:00:00 +02:00,12974.86,13391.25
22.04.2022 19:00:00 +02:00,14057.99,13294.22
22.04.2022 20:00:00 +02:00,14224.80,13349.12
22.04.2022 21:00:00 +02:00,13925.49,13365.39
22.04.2022 22:00:00 +02:00,12086.27,13276.69
22.04.2022 23:00:00 +02:00,10073.12,12965.64
23.04.2022 00:00:00 +02:00,9608.28,12590.85
23.04.2022 01:00:00 +02:00,9341.90,12329.93
23.04.2022 02:00:00 +02:00,9305.96,12138.50
23.04.2022 03:00:00 +02:00,8426.34,12065.79
23.04.2022 04:00:00 +02:00,8034.67,12082.32
23.04.2022 05:00:00 +02:00,7932.33,12193.54
23.04.2022 06:00:00 +02:00,8282.99,12314.62
23.04.2022 07:00:00 +02:00,9302.27,12636.02
23.04.2022 08:00:00 +02:00,10329.16,13035.69
23.04.2022 09:00:00 +02:00,10940.67,13335.83
23.04.2022 10:00:00 +02:00,10842.65,13483.56
23.04.2022 11:00:00 +02:00,9502.12,13421.59
23.04.2022 12:00:00 +02:00,8623.72,13302.64
23.04.2022 13:00:00 +02:00,8012.25,13145.49
23.04.2022 14:00:00 +02:00,7747.78,12932.57
23.04.2022 15:00:00 +02:00,7642.12,12822.45
23.04.2022 16:00:00 +02:00,8578.28,12807.89
23.04.2022 17:00:00 +02:00,9384.93,12926.09
23.04.2022 18:00:00 +02:00,10309.89,13075.30
23.04.2022 19:00:00 +02:00,11921.31,13141.03
23.04.2022 20:00:00 +02:00,12224.25,13018.07
23.04.2022 21:00:00 +02:00,11791.47,13100.58
23.04.2022 22:00:00 +02:00,11452.37,13027.13
23.04.2022 23:00:00 +02:00,10858.02,12698.17
24.04.2022 00:00:00 +02:00,10594.11,12435.47
24.04.2022 01:00:00 +02:00,10576.23,12392.11
24.04.2022 02:00:00 +02:00,10494.47,12299.26
24.04.2022 03:00:00 +02:00,10382.97,12299.45
24.04.2022 04:00:00 +02:00,10012.69,12392.68
24.04.2022 05:00:00 +02:00,10099.94,12347.38
24.04.2022 06:00:00 +02:00,10219.14,12369.48
24.04.2022 07:00:00 +02:00,10043.05,12474.26
24.04.2022 08:00:00 +02:00,10071.77,12790.32
24.04.2022 09:00:00 +02:00,10009.44,13166.36
24.04.2022 10:00:00 +02:00,10143.18,13239.94
24.04.2022 11:00:00 +02:00,9988.41,13274.98
24.04.2022 12:00:00 +02:00,9246.60,13117.84
24.04.2022 13:00:00 +02:00,9064.92,13076.32
24.04.2022 14:00:00 +02:00,9057.41,13005.75
24.04.2022 15:00:00 +02:00,9473.13,12967.03
24.04.2022 16:00:00 +02:00,9830.06,12901.53
24.04.2022 17:00:00 +02:00,10235.35,12783.12
24.04.2022 18:00:00 +02:00,11805.92,12999.06
24.04.2022 19:00:00 +02:00,13694.17,13161.27
24.04.2022 20:00:00 +02:00,15431.36,13416.52
24.04.2022 21:00:00 +02:00,16257.41,13559.87
24.04.2022 22:00:00 +02:00,15652.97,13432.69
24.04.2022 23:00:00 +02:00,13985.33,13253.52
25.04.2022 00:00:00 +02:00,13363.81,12921.36
25.04.2022 01:00:00 +02:00,12986.12,12734.30
25.04.2022 02:00:00 +02:00,13149.91,12641.29
25.04.2022 03:00:00 +02:00,13492.74,12670.64
25.04.2022 04:00:00 +02:00,14092.98,12834.52
25.04.2022 05:00:00 +02:00,15062.56,13150.09
25.04.2022 06:00:00 +02:00,18680.19,14105.05
25.04.2022 07:00:00 +02:00,20424.89,15175.03
25.04.2022 08:00:00 +02:00,20531.87,15415.09
25.04.2022 09:00:00 +02:00,19851.42,15181.39
25.04.2022 10:00:00 +02:00,19644.05,14909.36
25.04.2022 11:00:00 +02:00,18804.95,14616.05
25.04.2022 12:00:00 +02:00,18079.63,14471.74
25.04.2022 13:00:00 +02:00,16031.33,14273.15
25.04.2022 14:00:00 +02:00,14983.87,14257.52
25.04.2022 15:00:00 +02:00,14420.39,14185.68
25.04.2022 16:00:00 +02:00,15018.79,14114.58
25.04.2022 17:00:00 +02:00,16285.42,13961.39
25.04.2022 18:00:00 +02:00,16792.86,13945.52
25.04.2022 19:00:00 +02:00,17006.42,13986.14
25.04.2022 20:00:00 +02:00,17208.36,14102.42
25.04.2022 21:00:00 +02:00,17839.74,14244.38
25.04.2022 22:00:00 +02:00,17169.74,14071.66
25.04.2022 23:00:00 +02:00,16057.00,13559.29
26.04.2022 00:00:00 +02:00,14309.64,13030.39
26.04.2022 01:00:00 +02:00,13401.30,12707.74
26.04.2022 02:00:00 +02:00,13093.94,12540.84
26.04.2022 03:00:00 +02:00,13153.28,12524.10
26.04.2022 04:00:00 +02:00,13690.60,12621.61
26.04.2022 05:00:00 +02:00,14586.50,12876.34
26.04.2022 06:00:00 +02:00,16510.58,13796.23
26.04.2022 07:00:00 +02:00,18150.09,14935.76
26.04.2022 08:00:00 +02:00,18930.31,15257.52
26.04.2022 09:00:00 +02:00,18894.87,15060.85
26.04.2022 10:00:00 +02:00,18677.57,14429.18
26.04.2022 11:00:00 +02:00,17987.39,14708.16
26.04.2022 12:00:00 +02:00,17210.00,14545.64
26.04.2022 13:00:00 +02:00,16609.89,14480.44
26.04.2022 14:00:00 +02:00,16665.28,14428.42
26.04.2022 15:00:00 +02:00,16755.74,14450.18
26.04.2022 16:00:00 +02:00,17077.17,14532.39
26.04.2022 17:00:00 +02:00,18444.56,14375.22
26.04.2022 18:00:00 +02:00,19015.48,14209.30
26.04.2022 19:00:00 +02:00,19440.30,14275.37
26.04.2022 20:00:00 +02:00,19493.38,14413.67
26.04.2022 21:00:00 +02:00,19330.87,14602.74
26.04.2022 22:00:00 +02:00,18347.49,14499.24
26.04.2022 23:00:00 +02:00,17543.82,14016.31
27.04.2022 00:00:00 +02:00,16758.87,13492.61
27.04.2022 01:00:00 +02:00,15569.15,13119.75
27.04.2022 02:00:00 +02:00,15121.66,13043.56
27.04.2022 03:00:00 +02:00,15017.11,13027.70
27.04.2022 04:00:00 +02:00,15769.90,13109.38
27.04.2022 05:00:00 +02:00,16875.10,13394.58
27.04.2022 06:00:00 +02:00,18740.57,14332.30
27.04.2022 07:00:00 +02:00,19758.06,15470.95
27.04.2022 08:00:00 +02:00,19723.01,15722.25
27.04.2022 09:00:00 +02:00,18707.14,15476.52
27.04.2022 10:00:00 +02:00,18721.04,15352.25
27.04.2022 11:00:00 +02:00,18446.62,15118.23
27.04.2022 12:00:00 +02:00,17406.52,14952.29
27.04.2022 13:00:00 +02:00,16761.37,14893.67
27.04.2022 14:00:00 +02:00,16317.89,14793.52
27.04.2022 15:00:00 +02:00,16085.35,14743.31
27.04.2022 16:00:00 +02:00,16644.93,14737.61
27.04.2022 17:00:00 +02:00,18511.84,14576.42
27.04.2022 18:00:00 +02:00,19684.38,14505.29
27.04.2022 19:00:00 +02:00,19738.66,14514.27
27.04.2022 20:00:00 +02:00,20296.61,14781.99
27.04.2022 21:00:00 +02:00,20818.67,14943.44
27.04.2022 22:00:00 +02:00,20105.10,14835.78
27.04.2022 23:00:00 +02:00,18617.93,14331.05
28.04.2022 00:00:00 +02:00,17870.10,13788.87
28.04.2022 01:00:00 +02:00,16662.12,13483.86
28.04.2022 02:00:00 +02:00,16044.58,13387.60
28.04.2022 03:00:00 +02:00,16287.12,13343.65
28.04.2022 04:00:00 +02:00,16523.78,13482.11
28.04.2022 05:00:00 +02:00,16669.64,13709.06
28.04.2022 06:00:00 +02:00,18796.05,14605.42
28.04.2022 07:00:00 +02:00,20153.40,15676.98
28.04.2022 08:00:00 +02:00,20158.55,15980.58
28.04.2022 09:00:00 +02:00,19284.94,15838.16
28.04.2022 10:00:00 +02:00,18464.66,15333.70
28.04.2022 11:00:00 +02:00,17912.86,15358.96
28.04.2022 12:00:00 +02:00,16596.58,15147.93
28.04.2022 13:00:00 +02:00,15765.78,15028.22
28.04.2022 14:00:00 +02:00,15589.82,14879.02
28.04.2022 15:00:00 +02:00,14803.35,14828.66
28.04.2022 16:00:00 +02:00,15802.53,14803.30
28.04.2022 17:00:00 +02:00,17768.88,14683.73
28.04.2022 18:00:00 +02:00,19174.16,14594.79
28.04.2022 19:00:00 +02:00,19632.51,14649.31
28.04.2022 20:00:00 +02:00,19693.00,14696.85
28.04.2022 21:00:00 +02:00,20211.85,14808.36
28.04.2022 22:00:00 +02:00,19811.44,14656.45
28.04.2022 23:00:00 +02:00,18815.30,14247.52
29.04.2022 00:00:00 +02:00,16842.84,13739.73
29.04.2022 01:00:00 +02:00,15338.16,13422.93
29.04.2022 02:00:00 +02:00,15116.08,13238.09
29.04.2022 03:00:00 +02:00,15306.93,13221.13
29.04.2022 04:00:00 +02:00,15784.32,13319.97
29.04.2022 05:00:00 +02:00,17250.00,13491.73
29.04.2022 06:00:00 +02:00,19280.71,14349.43
29.04.2022 07:00:00 +02:00,20302.79,15573.57
29.04.2022 08:00:00 +02:00,19963.95,15921.69
29.04.2022 09:00:00 +02:00,19443.03,15724.90
29.04.2022 10:00:00 +02:00,18756.68,15429.90
29.04.2022 11:00:00 +02:00,18274.90,15155.15
29.04.2022 12:00:00 +02:00,17116.51,15013.95
29.04.2022 13:00:00 +02:00,15858.13,14808.70
29.04.2022 14:00:00 +02:00,15295.35,14727.51
29.04.2022 15:00:00 +02:00,15278.92,14539.69
29.04.2022 16:00:00 +02:00,16530.64,14527.80
29.04.2022 17:00:00 +02:00,18724.17,14519.63
29.04.2022 18:00:00 +02:00,19803.41,14439.61
29.04.2022 19:00:00 +02:00,19767.77,14444.85
29.04.2022 20:00:00 +02:00,19695.39,14428.78
29.04.2022 21:00:00 +02:00,19772.02,14385.13
29.04.2022 22:00:00 +02:00,18942.53,14204.71
29.04.2022 23:00:00 +02:00,17501.02,13902.64
30.04.2022 00:00:00 +02:00,15846.13,13557.52
30.04.2022 01:00:00 +02:00,13910.59,13285.28
30.04.2022 02:00:00 +02:00,13376.81,13129.71
30.04.2022 03:00:00 +02:00,13332.22,12950.38
30.04.2022 04:00:00 +02:00,13423.91,12952.63
30.04.2022 05:00:00 +02:00,13850.18,12913.13
30.04.2022 06:00:00 +02:00,14539.65,13052.54
30.04.2022 07:00:00 +02:00,15399.71,13357.21
30.04.2022 08:00:00 +02:00,15901.89,13771.58
30.04.2022 09:00:00 +02:00,15464.08,14130.54
30.04.2022 10:00:00 +02:00,14499.19,14282.17
30.04.2022 11:00:00 +02:00,13383.65,14185.30
30.04.2022 12:00:00 +02:00,12696.40,14080.71
30.04.2022 13:00:00 +02:00,11950.54,13937.69
30.04.2022 14:00:00 +02:00,11852.67,13761.45
30.04.2022 15:00:00 +02:00,12317.76,13586.23
30.04.2022 16:00:00 +02:00,13248.43,13466.35
30.04.2022 17:00:00 +02:00,14761.37,13747.06
30.04.2022 18:00:00 +02:00,16311.68,13886.39
30.04.2022 19:00:00 +02:00,17545.17,13912.12
30.04.2022 20:00:00 +02:00,17945.80,13842.37
30.04.2022 21:00:00 +02:00,18442.47,13811.15
30.04.2022 22:00:00 +02:00,18294.45,13623.32
30.04.2022 23:00:00 +02:00,17390.94,13346.28
01.05.2022 00:00:00 +02:00,15620.86,13084.74
01.05.2022 01:00:00 +02:00,14485.50,12881.72
01.05.2022 02:00:00 +02:00,13350.26,12729.38
01.05.2022 03:00:00 +02:00,12973.08,12694.68
01.05.2022 04:00:00 +02:00,12882.61,12716.05
01.05.2022 05:00:00 +02:00,12812.16,12654.88
01.05.2022 06:00:00 +02:00,12680.80,12724.87
01.05.2022 07:00:00 +02:00,12568.05,12902.01
01.05.2022 08:00:00 +02:00,12481.42,13062.45
01.05.2022 09:00:00 +02:00,11996.12,13275.04
01.05.2022 10:00:00 +02:00,10769.92,13449.45
01.05.2022 11:00:00 +02:00,10441.91,13374.59
01.05.2022 12:00:00 +02:00,10333.60,13241.15
01.05.2022 13:00:00 +02:00,10143.94,13170.70
01.05.2022 14:00:00 +02:00,10136.55,13136.52
01.05.2022 15:00:00 +02:00,10455.41,13183.33
01.05.2022 16:00:00 +02:00,11617.22,13199.17
01.05.2022 17:00:00 +02:00,13571.56,13211.08
01.05.2022 18:00:00 +02:00,15523.47,13323.47
01.05.2022 19:00:00 +02:00,17244.10,13448.67
01.05.2022 20:00:00 +02:00,18099.55,13540.53
01.05.2022 21:00:00 +02:00,18408.97,13705.99
01.05.2022 22:00:00 +02:00,17902.26,13680.26
01.05.2022 23:00:00 +02:00,15959.16,13274.58
02.05.2022 00:00:00 +02:00,14653.40,12878.40
02.05.2022 01:00:00 +02:00,13594.96,12735.93
02.05.2022 02:00:00 +02:00,13134.51,12671.00
02.05.2022 03:00:00 +02:00,12906.53,12662.36
02.05.2022 04:00:00 +02:00,13307.37,12701.01
02.05.2022 05:00:00 +02:00,14638.77,12984.88
02.05.2022 06:00:00 +02:00,16320.05,13946.29
02.05.2022 07:00:00 +02:00,17877.55,14980.97
02.05.2022 08:00:00 +02:00,18060.09,15246.55
02.05.2022 09:00:00 +02:00,17217.86,15239.57
02.05.2022 10:00:00 +02:00,15806.68,15157.08
02.05.2022 11:00:00 +02:00,14334.07,15052.77
02.05.2022 12:00:00 +02:00,13064.97,14854.24
02.05.2022 13:00:00 +02:00,12870.06,14773.38
02.05.2022 14:00:00 +02:00,11904.87,14750.88
02.05.2022 15:00:00 +02:00,12379.09,14752.05
02.05.2022 16:00:00 +02:00,14166.07,14721.14
02.05.2022 17:00:00 +02:00,16086.74,14515.40
02.05.2022 18:00:00 +02:00,17813.45,14357.89
02.05.2022 19:00:00 +02:00,17793.90,14339.94
02.05.2022 20:00:00 +02:00,17846.79,14449.25
02.05.2022 21:00:00 +02:00,17984.58,14543.68
02.05.2022 22:00:00 +02:00,17030.35,14461.28
02.05.2022 23:00:00 +02:00,15465.31,13963.95
03.05.2022 00:00:00 +02:00,12977.85,13551.57
03.05.2022 01:00:00 +02:00,11184.20,13311.26
03.05.2022 02:00:00 +02:00,10057.98,13217.78
03.05.2022 03:00:00 +02:00,10237.37,13179.52
03.05.2022 04:00:00 +02:00,11151.92,13238.28
03.05.2022 05:00:00 +02:00,13672.49,13555.64
03.05.2022 06:00:00 +02:00,15968.82,14508.17
03.05.2022 07:00:00 +02:00,17153.43,15471.47
03.05.2022 08:00:00 +02:00,17431.50,15587.37
03.05.2022 09:00:00 +02:00,17212.36,15331.18
03.05.2022 10:00:00 +02:00,15390.24,15090.45
03.05.2022 11:00:00 +02:00,14341.02,14937.77
03.05.2022 12:00:00 +02:00,13654.71,14713.70
03.05.2022 13:00:00 +02:00,13498.93,14656.78
03.05.2022 14:00:00 +02:00,13607.05,14584.50
03.05.2022 15:00:00 +02:00,13900.51,14611.62
03.05.2022 16:00:00 +02:00,14902.77,14598.40
03.05.2022 17:00:00 +02:00,17003.53,14436.11
03.05.2022 18:00:00 +02:00,18650.39,14360.00
03.05.2022 19:00:00 +02:00,19382.89,14405.99
03.05.2022 20:00:00 +02:00,19353.45,14489.90
03.05.2022 21:00:00 +02:00,18978.96,14575.19
03.05.2022 22:00:00 +02:00,18193.21,14492.79
03.05.2022 23:00:00 +02:00,16771.85,14012.01
04.05.2022 00:00:00 +02:00,15254.42,13576.91
04.05.2022 01:00:00 +02:00,13703.61,13316.93
04.05.2022 02:00:00 +02:00,13427.04,13224.68
04.05.2022 03:00:00 +02:00,13816.49,13201.16
04.05.2022 04:00:00 +02:00,14494.14,13310.88
04.05.2022 05:00:00 +02:00,16242.63,13515.16
04.05.2022 06:00:00 +02:00,18976.21,14465.75
04.05.2022 07:00:00 +02:00,19411.30,15515.52
04.05.2022 08:00:00 +02:00,19499.12,15632.73
04.05.2022 09:00:00 +02:00,18731.76,15466.79
04.05.2022 10:00:00 +02:00,17426.84,15309.65
04.05.2022 11:00:00 +02:00,15900.37,14897.01
04.05.2022 12:00:00 +02:00,14915.49,14835.25
04.05.2022 13:00:00 +02:00,13973.15,14745.99
04.05.2022 14:00:00 +02:00,13766.83,14805.47
04.05.2022 15:00:00 +02:00,14195.93,14794.37
04.05.2022 16:00:00 +02:00,15332.58,14912.20
04.05.2022 17:00:00 +02:00,17401.60,14782.55
04.05.2022 18:00:00 +02:00,19221.55,14610.82
04.05.2022 19:00:00 +02:00,19757.04,14589.93
04.05.2022 20:00:00 +02:00,19950.90,14657.69
04.05.2022 21:00:00 +02:00,19563.13,14681.74
04.05.2022 22:00:00 +02:00,18618.35,14446.02
04.05.2022 23:00:00 +02:00,17633.55,13890.62
05.05.2022 00:00:00 +02:00,16498.78,13294.67
05.05.2022 01:00:00 +02:00,14664.77,12953.45
05.05.2022 02:00:00 +02:00,13295.07,12839.33
05.05.2022 03:00:00 +02:00,12643.82,12775.68
05.05.2022 04:00:00 +02:00,13048.49,12781.22
05.05.2022 05:00:00 +02:00,14894.84,12983.55
05.05.2022 06:00:00 +02:00,17074.04,13809.64
05.05.2022 07:00:00 +02:00,19225.59,14970.52
05.05.2022 08:00:00 +02:00,19553.27,15145.40
05.05.2022 09:00:00 +02:00,19164.54,14921.17
05.05.2022 10:00:00 +02:00,17804.80,14817.29
05.05.2022 11:00:00 +02:00,16269.03,14266.66
05.05.2022 12:00:00 +02:00,15715.49,14363.87
05.05.2022 13:00:00 +02:00,14708.67,14343.40
05.05.2022 14:00:00 +02:00,14511.87,14274.28
05.05.2022 15:00:00 +02:00,14572.11,14211.63
05.05.2022 16:00:00 +02:00,15178.12,14192.90
05.05.2022 17:00:00 +02:00,16693.75,14010.99
05.05.2022 18:00:00 +02:00,18052.15,13945.45
05.05.2022 19:00:00 +02:00,17903.38,13879.33
05.05.2022 20:00:00 +02:00,17875.40,13886.93
05.05.2022 21:00:00 +02:00,17928.55,13944.09
05.05.2022 22:00:00 +02:00,17841.47,13889.56
05.05.2022 23:00:00 +02:00,16946.38,13401.95
06.05.2022 00:00:00 +02:00,15644.75,12944.93
06.05.2022 01:00:00 +02:00,14227.52,12666.49
06.05.2022 02:00:00 +02:00,13049.09,12598.29
06.05.2022 03:00:00 +02:00,12577.79,12552.33
06.05.2022 04:00:00 +02:00,13060.45,12601.97
06.05.2022 05:00:00 +02:00,14232.93,12778.04
06.05.2022 06:00:00 +02:00,16838.43,13593.75
06.05.2022 07:00:00 +02:00,18360.67,14630.59
06.05.2022 08:00:00 +02:00,18978.32,14856.50
06.05.2022 09:00:00 +02:00,18652.97,14631.12
06.05.2022 10:00:00 +02:00,17224.43,14413.77
06.05.2022 11:00:00 +02:00,15605.31,14401.11
06.05.2022 12:00:00 +02:00,14590.41,14301.34
06.05.2022 13:00:00 +02:00,13550.26,14210.48
06.05.2022 14:00:00 +02:00,12833.51,14263.06
06.05.2022 15:00:00 +02:00,13101.38,14205.49
06.05.2022 16:00:00 +02:00,13946.54,14185.95
06.05.2022 17:00:00 +02:00,15717.73,14109.49
06.05.2022 18:00:00 +02:00,16819.24,14031.13
06.05.2022 19:00:00 +02:00,17156.38,13945.58
06.05.2022 20:00:00 +02:00,16258.24,13750.76
06.05.2022 21:00:00 +02:00,15549.83,13472.90
06.05.2022 22:00:00 +02:00,15049.15,13396.13
06.05.2022 23:00:00 +02:00,14163.52,13022.26
07.05.2022 00:00:00 +02:00,13387.50,12719.13
07.05.2022 01:00:00 +02:00,12832.98,12466.52
07.05.2022 02:00:00 +02:00,12479.05,12309.37
07.05.2022 03:00:00 +02:00,11802.73,12254.08
07.05.2022 04:00:00 +02:00,11131.57,12242.52
07.05.2022 05:00:00 +02:00,11311.57,12202.66
07.05.2022 06:00:00 +02:00,12021.62,12386.52
07.05.2022 07:00:00 +02:00,13456.48,12697.75
07.05.2022 08:00:00 +02:00,14511.19,13106.36
07.05.2022 09:00:00 +02:00,14426.99,13520.60
07.05.2022 10:00:00 +02:00,13430.25,13680.22
07.05.2022 11:00:00 +02:00,13050.18,13651.23
07.05.2022 12:00:00 +02:00,12227.45,13577.72
07.05.2022 13:00:00 +02:00,11177.83,13447.95
07.05.2022 14:00:00 +02:00,10410.03,13398.62
07.05.2022 15:00:00 +02:00,10014.08,13300.20
07.05.2022 16:00:00 +02:00,10546.09,13346.31
07.05.2022 17:00:00 +02:00,11833.06,13415.44
07.05.2022 18:00:00 +02:00,13224.55,13474.39
07.05.2022 19:00:00 +02:00,14853.72,13492.31
07.05.2022 20:00:00 +02:00,15486.09,13448.46
07.05.2022 21:00:00 +02:00,15710.06,13449.46
07.05.2022 22:00:00 +02:00,15681.15,13518.64
07.05.2022 23:00:00 +02:00,14663.26,13329.29
08.05.2022 00:00:00 +02:00,14116.58,13077.22
08.05.2022 01:00:00 +02:00,13011.87,12864.44
08.05.2022 02:00:00 +02:00,12120.03,12750.76
08.05.2022 03:00:00 +02:00,11450.86,12761.89
08.05.2022 04:00:00 +02:00,11198.53,12816.13
08.05.2022 05:00:00 +02:00,11135.91,12761.62
08.05.2022 06:00:00 +02:00,10783.42,12794.36
08.05.2022 07:00:00 +02:00,10504.34,12883.52
08.05.2022 08:00:00 +02:00,10318.00,13140.38
08.05.2022 09:00:00 +02:00,9892.10,13416.44
08.05.2022 10:00:00 +02:00,9349.47,13546.69
08.05.2022 11:00:00 +02:00,9294.07,13555.68
08.05.2022 12:00:00 +02:00,9204.25,13423.47
08.05.2022 13:00:00 +02:00,9069.85,13294.51
08.05.2022 14:00:00 +02:00,8868.39,13242.81
08.05.2022 15:00:00 +02:00,8751.83,13211.21
08.05.2022 16:00:00 +02:00,9238.85,13235.86
08.05.2022 17:00:00 +02:00,10680.07,13238.04
08.05.2022 18:00:00 +02:00,12530.28,13369.21
08.05.2022 19:00:00 +02:00,14702.73,13506.94
08.05.2022 20:00:00 +02:00,16311.00,13686.83
08.05.2022 21:00:00 +02:00,17658.08,13755.30
08.05.2022 22:00:00 +02:00,17415.06,13767.82
08.05.2022 23:00:00 +02:00,16334.50,13397.84
09.05.2022 00:00:00 +02:00,14825.20,12987.07
09.05.2022 01:00:00 +02:00,13302.33,12690.23
09.05.2022 02:00:00 +02:00,12102.46,12595.27
09.05.2022 03:00:00 +02:00,11556.64,12564.17
09.05.2022 04:00:00 +02:00,11976.47,12656.06
09.05.2022 05:00:00 +02:00,13835.49,12771.60
09.05.2022 06:00:00 +02:00,16732.15,13761.25
09.05.2022 07:00:00 +02:00,18680.28,14898.93
09.05.2022 08:00:00 +02:00,19455.81,15039.64
09.05.2022 09:00:00 +02:00,18144.57,14742.66
09.05.2022 10:00:00 +02:00,16242.15,14651.62
09.05.2022 11:00:00 +02:00,13991.68,14460.84
09.05.2022 12:00:00 +02:00,12920.40,14314.03
09.05.2022 13:00:00 +02:00,12739.51,14246.67
09.05.2022 14:00:00 +02:00,12646.81,14149.80
09.05.2022 15:00:00 +02:00,13763.69,14150.71
09.05.2022 16:00:00 +02:00,14990.54,14115.04
09.05.2022 17:00:00 +02:00,16230.78,14061.05
09.05.2022 18:00:00 +02:00,16479.53,13963.25
09.05.2022 19:00:00 +02:00,16953.43,13971.53
09.05.2022 20:00:00 +02:00,16869.51,14035.70
09.05.2022 21:00:00 +02:00,16061.96,14039.03
09.05.2022 22:00:00 +02:00,15296.13,13841.63
09.05.2022 23:00:00 +02:00,13804.97,13287.67
10.05.2022 00:00:00 +02:00,12077.45,12729.26
10.05.2022 01:00:00 +02:00,11237.12,12415.22
10.05.2022 02:00:00 +02:00,10927.25,12241.90
10.05.2022 03:00:00 +02:00,10715.94,12160.30
10.05.2022 04:00:00 +02:00,10991.47,12227.34
10.05.2022 05:00:00 +02:00,12367.41,12395.47
10.05.2022 06:00:00 +02:00,13962.34,13296.38
10.05.2022 07:00:00 +02:00,16163.44,14376.58
10.05.2022 08:00:00 +02:00,16748.20,14823.67
10.05.2022 09:00:00 +02:00,15373.35,14807.56
10.05.2022 10:00:00 +02:00,13733.87,14553.67
10.05.2022 11:00:00 +02:00,12553.25,14753.38
10.05.2022 12:00:00 +02:00,11651.95,14741.36
10.05.2022 13:00:00 +02:00,11462.75,14728.18
10.05.2022 14:00:00 +02:00,11265.64,14674.97
10.05.2022 15:00:00 +02:00,11467.30,14621.48
10.05.2022 16:00:00 +02:00,11882.92,14611.92
10.05.2022 17:00:00 +02:00,13324.85,14434.57
10.05.2022 18:00:00 +02:00,14748.79,14280.89
10.05.2022 19:00:00 +02:00,14921.75,14212.09
10.05.2022 20:00:00 +02:00,14989.50,14156.33
10.05.2022 21:00:00 +02:00,15698.72,14039.80
10.05.2022 22:00:00 +02:00,15298.16,13870.35
10.05.2022 23:00:00 +02:00,13670.59,13381.91
11.05.2022 00:00:00 +02:00,12286.42,12870.25
11.05.2022 01:00:00 +02:00,12109.85,12543.42
11.05.2022 02:00:00 +02:00,12171.47,12346.14
11.05.2022 03:00:00 +02:00,11648.07,12276.97
11.05.2022 04:00:00 +02:00,11780.75,12287.05
11.05.2022 05:00:00 +02:00,13493.99,12478.27
11.05.2022 06:00:00 +02:00,16041.97,13374.12
11.05.2022 07:00:00 +02:00,17704.46,14438.63
11.05.2022 08:00:00 +02:00,17786.68,14639.91
11.05.2022 09:00:00 +02:00,16387.79,14528.97
11.05.2022 10:00:00 +02:00,13955.95,14236.90
11.05.2022 11:00:00 +02:00,12819.10,14287.40
11.05.2022 12:00:00 +02:00,12153.14,14245.43
11.05.2022 13:00:00 +02:00,12124.81,14323.31
11.05.2022 14:00:00 +02:00,11333.65,14311.92
11.05.2022 15:00:00 +02:00,11375.04,14330.70
11.05.2022 16:00:00 +02:00,11463.00,14308.94
11.05.2022 17:00:00 +02:00,12529.09,14184.69
11.05.2022 18:00:00 +02:00,13617.28,14050.79
11.05.2022 19:00:00 +02:00,15135.35,14050.13
11.05.2022 20:00:00 +02:00,15494.72,14057.44
11.05.2022 21:00:00 +02:00,16171.98,14085.21
11.05.2022 22:00:00 +02:00,16490.15,13956.67
11.05.2022 23:00:00 +02:00,15369.47,13472.75
12.05.2022 00:00:00 +02:00,13840.80,13009.11
12.05.2022 01:00:00 +02:00,12399.13,12638.62
12.05.2022 02:00:00 +02:00,12084.60,12533.23
12.05.2022 03:00:00 +02:00,11923.99,12498.27
12.05.2022 04:00:00 +02:00,11655.26,12509.38
12.05.2022 05:00:00 +02:00,12513.93,12665.10
12.05.2022 06:00:00 +02:00,14438.99,13494.25
12.05.2022 07:00:00 +02:00,15770.23,14534.80
12.05.2022 08:00:00 +02:00,15298.01,14834.15
12.05.2022 09:00:00 +02:00,14040.24,14734.84
12.05.2022 10:00:00 +02:00,13008.71,14326.08
12.05.2022 11:00:00 +02:00,12037.72,14494.51
12.05.2022 12:00:00 +02:00,11608.76,14320.40
12.05.2022 13:00:00 +02:00,11605.40,14291.44
12.05.2022 14:00:00 +02:00,11692.95,14322.77
12.05.2022 15:00:00 +02:00,11245.01,14245.65
12.05.2022 16:00:00 +02:00,12186.80,14240.24
12.05.2022 17:00:00 +02:00,12713.92,14125.63
12.05.2022 18:00:00 +02:00,13127.31,14013.14
12.05.2022 19:00:00 +02:00,14176.68,14020.28
12.05.2022 20:00:00 +02:00,15411.13,14048.01
12.05.2022 21:00:00 +02:00,16030.58,14062.38
12.05.2022 22:00:00 +02:00,15956.60,13913.93
12.05.2022 23:00:00 +02:00,15325.57,13449.99
13.05.2022 00:00:00 +02:00,14753.38,12965.77
13.05.2022 01:00:00 +02:00,14596.46,12672.49
13.05.2022 02:00:00 +02:00,14161.63,12548.47
13.05.2022 03:00:00 +02:00,13610.29,12515.09
13.05.2022 04:00:00 +02:00,13419.85,12544.93
13.05.2022 05:00:00 +02:00,13895.12,12735.81
13.05.2022 06:00:00 +02:00,15441.31,13545.31
13.05.2022 07:00:00 +02:00,17472.60,14652.87
13.05.2022 08:00:00 +02:00,17859.82,14972.54
13.05.2022 09:00:00 +02:00,16453.95,14961.20
13.05.2022 10:00:00 +02:00,14042.89,14704.52
13.05.2022 11:00:00 +02:00,12777.61,14656.84
13.05.2022 12:00:00 +02:00,11693.97,14560.89
13.05.2022 13:00:00 +02:00,11194.16,14484.30
13.05.2022 14:00:00 +02:00,11530.48,14653.12
13.05.2022 15:00:00 +02:00,11975.04,14564.80
13.05.2022 16:00:00 +02:00,11478.02,14576.05
13.05.2022 17:00:00 +02:00,11567.71,14508.48
13.05.2022 18:00:00 +02:00,12135.69,14383.19
13.05.2022 19:00:00 +02:00,12735.79,14243.38
13.05.2022 20:00:00 +02:00,12579.69,14059.78
13.05.2022 21:00:00 +02:00,12290.50,13828.41
13.05.2022 22:00:00 +02:00,12206.98,13587.53
13.05.2022 23:00:00 +02:00,11739.70,13331.66
14.05.2022 00:00:00 +02:00,11582.69,12898.29
14.05.2022 01:00:00 +02:00,11206.12,12639.99
14.05.2022 02:00:00 +02:00,10990.00,12471.63
14.05.2022 03:00:00 +02:00,10859.63,12393.98
14.05.2022 04:00:00 +02:00,11202.10,12342.62
14.05.2022 05:00:00 +02:00,11412.88,12280.39
14.05.2022 06:00:00 +02:00,11833.17,12343.94
14.05.2022 07:00:00 +02:00,12508.67,12642.86
14.05.2022 08:00:00 +02:00,12574.72,13051.85
14.05.2022 09:00:00 +02:00,12008.22,13421.73
14.05.2022 10:00:00 +02:00,10518.47,13623.88
14.05.2022 11:00:00 +02:00,10060.09,13689.98
14.05.2022 12:00:00 +02:00,9511.74,13559.63
14.05.2022 13:00:00 +02:00,9447.16,13521.99
14.05.2022 14:00:00 +02:00,8522.65,13301.25
14.05.2022 15:00:00 +02:00,8242.04,13279.67
14.05.2022 16:00:00 +02:00,9175.69,13254.28
14.05.2022 17:00:00 +02:00,11557.55,13253.81
14.05.2022 18:00:00 +02:00,13986.60,13271.57
14.05.2022 19:00:00 +02:00,15630.82,13233.47
14.05.2022 20:00:00 +02:00,16110.07,13111.94
14.05.2022 21:00:00 +02:00,16468.70,12979.55
14.05.2022 22:00:00 +02:00,16270.48,12949.48
14.05.2022 23:00:00 +02:00,15577.30,12802.50
15.05.2022 00:00:00 +02:00,15005.56,12566.40
15.05.2022 01:00:00 +02:00,14254.51,12369.18
15.05.2022 02:00:00 +02:00,13336.53,12189.22
15.05.2022 03:00:00 +02:00,11726.65,12147.67
15.05.2022 04:00:00 +02:00,11075.88,12121.87
15.05.2022 05:00:00 +02:00,11504.09,12015.29
15.05.2022 06:00:00 +02:00,11098.30,12050.09
15.05.2022 07:00:00 +02:00,10525.65,12203.34
15.05.2022 08:00:00 +02:00,9508.92,12489.76
15.05.2022 09:00:00 +02:00,8764.34,12852.35
15.05.2022 10:00:00 +02:00,9057.29,13087.38
15.05.2022 11:00:00 +02:00,9103.42,13110.28
15.05.2022 12:00:00 +02:00,8925.64,13103.22
15.05.2022 13:00:00 +02:00,8292.17,13085.67
15.05.2022 14:00:00 +02:00,7955.58,13023.10
15.05.2022 15:00:00 +02:00,8528.86,12996.44
15.05.2022 16:00:00 +02:00,9484.06,12988.67
15.05.2022 17:00:00 +02:00,10849.77,13065.24
15.05.2022 18:00:00 +02:00,12238.79,13175.64
15.05.2022 19:00:00 +02:00,13480.48,13222.10
15.05.2022 20:00:00 +02:00,14564.05,13297.79
15.05.2022 21:00:00 +02:00,14785.07,13348.90
15.05.2022 22:00:00 +02:00,14260.32,13290.95
15.05.2022 23:00:00 +02:00,13653.19,13014.17
16.05.2022 00:00:00 +02:00,12657.82,12627.52
16.05.2022 01:00:00 +02:00,11253.66,12366.63
16.05.2022 02:00:00 +02:00,10860.25,12258.32
16.05.2022 03:00:00 +02:00,11020.96,12245.57
16.05.2022 04:00:00 +02:00,11861.79,12267.62
16.05.2022 05:00:00 +02:00,13332.15,12466.83
16.05.2022 06:00:00 +02:00,14690.48,13305.11
16.05.2022 07:00:00 +02:00,15710.55,14382.68
16.05.2022 08:00:00 +02:00,16650.47,14789.42
16.05.2022 09:00:00 +02:00,16667.66,14754.20
16.05.2022 10:00:00 +02:00,16163.05,14628.18
16.05.2022 11:00:00 +02:00,15905.12,14460.26
16.05.2022 12:00:00 +02:00,15062.84,14301.89
16.05.2022 13:00:00 +02:00,14011.34,14199.60
16.05.2022 14:00:00 +02:00,14787.40,14095.77
16.05.2022 15:00:00 +02:00,14915.69,13979.56
16.05.2022 16:00:00 +02:00,14902.32,13898.02
16.05.2022 17:00:00 +02:00,15035.11,13757.63
16.05.2022 18:00:00 +02:00,15274.63,13700.74
16.05.2022 19:00:00 +02:00,15435.34,13721.04
16.05.2022 20:00:00 +02:00,15340.69,13746.65
16.05.2022 21:00:00 +02:00,15384.02,13709.84
16.05.2022 22:00:00 +02:00,15533.73,13686.85
16.05.2022 23:00:00 +02:00,14827.24,13356.77
17.05.2022 00:00:00 +02:00,14940.25,12863.41
17.05.2022 01:00:00 +02:00,14086.18,12499.58
17.05.2022 02:00:00 +02:00,14018.88,12284.45
17.05.2022 03:00:00 +02:00,14026.11,12295.73
17.05.2022 04:00:00 +02:00,13900.53,12238.76
17.05.2022 05:00:00 +02:00,14415.40,12248.85
17.05.2022 06:00:00 +02:00,15240.98,12543.17
17.05.2022 07:00:00 +02:00,16730.12,13253.75
17.05.2022 08:00:00 +02:00,17565.03,13824.72
17.05.2022 09:00:00 +02:00,17881.08,13802.94
17.05.2022 10:00:00 +02:00,17062.69,13421.33
17.05.2022 11:00:00 +02:00,16112.32,13129.37
17.05.2022 12:00:00 +02:00,15488.14,12799.17
17.05.2022 13:00:00 +02:00,15257.21,12631.70
17.05.2022 14:00:00 +02:00,15167.04,12566.51
17.05.2022 15:00:00 +02:00,15100.51,12503.81
17.05.2022 16:00:00 +02:00,15016.97,12377.40
17.05.2022 17:00:00 +02:00,14947.03,12298.87
17.05.2022 18:00:00 +02:00,15572.26,12289.38
17.05.2022 19:00:00 +02:00,15519.75,12448.14
17.05.2022 20:00:00 +02:00,15132.50,12598.46
17.05.2022 21:00:00 +02:00,14972.24,12668.39
17.05.2022 22:00:00 +02:00,15299.91,12702.69
17.05.2022 23:00:00 +02:00,14485.35,12528.34
18.05.2022 00:00:00 +02:00,13447.66,12184.86
18.05.2022 01:00:00 +02:00,12590.31,12018.40
18.05.2022 02:00:00 +02:00,11891.17,11896.61
18.05.2022 03:00:00 +02:00,11241.06,11900.17
18.05.2022 04:00:00 +02:00,11280.34,11876.55
18.05.2022 05:00:00 +02:00,12417.56,12115.89
18.05.2022 06:00:00 +02:00,14079.40,12958.39
18.05.2022 07:00:00 +02:00,16031.90,13896.70
18.05.2022 08:00:00 +02:00,16929.35,14160.67
18.05.2022 09:00:00 +02:00,16353.62,14187.26
18.05.2022 10:00:00 +02:00,15444.02,14181.42
18.05.2022 11:00:00 +02:00,14318.17,14064.99
18.05.2022 12:00:00 +02:00,14498.53,14069.63
18.05.2022 13:00:00 +02:00,14458.61,14078.42
18.05.2022 14:00:00 +02:00,14507.57,14131.33
18.05.2022 15:00:00 +02:00,15586.67,14162.42
18.05.2022 16:00:00 +02:00,16487.46,14208.34
18.05.2022 17:00:00 +02:00,16993.82,14116.35
18.05.2022 18:00:00 +02:00,17239.48,13941.14
18.05.2022 19:00:00 +02:00,17394.64,13801.14
18.05.2022 20:00:00 +02:00,16876.21,13752.98
18.05.2022 21:00:00 +02:00,16463.83,13587.26
18.05.2022 22:00:00 +02:00,16247.07,13454.04
18.05.2022 23:00:00 +02:00,15540.28,13060.03
19.05.2022 00:00:00 +02:00,14853.09,12605.58
19.05.2022 01:00:00 +02:00,13908.97,12239.07
19.05.2022 02:00:00 +02:00,13250.31,12054.09
19.05.2022 03:00:00 +02:00,12825.71,12028.55
19.05.2022 04:00:00 +02:00,13069.61,11995.68
19.05.2022 05:00:00 +02:00,13784.54,12142.52
19.05.2022 06:00:00 +02:00,15875.44,13012.00
19.05.2022 07:00:00 +02:00,17866.81,14090.61
19.05.2022 08:00:00 +02:00,18362.14,14284.75
19.05.2022 09:00:00 +02:00,18065.77,14193.06
19.05.2022 10:00:00 +02:00,17627.69,13809.54
19.05.2022 11:00:00 +02:00,17016.39,13933.74
19.05.2022 12:00:00 +02:00,16171.91,13902.26
19.05.2022 13:00:00 +02:00,15693.45,13877.23
19.05.2022 14:00:00 +02:00,15642.40,13828.62
19.05.2022 15:00:00 +02:00,15969.33,13837.34
19.05.2022 16:00:00 +02:00,16678.77,13816.71
19.05.2022 17:00:00 +02:00,17181.70,13572.55
19.05.2022 18:00:00 +02:00,17071.48,13590.29
19.05.2022 19:00:00 +02:00,17241.23,13506.41
19.05.2022 20:00:00 +02:00,17216.46,13550.84
19.05.2022 21:00:00 +02:00,16897.99,13485.70
19.05.2022 22:00:00 +02:00,16232.66,13285.67
19.05.2022 23:00:00 +02:00,15041.12,12899.64
20.05.2022 00:00:00 +02:00,13705.80,12342.21
20.05.2022 01:00:00 +02:00,13064.49,12065.86
20.05.2022 02:00:00 +02:00,12777.34,11873.88
20.05.2022 03:00:00 +02:00,12876.20,11824.70
20.05.2022 04:00:00 +02:00,13694.05,11708.15
20.05.2022 05:00:00 +02:00,13949.44,11802.44
20.05.2022 06:00:00 +02:00,15702.00,12563.46
20.05.2022 07:00:00 +02:00,17548.03,13581.17
20.05.2022 08:00:00 +02:00,18349.37,13997.42
20.05.2022 09:00:00 +02:00,18174.22,13698.19
20.05.2022 10:00:00 +02:00,17627.50,13692.49
20.05.2022 11:00:00 +02:00,16809.79,13563.25
20.05.2022 12:00:00 +02:00,16217.48,13407.25
20.05.2022 13:00:00 +02:00,15271.07,13171.14
20.05.2022 14:00:00 +02:00,14821.21,13104.49
20.05.2022 15:00:00 +02:00,15741.29,13087.09
20.05.2022 16:00:00 +02:00,16180.58,13077.77
20.05.2022 17:00:00 +02:00,16626.32,13045.34
20.05.2022 18:00:00 +02:00,16625.84,13048.03
20.05.2022 19:00:00 +02:00,16226.23,12975.50
20.05.2022 20:00:00 +02:00,15607.17,12862.23
20.05.2022 21:00:00 +02:00,15102.60,12699.54
20.05.2022 22:00:00 +02:00,14693.48,12569.15
20.05.2022 23:00:00 +02:00,13484.30,12184.71
21.05.2022 00:00:00 +02:00,12112.81,11916.03
21.05.2022 01:00:00 +02:00,10615.02,11653.75
21.05.2022 02:00:00 +02:00,9867.24,11439.89
21.05.2022 03:00:00 +02:00,9376.94,11409.10
21.05.2022 04:00:00 +02:00,9527.12,11323.30
21.05.2022 05:00:00 +02:00,9794.33,11240.84
21.05.2022 06:00:00 +02:00,10052.25,11374.66
21.05.2022 07:00:00 +02:00,10304.68,11700.40
21.05.2022 08:00:00 +02:00,10591.65,12192.88
21.05.2022 09:00:00 +02:00,10584.69,12701.56
21.05.2022 10:00:00 +02:00,10521.63,12976.67
21.05.2022 11:00:00 +02:00,10757.82,13052.53
21.05.2022 12:00:00 +02:00,10695.73,13083.49
21.05.2022 13:00:00 +02:00,10550.57,12996.06
21.05.2022 14:00:00 +02:00,10338.88,12884.00
21.05.2022 15:00:00 +02:00,9882.26,12840.01
21.05.2022 16:00:00 +02:00,10151.25,12773.62
21.05.2022 17:00:00 +02:00,10742.21,12833.67
21.05.2022 18:00:00 +02:00,11848.16,12873.51
21.05.2022 19:00:00 +02:00,13442.09,12842.63
21.05.2022 20:00:00 +02:00,14451.88,12674.95
21.05.2022 21:00:00 +02:00,14905.63,12511.95
21.05.2022 22:00:00 +02:00,15251.80,12426.13
21.05.2022 23:00:00 +02:00,14858.04,12185.53
22.05.2022 00:00:00 +02:00,15068.69,11938.03
22.05.2022 01:00:00 +02:00,14656.05,11690.69
22.05.2022 02:00:00 +02:00,13601.56,11503.70
22.05.2022 03:00:00 +02:00,12792.63,11435.01
22.05.2022 04:00:00 +02:00,12607.97,11318.73
22.05.2022 05:00:00 +02:00,12513.37,11186.30
22.05.2022 06:00:00 +02:00,12205.70,11274.66
22.05.2022 07:00:00 +02:00,12205.32,11450.25
22.05.2022 08:00:00 +02:00,11776.58,11724.03
22.05.2022 09:00:00 +02:00,10771.70,12049.68
22.05.2022 10:00:00 +02:00,9934.49,12313.55
22.05.2022 11:00:00 +02:00,9979.73,12353.56
22.05.2022 12:00:00 +02:00,10023.29,12333.16
22.05.2022 13:00:00 +02:00,10026.25,12232.35
22.05.2022 14:00:00 +02:00,10153.06,12241.70
22.05.2022 15:00:00 +02:00,10369.55,12260.93
22.05.2022 16:00:00 +02:00,11511.19,12233.17
22.05.2022 17:00:00 +02:00,12778.09,12298.44
22.05.2022 18:00:00 +02:00,14212.73,12424.04
22.05.2022 19:00:00 +02:00,16098.44,12548.82
22.05.2022 20:00:00 +02:00,16767.74,12583.40
22.05.2022 21:00:00 +02:00,16467.29,12511.55
22.05.2022 22:00:00 +02:00,16402.94,12513.41
22.05.2022 23:00:00 +02:00,15488.71,12205.26
23.05.2022 00:00:00 +02:00,14064.71,11783.69
23.05.2022 01:00:00 +02:00,12962.72,11485.73
23.05.2022 02:00:00 +02:00,12382.05,11436.17
23.05.2022 03:00:00 +02:00,11963.72,11433.70
23.05.2022 04:00:00 +02:00,12366.74,11368.70
23.05.2022 05:00:00 +02:00,13919.09,11527.14
23.05.2022 06:00:00 +02:00,16353.23,12366.76
23.05.2022 07:00:00 +02:00,18107.53,13409.70
23.05.2022 08:00:00 +02:00,18863.31,13880.00
23.05.2022 09:00:00 +02:00,18124.05,13773.25
23.05.2022 10:00:00 +02:00,17687.79,13725.53
23.05.2022 11:00:00 +02:00,16836.59,13575.91
23.05.2022 12:00:00 +02:00,15834.49,13588.17
23.05.2022 13:00:00 +02:00,14753.60,13525.16
23.05.2022 14:00:00 +02:00,14560.52,13607.50
23.05.2022 15:00:00 +02:00,14149.57,13511.78
23.05.2022 16:00:00 +02:00,14722.00,13580.81
23.05.2022 17:00:00 +02:00,15569.00,13505.35
23.05.2022 18:00:00 +02:00,15451.04,13397.41
23.05.2022 19:00:00 +02:00,15411.72,13329.19
23.05.2022 20:00:00 +02:00,15044.41,13285.00
23.05.2022 21:00:00 +02:00,14336.57,13209.24
23.05.2022 22:00:00 +02:00,13346.55,13087.36
23.05.2022 23:00:00 +02:00,11433.82,12709.95
24.05.2022 00:00:00 +02:00,10783.67,12150.90
24.05.2022 01:00:00 +02:00,10763.84,11764.17
24.05.2022 02:00:00 +02:00,10762.60,11619.70
24.05.2022 03:00:00 +02:00,10312.94,11526.03
24.05.2022 04:00:00 +02:00,9995.85,11499.62
24.05.2022 05:00:00 +02:00,10240.69,11587.45
24.05.2022 06:00:00 +02:00,11468.43,12382.44
24.05.2022 07:00:00 +02:00,13427.53,13442.06
24.05.2022 08:00:00 +02:00,14306.16,13725.68
24.05.2022 09:00:00 +02:00,14224.37,13571.95
24.05.2022 10:00:00 +02:00,14389.82,13478.49
24.05.2022 11:00:00 +02:00,14780.53,13478.64
24.05.2022 12:00:00 +02:00,14713.98,13502.57
24.05.2022 13:00:00 +02:00,14627.69,13612.09
24.05.2022 14:00:00 +02:00,14048.51,13448.71
24.05.2022 15:00:00 +02:00,14497.03,13727.93
24.05.2022 16:00:00 +02:00,14865.89,13856.61
24.05.2022 17:00:00 +02:00,15781.17,13810.13
24.05.2022 18:00:00 +02:00,16143.33,13683.06
24.05.2022 19:00:00 +02:00,17283.15,13558.84
24.05.2022 20:00:00 +02:00,17630.32,13459.34
24.05.2022 21:00:00 +02:00,17337.91,13290.65
24.05.2022 22:00:00 +02:00,16829.15,13095.07
24.05.2022 23:00:00 +02:00,15048.90,12547.38
25.05.2022 00:00:00 +02:00,14420.91,12064.02
25.05.2022 01:00:00 +02:00,14398.53,11746.55
25.05.2022 02:00:00 +02:00,13919.23,11625.08
25.05.2022 03:00:00 +02:00,13420.76,11588.90
25.05.2022 04:00:00 +02:00,13239.30,11549.85
25.05.2022 05:00:00 +02:00,14252.30,11717.69
25.05.2022 06:00:00 +02:00,16730.98,12547.76
25.05.2022 07:00:00 +02:00,18282.86,13501.38
25.05.2022 08:00:00 +02:00,18164.41,13805.13
25.05.2022 09:00:00 +02:00,16983.84,13657.45
25.05.2022 10:00:00 +02:00,16112.80,13553.84
25.05.2022 11:00:00 +02:00,15661.49,13506.51
25.05.2022 12:00:00 +02:00,14223.04,13401.16
25.05.2022 13:00:00 +02:00,12779.81,13317.63
25.05.2022 14:00:00 +02:00,12453.25,13383.54
25.05.2022 15:00:00 +02:00,12890.20,13414.10
25.05.2022 16:00:00 +02:00,13244.59,13409.00
25.05.2022 17:00:00 +02:00,14526.58,13316.73
25.05.2022 18:00:00 +02:00,16244.10,13154.97
25.05.2022 19:00:00 +02:00,17248.52,13065.61
25.05.2022 20:00:00 +02:00,17036.72,13006.29
25.05.2022 21:00:00 +02:00,16058.74,12906.34
25.05.2022 22:00:00 +02:00,15066.62,12747.41
25.05.2022 23:00:00 +02:00,13901.53,12404.55
26.05.2022 00:00:00 +02:00,12923.66,12008.19
26.05.2022 01:00:00 +02:00,12451.01,11642.98
26.05.2022 02:00:00 +02:00,12248.77,11385.40
26.05.2022 03:00:00 +02:00,12174.62,11373.91
26.05.2022 04:00:00 +02:00,12028.64,11319.88
26.05.2022 05:00:00 +02:00,11987.28,11362.87
26.05.2022 06:00:00 +02:00,12332.70,11596.73
26.05.2022 07:00:00 +02:00,12783.83,11954.92
26.05.2022 08:00:00 +02:00,12498.20,12345.20
26.05.2022 09:00:00 +02:00,11730.45,12665.64
26.05.2022 10:00:00 +02:00,10536.49,12934.47
26.05.2022 11:00:00 +02:00,10575.97,13075.66
26.05.2022 12:00:00 +02:00,10313.37,13019.32
26.05.2022 13:00:00 +02:00,9917.90,12991.39
26.05.2022 14:00:00 +02:00,10052.92,12962.23
26.05.2022 15:00:00 +02:00,9744.29,12922.82
26.05.2022 16:00:00 +02:00,9851.92,12878.84
26.05.2022 17:00:00 +02:00,10969.01,12685.47
26.05.2022 18:00:00 +02:00,12301.06,12628.65
26.05.2022 19:00:00 +02:00,13276.08,12489.10
26.05.2022 20:00:00 +02:00,13724.57,12408.00
26.05.2022 21:00:00 +02:00,14064.61,12480.93
26.05.2022 22:00:00 +02:00,14143.04,12465.62
26.05.2022 23:00:00 +02:00,13097.61,12302.06
27.05.2022 00:00:00 +02:00,12000.29,12048.87
27.05.2022 01:00:00 +02:00,11401.68,11845.83
27.05.2022 02:00:00 +02:00,11448.36,11680.58
27.05.2022 03:00:00 +02:00,11333.79,11592.99
27.05.2022 04:00:00 +02:00,11353.16,11573.48
27.05.2022 05:00:00 +02:00,11585.65,11756.18
27.05.2022 06:00:00 +02:00,12544.32,12388.13
27.05.2022 07:00:00 +02:00,13458.70,13210.17
27.05.2022 08:00:00 +02:00,12917.74,13660.13
27.05.2022 09:00:00 +02:00,12028.74,13785.68
27.05.2022 10:00:00 +02:00,11506.65,13829.65
27.05.2022 11:00:00 +02:00,11292.40,13842.00
27.05.2022 12:00:00 +02:00,10723.92,13809.84
27.05.2022 13:00:00 +02:00,10169.75,13682.38
27.05.2022 14:00:00 +02:00,9933.79,13629.09
27.05.2022 15:00:00 +02:00,9651.92,13573.15
27.05.2022 16:00:00 +02:00,9282.97,13603.22
27.05.2022 17:00:00 +02:00,10267.77,13523.22
27.05.2022 18:00:00 +02:00,11825.28,13488.61
27.05.2022 19:00:00 +02:00,12718.80,13402.19
27.05.2022 20:00:00 +02:00,12943.17,13277.97
27.05.2022 21:00:00 +02:00,13003.65,13041.80
27.05.2022 22:00:00 +02:00,12973.12,12909.63
27.05.2022 23:00:00 +02:00,12029.56,12652.83
28.05.2022 00:00:00 +02:00,11195.29,12450.54
28.05.2022 01:00:00 +02:00,11011.80,12148.22
28.05.2022 02:00:00 +02:00,10593.47,11914.31
28.05.2022 03:00:00 +02:00,10472.91,11859.09
28.05.2022 04:00:00 +02:00,10698.61,11768.27
28.05.2022 05:00:00 +02:00,10552.47,11660.94
28.05.2022 06:00:00 +02:00,11167.24,11839.06
28.05.2022 07:00:00 +02:00,10881.71,12115.43
28.05.2022 08:00:00 +02:00,10391.09,12666.80
28.05.2022 09:00:00 +02:00,9946.07,13169.56
28.05.2022 10:00:00 +02:00,9981.97,13399.19
28.05.2022 11:00:00 +02:00,9896.05,13386.32
28.05.2022 12:00:00 +02:00,9764.71,13314.67
28.05.2022 13:00:00 +02:00,9539.42,13181.02
28.05.2022 14:00:00 +02:00,9398.99,13070.67
28.05.2022 15:00:00 +02:00,9705.66,12980.38
28.05.2022 16:00:00 +02:00,10677.26,12971.90
28.05.2022 17:00:00 +02:00,12190.85,13014.25
28.05.2022 18:00:00 +02:00,13523.00,12941.48
28.05.2022 19:00:00 +02:00,14760.21,12889.13
28.05.2022 20:00:00 +02:00,15030.08,12727.75
28.05.2022 21:00:00 +02:00,14931.39,12562.49
28.05.2022 22:00:00 +02:00,15119.56,12463.87
28.05.2022 23:00:00 +02:00,14478.92,12357.74
29.05.2022 00:00:00 +02:00,14579.46,12129.82
29.05.2022 01:00:00 +02:00,13943.40,11941.25
29.05.2022 02:00:00 +02:00,13484.46,11818.46
29.05.2022 03:00:00 +02:00,13294.15,11753.26
29.05.2022 04:00:00 +02:00,13282.64,11647.63
29.05.2022 05:00:00 +02:00,13733.16,11587.36
29.05.2022 06:00:00 +02:00,13493.37,11607.65
29.05.2022 07:00:00 +02:00,13430.75,11792.18
29.05.2022 08:00:00 +02:00,13180.16,12055.55
29.05.2022 09:00:00 +02:00,13966.62,12404.68
29.05.2022 10:00:00 +02:00,14109.10,12698.40
29.05.2022 11:00:00 +02:00,13931.42,12757.42
29.05.2022 12:00:00 +02:00,13176.81,12804.76
29.05.2022 13:00:00 +02:00,12415.92,12792.85
29.05.2022 14:00:00 +02:00,12112.37,12775.09
29.05.2022 15:00:00 +02:00,11765.29,12809.13
29.05.2022 16:00:00 +02:00,12948.71,12902.53
29.05.2022 17:00:00 +02:00,14948.60,13005.30
29.05.2022 18:00:00 +02:00,16450.11,13076.00
29.05.2022 19:00:00 +02:00,16926.67,13075.72
29.05.2022 20:00:00 +02:00,17323.32,13164.00
29.05.2022 21:00:00 +02:00,17391.46,13140.81
29.05.2022 22:00:00 +02:00,17262.29,13019.23
29.05.2022 23:00:00 +02:00,16363.19,12808.87
30.05.2022 00:00:00 +02:00,15921.72,12366.09
30.05.2022 01:00:00 +02:00,15554.28,12087.34
30.05.2022 02:00:00 +02:00,15330.60,11883.67
30.05.2022 03:00:00 +02:00,15644.96,11846.51
30.05.2022 04:00:00 +02:00,15709.61,11769.87
30.05.2022 05:00:00 +02:00,15934.11,11972.50
30.05.2022 06:00:00 +02:00,17595.74,12902.74
30.05.2022 07:00:00 +02:00,19432.75,13806.84
30.05.2022 08:00:00 +02:00,19699.58,14049.07
30.05.2022 09:00:00 +02:00,19786.81,14018.01
30.05.2022 10:00:00 +02:00,19505.03,13921.40
30.05.2022 11:00:00 +02:00,19146.63,13734.08
30.05.2022 12:00:00 +02:00,19141.99,13690.28
30.05.2022 13:00:00 +02:00,18899.10,13636.66
30.05.2022 14:00:00 +02:00,18500.25,13749.92
30.05.2022 15:00:00 +02:00,18674.62,13706.09
30.05.2022 16:00:00 +02:00,18843.56,13672.26
30.05.2022 17:00:00 +02:00,18684.05,13491.51
30.05.2022 18:00:00 +02:00,18555.63,13233.21
30.05.2022 19:00:00 +02:00,18452.45,13176.21
30.05.2022 20:00:00 +02:00,17966.00,13195.84
30.05.2022 21:00:00 +02:00,17502.71,13179.46
30.05.2022 22:00:00 +02:00,17077.50,13041.35
30.05.2022 23:00:00 +02:00,16609.48,12647.60
31.05.2022 00:00:00 +02:00,16380.06,12014.03
31.05.2022 01:00:00 +02:00,15773.38,11687.83
31.05.2022 02:00:00 +02:00,15090.29,11523.24
31.05.2022 03:00:00 +02:00,14768.70,11527.21
31.05.2022 04:00:00 +02:00,14627.18,11458.58
31.05.2022 05:00:00 +02:00,15067.72,11599.75
31.05.2022 06:00:00 +02:00,15907.96,12459.25
31.05.2022 07:00:00 +02:00,17706.00,13482.49
31.05.2022 08:00:00 +02:00,18517.74,13777.79
31.05.2022 09:00:00 +02:00,18329.58,13598.13
31.05.2022 10:00:00 +02:00,17690.99,13239.99
31.05.2022 11:00:00 +02:00,17734.69,13305.92
31.05.2022 12:00:00 +02:00,17452.75,13233.93
31.05.2022 13:00:00 +02:00,17026.94,13158.14
31.05.2022 14:00:00 +02:00,16875.17,13164.53
31.05.2022 15:00:00 +02:00,16720.51,13107.83
31.05.2022 16:00:00 +02:00,16820.00,13188.30
31.05.2022 17:00:00 +02:00,16678.75,12990.29
31.05.2022 18:00:00 +02:00,16621.77,12867.63
31.05.2022 19:00:00 +02:00,16873.84,12939.08
31.05.2022 20:00:00 +02:00,16711.34,12957.44
31.05.2022 21:00:00 +02:00,16436.92,12836.23
31.05.2022 22:00:00 +02:00,16450.40,12704.01
31.05.2022 23:00:00 +02:00,15891.52,12373.27
01.06.2022 00:00:00 +02:00,15146.76,11865.25
01.06.2022 01:00:00 +02:00,14111.00,11504.62
01.06.2022 02:00:00 +02:00,13550.44,11349.04
01.06.2022 03:00:00 +02:00,13411.73,11281.20
01.06.2022 04:00:00 +02:00,13727.74,11211.53
01.06.2022 05:00:00 +02:00,14550.13,11383.08
01.06.2022 06:00:00 +02:00,15792.87,12169.70
01.06.2022 07:00:00 +02:00,17097.67,13215.51
01.06.2022 08:00:00 +02:00,17695.70,13537.02
01.06.2022 09:00:00 +02:00,17715.99,13336.60
01.06.2022 10:00:00 +02:00,17602.87,13288.41
01.06.2022 11:00:00 +02:00,17203.46,13176.45
01.06.2022 12:00:00 +02:00,16847.76,13255.59
01.06.2022 13:00:00 +02:00,15947.97,13280.31
01.06.2022 14:00:00 +02:00,15988.21,13268.94
01.06.2022 15:00:00 +02:00,15776.23,13263.85
01.06.2022 16:00:00 +02:00,16228.99,13302.29
01.06.2022 17:00:00 +02:00,17399.94,13232.35
01.06.2022 18:00:00 +02:00,18370.62,13149.68
01.06.2022 19:00:00 +02:00,19214.55,13120.34
01.06.2022 20:00:00 +02:00,19200.98,13120.56
01.06.2022 21:00:00 +02:00,18857.46,12979.82
01.06.2022 22:00:00 +02:00,18420.23,12808.92
01.06.2022 23:00:00 +02:00,17212.38,12440.84
02.06.2022 00:00:00 +02:00,16071.02,11992.08
02.06.2022 01:00:00 +02:00,15138.56,11639.70
02.06.2022 02:00:00 +02:00,14551.72,11464.01
02.06.2022 03:00:00 +02:00,14129.24,11423.84
02.06.2022 04:00:00 +02:00,13777.42,11380.79
02.06.2022 05:00:00 +02:00,14210.59,11516.81
02.06.2022 06:00:00 +02:00,16058.50,12334.88
02.06.2022 07:00:00 +02:00,18056.05,13426.37
02.06.2022 08:00:00 +02:00,18611.93,13822.44
02.06.2022 09:00:00 +02:00,18229.08,13745.26
02.06.2022 10:00:00 +02:00,17031.55,13464.80
02.06.2022 11:00:00 +02:00,15871.44,13616.46
02.06.2022 12:00:00 +02:00,15067.00,13598.70
02.06.2022 13:00:00 +02:00,15266.69,13638.86
02.06.2022 14:00:00 +02:00,14585.46,13664.23
02.06.2022 15:00:00 +02:00,14344.89,13611.46
02.06.2022 16:00:00 +02:00,16102.34,13618.21
02.06.2022 17:00:00 +02:00,17063.51,13443.70
02.06.2022 18:00:00 +02:00,18367.93,13335.99
02.06.2022 19:00:00 +02:00,18690.21,13200.16
02.06.2022 20:00:00 +02:00,18064.12,13231.18
02.06.2022 21:00:00 +02:00,17505.10,13027.02
02.06.2022 22:00:00 +02:00,16600.52,12856.71
02.06.2022 23:00:00 +02:00,16259.30,12547.63
03.06.2022 00:00:00 +02:00,16002.99,12070.72
03.06.2022 01:00:00 +02:00,14773.09,11748.24
03.06.2022 02:00:00 +02:00,14149.94,11515.11
03.06.2022 03:00:00 +02:00,13914.22,11395.61
03.06.2022 04:00:00 +02:00,13962.86,11265.27
03.06.2022 05:00:00 +02:00,14546.91,11363.67
03.06.2022 06:00:00 +02:00,16085.43,12162.25
03.06.2022 07:00:00 +02:00,18143.71,13229.43
03.06.2022 08:00:00 +02:00,19083.19,13608.12
03.06.2022 09:00:00 +02:00,18568.39,13588.67
03.06.2022 10:00:00 +02:00,17716.68,13489.04
03.06.2022 11:00:00 +02:00,16153.88,13498.97
03.06.2022 12:00:00 +02:00,15328.91,13433.97
03.06.2022 13:00:00 +02:00,14159.72,13265.10
03.06.2022 14:00:00 +02:00,14008.42,13173.79
03.06.2022 15:00:00 +02:00,14884.22,13023.41
03.06.2022 16:00:00 +02:00,15738.62,12972.06
03.06.2022 17:00:00 +02:00,16775.79,12883.78
03.06.2022 18:00:00 +02:00,17624.46,12807.69
03.06.2022 19:00:00 +02:00,18346.11,12704.13
03.06.2022 20:00:00 +02:00,17731.71,12602.14
03.06.2022 21:00:00 +02:00,16752.19,12369.82
03.06.2022 22:00:00 +02:00,15512.79,12277.20
03.06.2022 23:00:00 +02:00,14648.88,12146.33
04.06.2022 00:00:00 +02:00,14945.46,11824.69
04.06.2022 01:00:00 +02:00,14471.77,11550.55
04.06.2022 02:00:00 +02:00,13790.70,11337.59
04.06.2022 03:00:00 +02:00,13120.81,11207.88
04.06.2022 04:00:00 +02:00,12540.22,11073.60
04.06.2022 05:00:00 +02:00,12697.80,11054.13
04.06.2022 06:00:00 +02:00,13634.46,11138.24
04.06.2022 07:00:00 +02:00,15345.68,11467.15
04.06.2022 08:00:00 +02:00,16237.77,11883.15
04.06.2022 09:00:00 +02:00,16039.09,12286.83
04.06.2022 10:00:00 +02:00,15193.21,12515.68
04.06.2022 11:00:00 +02:00,14027.35,12475.85
04.06.2022 12:00:00 +02:00,12485.34,12395.05
04.06.2022 13:00:00 +02:00,10843.47,12311.38
04.06.2022 14:00:00 +02:00,10924.45,12216.70
04.06.2022 15:00:00 +02:00,11838.10,12119.03
04.06.2022 16:00:00 +02:00,12809.33,12055.78
04.06.2022 17:00:00 +02:00,14351.18,12129.44
04.06.2022 18:00:00 +02:00,16143.54,12178.18
04.06.2022 19:00:00 +02:00,17354.60,12159.60
04.06.2022 20:00:00 +02:00,17665.54,12045.39
04.06.2022 21:00:00 +02:00,17316.03,11936.85
04.06.2022 22:00:00 +02:00,16477.75,11801.48
04.06.2022 23:00:00 +02:00,15371.95,11686.78
05.06.2022 00:00:00 +02:00,13910.39,11410.38
05.06.2022 01:00:00 +02:00,12023.25,11227.38
05.06.2022 02:00:00 +02:00,11336.74,11034.01
05.06.2022 03:00:00 +02:00,11320.98,10900.54
05.06.2022 04:00:00 +02:00,11485.04,10823.38
05.06.2022 05:00:00 +02:00,10918.86,10791.79
05.06.2022 06:00:00 +02:00,10604.29,10829.88
05.06.2022 07:00:00 +02:00,10721.19,11038.03
05.06.2022 08:00:00 +02:00,11470.00,11301.81
05.06.2022 09:00:00 +02:00,12185.23,11645.66
05.06.2022 10:00:00 +02:00,12099.82,11860.25
05.06.2022 11:00:00 +02:00,12016.89,11873.65
05.06.2022 12:00:00 +02:00,11127.43,11870.16
05.06.2022 13:00:00 +02:00,10130.87,11768.55
05.06.2022 14:00:00 +02:00,10178.39,11645.98
05.06.2022 15:00:00 +02:00,10718.23,11644.61
05.06.2022 16:00:00 +02:00,12057.02,11679.14
05.06.2022 17:00:00 +02:00,13550.23,11751.78
05.06.2022 18:00:00 +02:00,14561.81,11822.72
05.06.2022 19:00:00 +02:00,15816.14,11885.35
05.06.2022 20:00:00 +02:00,15585.61,11889.38
05.06.2022 21:00:00 +02:00,14980.69,11853.24
05.06.2022 22:00:00 +02:00,13935.19,11720.08
05.06.2022 23:00:00 +02:00,11791.01,11679.46
06.06.2022 00:00:00 +02:00,10847.58,11457.27
06.06.2022 01:00:00 +02:00,10173.27,11179.67
06.06.2022 02:00:00 +02:00,10144.68,11043.87
06.06.2022 03:00:00 +02:00,10553.93,10922.69
06.06.2022 04:00:00 +02:00,10925.87,10685.58
06.06.2022 05:00:00 +02:00,11334.24,10838.94
06.06.2022 06:00:00 +02:00,11320.06,11011.79
06.06.2022 07:00:00 +02:00,11502.66,11231.12
06.06.2022 08:00:00 +02:00,11280.14,11566.47
06.06.2022 09:00:00 +02:00,10968.74,11905.40
06.06.2022 10:00:00 +02:00,10469.20,12143.92
06.06.2022 11:00:00 +02:00,10075.02,12242.28
06.06.2022 12:00:00 +02:00,9606.76,12188.10
06.06.2022 13:00:00 +02:00,9539.65,12139.69
06.06.2022 14:00:00 +02:00,9585.56,12128.78
06.06.2022 15:00:00 +02:00,10407.16,12171.23
06.06.2022 16:00:00 +02:00,11419.63,12168.38
06.06.2022 17:00:00 +02:00,12273.03,12113.86
06.06.2022 18:00:00 +02:00,13413.02,12094.08
06.06.2022 19:00:00 +02:00,14524.66,12228.57
06.06.2022 20:00:00 +02:00,15124.23,12293.63
06.06.2022 21:00:00 +02:00,14968.25,12278.09
06.06.2022 22:00:00 +02:00,14417.94,12131.58
06.06.2022 23:00:00 +02:00,14022.43,11933.45
07.06.2022 00:00:00 +02:00,12992.39,11441.36
07.06.2022 01:00:00 +02:00,11847.56,11112.61
07.06.2022 02:00:00 +02:00,11243.75,11022.49
07.06.2022 03:00:00 +02:00,11113.03,10896.21
07.06.2022 04:00:00 +02:00,11117.47,10858.78
07.06.2022 05:00:00 +02:00,12272.68,11042.75
07.06.2022 06:00:00 +02:00,14680.59,11932.80
07.06.2022 07:00:00 +02:00,16782.47,13017.22
07.06.2022 08:00:00 +02:00,17403.74,13426.11
07.06.2022 09:00:00 +02:00,17294.23,13412.04
07.06.2022 10:00:00 +02:00,16780.02,13401.03
07.06.2022 11:00:00 +02:00,15794.93,13331.58
07.06.2022 12:00:00 +02:00,14766.12,13195.73
07.06.2022 13:00:00 +02:00,14194.99,13062.68
07.06.2022 14:00:00 +02:00,13977.07,13158.55
07.06.2022 15:00:00 +02:00,14356.07,13147.75
07.06.2022 16:00:00 +02:00,14891.88,13164.70
07.06.2022 17:00:00 +02:00,15941.33,13070.79
07.06.2022 18:00:00 +02:00,16613.69,12932.87
07.06.2022 19:00:00 +02:00,16991.33,12869.58
07.06.2022 20:00:00 +02:00,16904.46,12804.16
07.06.2022 21:00:00 +02:00,16734.10,12705.63
07.06.2022 22:00:00 +02:00,16220.56,12534.35
07.06.2022 23:00:00 +02:00,15476.45,12113.36
08.06.2022 00:00:00 +02:00,14153.48,11628.35
08.06.2022 01:00:00 +02:00,13603.70,11272.91
08.06.2022 02:00:00 +02:00,13054.77,11125.07
08.06.2022 03:00:00 +02:00,12715.38,10958.20
08.06.2022 04:00:00 +02:00,12564.06,10694.19
08.06.2022 05:00:00 +02:00,13134.30,10814.49
08.06.2022 06:00:00 +02:00,14534.35,11555.25
08.06.2022 07:00:00 +02:00,16438.01,12595.44
08.06.2022 08:00:00 +02:00,16762.81,12912.93
08.06.2022 09:00:00 +02:00,16484.89,12830.80
08.06.2022 10:00:00 +02:00,16428.39,12822.75
08.06.2022 11:00:00 +02:00,15946.88,12702.18
08.06.2022 12:00:00 +02:00,16181.43,12725.72
08.06.2022 13:00:00 +02:00,16057.17,12756.61
08.06.2022 14:00:00 +02:00,15866.22,12719.48
08.06.2022 15:00:00 +02:00,15976.32,12719.00
08.06.2022 16:00:00 +02:00,16117.01,12510.65
08.06.2022 17:00:00 +02:00,15982.68,12451.51
08.06.2022 18:00:00 +02:00,15858.72,12367.10
08.06.2022 19:00:00 +02:00,16371.32,12312.68
08.06.2022 20:00:00 +02:00,16485.05,12259.30
08.06.2022 21:00:00 +02:00,16241.73,12154.66
08.06.2022 22:00:00 +02:00,15843.10,11994.40
08.06.2022 23:00:00 +02:00,14668.99,11705.72
09.06.2022 00:00:00 +02:00,14077.92,11161.04
09.06.2022 01:00:00 +02:00,13596.04,10784.19
09.06.2022 02:00:00 +02:00,13007.68,10706.37
09.06.2022 03:00:00 +02:00,12499.40,10653.34
09.06.2022 04:00:00 +02:00,12579.18,10639.17
09.06.2022 05:00:00 +02:00,13458.97,10871.83
09.06.2022 06:00:00 +02:00,14732.95,11717.17
09.06.2022 07:00:00 +02:00,16419.30,12801.07
09.06.2022 08:00:00 +02:00,17046.55,13201.44
09.06.2022 09:00:00 +02:00,17193.98,13081.45
09.06.2022 10:00:00 +02:00,17156.16,12638.33
09.06.2022 11:00:00 +02:00,17310.98,12955.18
09.06.2022 12:00:00 +02:00,17171.52,13019.90
09.06.2022 13:00:00 +02:00,16400.93,12904.56
09.06.2022 14:00:00 +02:00,15583.75,12839.39
09.06.2022 15:00:00 +02:00,15781.40,12835.86
09.06.2022 16:00:00 +02:00,16037.54,12881.83
09.06.2022 17:00:00 +02:00,16817.93,12791.30
09.06.2022 18:00:00 +02:00,17000.08,12615.32
09.06.2022 19:00:00 +02:00,17231.46,12580.12
09.06.2022 20:00:00 +02:00,17105.39,12612.37
09.06.2022 21:00:00 +02:00,16610.57,12452.55
09.06.2022 22:00:00 +02:00,16443.58,12279.62
09.06.2022 23:00:00 +02:00,15427.39,12022.55
10.06.2022 00:00:00 +02:00,14216.13,11459.86
10.06.2022 01:00:00 +02:00,13044.44,11215.66
10.06.2022 02:00:00 +02:00,12134.70,11004.71
10.06.2022 03:00:00 +02:00,12733.95,10915.41
10.06.2022 04:00:00 +02:00,13108.65,10847.89
10.06.2022 05:00:00 +02:00,13721.24,10990.78
10.06.2022 06:00:00 +02:00,15138.45,11728.45
10.06.2022 07:00:00 +02:00,17149.04,12730.45
10.06.2022 08:00:00 +02:00,17635.42,13135.81
10.06.2022 09:00:00 +02:00,17166.49,13132.05
10.06.2022 10:00:00 +02:00,16689.99,12943.33
10.06.2022 11:00:00 +02:00,14799.94,12885.78
10.06.2022 12:00:00 +02:00,13960.15,12902.35
10.06.2022 13:00:00 +02:00,12719.51,12871.87
10.06.2022 14:00:00 +02:00,12255.22,12845.97
10.06.2022 15:00:00 +02:00,12585.54,12738.90
10.06.2022 16:00:00 +02:00,13715.14,12741.08
10.06.2022 17:00:00 +02:00,14920.31,12625.12
10.06.2022 18:00:00 +02:00,15165.45,12522.74
10.06.2022 19:00:00 +02:00,14858.84,12307.95
10.06.2022 20:00:00 +02:00,14652.04,12231.17
10.06.2022 21:00:00 +02:00,15173.77,12041.55
10.06.2022 22:00:00 +02:00,14986.19,11887.70
10.06.2022 23:00:00 +02:00,14807.82,11687.44
11.06.2022 00:00:00 +02:00,14110.67,11510.84
11.06.2022 01:00:00 +02:00,13295.72,11253.12
11.06.2022 02:00:00 +02:00,13046.26,11083.30
11.06.2022 03:00:00 +02:00,13048.04,10999.42
11.06.2022 04:00:00 +02:00,12431.58,10790.44
11.06.2022 05:00:00 +02:00,12502.14,10720.99
11.06.2022 06:00:00 +02:00,12928.30,10784.20
11.06.2022 07:00:00 +02:00,13080.96,11093.88
11.06.2022 08:00:00 +02:00,12745.91,11472.20
11.06.2022 09:00:00 +02:00,11947.38,11805.12
11.06.2022 10:00:00 +02:00,11268.84,12230.00
11.06.2022 11:00:00 +02:00,10807.25,12317.55
11.06.2022 12:00:00 +02:00,10480.16,12284.86
11.06.2022 13:00:00 +02:00,10434.72,12232.82
11.06.2022 14:00:00 +02:00,9166.29,12199.56
11.06.2022 15:00:00 +02:00,10308.13,12087.62
11.06.2022 16:00:00 +02:00,10726.68,12085.51
11.06.2022 17:00:00 +02:00,11583.82,12086.22
11.06.2022 18:00:00 +02:00,12749.74,12052.47
11.06.2022 19:00:00 +02:00,13855.78,11985.07
11.06.2022 20:00:00 +02:00,14554.51,11861.87
11.06.2022 21:00:00 +02:00,14508.77,11711.34
11.06.2022 22:00:00 +02:00,13960.01,11505.58
11.06.2022 23:00:00 +02:00,13144.91,11343.62
12.06.2022 00:00:00 +02:00,13090.71,11181.62
12.06.2022 01:00:00 +02:00,12772.71,10960.85
12.06.2022 02:00:00 +02:00,11594.03,10794.19
12.06.2022 03:00:00 +02:00,11325.73,10642.55
12.06.2022 04:00:00 +02:00,11373.19,10503.67
12.06.2022 05:00:00 +02:00,11664.99,10475.54
12.06.2022 06:00:00 +02:00,12109.17,10558.15
12.06.2022 07:00:00 +02:00,11697.78,10744.69
12.06.2022 08:00:00 +02:00,11065.47,11048.05
12.06.2022 09:00:00 +02:00,11038.85,11398.05
12.06.2022 10:00:00 +02:00,11043.67,11705.38
12.06.2022 11:00:00 +02:00,10648.42,11837.45
12.06.2022 12:00:00 +02:00,10582.63,12021.24
12.06.2022 13:00:00 +02:00,9628.60,11996.35
12.06.2022 14:00:00 +02:00,8927.87,11982.07
12.06.2022 15:00:00 +02:00,10194.19,11937.24
12.06.2022 16:00:00 +02:00,10805.74,12039.69
12.06.2022 17:00:00 +02:00,11551.50,12049.22
12.06.2022 18:00:00 +02:00,13074.12,12071.05
12.06.2022 19:00:00 +02:00,14553.86,12126.58
12.06.2022 20:00:00 +02:00,15572.80,12104.22
12.06.2022 21:00:00 +02:00,16149.52,12090.25
12.06.2022 22:00:00 +02:00,16511.20,11940.75
12.06.2022 23:00:00 +02:00,15869.07,11769.28
13.06.2022 00:00:00 +02:00,14285.75,11405.21
13.06.2022 01:00:00 +02:00,13101.82,11125.02
13.06.2022 02:00:00 +02:00,12250.74,10993.89
13.06.2022 03:00:00 +02:00,12020.26,10908.13
13.06.2022 04:00:00 +02:00,12179.50,10777.54
13.06.2022 05:00:00 +02:00,13669.99,11082.84
13.06.2022 06:00:00 +02:00,16357.15,11870.28
13.06.2022 07:00:00 +02:00,17997.87,12817.99
13.06.2022 08:00:00 +02:00,17452.38,13228.48
13.06.2022 09:00:00 +02:00,16867.45,13221.00
13.06.2022 10:00:00 +02:00,15632.91,13224.31
13.06.2022 11:00:00 +02:00,15078.04,13172.25
13.06.2022 12:00:00 +02:00,14188.85,13063.44
13.06.2022 13:00:00 +02:00,12197.06,13013.65
13.06.2022 14:00:00 +02:00,11603.50,13155.29
13.06.2022 15:00:00 +02:00,11563.08,13131.80
13.06.2022 16:00:00 +02:00,12018.81,13135.59
13.06.2022 17:00:00 +02:00,14063.90,12996.02
13.06.2022 18:00:00 +02:00,15799.15,12900.44
13.06.2022 19:00:00 +02:00,17045.73,12878.16
13.06.2022 20:00:00 +02:00,17035.66,12876.26
13.06.2022 21:00:00 +02:00,16773.70,12812.16
13.06.2022 22:00:00 +02:00,16226.51,12560.98
13.06.2022 23:00:00 +02:00,15182.54,12213.85
14.06.2022 00:00:00 +02:00,14694.26,11828.64
14.06.2022 01:00:00 +02:00,13378.98,11475.84
14.06.2022 02:00:00 +02:00,12716.58,11284.13
14.06.2022 03:00:00 +02:00,12863.84,11253.71
14.06.2022 04:00:00 +02:00,13056.78,11156.90
14.06.2022 05:00:00 +02:00,14000.62,11364.03
14.06.2022 06:00:00 +02:00,15721.66,12204.48
14.06.2022 07:00:00 +02:00,17692.11,13226.70
14.06.2022 08:00:00 +02:00,17937.33,13602.96
14.06.2022 09:00:00 +02:00,16945.02,13337.82
14.06.2022 10:00:00 +02:00,15479.85,12978.41
14.06.2022 11:00:00 +02:00,15658.82,13021.87
14.06.2022 12:00:00 +02:00,15821.26,13043.43
14.06.2022 13:00:00 +02:00,15479.26,13075.02
14.06.2022 14:00:00 +02:00,14949.33,13110.55
14.06.2022 15:00:00 +02:00,15519.18,13100.81
14.06.2022 16:00:00 +02:00,16663.56,13109.42
14.06.2022 17:00:00 +02:00,17639.97,12925.81
14.06.2022 18:00:00 +02:00,18202.62,12819.85
14.06.2022 19:00:00 +02:00,18685.27,12711.40
14.06.2022 20:00:00 +02:00,18843.61,12684.25
14.06.2022 21:00:00 +02:00,18867.66,12607.32
14.06.2022 22:00:00 +02:00,18770.65,12411.19
14.06.2022 23:00:00 +02:00,17658.51,12134.87
15.06.2022 00:00:00 +02:00,16810.60,11718.16
15.06.2022 01:00:00 +02:00,15659.59,11346.09
15.06.2022 02:00:00 +02:00,14778.24,11121.48
15.06.2022 03:00:00 +02:00,14406.78,11009.83
15.06.2022 04:00:00 +02:00,14296.97,10985.80
15.06.2022 05:00:00 +02:00,15112.79,11202.28
15.06.2022 06:00:00 +02:00,16673.12,12042.58
15.06.2022 07:00:00 +02:00,18077.01,13054.49
15.06.2022 08:00:00 +02:00,18309.35,13369.57
15.06.2022 09:00:00 +02:00,18448.32,13294.42
15.06.2022 10:00:00 +02:00,17737.81,13253.22
15.06.2022 11:00:00 +02:00,17087.32,13144.19
15.06.2022 12:00:00 +02:00,16969.00,13130.00
15.06.2022 13:00:00 +02:00,17035.12,13160.73
15.06.2022 14:00:00 +02:00,16874.59,13157.57
15.06.2022 15:00:00 +02:00,16927.75,13190.08
15.06.2022 16:00:00 +02:00,17441.98,13170.03
15.06.2022 17:00:00 +02:00,17830.98,13038.91
15.06.2022 18:00:00 +02:00,18397.94,12886.74
15.06.2022 19:00:00 +02:00,18845.08,12828.67
15.06.2022 20:00:00 +02:00,18635.28,12825.05
15.06.2022 21:00:00 +02:00,18103.81,12728.75
15.06.2022 22:00:00 +02:00,17603.83,12491.62
15.06.2022 23:00:00 +02:00,16485.86,12142.19
16.06.2022 00:00:00 +02:00,15959.14,11745.36
16.06.2022 01:00:00 +02:00,15213.68,11423.89
16.06.2022 02:00:00 +02:00,14920.70,11221.90
16.06.2022 03:00:00 +02:00,14635.68,11140.59
16.06.2022 04:00:00 +02:00,14382.69,10995.35
16.06.2022 05:00:00 +02:00,15174.42,11104.13
16.06.2022 06:00:00 +02:00,17025.31,11866.88
16.06.2022 07:00:00 +02:00,18228.35,12862.86
16.06.2022 08:00:00 +02:00,18247.27,13207.96
16.06.2022 09:00:00 +02:00,17091.35,13134.88
16.06.2022 10:00:00 +02:00,15408.02,12709.99
16.06.2022 11:00:00 +02:00,14368.66,13062.90
16.06.2022 12:00:00 +02:00,12960.69,13004.81
16.06.2022 13:00:00 +02:00,11597.28,13019.55
16.06.2022 14:00:00 +02:00,11946.04,13148.12
16.06.2022 15:00:00 +02:00,12771.88,13082.25
16.06.2022 16:00:00 +02:00,14145.35,13184.40
16.06.2022 17:00:00 +02:00,15487.80,13029.00
16.06.2022 18:00:00 +02:00,17288.52,12816.69
16.06.2022 19:00:00 +02:00,18659.82,12729.42
16.06.2022 20:00:00 +02:00,19057.95,12732.49
16.06.2022 21:00:00 +02:00,18993.10,12502.75
16.06.2022 22:00:00 +02:00,18196.41,12449.91
16.06.2022 23:00:00 +02:00,17450.73,12184.39
17.06.2022 00:00:00 +02:00,16788.95,11676.40
17.06.2022 01:00:00 +02:00,16320.56,11280.78
17.06.2022 02:00:00 +02:00,16253.36,11118.07
17.06.2022 03:00:00 +02:00,15885.41,11016.57
17.06.2022 04:00:00 +02:00,15463.04,10954.62
17.06.2022 05:00:00 +02:00,15634.56,11097.62
17.06.2022 06:00:00 +02:00,16830.46,11850.89
17.06.2022 07:00:00 +02:00,18353.24,12822.21
17.06.2022 08:00:00 +02:00,18868.78,13125.25
17.06.2022 09:00:00 +02:00,18608.11,13284.25
17.06.2022 10:00:00 +02:00,17938.66,13236.88
17.06.2022 11:00:00 +02:00,16900.24,13251.53
17.06.2022 12:00:00 +02:00,15948.56,13229.09
17.06.2022 13:00:00 +02:00,15073.52,13128.59
17.06.2022 14:00:00 +02:00,14657.58,13122.75
17.06.2022 15:00:00 +02:00,15345.10,13063.81
17.06.2022 16:00:00 +02:00,16630.21,13076.52
17.06.2022 17:00:00 +02:00,17840.84,12997.37
17.06.2022 18:00:00 +02:00,17683.11,12922.95
17.06.2022 19:00:00 +02:00,17514.33,12810.31
17.06.2022 20:00:00 +02:00,16907.48,12624.39
17.06.2022 21:00:00 +02:00,16708.93,12420.17
17.06.2022 22:00:00 +02:00,16043.10,12236.75
17.06.2022 23:00:00 +02:00,15310.99,12021.18
18.06.2022 00:00:00 +02:00,14805.49,11569.38
18.06.2022 01:00:00 +02:00,14504.84,11383.32
18.06.2022 02:00:00 +02:00,13116.66,11165.53
18.06.2022 03:00:00 +02:00,12270.46,11008.65
18.06.2022 04:00:00 +02:00,11802.56,10909.55
18.06.2022 05:00:00 +02:00,12022.19,10864.13
18.06.2022 06:00:00 +02:00,13439.84,10980.32
18.06.2022 07:00:00 +02:00,14224.32,11253.09
18.06.2022 08:00:00 +02:00,14250.73,11706.28
18.06.2022 09:00:00 +02:00,14695.34,12159.84
18.06.2022 10:00:00 +02:00,14118.15,12366.93
18.06.2022 11:00:00 +02:00,12966.19,12344.43
18.06.2022 12:00:00 +02:00,11677.04,12327.95
18.06.2022 13:00:00 +02:00,11256.48,12315.74
18.06.2022 14:00:00 +02:00,10677.57,12211.32
18.06.2022 15:00:00 +02:00,10779.34,12125.45
18.06.2022 16:00:00 +02:00,11410.76,12122.47
18.06.2022 17:00:00 +02:00,12636.71,12179.64
18.06.2022 18:00:00 +02:00,14027.03,12193.48
18.06.2022 19:00:00 +02:00,14652.11,12152.11
18.06.2022 20:00:00 +02:00,14493.73,11953.62
18.06.2022 21:00:00 +02:00,13982.41,11865.57
18.06.2022 22:00:00 +02:00,13467.82,11756.21
18.06.2022 23:00:00 +02:00,12980.14,11644.20
19.06.2022 00:00:00 +02:00,12774.20,11442.45
19.06.2022 01:00:00 +02:00,11765.99,11239.18
19.06.2022 02:00:00 +02:00,10537.97,11111.06
19.06.2022 03:00:00 +02:00,9322.71,11012.85
19.06.2022 04:00:00 +02:00,9004.53,10905.92
19.06.2022 05:00:00 +02:00,9181.62,10878.96
19.06.2022 06:00:00 +02:00,9218.63,10888.67
19.06.2022 07:00:00 +02:00,9517.72,11108.92
19.06.2022 08:00:00 +02:00,9699.65,11422.14
19.06.2022 09:00:00 +02:00,9795.56,11720.33
19.06.2022 10:00:00 +02:00,10163.00,11973.05
19.06.2022 11:00:00 +02:00,10333.27,12032.20
19.06.2022 12:00:00 +02:00,10238.63,12007.00
19.06.2022 13:00:00 +02:00,10328.27,12050.82
19.06.2022 14:00:00 +02:00,10884.60,12062.56
19.06.2022 15:00:00 +02:00,11873.93,12087.51
19.06.2022 16:00:00 +02:00,12818.21,12152.38
19.06.2022 17:00:00 +02:00,14272.01,12149.71
19.06.2022 18:00:00 +02:00,15538.56,12282.75
19.06.2022 19:00:00 +02:00,17505.86,12316.29
19.06.2022 20:00:00 +02:00,17922.22,12339.14
19.06.2022 21:00:00 +02:00,18332.06,12329.98
19.06.2022 22:00:00 +02:00,18135.79,12199.16
19.06.2022 23:00:00 +02:00,17548.00,11933.88
20.06.2022 00:00:00 +02:00,16719.17,11697.09
20.06.2022 01:00:00 +02:00,15788.98,11395.04
20.06.2022 02:00:00 +02:00,15437.08,11261.09
20.06.2022 03:00:00 +02:00,15090.14,11170.54
20.06.2022 04:00:00 +02:00,15270.20,11063.85
20.06.2022 05:00:00 +02:00,16004.03,11197.76
20.06.2022 06:00:00 +02:00,17162.27,11962.22
20.06.2022 07:00:00 +02:00,18445.96,12898.88
20.06.2022 08:00:00 +02:00,19010.15,13264.81
20.06.2022 09:00:00 +02:00,19303.09,13234.36
20.06.2022 10:00:00 +02:00,19276.01,13198.41
20.06.2022 11:00:00 +02:00,19333.68,13156.02
20.06.2022 12:00:00 +02:00,18970.43,13079.26
20.06.2022 13:00:00 +02:00,18478.07,13151.78
20.06.2022 14:00:00 +02:00,17855.93,13169.08
20.06.2022 15:00:00 +02:00,17255.57,13153.68
20.06.2022 16:00:00 +02:00,17274.61,13163.35
20.06.2022 17:00:00 +02:00,18162.86,12970.44
20.06.2022 18:00:00 +02:00,18761.17,12777.91
20.06.2022 19:00:00 +02:00,19274.46,12715.94
20.06.2022 20:00:00 +02:00,19259.83,12704.99
20.06.2022 21:00:00 +02:00,19071.93,12604.02
20.06.2022 22:00:00 +02:00,18854.54,12290.93
20.06.2022 23:00:00 +02:00,18069.11,11978.08
21.06.2022 00:00:00 +02:00,16831.29,11521.84
21.06.2022 01:00:00 +02:00,16036.53,11267.40
21.06.2022 02:00:00 +02:00,15444.73,11102.37
21.06.2022 03:00:00 +02:00,14718.74,10992.99
21.06.2022 04:00:00 +02:00,14461.84,10902.83
21.06.2022 05:00:00 +02:00,14864.44,11036.17
21.06.2022 06:00:00 +02:00,16512.35,11805.01
21.06.2022 07:00:00 +02:00,18163.86,12787.39
21.06.2022 08:00:00 +02:00,18547.50,13174.16
21.06.2022 09:00:00 +02:00,18552.40,13149.13
21.06.2022 10:00:00 +02:00,17815.89,12952.55
21.06.2022 11:00:00 +02:00,17800.78,13165.81
21.06.2022 12:00:00 +02:00,17490.92,13179.67
21.06.2022 13:00:00 +02:00,17147.67,13205.98
21.06.2022 14:00:00 +02:00,16981.34,13314.94
21.06.2022 15:00:00 +02:00,17836.93,13360.29
21.06.2022 16:00:00 +02:00,18617.81,13431.96
21.06.2022 17:00:00 +02:00,18745.03,13307.80
21.06.2022 18:00:00 +02:00,19344.98,13151.70
21.06.2022 19:00:00 +02:00,19692.68,13026.58
21.06.2022 20:00:00 +02:00,19341.22,12995.29
21.06.2022 21:00:00 +02:00,18590.76,12832.01
21.06.2022 22:00:00 +02:00,17540.52,12607.14
21.06.2022 23:00:00 +02:00,17225.52,12311.29
22.06.2022 00:00:00 +02:00,16879.93,11724.66
22.06.2022 01:00:00 +02:00,16224.34,11352.23
22.06.2022 02:00:00 +02:00,15217.24,11175.14
22.06.2022 03:00:00 +02:00,14291.51,11042.19
22.06.2022 04:00:00 +02:00,14034.95,10868.43
22.06.2022 05:00:00 +02:00,14357.35,10991.99
22.06.2022 06:00:00 +02:00,16253.22,11765.04
22.06.2022 07:00:00 +02:00,18218.20,12688.37
22.06.2022 08:00:00 +02:00,18924.97,13022.49
22.06.2022 09:00:00 +02:00,18683.46,12994.20
22.06.2022 10:00:00 +02:00,18257.10,13071.90
22.06.2022 11:00:00 +02:00,17910.20,12949.41
22.06.2022 12:00:00 +02:00,18014.30,12955.78
22.06.2022 13:00:00 +02:00,17927.44,12973.43
22.06.2022 14:00:00 +02:00,17497.36,13031.09
22.06.2022 15:00:00 +02:00,17671.28,13031.52
22.06.2022 16:00:00 +02:00,18170.55,13067.17
22.06.2022 17:00:00 +02:00,18761.67,12867.13
22.06.2022 18:00:00 +02:00,19107.29,12819.49
22.06.2022 19:00:00 +02:00,18881.15,12764.41
22.06.2022 20:00:00 +02:00,18642.46,12727.19
22.06.2022 21:00:00 +02:00,18414.40,12611.46
22.06.2022 22:00:00 +02:00,18103.28,12437.19
22.06.2022 23:00:00 +02:00,16988.08,12156.47
23.06.2022 00:00:00 +02:00,16281.86,11713.91
23.06.2022 01:00:00 +02:00,15313.52,11313.62
23.06.2022 02:00:00 +02:00,14437.14,11147.83
23.06.2022 03:00:00 +02:00,14281.96,11107.29
23.06.2022 04:00:00 +02:00,14045.29,10954.83
23.06.2022 05:00:00 +02:00,14667.68,10984.23
23.06.2022 06:00:00 +02:00,15666.25,11686.26
23.06.2022 07:00:00 +02:00,17174.47,12595.09
23.06.2022 08:00:00 +02:00,18076.06,13003.24
23.06.2022 09:00:00 +02:00,18571.11,13100.08
23.06.2022 10:00:00 +02:00,18570.71,12923.74
23.06.2022 11:00:00 +02:00,18066.43,13057.07
23.06.2022 12:00:00 +02:00,17803.48,13028.46
23.06.2022 13:00:00 +02:00,17238.38,12952.54
23.06.2022 14:00:00 +02:00,17082.92,12996.77
23.06.2022 15:00:00 +02:00,17908.61,12876.98
23.06.2022 16:00:00 +02:00,18743.23,12827.41
23.06.2022 17:00:00 +02:00,18938.93,12651.86
23.06.2022 18:00:00 +02:00,18579.22,12531.99
23.06.2022 19:00:00 +02:00,18482.47,12416.15
23.06.2022 20:00:00 +02:00,18159.08,12302.14
23.06.2022 21:00:00 +02:00,17799.89,12200.63
23.06.2022 22:00:00 +02:00,16961.53,12037.75
23.06.2022 23:00:00 +02:00,15639.92,11910.67
24.06.2022 00:00:00 +02:00,14932.21,11555.71
24.06.2022 01:00:00 +02:00,13469.39,11279.22
24.06.2022 02:00:00 +02:00,12494.32,11046.88
24.06.2022 03:00:00 +02:00,12479.99,10987.85
24.06.2022 04:00:00 +02:00,12228.56,10853.36
24.06.2022 05:00:00 +02:00,12879.26,10953.47
24.06.2022 06:00:00 +02:00,14827.88,11580.81
24.06.2022 07:00:00 +02:00,16672.47,12448.00
24.06.2022 08:00:00 +02:00,17721.71,12882.27
24.06.2022 09:00:00 +02:00,18206.50,12959.88
24.06.2022 10:00:00 +02:00,18296.59,13036.41
24.06.2022 11:00:00 +02:00,17845.97,13000.08
24.06.2022 12:00:00 +02:00,16841.86,12997.36
24.06.2022 13:00:00 +02:00,16011.73,12755.14
24.06.2022 14:00:00 +02:00,15480.70,12730.76
24.06.2022 15:00:00 +02:00,15251.37,12608.70
24.06.2022 16:00:00 +02:00,15618.43,12575.61
24.06.2022 17:00:00 +02:00,15976.06,12427.45
24.06.2022 18:00:00 +02:00,16628.51,12288.73
24.06.2022 19:00:00 +02:00,16931.23,12161.18
24.06.2022 20:00:00 +02:00,17040.95,12088.52
24.06.2022 21:00:00 +02:00,16394.31,11912.40
24.06.2022 22:00:00 +02:00,15776.95,11677.91
24.06.2022 23:00:00 +02:00,15530.03,11564.07
25.06.2022 00:00:00 +02:00,15159.18,11269.79
25.06.2022 01:00:00 +02:00,14834.08,10985.87
25.06.2022 02:00:00 +02:00,14672.01,10735.39
25.06.2022 03:00:00 +02:00,14402.59,10580.58
25.06.2022 04:00:00 +02:00,13760.10,10373.53
25.06.2022 05:00:00 +02:00,13719.19,10365.52
25.06.2022 06:00:00 +02:00,13848.62,10487.43
25.06.2022 07:00:00 +02:00,14292.64,10766.91
25.06.2022 08:00:00 +02:00,14904.34,11155.36
25.06.2022 09:00:00 +02:00,15438.41,11610.99
25.06.2022 10:00:00 +02:00,14740.16,11891.07
25.06.2022 11:00:00 +02:00,13666.12,11886.06
25.06.2022 12:00:00 +02:00,13798.16,11863.01
25.06.2022 13:00:00 +02:00,13317.54,11745.85
25.06.2022 14:00:00 +02:00,13222.53,11686.37
25.06.2022 15:00:00 +02:00,14050.44,11596.47
25.06.2022 16:00:00 +02:00,14567.61,11636.48
25.06.2022 17:00:00 +02:00,15220.21,11668.09
25.06.2022 18:00:00 +02:00,15781.61,11648.87
25.06.2022 19:00:00 +02:00,16314.50,11590.88
25.06.2022 20:00:00 +02:00,15936.65,11461.15
25.06.2022 21:00:00 +02:00,15707.75,11254.01
25.06.2022 22:00:00 +02:00,15326.67,11123.08
25.06.2022 23:00:00 +02:00,14843.28,11036.75
26.06.2022 00:00:00 +02:00,14559.00,10914.72
26.06.2022 01:00:00 +02:00,14163.46,10674.96
26.06.2022 02:00:00 +02:00,13638.12,10473.62
26.06.2022 03:00:00 +02:00,12819.75,10308.06
26.06.2022 04:00:00 +02:00,11844.26,10145.41
26.06.2022 05:00:00 +02:00,11407.39,10034.16
26.06.2022 06:00:00 +02:00,11488.78,10111.44
26.06.2022 07:00:00 +02:00,11812.50,10265.81
26.06.2022 08:00:00 +02:00,11612.24,10540.80
26.06.2022 09:00:00 +02:00,11125.91,10975.15
26.06.2022 10:00:00 +02:00,10806.02,11244.10
26.06.2022 11:00:00 +02:00,10574.92,11408.20
26.06.2022 12:00:00 +02:00,10695.98,11490.25
26.06.2022 13:00:00 +02:00,10741.72,11596.21
26.06.2022 14:00:00 +02:00,10438.37,11600.73
26.06.2022 15:00:00 +02:00,11130.88,11682.47
26.06.2022 16:00:00 +02:00,12412.14,11710.01
26.06.2022 17:00:00 +02:00,13909.08,11730.85
26.06.2022 18:00:00 +02:00,15218.84,11909.28
26.06.2022 19:00:00 +02:00,15834.95,11815.42
26.06.2022 20:00:00 +02:00,16055.52,11716.08
26.06.2022 21:00:00 +02:00,15678.85,11666.47
26.06.2022 22:00:00 +02:00,15374.86,11510.25
26.06.2022 23:00:00 +02:00,14769.32,11355.45
27.06.2022 00:00:00 +02:00,14418.23,11082.17
27.06.2022 01:00:00 +02:00,14021.16,10751.30
27.06.2022 02:00:00 +02:00,13571.65,10715.40
27.06.2022 03:00:00 +02:00,13554.98,10605.19
27.06.2022 04:00:00 +02:00,13424.90,10523.67
27.06.2022 05:00:00 +02:00,13885.80,10649.96
27.06.2022 06:00:00 +02:00,14873.08,11296.56
27.06.2022 07:00:00 +02:00,16350.94,12239.62
27.06.2022 08:00:00 +02:00,17349.40,12641.91
27.06.2022 09:00:00 +02:00,18138.61,12838.11
27.06.2022 10:00:00 +02:00,18551.67,12912.64
27.06.2022 11:00:00 +02:00,18616.06,12902.68
27.06.2022 12:00:00 +02:00,18635.01,12885.69
27.06.2022 13:00:00 +02:00,18545.64,12814.24
27.06.2022 14:00:00 +02:00,18292.40,12785.22
27.06.2022 15:00:00 +02:00,17934.88,12787.08
27.06.2022 16:00:00 +02:00,17731.68,12589.66
27.06.2022 17:00:00 +02:00,17769.92,12612.32
27.06.2022 18:00:00 +02:00,17747.49,12466.39
27.06.2022 19:00:00 +02:00,17579.37,12422.77
27.06.2022 20:00:00 +02:00,17076.22,12393.39
27.06.2022 21:00:00 +02:00,16864.37,12201.28
27.06.2022 22:00:00 +02:00,16649.16,11962.50
27.06.2022 23:00:00 +02:00,16171.86,11679.06
28.06.2022 00:00:00 +02:00,15595.52,11225.03
28.06.2022 01:00:00 +02:00,14719.09,10866.30
28.06.2022 02:00:00 +02:00,14195.13,10728.21
28.06.2022 03:00:00 +02:00,13814.47,10605.06
28.06.2022 04:00:00 +02:00,13311.85,10437.68
28.06.2022 05:00:00 +02:00,13558.55,10547.36
28.06.2022 06:00:00 +02:00,14717.16,11185.96
28.06.2022 07:00:00 +02:00,15996.12,12021.68
28.06.2022 08:00:00 +02:00,17160.69,12480.65
28.06.2022 09:00:00 +02:00,17565.80,12647.13
28.06.2022 10:00:00 +02:00,17425.74,12494.60
28.06.2022 11:00:00 +02:00,17023.96,12626.64
28.06.2022 12:00:00 +02:00,16943.87,12647.64
28.06.2022 13:00:00 +02:00,17177.72,12664.09
28.06.2022 14:00:00 +02:00,17231.42,12677.76
28.06.2022 15:00:00 +02:00,16819.65,12566.00
28.06.2022 16:00:00 +02:00,16689.56,12621.37
28.06.2022 17:00:00 +02:00,16473.08,12510.01
28.06.2022 18:00:00 +02:00,16754.97,12389.05
28.06.2022 19:00:00 +02:00,16919.61,12293.64
28.06.2022 20:00:00 +02:00,17002.53,12200.55
28.06.2022 21:00:00 +02:00,16451.52,12072.66
28.06.2022 22:00:00 +02:00,15735.31,11896.56
28.06.2022 23:00:00 +02:00,14889.03,11670.13
29.06.2022 00:00:00 +02:00,14168.16,11218.09
29.06.2022 01:00:00 +02:00,13667.19,10791.01
29.06.2022 02:00:00 +02:00,13247.56,10593.60
29.06.2022 03:00:00 +02:00,12994.10,10516.00
29.06.2022 04:00:00 +02:00,12931.51,10358.75
29.06.2022 05:00:00 +02:00,13470.61,10508.81
29.06.2022 06:00:00 +02:00,15497.71,11145.51
29.06.2022 07:00:00 +02:00,17019.74,11978.77
29.06.2022 08:00:00 +02:00,17983.12,12350.48
29.06.2022 09:00:00 +02:00,18490.55,12427.18
29.06.2022 10:00:00 +02:00,18672.63,12486.44
29.06.2022 11:00:00 +02:00,18533.90,12495.00
29.06.2022 12:00:00 +02:00,18422.48,12500.73
29.06.2022 13:00:00 +02:00,18394.28,12566.60
29.06.2022 14:00:00 +02:00,18574.74,12534.66
29.06.2022 15:00:00 +02:00,18405.72,12566.81
29.06.2022 16:00:00 +02:00,18433.62,12513.10
29.06.2022 17:00:00 +02:00,18422.63,12333.89
29.06.2022 18:00:00 +02:00,18442.69,12040.08
29.06.2022 19:00:00 +02:00,18548.41,12007.55
29.06.2022 20:00:00 +02:00,18452.35,11919.52
29.06.2022 21:00:00 +02:00,18646.16,11879.07
29.06.2022 22:00:00 +02:00,18677.83,11937.24
29.06.2022 23:00:00 +02:00,18033.73,11753.42
30.06.2022 00:00:00 +02:00,16354.35,11353.06
30.06.2022 01:00:00 +02:00,15313.28,11010.51
30.06.2022 02:00:00 +02:00,15062.16,10753.14
30.06.2022 03:00:00 +02:00,15006.21,10673.62
30.06.2022 04:00:00 +02:00,15325.25,10567.35
30.06.2022 05:00:00 +02:00,15797.33,10651.84
30.06.2022 06:00:00 +02:00,17101.12,11154.28
30.06.2022 07:00:00 +02:00,18302.94,11950.08
30.06.2022 08:00:00 +02:00,18757.97,12346.28
30.06.2022 09:00:00 +02:00,18675.32,12482.32
30.06.2022 10:00:00 +02:00,18607.91,12351.83
30.06.2022 11:00:00 +02:00,18380.60,12484.24
30.06.2022 12:00:00 +02:00,18254.03,12499.53
30.06.2022 13:00:00 +02:00,17851.64,12466.48
30.06.2022 14:00:00 +02:00,18113.03,12467.60
30.06.2022 15:00:00 +02:00,18483.56,12443.62
30.06.2022 16:00:00 +02:00,18400.77,12437.82
30.06.2022 17:00:00 +02:00,18672.75,12368.87
30.06.2022 18:00:00 +02:00,18724.85,12199.39
30.06.2022 19:00:00 +02:00,18353.68,12095.92
30.06.2022 20:00:00 +02:00,17716.53,12029.06
30.06.2022 21:00:00 +02:00,17418.87,11916.78
30.06.2022 22:00:00 +02:00,17645.18,11819.16
30.06.2022 23:00:00 +02:00,16851.94,11605.63
01.07.2022 00:00:00 +02:00,15668.66,11129.73
01.07.2022 01:00:00 +02:00,14736.47,10758.35
01.07.2022 02:00:00 +02:00,14285.84,10535.30
01.07.2022 03:00:00 +02:00,14185.12,10442.27
01.07.2022 04:00:00 +02:00,13774.36,10291.13
01.07.2022 05:00:00 +02:00,14095.56,10377.69
01.07.2022 06:00:00 +02:00,15391.48,10973.86
01.07.2022 07:00:00 +02:00,16852.08,11800.87
01.07.2022 08:00:00 +02:00,17644.59,12340.63
01.07.2022 09:00:00 +02:00,18177.94,12471.84
01.07.2022 10:00:00 +02:00,18202.46,12624.76
01.07.2022 11:00:00 +02:00,18282.64,12619.64
01.07.2022 12:00:00 +02:00,18444.83,12706.81
01.07.2022 13:00:00 +02:00,17881.53,12656.37
01.07.2022 14:00:00 +02:00,17119.72,12632.49
01.07.2022 15:00:00 +02:00,16587.66,12572.57
01.07.2022 16:00:00 +02:00,16160.20,12554.06
01.07.2022 17:00:00 +02:00,16804.35,12303.36
01.07.2022 18:00:00 +02:00,17318.37,12013.68
01.07.2022 19:00:00 +02:00,17756.43,11896.01
01.07.2022 20:00:00 +02:00,16903.46,11740.00
01.07.2022 21:00:00 +02:00,15662.23,11517.78
01.07.2022 22:00:00 +02:00,14603.94,11319.34
01.07.2022 23:00:00 +02:00,13676.45,11177.80
02.07.2022 00:00:00 +02:00,13609.72,10873.33
02.07.2022 01:00:00 +02:00,12982.58,10674.58
02.07.2022 02:00:00 +02:00,12546.42,10431.40
02.07.2022 03:00:00 +02:00,12091.74,10351.55
02.07.2022 04:00:00 +02:00,11755.06,10199.21
02.07.2022 05:00:00 +02:00,11688.46,10165.30
02.07.2022 06:00:00 +02:00,11948.16,10234.68
02.07.2022 07:00:00 +02:00,12520.62,10550.13
02.07.2022 08:00:00 +02:00,12353.20,10879.60
02.07.2022 09:00:00 +02:00,11160.82,11218.94
02.07.2022 10:00:00 +02:00,10593.50,11532.75
02.07.2022 11:00:00 +02:00,9991.33,11641.71
02.07.2022 12:00:00 +02:00,9782.32,11667.66
02.07.2022 13:00:00 +02:00,9597.60,11575.11
02.07.2022 14:00:00 +02:00,10126.36,11575.92
02.07.2022 15:00:00 +02:00,10345.68,11513.74
02.07.2022 16:00:00 +02:00,11011.44,11537.29
02.07.2022 17:00:00 +02:00,11771.21,11585.69
02.07.2022 18:00:00 +02:00,13544.42,11574.51
02.07.2022 19:00:00 +02:00,15556.19,11465.22
02.07.2022 20:00:00 +02:00,16165.30,11324.43
02.07.2022 21:00:00 +02:00,16341.84,11191.84
02.07.2022 22:00:00 +02:00,16460.77,11072.04
02.07.2022 23:00:00 +02:00,16165.06,11012.75
03.07.2022 00:00:00 +02:00,14975.94,10845.29
03.07.2022 01:00:00 +02:00,13442.82,10615.52
03.07.2022 02:00:00 +02:00,12354.12,10434.15
03.07.2022 03:00:00 +02:00,11539.17,10311.21
03.07.2022 04:00:00 +02:00,11104.51,10176.11
03.07.2022 05:00:00 +02:00,11241.22,10092.80
03.07.2022 06:00:00 +02:00,11640.24,9984.50
03.07.2022 07:00:00 +02:00,12147.36,10334.10
03.07.2022 08:00:00 +02:00,12395.60,10593.50
03.07.2022 09:00:00 +02:00,11715.22,10939.88
03.07.2022 10:00:00 +02:00,11307.45,11222.44
03.07.2022 11:00:00 +02:00,10763.42,11398.33
03.07.2022 12:00:00 +02:00,10937.20,11495.64
03.07.2022 13:00:00 +02:00,10612.49,11509.97
03.07.2022 14:00:00 +02:00,10883.98,11484.65
03.07.2022 15:00:00 +02:00,10952.42,11550.69
03.07.2022 16:00:00 +02:00,11821.85,11581.76
03.07.2022 17:00:00 +02:00,12824.71,11572.84
03.07.2022 18:00:00 +02:00,14467.20,11646.38
03.07.2022 19:00:00 +02:00,16080.40,11639.97
03.07.2022 20:00:00 +02:00,16794.81,11624.68
03.07.2022 21:00:00 +02:00,16585.09,11649.42
03.07.2022 22:00:00 +02:00,15754.68,11531.62
03.07.2022 23:00:00 +02:00,15223.32,11504.07
04.07.2022 00:00:00 +02:00,14367.68,11158.60
04.07.2022 01:00:00 +02:00,13579.51,10919.19
04.07.2022 02:00:00 +02:00,12796.74,10741.57
04.07.2022 03:00:00 +02:00,13087.60,10678.71
04.07.2022 04:00:00 +02:00,13475.68,10624.32
04.07.2022 05:00:00 +02:00,13689.17,10699.17
04.07.2022 06:00:00 +02:00,14726.26,11365.86
04.07.2022 07:00:00 +02:00,15872.46,12106.90
04.07.2022 08:00:00 +02:00,16175.94,12602.81
04.07.2022 09:00:00 +02:00,16498.07,12826.39
04.07.2022 10:00:00 +02:00,16284.93,12818.37
04.07.2022 11:00:00 +02:00,15418.28,12832.73
04.07.2022 12:00:00 +02:00,14861.61,12938.75
04.07.2022 13:00:00 +02:00,14097.12,12962.12
04.07.2022 14:00:00 +02:00,13177.29,12996.52
04.07.2022 15:00:00 +02:00,12241.13,12857.71
04.07.2022 16:00:00 +02:00,12351.29,12630.47
04.07.2022 17:00:00 +02:00,13073.02,12469.07
04.07.2022 18:00:00 +02:00,14103.24,12323.25
04.07.2022 19:00:00 +02:00,15197.18,12321.95
04.07.2022 20:00:00 +02:00,15646.55,12264.69
04.07.2022 21:00:00 +02:00,15633.81,12149.00
04.07.2022 22:00:00 +02:00,15351.14,11970.86
04.07.2022 23:00:00 +02:00,14307.31,11635.96
05.07.2022 00:00:00 +02:00,13367.44,11243.48
05.07.2022 01:00:00 +02:00,12601.47,11004.67
05.07.2022 02:00:00 +02:00,11872.59,10846.46
05.07.2022 03:00:00 +02:00,12152.03,10802.06
05.07.2022 04:00:00 +02:00,12688.70,10707.38
05.07.2022 05:00:00 +02:00,13385.48,10881.19
05.07.2022 06:00:00 +02:00,15409.12,11464.54
05.07.2022 07:00:00 +02:00,16204.20,12236.07
05.07.2022 08:00:00 +02:00,17278.95,12647.07
05.07.2022 09:00:00 +02:00,17388.86,12761.27
05.07.2022 10:00:00 +02:00,16877.98,12553.01
05.07.2022 11:00:00 +02:00,16183.23,12715.88
05.07.2022 12:00:00 +02:00,15457.46,12733.89
05.07.2022 13:00:00 +02:00,15015.81,12693.74
05.07.2022 14:00:00 +02:00,14905.02,12697.98
05.07.2022 15:00:00 +02:00,15146.10,12565.10
05.07.2022 16:00:00 +02:00,15108.61,12542.76
05.07.2022 17:00:00 +02:00,15814.21,12355.77
05.07.2022 18:00:00 +02:00,16677.03,12262.78
05.07.2022 19:00:00 +02:00,17112.65,12129.59
05.07.2022 20:00:00 +02:00,17091.38,12087.79
05.07.2022 21:00:00 +02:00,17248.77,12052.84
05.07.2022 22:00:00 +02:00,16687.93,11981.04
05.07.2022 23:00:00 +02:00,15702.52,11756.67
06.07.2022 00:00:00 +02:00,14125.25,11364.60
06.07.2022 01:00:00 +02:00,13692.39,11155.37
06.07.2022 02:00:00 +02:00,13239.26,11009.02
06.07.2022 03:00:00 +02:00,13098.11,10937.54
06.07.2022 04:00:00 +02:00,12991.12,10855.48
06.07.2022 05:00:00 +02:00,13815.44,10970.12
06.07.2022 06:00:00 +02:00,15465.57,11540.15
06.07.2022 07:00:00 +02:00,16703.76,12288.15
06.07.2022 08:00:00 +02:00,16957.16,12522.85
06.07.2022 09:00:00 +02:00,17186.72,12739.52
06.07.2022 10:00:00 +02:00,17311.79,12903.91
06.07.2022 11:00:00 +02:00,16441.23,12916.20
06.07.2022 12:00:00 +02:00,15587.79,12968.51
06.07.2022 13:00:00 +02:00,14789.71,12984.27
06.07.2022 14:00:00 +02:00,13533.00,12922.07
06.07.2022 15:00:00 +02:00,12989.76,12757.52
06.07.2022 16:00:00 +02:00,13565.19,12955.39
06.07.2022 17:00:00 +02:00,14289.55,12863.99
06.07.2022 18:00:00 +02:00,14640.93,12797.01
06.07.2022 19:00:00 +02:00,14999.78,12711.60
06.07.2022 20:00:00 +02:00,15292.27,12606.16
06.07.2022 21:00:00 +02:00,14766.86,12392.68
06.07.2022 22:00:00 +02:00,13988.27,12181.59
06.07.2022 23:00:00 +02:00,12772.71,11968.74
07.07.2022 00:00:00 +02:00,12116.76,11618.34
07.07.2022 01:00:00 +02:00,11438.45,11344.09
07.07.2022 02:00:00 +02:00,11245.54,11193.10
07.07.2022 03:00:00 +02:00,11109.51,11130.41
07.07.2022 04:00:00 +02:00,11136.00,11024.43
07.07.2022 05:00:00 +02:00,11650.66,11129.79
07.07.2022 06:00:00 +02:00,13367.09,11663.38
07.07.2022 07:00:00 +02:00,15382.37,12351.07
07.07.2022 08:00:00 +02:00,16084.24,12824.63
07.07.2022 09:00:00 +02:00,16478.56,13030.28
07.07.2022 10:00:00 +02:00,16309.40,13000.19
07.07.2022 11:00:00 +02:00,15602.17,13067.52
07.07.2022 12:00:00 +02:00,15494.37,13069.84
07.07.2022 13:00:00 +02:00,15108.16,13007.26
07.07.2022 14:00:00 +02:00,14440.49,13016.18
07.07.2022 15:00:00 +02:00,13864.87,12935.07
07.07.2022 16:00:00 +02:00,13089.61,12778.05
07.07.2022 17:00:00 +02:00,13601.89,12581.82
07.07.2022 18:00:00 +02:00,13675.97,12486.21
07.07.2022 19:00:00 +02:00,14535.31,12459.82
07.07.2022 20:00:00 +02:00,14664.58,12429.69
07.07.2022 21:00:00 +02:00,14916.23,12252.75
07.07.2022 22:00:00 +02:00,14126.15,12147.57
07.07.2022 23:00:00 +02:00,12910.95,11943.29
08.07.2022 00:00:00 +02:00,11748.46,11519.48
08.07.2022 01:00:00 +02:00,10958.27,11224.46
08.07.2022 02:00:00 +02:00,10072.22,11077.59
08.07.2022 03:00:00 +02:00,9695.85,10943.43
08.07.2022 04:00:00 +02:00,10097.98,10823.60
08.07.2022 05:00:00 +02:00,11113.69,10903.68
08.07.2022 06:00:00 +02:00,12516.22,11424.94
08.07.2022 07:00:00 +02:00,14248.39,12154.21
08.07.2022 08:00:00 +02:00,15213.41,12663.75
08.07.2022 09:00:00 +02:00,15339.18,12838.47
08.07.2022 10:00:00 +02:00,15151.09,12951.12
08.07.2022 11:00:00 +02:00,14466.27,12959.09
08.07.2022 12:00:00 +02:00,13909.26,12911.45
08.07.2022 13:00:00 +02:00,13740.52,12766.41
08.07.2022 14:00:00 +02:00,13072.72,12776.50
08.07.2022 15:00:00 +02:00,12896.60,12691.69
08.07.2022 16:00:00 +02:00,13092.69,12619.82
08.07.2022 17:00:00 +02:00,14154.74,12452.91
08.07.2022 18:00:00 +02:00,14468.06,12373.92
08.07.2022 19:00:00 +02:00,14762.46,12291.69
08.07.2022 20:00:00 +02:00,14470.65,12134.73
08.07.2022 21:00:00 +02:00,14544.45,12020.03
08.07.2022 22:00:00 +02:00,14292.80,11842.75
08.07.2022 23:00:00 +02:00,14301.94,11665.91
09.07.2022 00:00:00 +02:00,13198.85,11291.39
09.07.2022 01:00:00 +02:00,12920.79,11086.58
09.07.2022 02:00:00 +02:00,12870.51,10870.56
09.07.2022 03:00:00 +02:00,12730.18,10789.42
09.07.2022 04:00:00 +02:00,12495.55,10683.22
09.07.2022 05:00:00 +02:00,12029.04,10644.76
09.07.2022 06:00:00 +02:00,12052.99,10757.80
09.07.2022 07:00:00 +02:00,11985.63,11058.82
09.07.2022 08:00:00 +02:00,11832.04,11413.26
09.07.2022 09:00:00 +02:00,11786.22,11821.37
09.07.2022 10:00:00 +02:00,11437.80,12098.93
09.07.2022 11:00:00 +02:00,11441.59,12179.67
09.07.2022 12:00:00 +02:00,11258.33,12165.94
09.07.2022 13:00:00 +02:00,11091.29,12131.92
09.07.2022 14:00:00 +02:00,10926.03,12154.88
09.07.2022 15:00:00 +02:00,10711.62,12107.37
09.07.2022 16:00:00 +02:00,10668.61,12053.10
09.07.2022 17:00:00 +02:00,10956.62,12080.42
09.07.2022 18:00:00 +02:00,11394.45,12056.95
09.07.2022 19:00:00 +02:00,11726.59,12008.92
09.07.2022 20:00:00 +02:00,11787.96,11859.15
09.07.2022 21:00:00 +02:00,11578.36,11682.14
09.07.2022 22:00:00 +02:00,11468.99,11551.78
09.07.2022 23:00:00 +02:00,11203.69,11477.14
10.07.2022 00:00:00 +02:00,10783.76,11277.97
10.07.2022 01:00:00 +02:00,10435.39,11106.42
10.07.2022 02:00:00 +02:00,10099.71,10934.57
10.07.2022 03:00:00 +02:00,10295.31,10826.64
10.07.2022 04:00:00 +02:00,10066.46,10751.53
10.07.2022 05:00:00 +02:00,9805.84,10657.82
10.07.2022 06:00:00 +02:00,9963.20,10662.32
10.07.2022 07:00:00 +02:00,10231.87,10824.66
10.07.2022 08:00:00 +02:00,10188.75,11032.53
10.07.2022 09:00:00 +02:00,10504.25,11372.67
10.07.2022 10:00:00 +02:00,10613.84,11611.45
10.07.2022 11:00:00 +02:00,10276.29,11635.44
10.07.2022 12:00:00 +02:00,10073.72,11692.97
10.07.2022 13:00:00 +02:00,10207.52,11623.28
10.07.2022 14:00:00 +02:00,10257.91,11630.71
10.07.2022 15:00:00 +02:00,10392.56,11617.05
10.07.2022 16:00:00 +02:00,10316.17,11628.81
10.07.2022 17:00:00 +02:00,11461.66,11665.07
10.07.2022 18:00:00 +02:00,12791.02,11747.69
10.07.2022 19:00:00 +02:00,14532.22,11802.02
10.07.2022 20:00:00 +02:00,15675.71,11750.85
10.07.2022 21:00:00 +02:00,16052.34,11768.55
10.07.2022 22:00:00 +02:00,16302.69,11702.13
10.07.2022 23:00:00 +02:00,16097.88,11619.97
11.07.2022 00:00:00 +02:00,15396.65,11294.82
11.07.2022 01:00:00 +02:00,13957.83,11029.82
11.07.2022 02:00:00 +02:00,13555.84,10882.86
11.07.2022 03:00:00 +02:00,13412.33,10788.84
11.07.2022 04:00:00 +02:00,13489.13,10683.43
11.07.2022 05:00:00 +02:00,14193.47,10777.46
11.07.2022 06:00:00 +02:00,15874.84,11255.38
11.07.2022 07:00:00 +02:00,17070.05,11850.94
11.07.2022 08:00:00 +02:00,17851.71,12156.69
11.07.2022 09:00:00 +02:00,18438.85,12327.10
11.07.2022 10:00:00 +02:00,18210.51,12361.19
11.07.2022 11:00:00 +02:00,17967.74,12253.00
11.07.2022 12:00:00 +02:00,17764.98,12156.30
11.07.2022 13:00:00 +02:00,17730.32,12158.34
11.07.2022 14:00:00 +02:00,17506.60,12135.26
11.07.2022 15:00:00 +02:00,16887.65,12041.84
11.07.2022 16:00:00 +02:00,16659.29,11927.94
11.07.2022 17:00:00 +02:00,16830.64,11806.03
11.07.2022 18:00:00 +02:00,17219.60,11775.28
11.07.2022 19:00:00 +02:00,17499.71,11776.78
11.07.2022 20:00:00 +02:00,17445.72,11725.54
11.07.2022 21:00:00 +02:00,17066.67,11636.29
11.07.2022 22:00:00 +02:00,16234.56,11524.96
11.07.2022 23:00:00 +02:00,15048.91,11267.75
12.07.2022 00:00:00 +02:00,14342.45,10809.46
12.07.2022 01:00:00 +02:00,13991.23,10444.68
12.07.2022 02:00:00 +02:00,13804.72,10221.66
12.07.2022 03:00:00 +02:00,13749.26,10155.48
12.07.2022 04:00:00 +02:00,13554.73,10066.13
12.07.2022 05:00:00 +02:00,13730.49,10161.08
12.07.2022 06:00:00 +02:00,14288.66,10577.81
12.07.2022 07:00:00 +02:00,15189.07,11206.89
12.07.2022 08:00:00 +02:00,16012.83,11712.96
12.07.2022 09:00:00 +02:00,16384.29,11941.45
12.07.2022 10:00:00 +02:00,16360.21,12104.64
12.07.2022 11:00:00 +02:00,15821.73,12094.03
12.07.2022 12:00:00 +02:00,14957.10,11923.89
12.07.2022 13:00:00 +02:00,14351.70,12045.89
12.07.2022 14:00:00 +02:00,14109.87,12050.32
12.07.2022 15:00:00 +02:00,14679.66,12063.05
12.07.2022 16:00:00 +02:00,15218.34,12072.77
12.07.2022 17:00:00 +02:00,15926.84,12022.00
12.07.2022 18:00:00 +02:00,16904.49,11952.22
12.07.2022 19:00:00 +02:00,17303.87,11896.20
12.07.2022 20:00:00 +02:00,16965.24,11772.43
12.07.2022 21:00:00 +02:00,16116.59,11569.83
12.07.2022 22:00:00 +02:00,15708.45,11422.22
12.07.2022 23:00:00 +02:00,14807.12,11206.11
13.07.2022 00:00:00 +02:00,13964.01,10798.92
13.07.2022 01:00:00 +02:00,13609.65,10513.73
13.07.2022 02:00:00 +02:00,13171.60,10355.31
13.07.2022 03:00:00 +02:00,12853.35,10284.92
13.07.2022 04:00:00 +02:00,12897.53,10199.24
13.07.2022 05:00:00 +02:00,12901.01,10232.82
13.07.2022 06:00:00 +02:00,13760.29,10748.28
13.07.2022 07:00:00 +02:00,15377.48,11342.86
13.07.2022 08:00:00 +02:00,16258.60,11716.77
13.07.2022 09:00:00 +02:00,16640.86,12023.43
13.07.2022 10:00:00 +02:00,15922.82,12194.54
13.07.2022 11:00:00 +02:00,14774.27,12237.13
13.07.2022 12:00:00 +02:00,13526.52,12255.90
13.07.2022 13:00:00 +02:00,12214.77,12198.17
13.07.2022 14:00:00 +02:00,11426.53,12123.18
13.07.2022 15:00:00 +02:00,11173.35,12087.91
13.07.2022 16:00:00 +02:00,11314.93,12039.38
13.07.2022 17:00:00 +02:00,11525.07,11918.64
13.07.2022 18:00:00 +02:00,11838.83,11854.03
13.07.2022 19:00:00 +02:00,12040.60,11825.41
13.07.2022 20:00:00 +02:00,12467.29,11768.92
13.07.2022 21:00:00 +02:00,13441.65,11620.10
13.07.2022 22:00:00 +02:00,13406.62,11539.04
13.07.2022 23:00:00 +02:00,12374.20,11324.16
14.07.2022 00:00:00 +02:00,12361.39,10981.69
14.07.2022 01:00:00 +02:00,12386.07,10780.84
14.07.2022 02:00:00 +02:00,12126.86,10628.95
14.07.2022 03:00:00 +02:00,12362.28,10558.83
14.07.2022 04:00:00 +02:00,12462.47,10442.91
14.07.2022 05:00:00 +02:00,13091.97,10548.62
14.07.2022 06:00:00 +02:00,14395.50,11024.35
14.07.2022 07:00:00 +02:00,15722.02,11635.92
14.07.2022 08:00:00 +02:00,16004.15,12154.74
14.07.2022 09:00:00 +02:00,15609.80,12359.57
14.07.2022 10:00:00 +02:00,15168.28,12327.58
14.07.2022 11:00:00 +02:00,14719.49,12562.79
14.07.2022 12:00:00 +02:00,14102.58,12580.60
14.07.2022 13:00:00 +02:00,13658.76,12553.13
14.07.2022 14:00:00 +02:00,13053.38,12518.25
14.07.2022 15:00:00 +02:00,12755.16,12472.31
14.07.2022 16:00:00 +02:00,12663.66,12415.01
14.07.2022 17:00:00 +02:00,12858.02,12305.66
14.07.2022 18:00:00 +02:00,13096.70,12066.23
14.07.2022 19:00:00 +02:00,13530.01,12024.88
14.07.2022 20:00:00 +02:00,13319.32,11928.07
14.07.2022 21:00:00 +02:00,12748.26,11810.59
14.07.2022 22:00:00 +02:00,12208.28,11739.55
14.07.2022 23:00:00 +02:00,11352.88,11563.97
15.07.2022 00:00:00 +02:00,10449.49,11235.62
15.07.2022 01:00:00 +02:00,9676.44,11148.50
15.07.2022 02:00:00 +02:00,9196.41,11038.47
15.07.2022 03:00:00 +02:00,8781.87,10935.67
15.07.2022 04:00:00 +02:00,8748.67,10889.00
15.07.2022 05:00:00 +02:00,9103.35,10952.10
15.07.2022 06:00:00 +02:00,10912.77,11379.24
15.07.2022 07:00:00 +02:00,13045.63,11922.78
15.07.2022 08:00:00 +02:00,13869.96,12385.21
15.07.2022 09:00:00 +02:00,13789.93,12614.83
15.07.2022 10:00:00 +02:00,13394.34,12647.62
15.07.2022 11:00:00 +02:00,12968.14,12722.55
15.07.2022 12:00:00 +02:00,12410.71,12625.81
15.07.2022 13:00:00 +02:00,12098.34,12552.49
15.07.2022 14:00:00 +02:00,11898.22,12546.53
15.07.2022 15:00:00 +02:00,11771.64,12482.87
15.07.2022 16:00:00 +02:00,11659.19,12435.45
15.07.2022 17:00:00 +02:00,12943.25,12269.80
15.07.2022 18:00:00 +02:00,14402.95,12275.80
15.07.2022 19:00:00 +02:00,15068.87,12216.90
15.07.2022 20:00:00 +02:00,15259.18,12051.66
15.07.2022 21:00:00 +02:00,15562.01,11826.52
15.07.2022 22:00:00 +02:00,15405.53,11716.80
15.07.2022 23:00:00 +02:00,14223.25,11562.15
16.07.2022 00:00:00 +02:00,12867.39,11242.43
16.07.2022 01:00:00 +02:00,11784.98,11036.24
16.07.2022 02:00:00 +02:00,11134.35,10870.01
16.07.2022 03:00:00 +02:00,10861.76,10784.68
16.07.2022 04:00:00 +02:00,10440.67,10650.80
16.07.2022 05:00:00 +02:00,10510.98,10623.49
16.07.2022 06:00:00 +02:00,10241.38,10776.60
16.07.2022 07:00:00 +02:00,9882.36,11024.77
16.07.2022 08:00:00 +02:00,9101.96,11387.39
16.07.2022 09:00:00 +02:00,8969.78,11768.26
16.07.2022 10:00:00 +02:00,9142.34,12076.51
16.07.2022 11:00:00 +02:00,8600.42,12122.26
16.07.2022 12:00:00 +02:00,7747.65,12131.28
16.07.2022 13:00:00 +02:00,7943.52,12071.00
16.07.2022 14:00:00 +02:00,8075.74,12056.09
16.07.2022 15:00:00 +02:00,8176.75,11993.84
16.07.2022 16:00:00 +02:00,8607.56,11982.43
16.07.2022 17:00:00 +02:00,10462.07,11942.42
16.07.2022 18:00:00 +02:00,12042.59,11936.89
16.07.2022 19:00:00 +02:00,12716.03,11824.28
16.07.2022 20:00:00 +02:00,13148.63,11698.19
16.07.2022 21:00:00 +02:00,13263.24,11580.85
16.07.2022 22:00:00 +02:00,13826.91,11444.56
16.07.2022 23:00:00 +02:00,13712.98,11331.08
17.07.2022 00:00:00 +02:00,12253.93,11076.50
17.07.2022 01:00:00 +02:00,11278.59,10895.94
17.07.2022 02:00:00 +02:00,10680.46,10729.38
17.07.2022 03:00:00 +02:00,10191.75,10597.06
17.07.2022 04:00:00 +02:00,10302.54,10405.35
17.07.2022 05:00:00 +02:00,10479.18,10431.28
17.07.2022 06:00:00 +02:00,10665.98,10491.49
17.07.2022 07:00:00 +02:00,11041.11,10640.54
17.07.2022 08:00:00 +02:00,10982.75,10935.31
17.07.2022 09:00:00 +02:00,10620.54,11257.91
17.07.2022 10:00:00 +02:00,10336.67,11555.73
17.07.2022 11:00:00 +02:00,9889.88,11637.57
17.07.2022 12:00:00 +02:00,9661.33,11686.32
17.07.2022 13:00:00 +02:00,9718.22,11704.16
17.07.2022 14:00:00 +02:00,9432.98,11750.14
17.07.2022 15:00:00 +02:00,10337.99,11748.28
17.07.2022 16:00:00 +02:00,11040.73,11809.36
17.07.2022 17:00:00 +02:00,12148.63,11852.92
17.07.2022 18:00:00 +02:00,13452.70,11872.61
17.07.2022 19:00:00 +02:00,14902.91,11867.56
17.07.2022 20:00:00 +02:00,15227.15,11796.76
17.07.2022 21:00:00 +02:00,15480.72,11764.90
17.07.2022 22:00:00 +02:00,15224.08,11695.21
17.07.2022 23:00:00 +02:00,14751.93,11512.30
18.07.2022 00:00:00 +02:00,13965.99,11174.19
18.07.2022 01:00:00 +02:00,13679.35,10912.81
18.07.2022 02:00:00 +02:00,12934.88,10745.56
18.07.2022 03:00:00 +02:00,12386.27,10732.23
18.07.2022 04:00:00 +02:00,12031.83,10674.33
18.07.2022 05:00:00 +02:00,12606.10,10760.45
18.07.2022 06:00:00 +02:00,13958.32,11197.30
18.07.2022 07:00:00 +02:00,15397.65,11836.46
18.07.2022 08:00:00 +02:00,16306.28,12211.99
18.07.2022 09:00:00 +02:00,16529.64,12461.78
18.07.2022 10:00:00 +02:00,15957.10,12580.56
18.07.2022 11:00:00 +02:00,14637.47,12641.35
18.07.2022 12:00:00 +02:00,14110.73,12541.25
18.07.2022 13:00:00 +02:00,13964.28,12542.22
18.07.2022 14:00:00 +02:00,14215.03,12542.34
18.07.2022 15:00:00 +02:00,14984.65,12538.63
18.07.2022 16:00:00 +02:00,16061.08,12487.54
18.07.2022 17:00:00 +02:00,16855.21,12406.85
18.07.2022 18:00:00 +02:00,17259.21,12290.92
18.07.2022 19:00:00 +02:00,17431.09,12213.18
18.07.2022 20:00:00 +02:00,17310.09,12088.88
18.07.2022 21:00:00 +02:00,17217.70,11965.10
18.07.2022 22:00:00 +02:00,16641.81,11795.48
18.07.2022 23:00:00 +02:00,16232.90,11591.39
19.07.2022 00:00:00 +02:00,15248.39,11180.95
19.07.2022 01:00:00 +02:00,14357.40,10876.33
19.07.2022 02:00:00 +02:00,13343.86,10644.51
19.07.2022 03:00:00 +02:00,12662.05,10576.63
19.07.2022 04:00:00 +02:00,12436.88,10453.98
19.07.2022 05:00:00 +02:00,12605.04,10515.56
19.07.2022 06:00:00 +02:00,13191.29,10946.09
19.07.2022 07:00:00 +02:00,14664.13,11425.23
19.07.2022 08:00:00 +02:00,15922.82,11779.15
19.07.2022 09:00:00 +02:00,16480.35,12028.96
19.07.2022 10:00:00 +02:00,16711.66,11878.08
19.07.2022 11:00:00 +02:00,16179.34,12098.83
19.07.2022 12:00:00 +02:00,15654.57,12073.88
19.07.2022 13:00:00 +02:00,14932.40,12034.16
19.07.2022 14:00:00 +02:00,14571.53,12078.67
19.07.2022 15:00:00 +02:00,14875.34,12080.11
19.07.2022 16:00:00 +02:00,16334.99,12078.78
19.07.2022 17:00:00 +02:00,17438.39,11959.63
19.07.2022 18:00:00 +02:00,17987.81,11876.42
19.07.2022 19:00:00 +02:00,18509.76,11810.60
19.07.2022 20:00:00 +02:00,18210.10,11735.02
19.07.2022 21:00:00 +02:00,17471.97,11570.99
19.07.2022 22:00:00 +02:00,16058.29,11520.59
19.07.2022 23:00:00 +02:00,14048.29,11336.58
20.07.2022 00:00:00 +02:00,12501.74,10997.43
20.07.2022 01:00:00 +02:00,11589.01,10641.70
20.07.2022 02:00:00 +02:00,11199.16,10449.04
20.07.2022 03:00:00 +02:00,11207.44,10336.44
20.07.2022 04:00:00 +02:00,11330.91,10206.00
20.07.2022 05:00:00 +02:00,11465.48,10179.06
20.07.2022 06:00:00 +02:00,12666.95,10571.67
20.07.2022 07:00:00 +02:00,13770.71,11072.07
20.07.2022 08:00:00 +02:00,15068.09,11465.42
20.07.2022 09:00:00 +02:00,15388.05,11763.92
20.07.2022 10:00:00 +02:00,14681.92,12001.44
20.07.2022 11:00:00 +02:00,13749.36,12103.98
20.07.2022 12:00:00 +02:00,13784.43,12084.58
20.07.2022 13:00:00 +02:00,13235.72,12095.50
20.07.2022 14:00:00 +02:00,13153.93,12087.57
20.07.2022 15:00:00 +02:00,13794.63,12042.41
20.07.2022 16:00:00 +02:00,14616.71,12064.23
20.07.2022 17:00:00 +02:00,16023.06,11927.48
20.07.2022 18:00:00 +02:00,16995.80,11974.53
20.07.2022 19:00:00 +02:00,17513.41,11895.05
20.07.2022 20:00:00 +02:00,17342.07,11817.84
20.07.2022 21:00:00 +02:00,16850.96,11669.70
20.07.2022 22:00:00 +02:00,15709.35,11530.50
20.07.2022 23:00:00 +02:00,14126.48,11246.46
21.07.2022 00:00:00 +02:00,13372.60,10809.03
21.07.2022 01:00:00 +02:00,13270.29,10614.04
21.07.2022 02:00:00 +02:00,13404.32,10386.40
21.07.2022 03:00:00 +02:00,13256.33,10305.58
21.07.2022 04:00:00 +02:00,12873.22,10215.74
21.07.2022 05:00:00 +02:00,13033.45,10234.84
21.07.2022 06:00:00 +02:00,14209.89,10662.34
21.07.2022 07:00:00 +02:00,15858.26,11245.69
21.07.2022 08:00:00 +02:00,17478.19,11673.35
21.07.2022 09:00:00 +02:00,18191.56,11879.88
21.07.2022 10:00:00 +02:00,18480.10,12100.41
21.07.2022 11:00:00 +02:00,18455.08,12250.07
21.07.2022 12:00:00 +02:00,17770.99,12314.45
21.07.2022 13:00:00 +02:00,16327.02,12188.20
21.07.2022 14:00:00 +02:00,15305.75,12252.38
21.07.2022 15:00:00 +02:00,15177.75,12219.16
21.07.2022 16:00:00 +02:00,16071.21,12186.58
21.07.2022 17:00:00 +02:00,17351.55,12125.17
21.07.2022 18:00:00 +02:00,17990.82,12096.26
21.07.2022 19:00:00 +02:00,18372.53,12000.83
21.07.2022 20:00:00 +02:00,18019.70,11934.86
21.07.2022 21:00:00 +02:00,17205.74,11784.80
21.07.2022 22:00:00 +02:00,16957.39,11675.09
21.07.2022 23:00:00 +02:00,16391.69,11454.58
22.07.2022 00:00:00 +02:00,15654.75,11096.45
22.07.2022 01:00:00 +02:00,14570.17,10798.94
22.07.2022 02:00:00 +02:00,13556.38,10690.23
22.07.2022 03:00:00 +02:00,12728.50,10577.60
22.07.2022 04:00:00 +02:00,12085.70,10495.81
22.07.2022 05:00:00 +02:00,12452.04,10519.86
22.07.2022 06:00:00 +02:00,14008.93,10873.99
22.07.2022 07:00:00 +02:00,15163.55,11420.68
22.07.2022 08:00:00 +02:00,15960.84,11911.04
22.07.2022 09:00:00 +02:00,16468.61,12167.95
22.07.2022 10:00:00 +02:00,16658.77,12356.82
22.07.2022 11:00:00 +02:00,15819.35,12348.37
22.07.2022 12:00:00 +02:00,15165.88,12265.07
22.07.2022 13:00:00 +02:00,14414.22,12201.67
22.07.2022 14:00:00 +02:00,14318.85,12147.96
22.07.2022 15:00:00 +02:00,13985.21,12138.54
22.07.2022 16:00:00 +02:00,14346.07,12079.79
22.07.2022 17:00:00 +02:00,15866.35,11995.57
22.07.2022 18:00:00 +02:00,16458.72,11937.72
22.07.2022 19:00:00 +02:00,16887.50,11906.75
22.07.2022 20:00:00 +02:00,16814.74,11775.79
22.07.2022 21:00:00 +02:00,16605.00,11616.87
22.07.2022 22:00:00 +02:00,16415.58,11597.23
22.07.2022 23:00:00 +02:00,16064.14,11439.26
23.07.2022 00:00:00 +02:00,15083.45,11065.34
23.07.2022 01:00:00 +02:00,14247.70,10844.42
23.07.2022 02:00:00 +02:00,13688.80,10636.33
23.07.2022 03:00:00 +02:00,13590.38,10585.01
23.07.2022 04:00:00 +02:00,12953.17,10465.64
23.07.2022 05:00:00 +02:00,12925.32,10317.56
23.07.2022 06:00:00 +02:00,13538.05,10408.96
23.07.2022 07:00:00 +02:00,13582.05,10636.30
23.07.2022 08:00:00 +02:00,14263.16,10907.25
23.07.2022 09:00:00 +02:00,14398.90,11386.85
23.07.2022 10:00:00 +02:00,14239.02,11664.38
23.07.2022 11:00:00 +02:00,13739.36,11707.32
23.07.2022 12:00:00 +02:00,13158.30,11649.28
23.07.2022 13:00:00 +02:00,12597.92,11582.77
23.07.2022 14:00:00 +02:00,11943.36,11591.11
23.07.2022 15:00:00 +02:00,12004.87,11561.53
23.07.2022 16:00:00 +02:00,12622.34,11544.60
23.07.2022 17:00:00 +02:00,13321.14,11456.21
23.07.2022 18:00:00 +02:00,14666.27,11483.11
23.07.2022 19:00:00 +02:00,15714.42,11425.39
23.07.2022 20:00:00 +02:00,15460.39,11384.86
23.07.2022 21:00:00 +02:00,15006.67,11305.94
23.07.2022 22:00:00 +02:00,14107.08,11236.56
23.07.2022 23:00:00 +02:00,13370.54,11102.62
24.07.2022 00:00:00 +02:00,13740.03,10857.96
24.07.2022 01:00:00 +02:00,13129.74,10673.58
24.07.2022 02:00:00 +02:00,12318.34,10524.00
24.07.2022 03:00:00 +02:00,11726.46,10444.37
24.07.2022 04:00:00 +02:00,11362.19,10325.07
24.07.2022 05:00:00 +02:00,11159.25,10219.21
24.07.2022 06:00:00 +02:00,10936.87,10234.15
24.07.2022 07:00:00 +02:00,10843.07,10387.12
24.07.2022 08:00:00 +02:00,11029.05,10632.53
24.07.2022 09:00:00 +02:00,10689.07,10981.01
24.07.2022 10:00:00 +02:00,10740.29,11247.87
24.07.2022 11:00:00 +02:00,10057.31,11431.33
24.07.2022 12:00:00 +02:00,9853.94,11520.88
24.07.2022 13:00:00 +02:00,9868.73,11571.68
24.07.2022 14:00:00 +02:00,10129.31,11597.46
24.07.2022 15:00:00 +02:00,10371.99,11623.35
24.07.2022 16:00:00 +02:00,10939.21,11672.42
24.07.2022 17:00:00 +02:00,12309.91,11703.83
24.07.2022 18:00:00 +02:00,13218.91,11743.19
24.07.2022 19:00:00 +02:00,14597.55,11708.89
24.07.2022 20:00:00 +02:00,15072.26,11614.13
24.07.2022 21:00:00 +02:00,14913.06,11519.14
24.07.2022 22:00:00 +02:00,14489.03,11498.43
24.07.2022 23:00:00 +02:00,12698.83,11284.01
25.07.2022 00:00:00 +02:00,11879.83,10939.04
25.07.2022 01:00:00 +02:00,10929.96,10681.32
25.07.2022 02:00:00 +02:00,10734.58,10550.18
25.07.2022 03:00:00 +02:00,10667.97,10474.05
25.07.2022 04:00:00 +02:00,10312.33,10456.90
25.07.2022 05:00:00 +02:00,10407.94,10467.82
25.07.2022 06:00:00 +02:00,11157.67,10879.64
25.07.2022 07:00:00 +02:00,13042.84,11423.08
25.07.2022 08:00:00 +02:00,14353.57,11875.91
25.07.2022 09:00:00 +02:00,14233.33,12189.87
25.07.2022 10:00:00 +02:00,13997.21,12384.83
25.07.2022 11:00:00 +02:00,13544.94,12492.78
25.07.2022 12:00:00 +02:00,13132.01,12464.90
25.07.2022 13:00:00 +02:00,12871.77,12463.05
25.07.2022 14:00:00 +02:00,12358.63,12474.07
25.07.2022 15:00:00 +02:00,11823.11,12427.87
25.07.2022 16:00:00 +02:00,12086.01,12391.32
25.07.2022 17:00:00 +02:00,12698.60,12297.25
25.07.2022 18:00:00 +02:00,13536.54,12199.17
25.07.2022 19:00:00 +02:00,13501.53,12097.25
25.07.2022 20:00:00 +02:00,13655.98,11975.35
25.07.2022 21:00:00 +02:00,13685.07,11847.81
25.07.2022 22:00:00 +02:00,13786.32,11694.62
25.07.2022 23:00:00 +02:00,12900.17,11402.52
26.07.2022 00:00:00 +02:00,12113.15,11035.54
26.07.2022 01:00:00 +02:00,11310.04,10799.95
26.07.2022 02:00:00 +02:00,11309.32,10652.31
26.07.2022 03:00:00 +02:00,11406.85,10544.55
26.07.2022 04:00:00 +02:00,11552.53,10425.99
26.07.2022 05:00:00 +02:00,11437.75,10425.65
26.07.2022 06:00:00 +02:00,11916.50,10879.05
26.07.2022 07:00:00 +02:00,12795.91,11476.53
26.07.2022 08:00:00 +02:00,13452.66,11883.60
26.07.2022 09:00:00 +02:00,13535.92,12131.82
26.07.2022 10:00:00 +02:00,13407.01,12245.43
26.07.2022 11:00:00 +02:00,12512.71,12297.07
26.07.2022 12:00:00 +02:00,12244.29,12305.96
26.07.2022 13:00:00 +02:00,12078.90,12442.63
26.07.2022 14:00:00 +02:00,11930.85,12452.40
26.07.2022 15:00:00 +02:00,11765.89,12507.46
26.07.2022 16:00:00 +02:00,11416.98,12546.30
26.07.2022 17:00:00 +02:00,11941.34,12406.61
26.07.2022 18:00:00 +02:00,12484.09,12333.17
26.07.2022 19:00:00 +02:00,12941.66,12280.04
26.07.2022 20:00:00 +02:00,12825.55,12192.40
26.07.2022 21:00:00 +02:00,12820.90,12053.23
26.07.2022 22:00:00 +02:00,12662.77,11979.26
26.07.2022 23:00:00 +02:00,12346.17,11705.08
27.07.2022 00:00:00 +02:00,11972.64,11361.85
27.07.2022 01:00:00 +02:00,11443.87,11045.11
27.07.2022 02:00:00 +02:00,11057.66,10917.80
27.07.2022 03:00:00 +02:00,10683.21,10822.35
27.07.2022 04:00:00 +02:00,10460.04,10762.30
27.07.2022 05:00:00 +02:00,10773.55,10802.96
27.07.2022 06:00:00 +02:00,11992.63,11229.27
27.07.2022 07:00:00 +02:00,12672.31,11808.49
27.07.2022 08:00:00 +02:00,13150.50,12198.05
27.07.2022 09:00:00 +02:00,13199.58,12401.13
27.07.2022 10:00:00 +02:00,13385.05,12581.64
27.07.2022 11:00:00 +02:00,13130.02,12553.13
27.07.2022 12:00:00 +02:00,13194.90,12559.00
27.07.2022 13:00:00 +02:00,13046.23,12482.32
27.07.2022 14:00:00 +02:00,13247.45,12466.38
27.07.2022 15:00:00 +02:00,13230.99,12357.85
27.07.2022 16:00:00 +02:00,13573.22,12301.51
27.07.2022 17:00:00 +02:00,14127.59,12279.28
27.07.2022 18:00:00 +02:00,14638.16,12220.40
27.07.2022 19:00:00 +02:00,15201.65,12176.00
27.07.2022 20:00:00 +02:00,15559.79,12184.93
27.07.2022 21:00:00 +02:00,15728.64,12052.03
27.07.2022 22:00:00 +02:00,15698.95,11991.67
27.07.2022 23:00:00 +02:00,14356.46,11740.71
28.07.2022 00:00:00 +02:00,13810.61,11385.92
28.07.2022 01:00:00 +02:00,12633.45,11129.13
28.07.2022 02:00:00 +02:00,12538.92,10953.67
28.07.2022 03:00:00 +02:00,12555.46,10878.06
28.07.2022 04:00:00 +02:00,12325.06,10857.13
28.07.2022 05:00:00 +02:00,12863.98,10901.55
28.07.2022 06:00:00 +02:00,14249.64,11300.26
28.07.2022 07:00:00 +02:00,14710.61,11843.91
28.07.2022 08:00:00 +02:00,15086.62,12169.07
28.07.2022 09:00:00 +02:00,15215.55,12295.06
28.07.2022 10:00:00 +02:00,14887.37,12421.14
28.07.2022 11:00:00 +02:00,14305.21,12414.92
28.07.2022 12:00:00 +02:00,14045.34,12334.49
28.07.2022 13:00:00 +02:00,13131.44,12310.36
28.07.2022 14:00:00 +02:00,13080.20,12274.44
28.07.2022 15:00:00 +02:00,13077.10,12239.42
28.07.2022 16:00:00 +02:00,14299.33,12252.42
28.07.2022 17:00:00 +02:00,16315.87,12154.97
28.07.2022 18:00:00 +02:00,17583.28,12109.56
28.07.2022 19:00:00 +02:00,17952.90,12102.72
28.07.2022 20:00:00 +02:00,17841.54,12017.28
28.07.2022 21:00:00 +02:00,17205.62,11950.97
28.07.2022 22:00:00 +02:00,16322.79,11936.93
28.07.2022 23:00:00 +02:00,14428.42,11688.00
29.07.2022 00:00:00 +02:00,13177.67,11267.94
29.07.2022 01:00:00 +02:00,12551.10,11012.73
29.07.2022 02:00:00 +02:00,12520.71,10850.45
29.07.2022 03:00:00 +02:00,12563.43,10774.18
29.07.2022 04:00:00 +02:00,12469.68,10692.36
29.07.2022 05:00:00 +02:00,12764.90,10691.00
29.07.2022 06:00:00 +02:00,14070.64,11094.85
29.07.2022 07:00:00 +02:00,15412.53,11609.96
29.07.2022 08:00:00 +02:00,16455.16,11980.09
29.07.2022 09:00:00 +02:00,16525.20,12227.11
29.07.2022 10:00:00 +02:00,15418.92,12318.12
29.07.2022 11:00:00 +02:00,15032.83,12297.15
29.07.2022 12:00:00 +02:00,14590.33,12266.08
29.07.2022 13:00:00 +02:00,13920.46,12203.80
29.07.2022 14:00:00 +02:00,13579.98,12170.22
29.07.2022 15:00:00 +02:00,13802.12,12106.74
29.07.2022 16:00:00 +02:00,14304.50,12074.40
29.07.2022 17:00:00 +02:00,15324.66,11921.40
29.07.2022 18:00:00 +02:00,16358.28,11892.14
29.07.2022 19:00:00 +02:00,16525.85,11827.90
29.07.2022 20:00:00 +02:00,16043.70,11709.23
29.07.2022 21:00:00 +02:00,15356.71,11572.49
29.07.2022 22:00:00 +02:00,14491.67,11578.56
29.07.2022 23:00:00 +02:00,13549.55,11345.42
30.07.2022 00:00:00 +02:00,12837.50,11017.24
30.07.2022 01:00:00 +02:00,12323.10,10807.46
30.07.2022 02:00:00 +02:00,12242.26,10633.84
30.07.2022 03:00:00 +02:00,12181.95,10577.15
30.07.2022 04:00:00 +02:00,12016.96,10514.98
30.07.2022 05:00:00 +02:00,11934.15,10352.64
30.07.2022 06:00:00 +02:00,12008.03,10425.89
30.07.2022 07:00:00 +02:00,12235.95,10628.97
30.07.2022 08:00:00 +02:00,12685.07,10947.29
30.07.2022 09:00:00 +02:00,12971.90,11355.24
30.07.2022 10:00:00 +02:00,13015.99,11622.30
30.07.2022 11:00:00 +02:00,12703.73,11603.69
30.07.2022 12:00:00 +02:00,12024.67,11547.07
30.07.2022 13:00:00 +02:00,11553.64,11493.14
30.07.2022 14:00:00 +02:00,11554.74,11477.49
30.07.2022 15:00:00 +02:00,11656.05,11420.21
30.07.2022 16:00:00 +02:00,11946.54,11416.84
30.07.2022 17:00:00 +02:00,12596.62,11501.25
30.07.2022 18:00:00 +02:00,13354.43,11545.15
30.07.2022 19:00:00 +02:00,14221.05,11481.28
30.07.2022 20:00:00 +02:00,14873.24,11390.91
30.07.2022 21:00:00 +02:00,14685.92,11275.45
30.07.2022 22:00:00 +02:00,14712.91,11248.26
30.07.2022 23:00:00 +02:00,13362.10,11003.84
31.07.2022 00:00:00 +02:00,11471.27,10762.41
31.07.2022 01:00:00 +02:00,11147.61,10626.83
31.07.2022 02:00:00 +02:00,10885.52,10456.54
31.07.2022 03:00:00 +02:00,10725.75,10316.64
31.07.2022 04:00:00 +02:00,10538.34,10217.77
31.07.2022 05:00:00 +02:00,10478.93,10048.68
31.07.2022 06:00:00 +02:00,10466.54,10092.43
31.07.2022 07:00:00 +02:00,10678.11,10282.20
31.07.2022 08:00:00 +02:00,11135.98,10583.34
31.07.2022 09:00:00 +02:00,11179.59,10896.59
31.07.2022 10:00:00 +02:00,11129.13,11179.04
31.07.2022 11:00:00 +02:00,11168.32,11320.59
31.07.2022 12:00:00 +02:00,11119.28,11421.14
31.07.2022 13:00:00 +02:00,10471.12,11444.87
31.07.2022 14:00:00 +02:00,9881.88,11498.03
31.07.2022 15:00:00 +02:00,10314.97,11544.91
31.07.2022 16:00:00 +02:00,10789.17,11567.45
31.07.2022 17:00:00 +02:00,11844.06,11657.24
31.07.2022 18:00:00 +02:00,13114.23,11653.63
31.07.2022 19:00:00 +02:00,14099.13,11712.14
31.07.2022 20:00:00 +02:00,13926.57,11656.10
31.07.2022 21:00:00 +02:00,14461.49,11678.28
31.07.2022 22:00:00 +02:00,14401.81,11616.70
31.07.2022 23:00:00 +02:00,13295.74,11404.81
01.08.2022 00:00:00 +02:00,12943.40,11118.53
01.08.2022 01:00:00 +02:00,12488.01,10897.75
01.08.2022 02:00:00 +02:00,12706.05,10700.22
01.08.2022 03:00:00 +02:00,12681.99,10688.54
01.08.2022 04:00:00 +02:00,12700.56,10699.54
01.08.2022 05:00:00 +02:00,13343.39,10715.57
01.08.2022 06:00:00 +02:00,14429.34,11329.99
01.08.2022 07:00:00 +02:00,15213.78,12020.66
01.08.2022 08:00:00 +02:00,15818.22,12433.14
01.08.2022 09:00:00 +02:00,15993.49,12563.42
01.08.2022 10:00:00 +02:00,15784.65,12725.26
01.08.2022 11:00:00 +02:00,15071.74,12689.73
01.08.2022 12:00:00 +02:00,14568.58,12713.54
01.08.2022 13:00:00 +02:00,13931.68,12674.50
01.08.2022 14:00:00 +02:00,12896.45,12684.00
01.08.2022 15:00:00 +02:00,12175.65,12647.41
01.08.2022 16:00:00 +02:00,12445.83,12581.82
01.08.2022 17:00:00 +02:00,13673.30,12401.90
01.08.2022 18:00:00 +02:00,14902.19,12316.86
01.08.2022 19:00:00 +02:00,15464.64,12226.44
01.08.2022 20:00:00 +02:00,15460.82,12183.73
01.08.2022 21:00:00 +02:00,15286.77,12139.33
01.08.2022 22:00:00 +02:00,14854.42,12069.96
01.08.2022 23:00:00 +02:00,13863.76,11691.07
02.08.2022 00:00:00 +02:00,13626.28,11260.19
02.08.2022 01:00:00 +02:00,12865.46,10995.77
02.08.2022 02:00:00 +02:00,12070.36,10815.97
02.08.2022 03:00:00 +02:00,11500.95,10751.74
02.08.2022 04:00:00 +02:00,11513.97,10734.66
02.08.2022 05:00:00 +02:00,12577.03,10790.48
02.08.2022 06:00:00 +02:00,14023.44,11312.95
02.08.2022 07:00:00 +02:00,14875.28,11903.01
02.08.2022 08:00:00 +02:00,15010.76,12349.61
02.08.2022 09:00:00 +02:00,14875.81,12577.83
02.08.2022 10:00:00 +02:00,14124.50,12468.82
02.08.2022 11:00:00 +02:00,12677.33,12668.11
02.08.2022 12:00:00 +02:00,11971.31,12759.58
02.08.2022 13:00:00 +02:00,11633.15,12740.06
02.08.2022 14:00:00 +02:00,11036.93,12678.41
02.08.2022 15:00:00 +02:00,10992.70,12714.16
02.08.2022 16:00:00 +02:00,11521.69,12744.04
02.08.2022 17:00:00 +02:00,12449.95,12628.56
02.08.2022 18:00:00 +02:00,12752.10,12580.58
02.08.2022 19:00:00 +02:00,12669.19,12469.11
02.08.2022 20:00:00 +02:00,12141.04,12438.67
02.08.2022 21:00:00 +02:00,11406.79,12261.20
02.08.2022 22:00:00 +02:00,11142.95,12109.83
02.08.2022 23:00:00 +02:00,11545.63,11739.14
03.08.2022 00:00:00 +02:00,11023.79,11369.48
03.08.2022 01:00:00 +02:00,10912.65,11039.66
03.08.2022 02:00:00 +02:00,10748.82,10870.04
03.08.2022 03:00:00 +02:00,10413.35,10768.50
03.08.2022 04:00:00 +02:00,10620.77,10724.07
03.08.2022 05:00:00 +02:00,10671.29,10745.68
03.08.2022 06:00:00 +02:00,11674.65,11260.73
03.08.2022 07:00:00 +02:00,12153.42,12024.59
03.08.2022 08:00:00 +02:00,12537.12,12432.75
03.08.2022 09:00:00 +02:00,12658.88,12595.15
03.08.2022 10:00:00 +02:00,12447.03,12734.89
03.08.2022 11:00:00 +02:00,11320.45,12778.91
03.08.2022 12:00:00 +02:00,11208.61,12741.98
03.08.2022 13:00:00 +02:00,11311.07,12710.49
03.08.2022 14:00:00 +02:00,11294.59,12815.87
03.08.2022 15:00:00 +02:00,11987.83,12770.96
03.08.2022 16:00:00 +02:00,12576.71,12721.61
03.08.2022 17:00:00 +02:00,13414.75,12572.17
03.08.2022 18:00:00 +02:00,14835.77,12422.93
03.08.2022 19:00:00 +02:00,15615.36,12405.42
03.08.2022 20:00:00 +02:00,16151.55,12258.56
03.08.2022 21:00:00 +02:00,16077.03,12146.90
03.08.2022 22:00:00 +02:00,15527.66,12034.02
03.08.2022 23:00:00 +02:00,14581.38,11649.56
04.08.2022 00:00:00 +02:00,13212.00,11303.38
04.08.2022 01:00:00 +02:00,12209.49,10970.15
04.08.2022 02:00:00 +02:00,12002.31,10800.11
04.08.2022 03:00:00 +02:00,12053.53,10715.17
04.08.2022 04:00:00 +02:00,11654.90,10712.32
04.08.2022 05:00:00 +02:00,11867.14,10756.75
04.08.2022 06:00:00 +02:00,12951.85,11197.83
04.08.2022 07:00:00 +02:00,14095.40,11916.27
04.08.2022 08:00:00 +02:00,15190.07,12342.64
04.08.2022 09:00:00 +02:00,15377.95,12501.10
04.08.2022 10:00:00 +02:00,14512.14,12654.31
04.08.2022 11:00:00 +02:00,13691.46,12718.22
04.08.2022 12:00:00 +02:00,13436.26,12820.83
04.08.2022 13:00:00 +02:00,13441.12,12810.10
04.08.2022 14:00:00 +02:00,13114.62,12844.75
04.08.2022 15:00:00 +02:00,13346.69,12805.40
04.08.2022 16:00:00 +02:00,13976.04,12830.99
04.08.2022 17:00:00 +02:00,14217.46,12739.86
04.08.2022 18:00:00 +02:00,14610.63,12637.66
04.08.2022 19:00:00 +02:00,15217.35,12511.68
04.08.2022 20:00:00 +02:00,14731.35,12408.54
04.08.2022 21:00:00 +02:00,14175.43,12278.85
04.08.2022 22:00:00 +02:00,13647.87,12198.94
04.08.2022 23:00:00 +02:00,12453.54,11847.85
05.08.2022 00:00:00 +02:00,12457.26,11472.42
05.08.2022 01:00:00 +02:00,12259.57,11215.96
05.08.2022 02:00:00 +02:00,12266.27,11070.99
05.08.2022 03:00:00 +02:00,12312.68,10996.16
05.08.2022 04:00:00 +02:00,12130.90,10889.16
05.08.2022 05:00:00 +02:00,12050.84,10842.72
05.08.2022 06:00:00 +02:00,12876.31,11301.58
05.08.2022 07:00:00 +02:00,14594.24,12080.08
05.08.2022 08:00:00 +02:00,15975.98,12736.74
05.08.2022 09:00:00 +02:00,16596.29,12824.90
05.08.2022 10:00:00 +02:00,16159.32,12731.79
05.08.2022 11:00:00 +02:00,15291.13,12676.80
05.08.2022 12:00:00 +02:00,14692.68,12650.98
05.08.2022 13:00:00 +02:00,14539.27,12511.09
05.08.2022 14:00:00 +02:00,14266.42,12502.24
05.08.2022 15:00:00 +02:00,13516.51,12451.52
05.08.2022 16:00:00 +02:00,13056.45,12314.54
05.08.2022 17:00:00 +02:00,13373.68,12096.59
05.08.2022 18:00:00 +02:00,14100.81,11864.18
05.08.2022 19:00:00 +02:00,15014.00,12007.94
05.08.2022 20:00:00 +02:00,15287.07,12092.28
05.08.2022 21:00:00 +02:00,15030.06,12002.06
05.08.2022 22:00:00 +02:00,14745.10,11915.80
05.08.2022 23:00:00 +02:00,13124.89,11576.95
06.08.2022 00:00:00 +02:00,11844.56,11370.71
06.08.2022 01:00:00 +02:00,11644.19,11104.04
06.08.2022 02:00:00 +02:00,11407.78,10939.89
06.08.2022 03:00:00 +02:00,10990.14,10833.40
06.08.2022 04:00:00 +02:00,10585.28,10833.03
06.08.2022 05:00:00 +02:00,10455.80,10717.45
06.08.2022 06:00:00 +02:00,10762.66,10794.23
06.08.2022 07:00:00 +02:00,11551.91,11059.25
06.08.2022 08:00:00 +02:00,11567.99,11428.21
06.08.2022 09:00:00 +02:00,10713.43,11777.04
06.08.2022 10:00:00 +02:00,10185.26,12037.13
06.08.2022 11:00:00 +02:00,9859.11,12122.57
06.08.2022 12:00:00 +02:00,9932.94,12220.44
06.08.2022 13:00:00 +02:00,10194.20,12162.35
06.08.2022 14:00:00 +02:00,9950.89,12130.89
06.08.2022 15:00:00 +02:00,9726.87,12111.95
06.08.2022 16:00:00 +02:00,9611.63,12115.60
06.08.2022 17:00:00 +02:00,9373.81,12210.62
06.08.2022 18:00:00 +02:00,10396.97,12205.14
06.08.2022 19:00:00 +02:00,11263.85,12118.78
06.08.2022 20:00:00 +02:00,11853.64,11960.00
06.08.2022 21:00:00 +02:00,12528.43,11877.81
06.08.2022 22:00:00 +02:00,12382.36,11867.20
06.08.2022 23:00:00 +02:00,11470.93,11638.71
07.08.2022 00:00:00 +02:00,10484.64,11370.04
07.08.2022 01:00:00 +02:00,9431.34,11134.34
07.08.2022 02:00:00 +02:00,9025.44,10984.13
07.08.2022 03:00:00 +02:00,8783.45,10871.23
07.08.2022 04:00:00 +02:00,8575.64,10876.05
07.08.2022 05:00:00 +02:00,8676.58,10748.13
07.08.2022 06:00:00 +02:00,9434.79,10765.41
07.08.2022 07:00:00 +02:00,10459.90,10967.41
07.08.2022 08:00:00 +02:00,10578.99,11158.84
07.08.2022 09:00:00 +02:00,10235.67,11602.05
07.08.2022 10:00:00 +02:00,9960.61,11870.27
07.08.2022 11:00:00 +02:00,10106.51,11947.42
07.08.2022 12:00:00 +02:00,10058.78,11985.13
07.08.2022 13:00:00 +02:00,10065.52,12021.46
07.08.2022 14:00:00 +02:00,10259.57,12014.32
07.08.2022 15:00:00 +02:00,10333.38,12087.12
07.08.2022 16:00:00 +02:00,10711.51,12160.08
07.08.2022 17:00:00 +02:00,11763.72,12223.87
07.08.2022 18:00:00 +02:00,13310.16,12261.33
07.08.2022 19:00:00 +02:00,14489.51,12191.22
07.08.2022 20:00:00 +02:00,14741.84,12147.57
07.08.2022 21:00:00 +02:00,15077.15,12177.53
07.08.2022 22:00:00 +02:00,14560.10,12159.05
07.08.2022 23:00:00 +02:00,13696.28,11803.18
08.08.2022 00:00:00 +02:00,12104.30,11494.83
08.08.2022 01:00:00 +02:00,11440.17,11231.30
08.08.2022 02:00:00 +02:00,11488.70,11065.14
08.08.2022 03:00:00 +02:00,11453.21,11052.41
08.08.2022 04:00:00 +02:00,11830.86,11077.79
08.08.2022 05:00:00 +02:00,12716.33,11154.17
08.08.2022 06:00:00 +02:00,14893.53,11777.43
08.08.2022 07:00:00 +02:00,16343.46,12627.17
08.08.2022 08:00:00 +02:00,16532.92,13038.28
08.08.2022 09:00:00 +02:00,16172.41,13162.72
08.08.2022 10:00:00 +02:00,14811.02,13154.96
08.08.2022 11:00:00 +02:00,14278.88,13145.54
08.08.2022 12:00:00 +02:00,13519.12,13113.93
08.08.2022 13:00:00 +02:00,13210.38,12994.53
08.08.2022 14:00:00 +02:00,13291.21,13076.65
08.08.2022 15:00:00 +02:00,13558.39,12951.32
08.08.2022 16:00:00 +02:00,14150.19,12911.27
08.08.2022 17:00:00 +02:00,15224.47,12783.22
08.08.2022 18:00:00 +02:00,16702.86,12623.73
08.08.2022 19:00:00 +02:00,17204.68,12600.31
08.08.2022 20:00:00 +02:00,16987.82,12529.95
08.08.2022 21:00:00 +02:00,17005.38,12546.46
08.08.2022 22:00:00 +02:00,15979.58,12379.43
08.08.2022 23:00:00 +02:00,14231.54,11910.12
09.08.2022 00:00:00 +02:00,12848.11,11444.39
09.08.2022 01:00:00 +02:00,11934.35,11202.69
09.08.2022 02:00:00 +02:00,11566.79,10969.05
09.08.2022 03:00:00 +02:00,11490.68,10896.86
09.08.2022 04:00:00 +02:00,11595.54,10861.33
09.08.2022 05:00:00 +02:00,12492.08,10915.86
09.08.2022 06:00:00 +02:00,14085.96,11558.26
09.08.2022 07:00:00 +02:00,15824.83,12371.55
09.08.2022 08:00:00 +02:00,16137.02,12753.71
09.08.2022 09:00:00 +02:00,15824.02,12868.71
09.08.2022 10:00:00 +02:00,15016.46,12748.96
09.08.2022 11:00:00 +02:00,14082.05,12944.46
09.08.2022 12:00:00 +02:00,13564.92,12944.93
09.08.2022 13:00:00 +02:00,12590.18,12942.27
09.08.2022 14:00:00 +02:00,12639.64,12954.65
09.08.2022 15:00:00 +02:00,12756.36,12827.74
09.08.2022 16:00:00 +02:00,13547.82,12852.83
09.08.2022 17:00:00 +02:00,14774.90,12763.38
09.08.2022 18:00:00 +02:00,16054.09,12638.00
09.08.2022 19:00:00 +02:00,17207.50,12557.12
09.08.2022 20:00:00 +02:00,16604.55,12539.33
09.08.2022 21:00:00 +02:00,15834.91,12420.53
09.08.2022 22:00:00 +02:00,14492.63,12256.50
09.08.2022 23:00:00 +02:00,12700.44,11729.87
10.08.2022 00:00:00 +02:00,11587.47,11290.13
10.08.2022 01:00:00 +02:00,11474.39,10941.96
10.08.2022 02:00:00 +02:00,11543.74,10687.94
10.08.2022 03:00:00 +02:00,11868.92,10611.49
10.08.2022 04:00:00 +02:00,11938.79,10707.28
10.08.2022 05:00:00 +02:00,12082.52,10829.86
10.08.2022 06:00:00 +02:00,13691.45,11413.57
10.08.2022 07:00:00 +02:00,15100.03,12162.73
10.08.2022 08:00:00 +02:00,15633.38,12564.56
10.08.2022 09:00:00 +02:00,15312.09,12661.41
10.08.2022 10:00:00 +02:00,14920.86,12816.81
10.08.2022 11:00:00 +02:00,14094.64,12789.23
10.08.2022 12:00:00 +02:00,13357.20,12843.67
10.08.2022 13:00:00 +02:00,12682.33,12893.39
10.08.2022 14:00:00 +02:00,12598.04,12861.24
10.08.2022 15:00:00 +02:00,13100.44,12788.71
10.08.2022 16:00:00 +02:00,13695.79,12806.69
10.08.2022 17:00:00 +02:00,15014.63,12624.84
10.08.2022 18:00:00 +02:00,16095.33,12501.33
10.08.2022 19:00:00 +02:00,16952.36,12415.74
10.08.2022 20:00:00 +02:00,16698.92,12359.09
10.08.2022 21:00:00 +02:00,16378.48,12348.19
10.08.2022 22:00:00 +02:00,15765.61,12252.13
10.08.2022 23:00:00 +02:00,13815.14,11813.61
11.08.2022 00:00:00 +02:00,12447.88,11380.91
11.08.2022 01:00:00 +02:00,12270.88,11064.58
11.08.2022 02:00:00 +02:00,12331.16,10905.18
11.08.2022 03:00:00 +02:00,12417.09,10829.40
11.08.2022 04:00:00 +02:00,12673.13,10813.02
11.08.2022 05:00:00 +02:00,13641.85,10908.96
11.08.2022 06:00:00 +02:00,15666.82,11469.15
11.08.2022 07:00:00 +02:00,17257.83,12231.35
11.08.2022 08:00:00 +02:00,17521.04,12643.82
11.08.2022 09:00:00 +02:00,17206.07,12766.97
11.08.2022 10:00:00 +02:00,16272.02,12677.77
11.08.2022 11:00:00 +02:00,15106.67,12976.09
11.08.2022 12:00:00 +02:00,14603.08,13106.58
11.08.2022 13:00:00 +02:00,14290.07,13091.66
11.08.2022 14:00:00 +02:00,14148.60,13057.97
11.08.2022 15:00:00 +02:00,14699.84,13029.37
11.08.2022 16:00:00 +02:00,15328.14,13029.57
11.08.2022 17:00:00 +02:00,16251.02,12879.78
11.08.2022 18:00:00 +02:00,17685.96,12717.96
11.08.2022 19:00:00 +02:00,18302.96,12611.87
11.08.2022 20:00:00 +02:00,18224.31,12577.07
11.08.2022 21:00:00 +02:00,18049.03,12535.74
11.08.2022 22:00:00 +02:00,17309.94,12419.22
11.08.2022 23:00:00 +02:00,16320.16,11998.00
12.08.2022 00:00:00 +02:00,15135.33,11544.39
12.08.2022 01:00:00 +02:00,14188.03,11219.39
12.08.2022 02:00:00 +02:00,13634.10,11057.09
12.08.2022 03:00:00 +02:00,13514.30,10989.50
12.08.2022 04:00:00 +02:00,13694.19,10972.02
12.08.2022 05:00:00 +02:00,14503.33,11031.84
12.08.2022 06:00:00 +02:00,16153.03,11498.73
12.08.2022 07:00:00 +02:00,17911.42,12299.84
12.08.2022 08:00:00 +02:00,18725.09,12801.91
12.08.2022 09:00:00 +02:00,18391.39,12907.59
12.08.2022 10:00:00 +02:00,17291.56,12943.51
12.08.2022 11:00:00 +02:00,16061.49,12899.60
12.08.2022 12:00:00 +02:00,14651.51,12862.42
12.08.2022 13:00:00 +02:00,13872.97,12806.43
12.08.2022 14:00:00 +02:00,13817.70,12769.20
12.08.2022 15:00:00 +02:00,14008.13,12696.80
12.08.2022 16:00:00 +02:00,15107.55,12650.55
12.08.2022 17:00:00 +02:00,16105.86,12559.30
12.08.2022 18:00:00 +02:00,16976.89,12468.30
12.08.2022 19:00:00 +02:00,18515.77,12314.88
12.08.2022 20:00:00 +02:00,18282.60,12127.25
12.08.2022 21:00:00 +02:00,18136.24,12011.88
12.08.2022 22:00:00 +02:00,17508.81,11923.85
12.08.2022 23:00:00 +02:00,15470.10,11635.23
13.08.2022 00:00:00 +02:00,14390.71,11231.66
13.08.2022 01:00:00 +02:00,13608.74,11050.39
13.08.2022 02:00:00 +02:00,12988.85,10859.23
13.08.2022 03:00:00 +02:00,12936.35,10796.18
13.08.2022 04:00:00 +02:00,12828.84,10756.37
13.08.2022 05:00:00 +02:00,12692.74,10696.55
13.08.2022 06:00:00 +02:00,12803.55,10615.82
13.08.2022 07:00:00 +02:00,12841.98,10843.66
13.08.2022 08:00:00 +02:00,13245.36,11246.21
13.08.2022 09:00:00 +02:00,13508.35,11749.10
13.08.2022 10:00:00 +02:00,12910.31,12007.77
13.08.2022 11:00:00 +02:00,12353.28,12019.98
13.08.2022 12:00:00 +02:00,11668.85,11998.09
13.08.2022 13:00:00 +02:00,11468.11,11897.44
13.08.2022 14:00:00 +02:00,11867.26,11798.49
13.08.2022 15:00:00 +02:00,12397.56,11737.12
13.08.2022 16:00:00 +02:00,12900.15,11705.90
13.08.2022 17:00:00 +02:00,13769.24,11774.91
13.08.2022 18:00:00 +02:00,15348.80,11831.77
13.08.2022 19:00:00 +02:00,16443.98,11736.97
13.08.2022 20:00:00 +02:00,16782.99,11652.87
13.08.2022 21:00:00 +02:00,16962.10,11635.80
13.08.2022 22:00:00 +02:00,16345.10,11595.63
13.08.2022 23:00:00 +02:00,14541.41,11315.48
14.08.2022 00:00:00 +02:00,14269.56,11029.27
14.08.2022 01:00:00 +02:00,13750.89,10829.75
14.08.2022 02:00:00 +02:00,13238.15,10637.70
14.08.2022 03:00:00 +02:00,12968.92,10558.46
14.08.2022 04:00:00 +02:00,12441.73,10533.99
14.08.2022 05:00:00 +02:00,12239.22,10450.85
14.08.2022 06:00:00 +02:00,11936.40,10432.35
14.08.2022 07:00:00 +02:00,12077.46,10596.06
14.08.2022 08:00:00 +02:00,12290.47,10913.36
14.08.2022 09:00:00 +02:00,12210.94,11233.41
14.08.2022 10:00:00 +02:00,11973.86,11421.33
14.08.2022 11:00:00 +02:00,11310.58,11573.34
14.08.2022 12:00:00 +02:00,10687.58,11452.75
14.08.2022 13:00:00 +02:00,10721.49,11602.55
14.08.2022 14:00:00 +02:00,10695.37,11588.01
14.08.2022 15:00:00 +02:00,10890.95,11600.67
14.08.2022 16:00:00 +02:00,11746.55,11655.99
14.08.2022 17:00:00 +02:00,12828.11,11735.04
14.08.2022 18:00:00 +02:00,14687.61,11854.98
14.08.2022 19:00:00 +02:00,16228.72,11960.22
14.08.2022 20:00:00 +02:00,16233.46,11976.04
14.08.2022 21:00:00 +02:00,15802.19,12097.17
14.08.2022 22:00:00 +02:00,15073.60,12011.42
14.08.2022 23:00:00 +02:00,13554.67,11579.64
15.08.2022 00:00:00 +02:00,13372.49,11117.22
15.08.2022 01:00:00 +02:00,12974.09,10818.17
15.08.2022 02:00:00 +02:00,13024.63,10657.16
15.08.2022 03:00:00 +02:00,13237.39,10600.45
15.08.2022 04:00:00 +02:00,13412.93,10533.53
15.08.2022 05:00:00 +02:00,13560.07,10687.93
15.08.2022 06:00:00 +02:00,14401.38,11331.06
15.08.2022 07:00:00 +02:00,15779.26,12233.98
15.08.2022 08:00:00 +02:00,17470.82,12691.67
15.08.2022 09:00:00 +02:00,17065.62,12806.36
15.08.2022 10:00:00 +02:00,16082.26,12881.33
15.08.2022 11:00:00 +02:00,15481.45,12883.18
15.08.2022 12:00:00 +02:00,15013.06,12890.30
15.08.2022 13:00:00 +02:00,14914.92,12895.81
15.08.2022 14:00:00 +02:00,15013.89,13017.20
15.08.2022 15:00:00 +02:00,15264.65,12910.94
15.08.2022 16:00:00 +02:00,15031.34,12901.20
15.08.2022 17:00:00 +02:00,16499.36,12784.85
15.08.2022 18:00:00 +02:00,17848.95,12619.42
15.08.2022 19:00:00 +02:00,18061.50,12536.58
15.08.2022 20:00:00 +02:00,17789.85,12396.87
15.08.2022 21:00:00 +02:00,17531.76,12404.84
15.08.2022 22:00:00 +02:00,16368.57,12146.64
15.08.2022 23:00:00 +02:00,14885.63,11572.50
16.08.2022 00:00:00 +02:00,13367.46,11006.13
16.08.2022 01:00:00 +02:00,12357.75,10679.27
16.08.2022 02:00:00 +02:00,12271.10,10545.49
16.08.2022 03:00:00 +02:00,11950.81,10458.49
16.08.2022 04:00:00 +02:00,12398.14,10321.40
16.08.2022 05:00:00 +02:00,13036.86,10387.79
16.08.2022 06:00:00 +02:00,13885.35,10973.16
16.08.2022 07:00:00 +02:00,16201.61,11898.34
16.08.2022 08:00:00 +02:00,16560.90,12197.83
16.08.2022 09:00:00 +02:00,15860.18,12348.23
16.08.2022 10:00:00 +02:00,15157.89,12187.61
16.08.2022 11:00:00 +02:00,14233.19,12433.52
16.08.2022 12:00:00 +02:00,14181.43,12446.23
16.08.2022 13:00:00 +02:00,13882.42,12422.43
16.08.2022 14:00:00 +02:00,13794.57,12489.49
16.08.2022 15:00:00 +02:00,13756.60,12505.48
16.08.2022 16:00:00 +02:00,14529.95,12525.51
16.08.2022 17:00:00 +02:00,16357.64,12394.67
16.08.2022 18:00:00 +02:00,17132.27,12272.74
16.08.2022 19:00:00 +02:00,17333.21,12159.04
16.08.2022 20:00:00 +02:00,16753.14,12135.57
16.08.2022 21:00:00 +02:00,16542.25,11987.73
16.08.2022 22:00:00 +02:00,15365.35,11622.00
16.08.2022 23:00:00 +02:00,14125.03,11097.25
17.08.2022 00:00:00 +02:00,13436.15,10693.48
17.08.2022 01:00:00 +02:00,12489.14,10326.65
17.08.2022 02:00:00 +02:00,11872.67,10217.16
17.08.2022 03:00:00 +02:00,11680.39,10105.03
17.08.2022 04:00:00 +02:00,12282.15,10208.15
17.08.2022 05:00:00 +02:00,13217.96,10358.52
17.08.2022 06:00:00 +02:00,14203.99,11022.28
17.08.2022 07:00:00 +02:00,15776.20,12050.54
17.08.2022 08:00:00 +02:00,16688.26,12418.38
17.08.2022 09:00:00 +02:00,17249.18,12548.57
17.08.2022 10:00:00 +02:00,17793.25,12623.59
17.08.2022 11:00:00 +02:00,17364.16,12606.16
17.08.2022 12:00:00 +02:00,16771.22,12635.44
17.08.2022 13:00:00 +02:00,16298.10,12634.83
17.08.2022 14:00:00 +02:00,16495.20,12584.26
17.08.2022 15:00:00 +02:00,17177.36,12562.31
17.08.2022 16:00:00 +02:00,17318.02,12623.02
17.08.2022 17:00:00 +02:00,17214.65,12433.44
17.08.2022 18:00:00 +02:00,16954.58,12247.00
17.08.2022 19:00:00 +02:00,16697.59,12332.44
17.08.2022 20:00:00 +02:00,16481.91,12392.79
17.08.2022 21:00:00 +02:00,16621.26,12364.86
17.08.2022 22:00:00 +02:00,16365.93,12166.45
17.08.2022 23:00:00 +02:00,15282.12,11612.54
18.08.2022 00:00:00 +02:00,13381.18,11066.35
18.08.2022 01:00:00 +02:00,12558.43,10779.28
18.08.2022 02:00:00 +02:00,12165.81,10627.44
18.08.2022 03:00:00 +02:00,12245.42,10616.86
18.08.2022 04:00:00 +02:00,12035.38,10581.23
18.08.2022 05:00:00 +02:00,12382.91,10757.57
18.08.2022 06:00:00 +02:00,14348.17,11433.81
18.08.2022 07:00:00 +02:00,16136.67,12331.00
18.08.2022 08:00:00 +02:00,17187.74,12575.05
18.08.2022 09:00:00 +02:00,17359.98,12482.16
18.08.2022 10:00:00 +02:00,16912.01,12002.39
18.08.2022 11:00:00 +02:00,16627.73,12475.45
18.08.2022 12:00:00 +02:00,15955.53,12395.00
18.08.2022 13:00:00 +02:00,15769.05,12323.94
18.08.2022 14:00:00 +02:00,14559.75,12311.92
18.08.2022 15:00:00 +02:00,14624.37,12377.49
18.08.2022 16:00:00 +02:00,16108.28,12532.31
18.08.2022 17:00:00 +02:00,16932.88,12417.25
18.08.2022 18:00:00 +02:00,18420.82,12197.76
18.08.2022 19:00:00 +02:00,18636.64,12193.77
18.08.2022 20:00:00 +02:00,18403.39,12188.29
18.08.2022 21:00:00 +02:00,17940.04,12145.15
18.08.2022 22:00:00 +02:00,16558.12,11888.48
18.08.2022 23:00:00 +02:00,14850.44,11422.28
19.08.2022 00:00:00 +02:00,13901.35,11018.98
19.08.2022 01:00:00 +02:00,13186.71,10702.95
19.08.2022 02:00:00 +02:00,13041.17,10529.92
19.08.2022 03:00:00 +02:00,12984.97,10408.18
19.08.2022 04:00:00 +02:00,13070.64,10365.30
19.08.2022 05:00:00 +02:00,13647.19,10453.38
19.08.2022 06:00:00 +02:00,14634.29,11099.53
19.08.2022 07:00:00 +02:00,15984.59,12046.40
19.08.2022 08:00:00 +02:00,16946.74,12489.40
19.08.2022 09:00:00 +02:00,17582.06,12528.35
19.08.2022 10:00:00 +02:00,17334.15,12530.50
19.08.2022 11:00:00 +02:00,16768.88,12493.26
19.08.2022 12:00:00 +02:00,16086.10,12483.76
19.08.2022 13:00:00 +02:00,15478.80,12397.21
19.08.2022 14:00:00 +02:00,15005.56,12342.15
19.08.2022 15:00:00 +02:00,15240.07,12305.20
19.08.2022 16:00:00 +02:00,15732.53,12236.28
19.08.2022 17:00:00 +02:00,16777.09,12115.98
19.08.2022 18:00:00 +02:00,17022.30,11990.02
19.08.2022 19:00:00 +02:00,17125.99,11910.33
19.08.2022 20:00:00 +02:00,16368.92,11770.40
19.08.2022 21:00:00 +02:00,16151.07,11710.00
19.08.2022 22:00:00 +02:00,15605.14,11487.71
19.08.2022 23:00:00 +02:00,14292.33,11053.35
20.08.2022 00:00:00 +02:00,13855.76,10780.81
20.08.2022 01:00:00 +02:00,13446.57,10546.93
20.08.2022 02:00:00 +02:00,12490.12,10346.87
20.08.2022 03:00:00 +02:00,12492.96,10305.89
20.08.2022 04:00:00 +02:00,12115.21,10214.56
20.08.2022 05:00:00 +02:00,11723.87,10130.24
20.08.2022 06:00:00 +02:00,11627.96,10157.13
20.08.2022 07:00:00 +02:00,12341.28,10503.56
20.08.2022 08:00:00 +02:00,13491.22,10916.48
20.08.2022 09:00:00 +02:00,13656.72,11385.79
20.08.2022 10:00:00 +02:00,13767.32,11666.01
20.08.2022 11:00:00 +02:00,13262.80,11655.89
20.08.2022 12:00:00 +02:00,12638.00,11560.27
20.08.2022 13:00:00 +02:00,11865.02,11490.13
20.08.2022 14:00:00 +02:00,11560.84,11442.75
20.08.2022 15:00:00 +02:00,11642.32,11404.28
20.08.2022 16:00:00 +02:00,12959.92,11413.01
20.08.2022 17:00:00 +02:00,13992.40,11499.78
20.08.2022 18:00:00 +02:00,14892.62,11530.55
20.08.2022 19:00:00 +02:00,15034.81,11408.47
20.08.2022 20:00:00 +02:00,14923.13,11312.85
20.08.2022 21:00:00 +02:00,15042.60,11351.98
20.08.2022 22:00:00 +02:00,14458.71,11110.14
20.08.2022 23:00:00 +02:00,13733.41,10771.37
21.08.2022 00:00:00 +02:00,12595.18,10557.28
21.08.2022 01:00:00 +02:00,11721.00,10350.89
21.08.2022 02:00:00 +02:00,11499.49,10238.99
21.08.2022 03:00:00 +02:00,11050.52,10139.24
21.08.2022 04:00:00 +02:00,10697.81,10086.05
21.08.2022 05:00:00 +02:00,10790.06,9984.12
21.08.2022 06:00:00 +02:00,10433.18,9965.05
21.08.2022 07:00:00 +02:00,10319.98,10142.73
21.08.2022 08:00:00 +02:00,10830.41,10455.49
21.08.2022 09:00:00 +02:00,10783.38,10824.91
21.08.2022 10:00:00 +02:00,10797.74,11151.44
21.08.2022 11:00:00 +02:00,10434.12,11282.51
21.08.2022 12:00:00 +02:00,10187.02,11387.42
21.08.2022 13:00:00 +02:00,9910.00,11410.17
21.08.2022 14:00:00 +02:00,9838.95,11428.23
21.08.2022 15:00:00 +02:00,10655.94,11373.45
21.08.2022 16:00:00 +02:00,12333.04,11484.25
21.08.2022 17:00:00 +02:00,13049.94,11311.67
21.08.2022 18:00:00 +02:00,14216.29,11502.40
21.08.2022 19:00:00 +02:00,15248.37,11546.88
21.08.2022 20:00:00 +02:00,15056.31,11490.21
21.08.2022 21:00:00 +02:00,14442.33,11483.54
21.08.2022 22:00:00 +02:00,13988.26,11220.47
21.08.2022 23:00:00 +02:00,13364.82,10836.03
22.08.2022 00:00:00 +02:00,11759.20,10652.55
22.08.2022 01:00:00 +02:00,11613.56,10424.79
22.08.2022 02:00:00 +02:00,11809.90,10357.75
22.08.2022 03:00:00 +02:00,12143.58,10386.50
22.08.2022 04:00:00 +02:00,12398.11,10441.74
22.08.2022 05:00:00 +02:00,12926.82,10703.81
22.08.2022 06:00:00 +02:00,14501.26,11456.74
22.08.2022 07:00:00 +02:00,16981.52,12447.30
22.08.2022 08:00:00 +02:00,17565.04,12674.26
22.08.2022 09:00:00 +02:00,16994.97,12645.90
22.08.2022 10:00:00 +02:00,16648.96,12604.21
22.08.2022 11:00:00 +02:00,16550.41,12496.59
22.08.2022 12:00:00 +02:00,15996.21,12527.72
22.08.2022 13:00:00 +02:00,15631.14,12529.43
22.08.2022 14:00:00 +02:00,15731.30,12544.57
22.08.2022 15:00:00 +02:00,16203.59,12499.20
22.08.2022 16:00:00 +02:00,16492.71,12356.16
22.08.2022 17:00:00 +02:00,17220.14,12261.74
22.08.2022 18:00:00 +02:00,16923.12,12115.63
22.08.2022 19:00:00 +02:00,16676.89,12101.44
22.08.2022 20:00:00 +02:00,16614.81,12111.09
22.08.2022 21:00:00 +02:00,16609.59,12215.48
22.08.2022 22:00:00 +02:00,15799.58,11902.03
22.08.2022 23:00:00 +02:00,13804.56,11358.61
23.08.2022 00:00:00 +02:00,12690.27,10861.95
23.08.2022 01:00:00 +02:00,11765.21,10560.08
23.08.2022 02:00:00 +02:00,11740.49,10403.84
23.08.2022 03:00:00 +02:00,11912.97,10363.10
23.08.2022 04:00:00 +02:00,11882.41,10389.18
23.08.2022 05:00:00 +02:00,12506.37,10596.44
23.08.2022 06:00:00 +02:00,14286.21,11354.14
23.08.2022 07:00:00 +02:00,16295.35,12423.48
23.08.2022 08:00:00 +02:00,17294.12,12757.77
23.08.2022 09:00:00 +02:00,17247.30,12664.98
23.08.2022 10:00:00 +02:00,16522.23,12425.73
23.08.2022 11:00:00 +02:00,15442.34,12459.12
23.08.2022 12:00:00 +02:00,14854.32,12387.12
23.08.2022 13:00:00 +02:00,14609.24,12428.89
23.08.2022 14:00:00 +02:00,14751.80,12473.50
23.08.2022 15:00:00 +02:00,15473.72,12485.46
23.08.2022 16:00:00 +02:00,16462.33,12429.77
23.08.2022 17:00:00 +02:00,16895.52,12267.13
23.08.2022 18:00:00 +02:00,17041.41,12139.31
23.08.2022 19:00:00 +02:00,17115.56,12182.41
23.08.2022 20:00:00 +02:00,17089.79,12302.82
23.08.2022 21:00:00 +02:00,17137.92,12382.04
23.08.2022 22:00:00 +02:00,16547.89,12021.92
23.08.2022 23:00:00 +02:00,15882.50,11480.18
24.08.2022 00:00:00 +02:00,14111.09,10942.60
24.08.2022 01:00:00 +02:00,13464.32,10659.05
24.08.2022 02:00:00 +02:00,13230.94,10585.45
24.08.2022 03:00:00 +02:00,13124.86,10503.89
24.08.2022 04:00:00 +02:00,13257.05,10529.09
24.08.2022 05:00:00 +02:00,13895.65,10691.21
24.08.2022 06:00:00 +02:00,14947.76,11374.26
24.08.2022 07:00:00 +02:00,16630.45,12292.69
24.08.2022 08:00:00 +02:00,17552.25,12523.42
24.08.2022 09:00:00 +02:00,17272.51,12441.28
24.08.2022 10:00:00 +02:00,16047.15,12453.56
24.08.2022 11:00:00 +02:00,15351.90,12406.40
24.08.2022 12:00:00 +02:00,14774.46,12377.14
24.08.2022 13:00:00 +02:00,14666.33,12289.78
24.08.2022 14:00:00 +02:00,15225.21,12403.69
24.08.2022 15:00:00 +02:00,15471.14,12383.21
24.08.2022 16:00:00 +02:00,16698.16,12480.41
24.08.2022 17:00:00 +02:00,17189.88,12312.32
24.08.2022 18:00:00 +02:00,17194.67,12202.16
24.08.2022 19:00:00 +02:00,17420.09,12122.47
24.08.2022 20:00:00 +02:00,16988.22,12151.79
24.08.2022 21:00:00 +02:00,16808.41,12179.35
24.08.2022 22:00:00 +02:00,15685.90,11930.13
24.08.2022 23:00:00 +02:00,14592.44,11405.30
25.08.2022 00:00:00 +02:00,13119.33,10810.96
25.08.2022 01:00:00 +02:00,12376.98,10476.01
25.08.2022 02:00:00 +02:00,11989.40,10355.95
25.08.2022 03:00:00 +02:00,11652.64,10261.43
25.08.2022 04:00:00 +02:00,11597.35,10265.65
25.08.2022 05:00:00 +02:00,12255.52,10484.78
25.08.2022 06:00:00 +02:00,13996.46,11197.28
25.08.2022 07:00:00 +02:00,15901.54,12137.69
25.08.2022 08:00:00 +02:00,16877.12,12483.09
25.08.2022 09:00:00 +02:00,16881.81,12478.75
25.08.2022 10:00:00 +02:00,16310.41,12515.15
25.08.2022 11:00:00 +02:00,14998.65,12486.19
25.08.2022 12:00:00 +02:00,14565.52,12415.82
25.08.2022 13:00:00 +02:00,14429.60,12365.78
25.08.2022 14:00:00 +02:00,14570.70,12199.45
25.08.2022 15:00:00 +02:00,14928.82,12359.27
25.08.2022 16:00:00 +02:00,15411.46,12503.78
25.08.2022 17:00:00 +02:00,16417.06,12411.89
25.08.2022 18:00:00 +02:00,17465.10,12290.80
25.08.2022 19:00:00 +02:00,18026.97,12288.47
25.08.2022 20:00:00 +02:00,18128.63,12261.78
25.08.2022 21:00:00 +02:00,17443.69,12330.20
25.08.2022 22:00:00 +02:00,15870.34,12042.09
25.08.2022 23:00:00 +02:00,14395.34,11488.96
26.08.2022 00:00:00 +02:00,13112.91,11001.98
26.08.2022 01:00:00 +02:00,12746.98,10686.34
26.08.2022 02:00:00 +02:00,12649.85,10573.22
26.08.2022 03:00:00 +02:00,12434.93,10506.68
26.08.2022 04:00:00 +02:00,12542.09,10506.03
26.08.2022 05:00:00 +02:00,13205.94,10629.40
26.08.2022 06:00:00 +02:00,14913.40,11255.78
26.08.2022 07:00:00 +02:00,16795.33,12240.06
26.08.2022 08:00:00 +02:00,18328.53,12635.41
26.08.2022 09:00:00 +02:00,18216.36,12675.12
26.08.2022 10:00:00 +02:00,16911.95,12630.98
26.08.2022 11:00:00 +02:00,16785.50,12650.77
26.08.2022 12:00:00 +02:00,16574.95,12632.74
26.08.2022 13:00:00 +02:00,16047.80,12629.14
26.08.2022 14:00:00 +02:00,15716.48,12665.53
26.08.2022 15:00:00 +02:00,16276.53,12619.18
26.08.2022 16:00:00 +02:00,16449.95,12617.10
26.08.2022 17:00:00 +02:00,17235.17,12520.89
26.08.2022 18:00:00 +02:00,17724.28,12419.34
26.08.2022 19:00:00 +02:00,17874.39,12285.22
26.08.2022 20:00:00 +02:00,17395.16,12213.13
26.08.2022 21:00:00 +02:00,16948.78,12079.37
26.08.2022 22:00:00 +02:00,16364.40,11753.80
26.08.2022 23:00:00 +02:00,15244.18,11421.41
27.08.2022 00:00:00 +02:00,13795.71,11085.50
27.08.2022 01:00:00 +02:00,12764.80,10797.85
27.08.2022 02:00:00 +02:00,12238.71,10667.96
27.08.2022 03:00:00 +02:00,11855.15,10577.51
27.08.2022 04:00:00 +02:00,11899.03,10504.82
27.08.2022 05:00:00 +02:00,11981.67,10435.18
27.08.2022 06:00:00 +02:00,12426.63,10471.45
27.08.2022 07:00:00 +02:00,13338.58,10853.74
27.08.2022 08:00:00 +02:00,14494.68,11301.65
27.08.2022 09:00:00 +02:00,15282.91,11760.66
27.08.2022 10:00:00 +02:00,15501.29,11988.22
27.08.2022 11:00:00 +02:00,14465.45,11960.79
27.08.2022 12:00:00 +02:00,13882.48,11945.58
27.08.2022 13:00:00 +02:00,13044.06,11943.36
27.08.2022 14:00:00 +02:00,12723.03,11889.71
27.08.2022 15:00:00 +02:00,12184.45,11865.71
27.08.2022 16:00:00 +02:00,12866.67,11866.54
27.08.2022 17:00:00 +02:00,14046.21,11916.64
27.08.2022 18:00:00 +02:00,14983.55,11986.19
27.08.2022 19:00:00 +02:00,15609.76,11897.15
27.08.2022 20:00:00 +02:00,15521.52,11786.93
27.08.2022 21:00:00 +02:00,15449.43,11755.21
27.08.2022 22:00:00 +02:00,14356.67,11558.51
27.08.2022 23:00:00 +02:00,13037.34,11244.57
28.08.2022 00:00:00 +02:00,11568.80,10986.36
28.08.2022 01:00:00 +02:00,11164.12,10810.28
28.08.2022 02:00:00 +02:00,10712.74,10688.98
28.08.2022 03:00:00 +02:00,10526.68,10582.22
28.08.2022 04:00:00 +02:00,10570.34,10597.84
28.08.2022 05:00:00 +02:00,10560.89,10544.70
28.08.2022 06:00:00 +02:00,10325.81,10491.17
28.08.2022 07:00:00 +02:00,10479.18,10684.50
28.08.2022 08:00:00 +02:00,10556.84,11026.60
28.08.2022 09:00:00 +02:00,10484.54,11416.34
28.08.2022 10:00:00 +02:00,10207.91,11717.84
28.08.2022 11:00:00 +02:00,10602.29,11712.18
28.08.2022 12:00:00 +02:00,10650.14,11750.88
28.08.2022 13:00:00 +02:00,10273.73,11715.48
28.08.2022 14:00:00 +02:00,9943.76,11768.44
28.08.2022 15:00:00 +02:00,9350.71,11812.34
28.08.2022 16:00:00 +02:00,9254.04,11881.10
28.08.2022 17:00:00 +02:00,9974.50,11914.14
28.08.2022 18:00:00 +02:00,11316.29,11996.29
28.08.2022 19:00:00 +02:00,12571.41,12111.14
28.08.2022 20:00:00 +02:00,13214.48,12172.00
28.08.2022 21:00:00 +02:00,12810.69,12253.18
28.08.2022 22:00:00 +02:00,11992.16,11964.27
28.08.2022 23:00:00 +02:00,10929.22,11554.65
29.08.2022 00:00:00 +02:00,9874.78,11170.90
29.08.2022 01:00:00 +02:00,9172.72,10923.50
29.08.2022 02:00:00 +02:00,8829.22,10793.22
29.08.2022 03:00:00 +02:00,8795.06,10722.18
29.08.2022 04:00:00 +02:00,9267.74,10726.32
29.08.2022 05:00:00 +02:00,9887.60,10932.58
29.08.2022 06:00:00 +02:00,11855.05,11681.13
29.08.2022 07:00:00 +02:00,15132.54,12691.57
29.08.2022 08:00:00 +02:00,16292.73,13023.06
29.08.2022 09:00:00 +02:00,15267.20,12954.96
29.08.2022 10:00:00 +02:00,13638.48,13053.54
29.08.2022 11:00:00 +02:00,12349.27,12884.61
29.08.2022 12:00:00 +02:00,11314.88,12800.89
29.08.2022 13:00:00 +02:00,10879.53,12862.92
29.08.2022 14:00:00 +02:00,11085.48,12876.33
29.08.2022 15:00:00 +02:00,12280.20,12825.36
29.08.2022 16:00:00 +02:00,13707.93,12812.12
29.08.2022 17:00:00 +02:00,15485.80,12603.05
29.08.2022 18:00:00 +02:00,16796.84,12428.50
29.08.2022 19:00:00 +02:00,17530.60,12459.16
29.08.2022 20:00:00 +02:00,16959.68,12563.73
29.08.2022 21:00:00 +02:00,15915.83,12673.55
29.08.2022 22:00:00 +02:00,14841.13,12293.71
29.08.2022 23:00:00 +02:00,12419.48,11768.40
30.08.2022 00:00:00 +02:00,9884.70,11219.05
30.08.2022 01:00:00 +02:00,9112.73,10968.54
30.08.2022 02:00:00 +02:00,8842.97,10878.24
30.08.2022 03:00:00 +02:00,8575.14,10827.96
30.08.2022 04:00:00 +02:00,8860.55,10798.11
30.08.2022 05:00:00 +02:00,10247.79,11095.57
30.08.2022 06:00:00 +02:00,12583.59,11862.47
30.08.2022 07:00:00 +02:00,15033.78,12860.17
30.08.2022 08:00:00 +02:00,15113.70,13082.14
30.08.2022 09:00:00 +02:00,14124.14,13004.70
30.08.2022 10:00:00 +02:00,12412.79,12730.51
30.08.2022 11:00:00 +02:00,10733.08,12874.90
30.08.2022 12:00:00 +02:00,10107.49,12791.71
30.08.2022 13:00:00 +02:00,9938.43,12690.31
30.08.2022 14:00:00 +02:00,10017.67,12701.83
30.08.2022 15:00:00 +02:00,10493.57,12705.60
30.08.2022 16:00:00 +02:00,11449.46,12803.83
30.08.2022 17:00:00 +02:00,13570.32,12714.70
30.08.2022 18:00:00 +02:00,15234.44,12587.58
30.08.2022 19:00:00 +02:00,15739.02,12555.30
30.08.2022 20:00:00 +02:00,15027.81,12687.99
30.08.2022 21:00:00 +02:00,13480.89,12720.34
30.08.2022 22:00:00 +02:00,11392.97,12425.08
30.08.2022 23:00:00 +02:00,9940.71,11927.06
31.08.2022 00:00:00 +02:00,9209.62,11489.05
31.08.2022 01:00:00 +02:00,9222.46,11237.43
31.08.2022 02:00:00 +02:00,9365.58,11107.48
31.08.2022 03:00:00 +02:00,9138.86,11079.92
31.08.2022 04:00:00 +02:00,9439.09,11109.66
31.08.2022 05:00:00 +02:00,10223.02,11393.53
31.08.2022 06:00:00 +02:00,12317.57,12127.25
31.08.2022 07:00:00 +02:00,14442.38,13034.97
31.08.2022 08:00:00 +02:00,15198.86,13192.72
31.08.2022 09:00:00 +02:00,13788.43,13076.94
31.08.2022 10:00:00 +02:00,12409.68,12998.38
31.08.2022 11:00:00 +02:00,11288.26,12911.58
31.08.2022 12:00:00 +02:00,10322.61,12839.61
31.08.2022 13:00:00 +02:00,10357.23,12847.71
31.08.2022 14:00:00 +02:00,10484.49,12827.46
31.08.2022 15:00:00 +02:00,11220.52,12830.81
31.08.2022 16:00:00 +02:00,11617.93,12810.48
31.08.2022 17:00:00 +02:00,12934.31,12668.30
31.08.2022 18:00:00 +02:00,14083.63,12521.00
31.08.2022 19:00:00 +02:00,15062.22,12489.58
31.08.2022 20:00:00 +02:00,14292.62,12663.00
31.08.2022 21:00:00 +02:00,12496.89,12700.97
31.08.2022 22:00:00 +02:00,10971.57,12361.16
31.08.2022 23:00:00 +02:00,9767.48,11803.23
01.09.2022 00:00:00 +02:00,9166.41,11433.99
01.09.2022 01:00:00 +02:00,9030.60,11135.94
01.09.2022 02:00:00 +02:00,9144.36,11078.69
01.09.2022 03:00:00 +02:00,9153.90,11040.11
01.09.2022 04:00:00 +02:00,9227.84,11033.69
01.09.2022 05:00:00 +02:00,10089.69,11246.47
01.09.2022 06:00:00 +02:00,12477.25,11979.84
01.09.2022 07:00:00 +02:00,14736.68,13022.81
01.09.2022 08:00:00 +02:00,14920.88,13227.97
01.09.2022 09:00:00 +02:00,13467.54,13106.43
01.09.2022 10:00:00 +02:00,11931.70,12845.35
01.09.2022 11:00:00 +02:00,10331.28,12909.23
01.09.2022 12:00:00 +02:00,9706.64,12770.67
01.09.2022 13:00:00 +02:00,9526.11,12817.50
01.09.2022 14:00:00 +02:00,10244.75,12819.86
01.09.2022 15:00:00 +02:00,10707.49,12823.81
01.09.2022 16:00:00 +02:00,11452.11,12848.04
01.09.2022 17:00:00 +02:00,12685.06,12645.16
01.09.2022 18:00:00 +02:00,14053.17,12529.13
01.09.2022 19:00:00 +02:00,15340.79,12527.43
01.09.2022 20:00:00 +02:00,14788.52,12686.25
01.09.2022 21:00:00 +02:00,13116.64,12702.01
01.09.2022 22:00:00 +02:00,11069.28,12400.10
01.09.2022 23:00:00 +02:00,9577.96,11932.68
02.09.2022 00:00:00 +02:00,9251.77,11463.13
02.09.2022 01:00:00 +02:00,9144.36,11183.45
02.09.2022 02:00:00 +02:00,8981.72,11036.09
02.09.2022 03:00:00 +02:00,8967.77,11003.89
02.09.2022 04:00:00 +02:00,9015.35,11004.92
02.09.2022 05:00:00 +02:00,9900.49,11222.40
02.09.2022 06:00:00 +02:00,11303.00,11886.99
02.09.2022 07:00:00 +02:00,12798.68,12835.57
02.09.2022 08:00:00 +02:00,12909.13,12954.71
02.09.2022 09:00:00 +02:00,12006.16,13077.73
02.09.2022 10:00:00 +02:00,11004.99,13059.90
02.09.2022 11:00:00 +02:00,9718.26,13006.51
02.09.2022 12:00:00 +02:00,9232.73,12968.92
02.09.2022 13:00:00 +02:00,8884.89,12914.86
02.09.2022 14:00:00 +02:00,8817.07,12861.16
02.09.2022 15:00:00 +02:00,8907.51,12710.50
02.09.2022 16:00:00 +02:00,9110.09,12606.33
02.09.2022 17:00:00 +02:00,10419.18,12474.67
02.09.2022 18:00:00 +02:00,11173.73,12372.04
02.09.2022 19:00:00 +02:00,11372.57,12297.21
02.09.2022 20:00:00 +02:00,11131.18,12301.16
02.09.2022 21:00:00 +02:00,9817.65,12184.88
02.09.2022 22:00:00 +02:00,9321.81,11937.75
02.09.2022 23:00:00 +02:00,8856.71,11621.95
03.09.2022 00:00:00 +02:00,8542.56,11378.49
03.09.2022 01:00:00 +02:00,8444.89,11153.49
03.09.2022 02:00:00 +02:00,8400.21,10885.19
03.09.2022 03:00:00 +02:00,8286.00,10744.83
03.09.2022 04:00:00 +02:00,8422.56,10813.74
03.09.2022 05:00:00 +02:00,8452.02,10822.55
03.09.2022 06:00:00 +02:00,8701.12,10911.28
03.09.2022 07:00:00 +02:00,9357.02,11146.10
03.09.2022 08:00:00 +02:00,9802.16,11530.16
03.09.2022 09:00:00 +02:00,10022.06,12064.56
03.09.2022 10:00:00 +02:00,10494.55,12238.69
03.09.2022 11:00:00 +02:00,10008.94,12121.70
03.09.2022 12:00:00 +02:00,9898.71,12049.98
03.09.2022 13:00:00 +02:00,9356.04,11970.20
03.09.2022 14:00:00 +02:00,9098.65,11908.88
03.09.2022 15:00:00 +02:00,8822.63,11834.04
03.09.2022 16:00:00 +02:00,8741.72,11879.24
03.09.2022 17:00:00 +02:00,9612.05,11952.73
03.09.2022 18:00:00 +02:00,10298.52,12025.42
03.09.2022 19:00:00 +02:00,11215.94,12002.93
03.09.2022 20:00:00 +02:00,11618.90,11992.01
03.09.2022 21:00:00 +02:00,10702.65,11968.92
03.09.2022 22:00:00 +02:00,9489.22,11705.82
03.09.2022 23:00:00 +02:00,9074.77,11469.30
04.09.2022 00:00:00 +02:00,8803.09,11198.28
04.09.2022 01:00:00 +02:00,8845.55,10946.85
04.09.2022 02:00:00 +02:00,8921.88,10858.86
04.09.2022 03:00:00 +02:00,8903.04,10772.06
04.09.2022 04:00:00 +02:00,9125.63,10705.69
04.09.2022 05:00:00 +02:00,9143.57,10715.47
04.09.2022 06:00:00 +02:00,8960.88,10773.93
04.09.2022 07:00:00 +02:00,9185.23,10900.30
04.09.2022 08:00:00 +02:00,9382.55,11266.97
04.09.2022 09:00:00 +02:00,9407.92,11686.67
04.09.2022 10:00:00 +02:00,9486.10,11868.43
04.09.2022 11:00:00 +02:00,9154.11,11925.64
04.09.2022 12:00:00 +02:00,8604.48,11871.42
04.09.2022 13:00:00 +02:00,8719.29,11809.12
04.09.2022 14:00:00 +02:00,8844.75,11757.90
04.09.2022 15:00:00 +02:00,8927.63,11790.53
04.09.2022 16:00:00 +02:00,8988.20,11724.78
04.09.2022 17:00:00 +02:00,9427.38,11663.10
04.09.2022 18:00:00 +02:00,10516.47,11833.59
04.09.2022 19:00:00 +02:00,12258.26,11931.94
04.09.2022 20:00:00 +02:00,12592.37,12121.72
04.09.2022 21:00:00 +02:00,11520.21,12164.41
04.09.2022 22:00:00 +02:00,10702.59,11853.04
04.09.2022 23:00:00 +02:00,9934.45,11507.98
05.09.2022 00:00:00 +02:00,9913.39,11206.93
05.09.2022 01:00:00 +02:00,9602.80,10978.26
05.09.2022 02:00:00 +02:00,9649.86,10894.46
05.09.2022 03:00:00 +02:00,9533.46,10877.13
05.09.2022 04:00:00 +02:00,9500.98,10896.20
05.09.2022 05:00:00 +02:00,10161.14,11140.64
05.09.2022 06:00:00 +02:00,11430.65,11852.23
05.09.2022 07:00:00 +02:00,12965.07,12759.89
05.09.2022 08:00:00 +02:00,12855.19,13090.66
05.09.2022 09:00:00 +02:00,12224.41,13022.98
05.09.2022 10:00:00 +02:00,11591.95,13018.81
05.09.2022 11:00:00 +02:00,10801.58,12902.18
05.09.2022 12:00:00 +02:00,10469.01,12830.88
05.09.2022 13:00:00 +02:00,10681.87,12877.07
05.09.2022 14:00:00 +02:00,10408.33,12980.64
05.09.2022 15:00:00 +02:00,10556.59,12993.27
05.09.2022 16:00:00 +02:00,10674.12,12966.00
05.09.2022 17:00:00 +02:00,11736.40,12758.90
05.09.2022 18:00:00 +02:00,13123.49,12608.49
05.09.2022 19:00:00 +02:00,13939.76,12643.55
05.09.2022 20:00:00 +02:00,13114.09,12842.48
05.09.2022 21:00:00 +02:00,11625.07,12830.62
05.09.2022 22:00:00 +02:00,10257.09,12475.54
05.09.2022 23:00:00 +02:00,9755.42,12003.09
06.09.2022 00:00:00 +02:00,9514.26,11480.08
06.09.2022 01:00:00 +02:00,9589.59,11181.45
06.09.2022 02:00:00 +02:00,9468.32,11077.75
06.09.2022 03:00:00 +02:00,9507.18,11029.12
06.09.2022 04:00:00 +02:00,9711.29,11012.80
06.09.2022 05:00:00 +02:00,10168.19,11258.88
06.09.2022 06:00:00 +02:00,11720.70,12067.90
06.09.2022 07:00:00 +02:00,13777.50,13014.32
06.09.2022 08:00:00 +02:00,14027.28,13228.72
06.09.2022 09:00:00 +02:00,13059.60,13171.74
06.09.2022 10:00:00 +02:00,11574.99,12844.92
06.09.2022 11:00:00 +02:00,10813.64,12966.80
06.09.2022 12:00:00 +02:00,10398.09,12917.62
06.09.2022 13:00:00 +02:00,10433.58,12770.15
06.09.2022 14:00:00 +02:00,10753.97,12899.12
06.09.2022 15:00:00 +02:00,10485.89,12832.10
06.09.2022 16:00:00 +02:00,11604.81,12928.84
06.09.2022 17:00:00 +02:00,12828.15,12717.60
06.09.2022 18:00:00 +02:00,13932.98,12603.83
06.09.2022 19:00:00 +02:00,14087.18,12594.11
06.09.2022 20:00:00 +02:00,14016.87,12789.69
06.09.2022 21:00:00 +02:00,13182.78,12643.51
06.09.2022 22:00:00 +02:00,12155.02,12307.00
06.09.2022 23:00:00 +02:00,11236.03,11802.54
07.09.2022 00:00:00 +02:00,10188.76,11377.87
07.09.2022 01:00:00 +02:00,9724.15,11107.53
07.09.2022 02:00:00 +02:00,9795.50,10985.52
07.09.2022 03:00:00 +02:00,9896.37,10970.79
07.09.2022 04:00:00 +02:00,10066.04,10976.64
07.09.2022 05:00:00 +02:00,10614.34,11214.78
07.09.2022 06:00:00 +02:00,12673.40,12121.38
07.09.2022 07:00:00 +02:00,14690.65,13026.51
07.09.2022 08:00:00 +02:00,15072.54,13182.92
07.09.2022 09:00:00 +02:00,13587.12,13127.53
07.09.2022 10:00:00 +02:00,12476.00,12984.63
07.09.2022 11:00:00 +02:00,11997.53,12853.80
07.09.2022 12:00:00 +02:00,11376.83,12765.17
07.09.2022 13:00:00 +02:00,11059.71,12728.81
07.09.2022 14:00:00 +02:00,11171.02,12665.97
07.09.2022 15:00:00 +02:00,11587.44,12709.29
07.09.2022 16:00:00 +02:00,12980.73,12721.85
07.09.2022 17:00:00 +02:00,14802.01,12559.03
07.09.2022 18:00:00 +02:00,16150.55,12425.58
07.09.2022 19:00:00 +02:00,16882.12,12416.45
07.09.2022 20:00:00 +02:00,16196.37,12663.36
07.09.2022 21:00:00 +02:00,14762.18,12576.45
07.09.2022 22:00:00 +02:00,12930.74,12253.80
07.09.2022 23:00:00 +02:00,11533.67,11790.60
08.09.2022 00:00:00 +02:00,10950.14,11325.82
08.09.2022 01:00:00 +02:00,10718.21,11068.22
08.09.2022 02:00:00 +02:00,10548.64,10929.60
08.09.2022 03:00:00 +02:00,10346.33,10883.54
08.09.2022 04:00:00 +02:00,10395.79,10895.76
08.09.2022 05:00:00 +02:00,10791.69,11154.37
08.09.2022 06:00:00 +02:00,12771.73,11927.41
08.09.2022 07:00:00 +02:00,14760.97,12881.13
08.09.2022 08:00:00 +02:00,14626.15,13131.70
08.09.2022 09:00:00 +02:00,13437.98,12990.66
08.09.2022 10:00:00 +02:00,12836.35,12637.21
08.09.2022 11:00:00 +02:00,12094.69,12776.70
08.09.2022 12:00:00 +02:00,11244.36,12751.94
08.09.2022 13:00:00 +02:00,11167.90,12733.93
08.09.2022 14:00:00 +02:00,11278.45,12802.99
08.09.2022 15:00:00 +02:00,11051.49,12799.92
08.09.2022 16:00:00 +02:00,11532.78,12792.72
08.09.2022 17:00:00 +02:00,12630.14,12656.88
08.09.2022 18:00:00 +02:00,14365.25,12608.51
08.09.2022 19:00:00 +02:00,14836.82,12641.11
08.09.2022 20:00:00 +02:00,14544.20,12827.29
08.09.2022 21:00:00 +02:00,13170.48,12693.04
08.09.2022 22:00:00 +02:00,11156.15,12336.19
08.09.2022 23:00:00 +02:00,10585.03,11858.14
09.09.2022 00:00:00 +02:00,9879.09,11437.56
09.09.2022 01:00:00 +02:00,9750.06,11197.21
09.09.2022 02:00:00 +02:00,9681.46,11117.79
09.09.2022 03:00:00 +02:00,9615.06,11059.67
09.09.2022 04:00:00 +02:00,9558.40,10986.32
09.09.2022 05:00:00 +02:00,10310.99,11061.93
09.09.2022 06:00:00 +02:00,11530.66,11803.33
09.09.2022 07:00:00 +02:00,13582.63,12715.25
09.09.2022 08:00:00 +02:00,13539.89,13069.87
09.09.2022 09:00:00 +02:00,12926.83,13033.62
09.09.2022 10:00:00 +02:00,12352.27,13041.75
09.09.2022 11:00:00 +02:00,11729.90,12928.32
09.09.2022 12:00:00 +02:00,11803.68,12851.78
09.09.2022 13:00:00 +02:00,11718.65,12725.98
09.09.2022 14:00:00 +02:00,11126.06,12745.31
09.09.2022 15:00:00 +02:00,10539.59,12655.46
09.09.2022 16:00:00 +02:00,10750.33,12578.72
09.09.2022 17:00:00 +02:00,12056.33,12454.29
09.09.2022 18:00:00 +02:00,13157.38,12469.51
09.09.2022 19:00:00 +02:00,14077.25,12351.84
09.09.2022 20:00:00 +02:00,14012.00,12358.51
09.09.2022 21:00:00 +02:00,12553.59,12181.16
09.09.2022 22:00:00 +02:00,11557.70,11834.54
09.09.2022 23:00:00 +02:00,10586.84,11405.74
10.09.2022 00:00:00 +02:00,9982.18,11095.94
10.09.2022 01:00:00 +02:00,9537.12,10855.51
10.09.2022 02:00:00 +02:00,9495.13,10739.36
10.09.2022 03:00:00 +02:00,9223.24,10650.75
10.09.2022 04:00:00 +02:00,9300.60,10640.88
10.09.2022 05:00:00 +02:00,9237.63,10664.01
10.09.2022 06:00:00 +02:00,9910.30,10827.50
10.09.2022 07:00:00 +02:00,11036.63,11094.47
10.09.2022 08:00:00 +02:00,11870.18,11498.33
10.09.2022 09:00:00 +02:00,11675.32,11958.26
10.09.2022 10:00:00 +02:00,10834.06,12190.27
10.09.2022 11:00:00 +02:00,10130.56,12175.80
10.09.2022 12:00:00 +02:00,10136.03,12114.74
10.09.2022 13:00:00 +02:00,9432.44,12000.18
10.09.2022 14:00:00 +02:00,9108.03,11946.29
10.09.2022 15:00:00 +02:00,9152.02,11928.13
10.09.2022 16:00:00 +02:00,9959.27,11918.01
10.09.2022 17:00:00 +02:00,11603.24,11984.07
10.09.2022 18:00:00 +02:00,12861.64,12096.93
10.09.2022 19:00:00 +02:00,13205.66,12030.18
10.09.2022 20:00:00 +02:00,12736.38,12032.15
10.09.2022 21:00:00 +02:00,12129.96,11845.98
10.09.2022 22:00:00 +02:00,11824.27,11583.39
10.09.2022 23:00:00 +02:00,10989.60,11291.23
11.09.2022 00:00:00 +02:00,10140.35,11028.43
11.09.2022 01:00:00 +02:00,9513.90,10830.80
11.09.2022 02:00:00 +02:00,9386.70,10685.14
11.09.2022 03:00:00 +02:00,8908.65,10620.11
11.09.2022 04:00:00 +02:00,8975.27,10631.64
11.09.2022 05:00:00 +02:00,9050.89,10640.39
11.09.2022 06:00:00 +02:00,9165.98,10721.77
11.09.2022 07:00:00 +02:00,9584.05,10825.76
11.09.2022 08:00:00 +02:00,9669.27,11172.53
11.09.2022 09:00:00 +02:00,9863.88,11534.59
11.09.2022 10:00:00 +02:00,9725.58,11644.46
11.09.2022 11:00:00 +02:00,9555.36,11664.06
11.09.2022 12:00:00 +02:00,9183.05,11640.30
11.09.2022 13:00:00 +02:00,8850.17,11618.51
11.09.2022 14:00:00 +02:00,8788.26,11693.97
11.09.2022 15:00:00 +02:00,8863.39,11709.76
11.09.2022 16:00:00 +02:00,8931.80,11705.04
11.09.2022 17:00:00 +02:00,9975.36,11726.99
11.09.2022 18:00:00 +02:00,11053.50,11827.37
11.09.2022 19:00:00 +02:00,12391.88,11967.69
11.09.2022 20:00:00 +02:00,12981.04,12188.38
11.09.2022 21:00:00 +02:00,12233.35,12070.76
11.09.2022 22:00:00 +02:00,11068.57,11843.92
11.09.2022 23:00:00 +02:00,10351.88,11423.59
12.09.2022 00:00:00 +02:00,9747.70,11217.35
12.09.2022 01:00:00 +02:00,9383.14,10892.36
12.09.2022 02:00:00 +02:00,9359.22,10761.56
12.09.2022 03:00:00 +02:00,9423.70,10729.81
12.09.2022 04:00:00 +02:00,9455.34,10741.60
12.09.2022 05:00:00 +02:00,10267.09,10880.70
12.09.2022 06:00:00 +02:00,12345.84,11644.55
12.09.2022 07:00:00 +02:00,13906.68,12603.48
12.09.2022 08:00:00 +02:00,14160.93,12961.51
12.09.2022 09:00:00 +02:00,13372.10,12961.06
12.09.2022 10:00:00 +02:00,12434.08,12905.28
12.09.2022 11:00:00 +02:00,12125.91,12882.99
12.09.2022 12:00:00 +02:00,11829.71,12831.95
12.09.2022 13:00:00 +02:00,11642.85,12918.89
12.09.2022 14:00:00 +02:00,11287.48,12927.05
12.09.2022 15:00:00 +02:00,11606.10,12914.66
12.09.2022 16:00:00 +02:00,12285.56,12867.61
12.09.2022 17:00:00 +02:00,13737.62,12682.16
12.09.2022 18:00:00 +02:00,15533.86,12535.00
12.09.2022 19:00:00 +02:00,16029.56,12567.93
12.09.2022 20:00:00 +02:00,14524.45,12751.26
12.09.2022 21:00:00 +02:00,12844.19,12511.73
12.09.2022 22:00:00 +02:00,10496.12,12178.96
12.09.2022 23:00:00 +02:00,9194.81,11656.87
13.09.2022 00:00:00 +02:00,9698.01,11304.97
13.09.2022 01:00:00 +02:00,10410.17,11179.06
13.09.2022 02:00:00 +02:00,10151.43,11070.60
13.09.2022 03:00:00 +02:00,9157.38,10939.19
13.09.2022 04:00:00 +02:00,8205.25,10872.56
13.09.2022 05:00:00 +02:00,9165.70,11124.80
13.09.2022 06:00:00 +02:00,10613.64,11882.12
13.09.2022 07:00:00 +02:00,12431.58,12890.95
13.09.2022 08:00:00 +02:00,13280.13,13154.23
13.09.2022 09:00:00 +02:00,13156.74,13127.30
13.09.2022 10:00:00 +02:00,12548.42,13003.46
13.09.2022 11:00:00 +02:00,11489.66,12867.24
13.09.2022 12:00:00 +02:00,10652.07,12884.41
13.09.2022 13:00:00 +02:00,10501.97,12974.76
13.09.2022 14:00:00 +02:00,10658.07,13037.15
13.09.2022 15:00:00 +02:00,10632.43,12951.74
13.09.2022 16:00:00 +02:00,11132.94,13017.21
13.09.2022 17:00:00 +02:00,12685.40,12875.69
13.09.2022 18:00:00 +02:00,13651.28,12763.64
13.09.2022 19:00:00 +02:00,14865.03,12713.76
13.09.2022 20:00:00 +02:00,14582.73,12877.30
13.09.2022 21:00:00 +02:00,13399.42,12682.63
13.09.2022 22:00:00 +02:00,11946.18,12326.12
13.09.2022 23:00:00 +02:00,10585.42,11864.53
14.09.2022 00:00:00 +02:00,10022.16,11460.61
14.09.2022 01:00:00 +02:00,9813.92,11175.27
14.09.2022 02:00:00 +02:00,10055.08,11021.21
14.09.2022 03:00:00 +02:00,10340.10,10883.88
14.09.2022 04:00:00 +02:00,10195.11,10833.79
14.09.2022 05:00:00 +02:00,11026.84,11065.07
14.09.2022 06:00:00 +02:00,13666.18,11918.39
14.09.2022 07:00:00 +02:00,15845.20,12936.36
14.09.2022 08:00:00 +02:00,17221.99,13168.85
14.09.2022 09:00:00 +02:00,17471.38,13127.47
14.09.2022 10:00:00 +02:00,16788.50,13109.38
14.09.2022 11:00:00 +02:00,15916.17,12906.84
14.09.2022 12:00:00 +02:00,14488.31,12828.17
14.09.2022 13:00:00 +02:00,13419.19,12891.69
14.09.2022 14:00:00 +02:00,13152.02,12914.56
14.09.2022 15:00:00 +02:00,13407.92,12908.98
14.09.2022 16:00:00 +02:00,14167.24,12972.71
14.09.2022 17:00:00 +02:00,15597.41,12897.76
14.09.2022 18:00:00 +02:00,16058.99,12802.14
14.09.2022 19:00:00 +02:00,16638.77,12907.31
14.09.2022 20:00:00 +02:00,16057.64,13095.12
14.09.2022 21:00:00 +02:00,14905.72,12948.73
14.09.2022 22:00:00 +02:00,12969.28,12556.81
14.09.2022 23:00:00 +02:00,11548.05,12070.64
15.09.2022 00:00:00 +02:00,10344.25,11708.55
15.09.2022 01:00:00 +02:00,9939.06,11458.58
15.09.2022 02:00:00 +02:00,9907.52,11296.34
15.09.2022 03:00:00 +02:00,9897.43,11238.27
15.09.2022 04:00:00 +02:00,9814.85,11262.22
15.09.2022 05:00:00 +02:00,10661.35,11521.54
15.09.2022 06:00:00 +02:00,12465.56,12396.00
15.09.2022 07:00:00 +02:00,14559.10,13456.36
15.09.2022 08:00:00 +02:00,14949.15,13534.37
15.09.2022 09:00:00 +02:00,14442.52,13422.67
15.09.2022 10:00:00 +02:00,13151.09,13139.50
15.09.2022 11:00:00 +02:00,11843.75,13270.90
15.09.2022 12:00:00 +02:00,10868.62,13263.80
15.09.2022 13:00:00 +02:00,10617.34,13273.20
15.09.2022 14:00:00 +02:00,10876.53,13321.90
15.09.2022 15:00:00 +02:00,11000.33,13252.40
15.09.2022 16:00:00 +02:00,11208.47,13265.66
15.09.2022 17:00:00 +02:00,12153.60,13136.54
15.09.2022 18:00:00 +02:00,13587.17,13011.37
15.09.2022 19:00:00 +02:00,13999.77,13099.86
15.09.2022 20:00:00 +02:00,14058.09,13190.31
15.09.2022 21:00:00 +02:00,12875.50,13030.01
15.09.2022 22:00:00 +02:00,11679.61,12604.66
15.09.2022 23:00:00 +02:00,10744.01,12115.17
16.09.2022 00:00:00 +02:00,9321.67,11724.93
16.09.2022 01:00:00 +02:00,8453.62,11408.25
16.09.2022 02:00:00 +02:00,8339.48,11253.59
16.09.2022 03:00:00 +02:00,8298.85,11226.07
16.09.2022 04:00:00 +02:00,8477.00,11231.62
16.09.2022 05:00:00 +02:00,9628.00,11433.13
16.09.2022 06:00:00 +02:00,10962.25,12241.51
16.09.2022 07:00:00 +02:00,13066.54,13195.98
16.09.2022 08:00:00 +02:00,13336.06,13452.12
16.09.2022 09:00:00 +02:00,12744.29,13390.24
16.09.2022 10:00:00 +02:00,12361.30,13373.64
16.09.2022 11:00:00 +02:00,11560.51,13238.67
16.09.2022 12:00:00 +02:00,11872.80,13167.35
16.09.2022 13:00:00 +02:00,11859.77,13096.02
16.09.2022 14:00:00 +02:00,11712.01,13029.89
16.09.2022 15:00:00 +02:00,11389.98,12873.73
16.09.2022 16:00:00 +02:00,10836.57,12843.70
16.09.2022 17:00:00 +02:00,11017.97,12813.93
16.09.2022 18:00:00 +02:00,11313.00,12779.70
16.09.2022 19:00:00 +02:00,11911.59,12776.65
16.09.2022 20:00:00 +02:00,11581.22,12863.24
16.09.2022 21:00:00 +02:00,10984.84,12594.73
16.09.2022 22:00:00 +02:00,10616.76,12263.05
16.09.2022 23:00:00 +02:00,10117.17,11913.64
17.09.2022 00:00:00 +02:00,9653.12,11498.42
17.09.2022 01:00:00 +02:00,9518.64,11275.66
17.09.2022 02:00:00 +02:00,9249.75,11142.36
17.09.2022 03:00:00 +02:00,9459.16,11074.51
17.09.2022 04:00:00 +02:00,9181.52,11049.28
17.09.2022 05:00:00 +02:00,9287.21,11132.15
17.09.2022 06:00:00 +02:00,9439.03,11362.24
17.09.2022 07:00:00 +02:00,9610.08,11561.07
17.09.2022 08:00:00 +02:00,9445.92,11924.50
17.09.2022 09:00:00 +02:00,9928.20,12252.53
17.09.2022 10:00:00 +02:00,9722.21,12483.04
17.09.2022 11:00:00 +02:00,8895.43,12432.63
17.09.2022 12:00:00 +02:00,8796.75,12325.10
17.09.2022 13:00:00 +02:00,8109.02,12285.62
17.09.2022 14:00:00 +02:00,7921.03,12249.13
17.09.2022 15:00:00 +02:00,8148.24,12222.86
17.09.2022 16:00:00 +02:00,8599.61,12400.98
17.09.2022 17:00:00 +02:00,9252.19,12472.51
17.09.2022 18:00:00 +02:00,10363.60,12434.95
17.09.2022 19:00:00 +02:00,10571.22,12443.07
17.09.2022 20:00:00 +02:00,10630.53,12386.18
17.09.2022 21:00:00 +02:00,10226.82,12124.70
17.09.2022 22:00:00 +02:00,9656.31,11891.03
17.09.2022 23:00:00 +02:00,9476.66,11617.77
18.09.2022 00:00:00 +02:00,8772.28,11563.13
18.09.2022 01:00:00 +02:00,8903.15,11359.85
18.09.2022 02:00:00 +02:00,8588.51,11282.46
18.09.2022 03:00:00 +02:00,8601.40,11154.08
18.09.2022 04:00:00 +02:00,8713.09,11078.05
18.09.2022 05:00:00 +02:00,9034.23,11095.82
18.09.2022 06:00:00 +02:00,8417.91,11245.92
18.09.2022 07:00:00 +02:00,9208.77,11356.66
18.09.2022 08:00:00 +02:00,8926.81,11681.61
18.09.2022 09:00:00 +02:00,8950.31,11913.23
18.09.2022 10:00:00 +02:00,8851.21,11960.77
18.09.2022 11:00:00 +02:00,8693.41,12015.76
18.09.2022 12:00:00 +02:00,8707.60,12033.75
18.09.2022 13:00:00 +02:00,8613.42,11992.61
18.09.2022 14:00:00 +02:00,8785.20,12116.65
18.09.2022 15:00:00 +02:00,8983.20,12160.54
18.09.2022 16:00:00 +02:00,9022.63,12143.11
18.09.2022 17:00:00 +02:00,9284.61,12222.31
18.09.2022 18:00:00 +02:00,10063.96,12261.82
18.09.2022 19:00:00 +02:00,10484.98,12463.74
18.09.2022 20:00:00 +02:00,10188.98,12661.48
18.09.2022 21:00:00 +02:00,9685.93,12511.26
18.09.2022 22:00:00 +02:00,9490.11,12245.48
18.09.2022 23:00:00 +02:00,9308.73,11844.88
19.09.2022 00:00:00 +02:00,8759.21,11501.37
19.09.2022 01:00:00 +02:00,8699.35,11264.14
19.09.2022 02:00:00 +02:00,8548.53,11166.80
19.09.2022 03:00:00 +02:00,8532.00,11105.20
19.09.2022 04:00:00 +02:00,8587.49,11173.13
19.09.2022 05:00:00 +02:00,9471.73,11471.44
19.09.2022 06:00:00 +02:00,10780.69,12361.15
19.09.2022 07:00:00 +02:00,12014.10,13392.10
19.09.2022 08:00:00 +02:00,12283.90,13620.98
19.09.2022 09:00:00 +02:00,11655.13,13627.83
19.09.2022 10:00:00 +02:00,10871.53,13463.87
19.09.2022 11:00:00 +02:00,10315.20,13279.28
19.09.2022 12:00:00 +02:00,10205.80,13176.35
19.09.2022 13:00:00 +02:00,10035.05,12991.37
19.09.2022 14:00:00 +02:00,10239.45,13048.75
19.09.2022 15:00:00 +02:00,9837.08,12985.94
19.09.2022 16:00:00 +02:00,10365.81,13053.93
19.09.2022 17:00:00 +02:00,11110.01,12922.59
19.09.2022 18:00:00 +02:00,12518.89,12890.28
19.09.2022 19:00:00 +02:00,13705.68,13048.39
19.09.2022 20:00:00 +02:00,13301.54,13263.15
19.09.2022 21:00:00 +02:00,11839.27,13027.13
19.09.2022 22:00:00 +02:00,11018.82,12637.22
19.09.2022 23:00:00 +02:00,9980.60,12102.03
20.09.2022 00:00:00 +02:00,8286.60,11792.60
20.09.2022 01:00:00 +02:00,8143.17,11576.88
20.09.2022 02:00:00 +02:00,8077.17,11479.85
20.09.2022 03:00:00 +02:00,7563.10,11469.65
20.09.2022 04:00:00 +02:00,7666.90,11543.67
20.09.2022 05:00:00 +02:00,8466.61,11841.07
20.09.2022 06:00:00 +02:00,11173.78,12780.46
20.09.2022 07:00:00 +02:00,13578.41,13815.14
20.09.2022 08:00:00 +02:00,13778.41,14084.94
20.09.2022 09:00:00 +02:00,12962.97,13847.08
20.09.2022 10:00:00 +02:00,12023.46,13376.08
20.09.2022 11:00:00 +02:00,11117.97,13337.76
20.09.2022 12:00:00 +02:00,10514.61,13183.72
20.09.2022 13:00:00 +02:00,10844.92,13060.49
20.09.2022 14:00:00 +02:00,11245.30,13063.27
20.09.2022 15:00:00 +02:00,12009.57,12991.91
20.09.2022 16:00:00 +02:00,12715.32,12981.06
20.09.2022 17:00:00 +02:00,13955.08,12887.02
20.09.2022 18:00:00 +02:00,15521.36,12905.56
20.09.2022 19:00:00 +02:00,17268.16,13154.25
20.09.2022 20:00:00 +02:00,16996.74,13393.76
20.09.2022 21:00:00 +02:00,14763.43,13291.52
20.09.2022 22:00:00 +02:00,13555.49,12974.40
20.09.2022 23:00:00 +02:00,12233.42,12467.95
21.09.2022 00:00:00 +02:00,10784.85,12021.99
21.09.2022 01:00:00 +02:00,10459.09,11757.30
21.09.2022 02:00:00 +02:00,10573.91,11686.51
21.09.2022 03:00:00 +02:00,10569.45,11666.21
21.09.2022 04:00:00 +02:00,10536.87,11747.75
21.09.2022 05:00:00 +02:00,11140.47,12006.14
21.09.2022 06:00:00 +02:00,14298.03,12945.50
21.09.2022 07:00:00 +02:00,16641.69,13893.46
21.09.2022 08:00:00 +02:00,16835.97,14127.06
21.09.2022 09:00:00 +02:00,14883.01,14061.48
21.09.2022 10:00:00 +02:00,12391.58,13938.33
21.09.2022 11:00:00 +02:00,11423.03,13750.45
21.09.2022 12:00:00 +02:00,10993.06,13596.86
21.09.2022 13:00:00 +02:00,10789.85,13383.76
21.09.2022 14:00:00 +02:00,10954.20,13300.56
21.09.2022 15:00:00 +02:00,11311.42,13332.23
21.09.2022 16:00:00 +02:00,12133.71,13329.19
21.09.2022 17:00:00 +02:00,13490.65,13171.19
21.09.2022 18:00:00 +02:00,15678.74,13141.29
21.09.2022 19:00:00 +02:00,17131.41,13339.75
21.09.2022 20:00:00 +02:00,16478.51,13460.90
21.09.2022 21:00:00 +02:00,14324.93,13281.22
21.09.2022 22:00:00 +02:00,12584.28,12934.12
21.09.2022 23:00:00 +02:00,11748.78,12455.50
22.09.2022 00:00:00 +02:00,11028.05,11998.74
22.09.2022 01:00:00 +02:00,10554.76,11768.99
22.09.2022 02:00:00 +02:00,10713.83,11634.01
22.09.2022 03:00:00 +02:00,10791.72,11525.80
22.09.2022 04:00:00 +02:00,10913.24,11554.81
22.09.2022 05:00:00 +02:00,11960.61,11784.31
22.09.2022 06:00:00 +02:00,14691.19,12672.00
22.09.2022 07:00:00 +02:00,16960.76,13669.87
22.09.2022 08:00:00 +02:00,16621.29,13945.97
22.09.2022 09:00:00 +02:00,13992.72,13882.33
22.09.2022 10:00:00 +02:00,12518.97,13462.42
22.09.2022 11:00:00 +02:00,11906.91,13663.71
22.09.2022 12:00:00 +02:00,11274.75,13629.60
22.09.2022 13:00:00 +02:00,11208.95,13570.32
22.09.2022 14:00:00 +02:00,11737.66,13581.28
22.09.2022 15:00:00 +02:00,12528.98,13541.77
22.09.2022 16:00:00 +02:00,13271.53,13586.14
22.09.2022 17:00:00 +02:00,14949.52,13460.41
22.09.2022 18:00:00 +02:00,16037.87,13412.58
22.09.2022 19:00:00 +02:00,16252.42,13541.87
22.09.2022 20:00:00 +02:00,15319.18,13471.75
22.09.2022 21:00:00 +02:00,14549.41,13075.35
22.09.2022 22:00:00 +02:00,14227.06,12665.95
22.09.2022 23:00:00 +02:00,13456.91,12202.97
23.09.2022 00:00:00 +02:00,12140.74,11714.20
23.09.2022 01:00:00 +02:00,11647.33,11473.49
23.09.2022 02:00:00 +02:00,11486.42,11370.65
23.09.2022 03:00:00 +02:00,11170.61,11291.78
23.09.2022 04:00:00 +02:00,11156.89,11341.15
23.09.2022 05:00:00 +02:00,12057.30,11578.81
23.09.2022 06:00:00 +02:00,14012.90,12418.57
23.09.2022 07:00:00 +02:00,15618.92,13409.88
23.09.2022 08:00:00 +02:00,16044.36,13710.06
23.09.2022 09:00:00 +02:00,15221.27,13771.55
23.09.2022 10:00:00 +02:00,14181.15,13782.19
23.09.2022 11:00:00 +02:00,13424.29,13708.41
23.09.2022 12:00:00 +02:00,12866.22,13616.87
23.09.2022 13:00:00 +02:00,12316.68,13564.75
23.09.2022 14:00:00 +02:00,12431.88,13489.29
23.09.2022 15:00:00 +02:00,12748.42,13388.05
23.09.2022 16:00:00 +02:00,13842.59,13360.48
23.09.2022 17:00:00 +02:00,14415.23,13291.12
23.09.2022 18:00:00 +02:00,15363.07,13225.85
23.09.2022 19:00:00 +02:00,15832.59,13254.36
23.09.2022 20:00:00 +02:00,15039.95,13097.98
23.09.2022 21:00:00 +02:00,14075.91,12749.38
23.09.2022 22:00:00 +02:00,13808.22,12381.65
23.09.2022 23:00:00 +02:00,12705.32,12015.78
24.09.2022 00:00:00 +02:00,12108.96,11719.47
24.09.2022 01:00:00 +02:00,11534.02,11462.04
24.09.2022 02:00:00 +02:00,10787.07,11452.28
24.09.2022 03:00:00 +02:00,10671.01,11345.99
24.09.2022 04:00:00 +02:00,10458.11,11337.20
24.09.2022 05:00:00 +02:00,10701.77,11341.11
24.09.2022 06:00:00 +02:00,11512.94,11549.31
24.09.2022 07:00:00 +02:00,12893.45,11753.68
24.09.2022 08:00:00 +02:00,13709.30,12196.63
24.09.2022 09:00:00 +02:00,13819.56,12611.34
24.09.2022 10:00:00 +02:00,13526.50,12804.61
24.09.2022 11:00:00 +02:00,12683.10,12702.33
24.09.2022 12:00:00 +02:00,11306.42,12529.39
24.09.2022 13:00:00 +02:00,10859.03,12454.39
24.09.2022 14:00:00 +02:00,11045.20,12385.45
24.09.2022 15:00:00 +02:00,11767.36,12346.57
24.09.2022 16:00:00 +02:00,13027.63,12435.75
24.09.2022 17:00:00 +02:00,14519.99,12572.32
24.09.2022 18:00:00 +02:00,15489.98,12650.91
24.09.2022 19:00:00 +02:00,15958.41,12818.77
24.09.2022 20:00:00 +02:00,15678.48,12709.37
24.09.2022 21:00:00 +02:00,14582.32,12451.97
24.09.2022 22:00:00 +02:00,12856.61,12212.21
24.09.2022 23:00:00 +02:00,11342.67,11995.84
25.09.2022 00:00:00 +02:00,10611.44,11783.77
25.09.2022 01:00:00 +02:00,10049.94,11535.52
25.09.2022 02:00:00 +02:00,9708.13,11410.84
25.09.2022 03:00:00 +02:00,9592.95,11356.62
25.09.2022 04:00:00 +02:00,9643.88,11424.22
25.09.2022 05:00:00 +02:00,9709.67,11499.38
25.09.2022 06:00:00 +02:00,9853.12,11586.17
25.09.2022 07:00:00 +02:00,9824.70,11734.63
25.09.2022 08:00:00 +02:00,10268.54,12055.86
25.09.2022 09:00:00 +02:00,10834.04,12334.71
25.09.2022 10:00:00 +02:00,10758.70,12445.57
25.09.2022 11:00:00 +02:00,10903.42,12392.53
25.09.2022 12:00:00 +02:00,10294.64,12294.35
25.09.2022 13:00:00 +02:00,10139.75,12264.80
25.09.2022 14:00:00 +02:00,9961.71,12232.68
25.09.2022 15:00:00 +02:00,10031.31,12287.05
25.09.2022 16:00:00 +02:00,10935.14,12445.45
25.09.2022 17:00:00 +02:00,12455.29,12574.05
25.09.2022 18:00:00 +02:00,13596.20,12706.40
25.09.2022 19:00:00 +02:00,14743.88,12952.16
25.09.2022 20:00:00 +02:00,15363.20,12982.06
25.09.2022 21:00:00 +02:00,14676.79,12715.21
25.09.2022 22:00:00 +02:00,12800.52,12375.65
25.09.2022 23:00:00 +02:00,11255.51,12038.30
26.09.2022 00:00:00 +02:00,10183.89,11653.88
26.09.2022 01:00:00 +02:00,10195.79,11456.16
26.09.2022 02:00:00 +02:00,10160.66,11330.92
26.09.2022 03:00:00 +02:00,10089.79,11381.75
26.09.2022 04:00:00 +02:00,9820.87,11443.39
26.09.2022 05:00:00 +02:00,9982.90,11741.33
26.09.2022 06:00:00 +02:00,10957.33,12599.76
26.09.2022 07:00:00 +02:00,12474.16,13651.54
26.09.2022 08:00:00 +02:00,12279.25,13984.45
26.09.2022 09:00:00 +02:00,11826.46,13912.21
26.09.2022 10:00:00 +02:00,11607.68,13978.34
26.09.2022 11:00:00 +02:00,10941.34,13870.57
26.09.2022 12:00:00 +02:00,10683.08,13811.54
26.09.2022 13:00:00 +02:00,10653.39,13787.38
26.09.2022 14:00:00 +02:00,10805.45,13855.15
26.09.2022 15:00:00 +02:00,11195.03,13795.40
26.09.2022 16:00:00 +02:00,11764.23,13821.43
26.09.2022 17:00:00 +02:00,12164.49,13689.42
26.09.2022 18:00:00 +02:00,12419.62,13649.15
26.09.2022 19:00:00 +02:00,12988.17,13806.30
26.09.2022 20:00:00 +02:00,12465.80,13713.90
26.09.2022 21:00:00 +02:00,12194.23,13356.72
26.09.2022 22:00:00 +02:00,11965.62,12929.88
26.09.2022 23:00:00 +02:00,11025.95,12417.13
27.09.2022 00:00:00 +02:00,10220.01,11986.27
27.09.2022 01:00:00 +02:00,9877.73,11726.34
27.09.2022 02:00:00 +02:00,9756.92,11659.59
27.09.2022 03:00:00 +02:00,9777.15,11568.17
27.09.2022 04:00:00 +02:00,9924.61,11549.89
27.09.2022 05:00:00 +02:00,10683.87,11809.01
27.09.2022 06:00:00 +02:00,12354.38,12771.00
27.09.2022 07:00:00 +02:00,13600.63,13743.48
27.09.2022 08:00:00 +02:00,13706.49,13975.25
27.09.2022 09:00:00 +02:00,13514.28,13827.11
27.09.2022 10:00:00 +02:00,13445.39,13619.49
27.09.2022 11:00:00 +02:00,13450.31,13710.72
27.09.2022 12:00:00 +02:00,13369.83,13595.82
27.09.2022 13:00:00 +02:00,13032.17,13598.52
27.09.2022 14:00:00 +02:00,12979.30,13620.63
27.09.2022 15:00:00 +02:00,13037.98,13612.65
27.09.2022 16:00:00 +02:00,13239.51,13688.90
27.09.2022 17:00:00 +02:00,13730.64,13534.84
27.09.2022 18:00:00 +02:00,13719.09,13500.36
27.09.2022 19:00:00 +02:00,14407.01,13679.90
27.09.2022 20:00:00 +02:00,14467.01,13654.62
27.09.2022 21:00:00 +02:00,14160.50,13375.03
27.09.2022 22:00:00 +02:00,13094.58,12950.73
27.09.2022 23:00:00 +02:00,12498.35,12419.89
28.09.2022 00:00:00 +02:00,11906.90,11919.56
28.09.2022 01:00:00 +02:00,11568.77,11643.73
28.09.2022 02:00:00 +02:00,11499.85,11453.59
28.09.2022 03:00:00 +02:00,11432.04,11363.65
28.09.2022 04:00:00 +02:00,11441.49,11396.20
28.09.2022 05:00:00 +02:00,11869.63,11659.03
28.09.2022 06:00:00 +02:00,12999.51,12543.41
28.09.2022 07:00:00 +02:00,14254.42,13564.71
28.09.2022 08:00:00 +02:00,14741.19,13721.43
28.09.2022 09:00:00 +02:00,14777.50,13644.39
28.09.2022 10:00:00 +02:00,14604.50,13546.12
28.09.2022 11:00:00 +02:00,14155.68,13377.18
28.09.2022 12:00:00 +02:00,14075.43,13282.31
28.09.2022 13:00:00 +02:00,14370.79,13383.53
28.09.2022 14:00:00 +02:00,14439.24,13435.63
28.09.2022 15:00:00 +02:00,14318.05,13432.28
28.09.2022 16:00:00 +02:00,13706.06,13455.53
28.09.2022 17:00:00 +02:00,13912.19,13275.37
28.09.2022 18:00:00 +02:00,14220.84,13258.72
28.09.2022 19:00:00 +02:00,14666.15,13514.97
28.09.2022 20:00:00 +02:00,14253.81,13537.58
28.09.2022 21:00:00 +02:00,13644.35,13325.49
28.09.2022 22:00:00 +02:00,12909.62,12912.74
28.09.2022 23:00:00 +02:00,12355.55,12446.69
29.09.2022 00:00:00 +02:00,11775.18,11859.04
29.09.2022 01:00:00 +02:00,11515.87,11626.89
29.09.2022 02:00:00 +02:00,11750.50,11528.86
29.09.2022 03:00:00 +02:00,11802.47,11459.49
29.09.2022 04:00:00 +02:00,11291.47,11505.99
29.09.2022 05:00:00 +02:00,11599.66,11799.43
29.09.2022 06:00:00 +02:00,12577.97,12756.72
29.09.2022 07:00:00 +02:00,14277.64,13881.31
29.09.2022 08:00:00 +02:00,15665.24,14139.15
29.09.2022 09:00:00 +02:00,16111.90,14047.79
29.09.2022 10:00:00 +02:00,16028.01,13790.46
29.09.2022 11:00:00 +02:00,15592.39,13806.23
29.09.2022 12:00:00 +02:00,15092.64,13654.56
29.09.2022 13:00:00 +02:00,15215.44,13582.69
29.09.2022 14:00:00 +02:00,15039.92,13446.27
29.09.2022 15:00:00 +02:00,15222.03,13452.23
29.09.2022 16:00:00 +02:00,15384.45,13513.11
29.09.2022 17:00:00 +02:00,16289.75,13428.63
29.09.2022 18:00:00 +02:00,16626.01,13472.17
29.09.2022 19:00:00 +02:00,17073.95,13709.70
29.09.2022 20:00:00 +02:00,16705.46,13731.54
29.09.2022 21:00:00 +02:00,16055.14,13484.31
29.09.2022 22:00:00 +02:00,15212.51,13051.60
29.09.2022 23:00:00 +02:00,14065.20,12514.06
30.09.2022 00:00:00 +02:00,13550.14,12124.36
30.09.2022 01:00:00 +02:00,12984.62,11868.08
30.09.2022 02:00:00 +02:00,12883.53,11813.69
30.09.2022 03:00:00 +02:00,12898.03,11794.94
30.09.2022 04:00:00 +02:00,12978.56,11901.93
30.09.2022 05:00:00 +02:00,13484.45,12162.53
30.09.2022 06:00:00 +02:00,14914.04,13129.60
30.09.2022 07:00:00 +02:00,16697.88,14123.55
30.09.2022 08:00:00 +02:00,17530.91,14398.70
30.09.2022 09:00:00 +02:00,17380.22,14265.78
30.09.2022 10:00:00 +02:00,16847.72,14013.99
30.09.2022 11:00:00 +02:00,15754.72,13780.66
30.09.2022 12:00:00 +02:00,13930.86,13625.91
30.09.2022 13:00:00 +02:00,13300.14,13493.97
30.09.2022 14:00:00 +02:00,13115.91,13392.36
30.09.2022 15:00:00 +02:00,12981.76,13277.08
30.09.2022 16:00:00 +02:00,13256.88,13298.75
30.09.2022 17:00:00 +02:00,14137.95,13315.12
30.09.2022 18:00:00 +02:00,14169.63,13448.23
30.09.2022 19:00:00 +02:00,14579.01,13629.80
30.09.2022 20:00:00 +02:00,13766.15,13445.08
30.09.2022 21:00:00 +02:00,12664.13,13181.30
30.09.2022 22:00:00 +02:00,12326.46,12832.51
30.09.2022 23:00:00 +02:00,11732.95,12503.30
01.10.2022 00:00:00 +02:00,11150.39,12247.06
01.10.2022 01:00:00 +02:00,10906.44,11986.29
01.10.2022 02:00:00 +02:00,10689.15,11785.89
01.10.2022 03:00:00 +02:00,10141.78,11735.63
01.10.2022 04:00:00 +02:00,9785.23,11702.04
01.10.2022 05:00:00 +02:00,9451.53,11724.48
01.10.2022 06:00:00 +02:00,8960.99,11923.29
01.10.2022 07:00:00 +02:00,9574.26,12132.68
01.10.2022 08:00:00 +02:00,10088.94,12528.99
01.10.2022 09:00:00 +02:00,10722.69,12937.00
01.10.2022 10:00:00 +02:00,11019.44,13165.41
01.10.2022 11:00:00 +02:00,10893.36,13201.59
01.10.2022 12:00:00 +02:00,10364.54,13134.89
01.10.2022 13:00:00 +02:00,9969.62,13088.81
01.10.2022 14:00:00 +02:00,9557.05,12980.25
01.10.2022 15:00:00 +02:00,9722.39,12989.03
01.10.2022 16:00:00 +02:00,9777.66,13013.45
01.10.2022 17:00:00 +02:00,10324.73,13060.35
01.10.2022 18:00:00 +02:00,10774.85,13152.76
01.10.2022 19:00:00 +02:00,10578.15,13203.71
01.10.2022 20:00:00 +02:00,10349.53,12937.67
01.10.2022 21:00:00 +02:00,10180.43,12656.19
01.10.2022 22:00:00 +02:00,9905.97,12441.16
01.10.2022 23:00:00 +02:00,9447.51,12222.76
02.10.2022 00:00:00 +02:00,8534.07,11988.17
02.10.2022 01:00:00 +02:00,8220.02,11787.45
02.10.2022 02:00:00 +02:00,8254.95,11699.32
02.10.2022 03:00:00 +02:00,8264.87,11604.28
02.10.2022 04:00:00 +02:00,8086.70,11575.41
02.10.2022 05:00:00 +02:00,8455.11,11557.99
02.10.2022 06:00:00 +02:00,8442.39,11702.54
02.10.2022 07:00:00 +02:00,8802.58,11872.55
02.10.2022 08:00:00 +02:00,9424.31,12168.31
02.10.2022 09:00:00 +02:00,10163.00,12527.52
02.10.2022 10:00:00 +02:00,10262.68,12730.77
02.10.2022 11:00:00 +02:00,10198.69,12778.15
02.10.2022 12:00:00 +02:00,10333.48,12741.18
02.10.2022 13:00:00 +02:00,10040.62,12667.06
02.10.2022 14:00:00 +02:00,10032.65,12632.53
02.10.2022 15:00:00 +02:00,9903.20,12639.74
02.10.2022 16:00:00 +02:00,10698.16,12629.16
02.10.2022 17:00:00 +02:00,11693.98,12661.67
02.10.2022 18:00:00 +02:00,12713.10,12843.65
02.10.2022 19:00:00 +02:00,13384.92,13190.41
02.10.2022 20:00:00 +02:00,12652.80,13156.13
02.10.2022 21:00:00 +02:00,11361.88,12940.65
02.10.2022 22:00:00 +02:00,10658.50,12709.14
02.10.2022 23:00:00 +02:00,10665.84,12381.64
03.10.2022 00:00:00 +02:00,10493.07,12064.72
03.10.2022 01:00:00 +02:00,10215.18,11845.94
03.10.2022 02:00:00 +02:00,10037.34,11773.61
03.10.2022 03:00:00 +02:00,10195.44,11759.38
03.10.2022 04:00:00 +02:00,10310.81,11845.23
03.10.2022 05:00:00 +02:00,10713.45,12138.95
03.10.2022 06:00:00 +02:00,12456.50,13113.37
03.10.2022 07:00:00 +02:00,14246.22,14006.84
03.10.2022 08:00:00 +02:00,15085.58,14339.84
03.10.2022 09:00:00 +02:00,13854.58,14281.75
03.10.2022 10:00:00 +02:00,13036.90,14148.29
03.10.2022 11:00:00 +02:00,12319.48,13998.59
03.10.2022 12:00:00 +02:00,12017.92,13779.05
03.10.2022 13:00:00 +02:00,12015.15,13622.32
03.10.2022 14:00:00 +02:00,11938.72,13609.07
03.10.2022 15:00:00 +02:00,12424.26,13546.52
03.10.2022 16:00:00 +02:00,13162.93,13587.66
03.10.2022 17:00:00 +02:00,15069.80,13560.77
03.10.2022 18:00:00 +02:00,16754.55,13713.24
03.10.2022 19:00:00 +02:00,17397.85,14022.42
03.10.2022 20:00:00 +02:00,16897.40,13967.60
03.10.2022 21:00:00 +02:00,15842.43,13689.23
03.10.2022 22:00:00 +02:00,14926.40,13316.00
03.10.2022 23:00:00 +02:00,13939.72,12847.61
04.10.2022 00:00:00 +02:00,13087.05,12483.25
04.10.2022 01:00:00 +02:00,12851.20,12226.39
04.10.2022 02:00:00 +02:00,12836.82,12098.26
04.10.2022 03:00:00 +02:00,12748.57,12028.98
04.10.2022 04:00:00 +02:00,13251.32,12006.66
04.10.2022 05:00:00 +02:00,14089.67,12264.74
04.10.2022 06:00:00 +02:00,15939.33,13211.28
04.10.2022 07:00:00 +02:00,17475.00,14182.83
04.10.2022 08:00:00 +02:00,18012.76,14415.22
04.10.2022 09:00:00 +02:00,17799.29,14311.46
04.10.2022 10:00:00 +02:00,17380.34,13934.24
04.10.2022 11:00:00 +02:00,16553.91,14064.55
04.10.2022 12:00:00 +02:00,14293.14,14132.95
04.10.2022 13:00:00 +02:00,13957.28,14102.88
04.10.2022 14:00:00 +02:00,13964.33,14064.72
04.10.2022 15:00:00 +02:00,14317.64,14109.42
04.10.2022 16:00:00 +02:00,15006.69,14153.73
04.10.2022 17:00:00 +02:00,15574.42,14080.50
04.10.2022 18:00:00 +02:00,15901.41,13961.27
04.10.2022 19:00:00 +02:00,15823.06,14044.54
04.10.2022 20:00:00 +02:00,14535.07,13843.25
04.10.2022 21:00:00 +02:00,13338.91,13547.48
04.10.2022 22:00:00 +02:00,12004.37,13083.35
04.10.2022 23:00:00 +02:00,11293.21,12514.83
05.10.2022 00:00:00 +02:00,10764.67,12040.72
05.10.2022 01:00:00 +02:00,10827.94,11841.92
05.10.2022 02:00:00 +02:00,10378.48,11713.40
05.10.2022 03:00:00 +02:00,10340.68,11707.18
05.10.2022 04:00:00 +02:00,10106.86,11729.73
05.10.2022 05:00:00 +02:00,11110.35,11980.43
05.10.2022 06:00:00 +02:00,12888.11,12777.97
05.10.2022 07:00:00 +02:00,14249.21,13757.82
05.10.2022 08:00:00 +02:00,14968.88,13912.94
05.10.2022 09:00:00 +02:00,14371.57,13892.67
05.10.2022 10:00:00 +02:00,14462.94,13753.63
05.10.2022 11:00:00 +02:00,14903.23,13954.47
05.10.2022 12:00:00 +02:00,14337.63,14011.36
05.10.2022 13:00:00 +02:00,13820.40,13899.76
05.10.2022 14:00:00 +02:00,14202.53,14190.75
05.10.2022 15:00:00 +02:00,15263.29,14181.61
05.10.2022 16:00:00 +02:00,15511.81,14348.81
05.10.2022 17:00:00 +02:00,15235.79,14301.29
05.10.2022 18:00:00 +02:00,15378.58,14293.24
05.10.2022 19:00:00 +02:00,14850.97,14365.64
05.10.2022 20:00:00 +02:00,12996.84,14206.38
05.10.2022 21:00:00 +02:00,12175.73,13938.60
05.10.2022 22:00:00 +02:00,11369.48,13515.05
05.10.2022 23:00:00 +02:00,10743.03,13108.02
06.10.2022 00:00:00 +02:00,9649.83,12755.65
06.10.2022 01:00:00 +02:00,9866.43,12487.98
06.10.2022 02:00:00 +02:00,9388.37,12252.23
06.10.2022 03:00:00 +02:00,9451.54,12130.58
06.10.2022 04:00:00 +02:00,9272.56,12133.13
06.10.2022 05:00:00 +02:00,9774.73,12434.54
06.10.2022 06:00:00 +02:00,11921.11,13257.12
06.10.2022 07:00:00 +02:00,14386.75,14248.13
06.10.2022 08:00:00 +02:00,14565.63,14430.37
06.10.2022 09:00:00 +02:00,13893.48,14552.14
06.10.2022 10:00:00 +02:00,13268.07,14416.55
06.10.2022 11:00:00 +02:00,12591.63,14508.47
06.10.2022 12:00:00 +02:00,12184.00,13950.44
06.10.2022 13:00:00 +02:00,11949.96,14247.36
06.10.2022 14:00:00 +02:00,11564.17,14295.32
06.10.2022 15:00:00 +02:00,11468.05,14246.10
06.10.2022 16:00:00 +02:00,11832.25,14269.22
06.10.2022 17:00:00 +02:00,12594.22,14280.07
06.10.2022 18:00:00 +02:00,13240.68,14276.86
06.10.2022 19:00:00 +02:00,13454.13,14394.75
06.10.2022 20:00:00 +02:00,12621.24,14272.16
06.10.2022 21:00:00 +02:00,12047.37,14037.57
06.10.2022 22:00:00 +02:00,11453.87,13617.28
06.10.2022 23:00:00 +02:00,10839.04,13125.10
07.10.2022 00:00:00 +02:00,10804.10,12692.03
07.10.2022 01:00:00 +02:00,10648.01,12478.03
07.10.2022 02:00:00 +02:00,10085.71,12318.74
07.10.2022 03:00:00 +02:00,9922.28,12350.82
07.10.2022 04:00:00 +02:00,9672.30,12371.02
07.10.2022 05:00:00 +02:00,10074.32,12548.73
07.10.2022 06:00:00 +02:00,11442.54,13352.10
07.10.2022 07:00:00 +02:00,13436.30,14268.51
07.10.2022 08:00:00 +02:00,14003.34,14487.19
07.10.2022 09:00:00 +02:00,13801.24,14515.64
07.10.2022 10:00:00 +02:00,13721.98,14543.49
07.10.2022 11:00:00 +02:00,13079.30,14528.81
07.10.2022 12:00:00 +02:00,12482.10,14458.80
07.10.2022 13:00:00 +02:00,11951.73,14444.87
07.10.2022 14:00:00 +02:00,11940.91,14345.14
07.10.2022 15:00:00 +02:00,12501.92,14290.91
07.10.2022 16:00:00 +02:00,12947.59,14274.99
07.10.2022 17:00:00 +02:00,13267.48,14201.23
07.10.2022 18:00:00 +02:00,13272.34,14279.18
07.10.2022 19:00:00 +02:00,13329.64,14271.44
07.10.2022 20:00:00 +02:00,12929.04,13927.52
07.10.2022 21:00:00 +02:00,12282.29,13541.56
07.10.2022 22:00:00 +02:00,12272.73,13288.87
07.10.2022 23:00:00 +02:00,11734.39,12981.12
08.10.2022 00:00:00 +02:00,11343.69,12681.77
08.10.2022 01:00:00 +02:00,11133.78,12449.13
08.10.2022 02:00:00 +02:00,11060.21,12311.90
08.10.2022 03:00:00 +02:00,11365.54,12178.08
08.10.2022 04:00:00 +02:00,11767.98,12157.66
08.10.2022 05:00:00 +02:00,12275.94,12331.84
08.10.2022 06:00:00 +02:00,13194.06,12563.34
08.10.2022 07:00:00 +02:00,13853.64,12945.63
08.10.2022 08:00:00 +02:00,14147.22,13268.79
08.10.2022 09:00:00 +02:00,14493.48,13610.43
08.10.2022 10:00:00 +02:00,14730.44,13804.32
08.10.2022 11:00:00 +02:00,13868.39,13730.93
08.10.2022 12:00:00 +02:00,12788.48,13597.94
08.10.2022 13:00:00 +02:00,11728.58,13469.51
08.10.2022 14:00:00 +02:00,11533.07,13419.25
08.10.2022 15:00:00 +02:00,11693.35,13358.10
08.10.2022 16:00:00 +02:00,12778.13,13396.85
08.10.2022 17:00:00 +02:00,13967.37,13614.47
08.10.2022 18:00:00 +02:00,14355.85,13888.94
08.10.2022 19:00:00 +02:00,14171.62,14048.28
08.10.2022 20:00:00 +02:00,13695.99,13817.28
08.10.2022 21:00:00 +02:00,13399.77,13573.33
08.10.2022 22:00:00 +02:00,13657.38,13284.63
08.10.2022 23:00:00 +02:00,13404.52,12991.81
09.10.2022 00:00:00 +02:00,13543.11,12718.71
09.10.2022 01:00:00 +02:00,13435.68,12505.60
09.10.2022 02:00:00 +02:00,13374.92,12380.69
09.10.2022 03:00:00 +02:00,13602.40,12318.75
09.10.2022 04:00:00 +02:00,13777.86,12269.76
09.10.2022 05:00:00 +02:00,13971.36,12256.47
09.10.2022 06:00:00 +02:00,14153.62,12438.04
09.10.2022 07:00:00 +02:00,14676.39,12703.62
09.10.2022 08:00:00 +02:00,15862.47,12932.01
09.10.2022 09:00:00 +02:00,16351.94,13276.46
09.10.2022 10:00:00 +02:00,16080.94,13423.06
09.10.2022 11:00:00 +02:00,14956.58,13473.19
09.10.2022 12:00:00 +02:00,13984.92,13476.80
09.10.2022 13:00:00 +02:00,13530.28,13422.48
09.10.2022 14:00:00 +02:00,13367.88,13422.43
09.10.2022 15:00:00 +02:00,13740.99,13411.81
09.10.2022 16:00:00 +02:00,15802.56,13492.23
09.10.2022 17:00:00 +02:00,16961.33,13610.10
09.10.2022 18:00:00 +02:00,17362.33,13840.99
09.10.2022 19:00:00 +02:00,17272.94,13972.03
09.10.2022 20:00:00 +02:00,16180.02,13850.69
09.10.2022 21:00:00 +02:00,15402.42,13605.56
09.10.2022 22:00:00 +02:00,14516.56,13254.88
09.10.2022 23:00:00 +02:00,13393.52,12929.32
10.10.2022 00:00:00 +02:00,12507.89,12466.03
10.10.2022 01:00:00 +02:00,11916.24,12168.57
10.10.2022 02:00:00 +02:00,11930.48,12065.73
10.10.2022 03:00:00 +02:00,12056.98,11966.57
10.10.2022 04:00:00 +02:00,12276.28,11984.98
10.10.2022 05:00:00 +02:00,13448.02,12300.64
10.10.2022 06:00:00 +02:00,14678.27,13193.15
10.10.2022 07:00:00 +02:00,16070.26,14283.55
10.10.2022 08:00:00 +02:00,16785.63,14604.40
10.10.2022 09:00:00 +02:00,17229.98,14651.47
10.10.2022 10:00:00 +02:00,16871.00,14593.18
10.10.2022 11:00:00 +02:00,16082.35,14633.29
10.10.2022 12:00:00 +02:00,15088.45,14584.13
10.10.2022 13:00:00 +02:00,14935.18,14349.09
10.10.2022 14:00:00 +02:00,15231.52,14472.20
10.10.2022 15:00:00 +02:00,14832.13,14465.14
10.10.2022 16:00:00 +02:00,15099.76,14546.43
10.10.2022 17:00:00 +02:00,15528.98,14495.67
10.10.2022 18:00:00 +02:00,16099.00,14544.70
10.10.2022 19:00:00 +02:00,16263.96,14589.96
10.10.2022 20:00:00 +02:00,15879.97,14440.89
10.10.2022 21:00:00 +02:00,15587.29,14134.17
10.10.2022 22:00:00 +02:00,15153.82,13769.68
10.10.2022 23:00:00 +02:00,14125.64,13317.37
11.10.2022 00:00:00 +02:00,13914.18,12867.15
11.10.2022 01:00:00 +02:00,13701.12,12638.00
11.10.2022 02:00:00 +02:00,13608.07,12533.05
11.10.2022 03:00:00 +02:00,13728.28,12484.32
11.10.2022 04:00:00 +02:00,14346.91,12526.32
11.10.2022 05:00:00 +02:00,15480.14,12802.35
11.10.2022 06:00:00 +02:00,16709.30,13814.94
11.10.2022 07:00:00 +02:00,18036.84,14986.90
11.10.2022 08:00:00 +02:00,18209.31,15185.71
11.10.2022 09:00:00 +02:00,18120.65,15132.20
11.10.2022 10:00:00 +02:00,18058.67,14886.23
11.10.2022 11:00:00 +02:00,17634.96,14804.26
11.10.2022 12:00:00 +02:00,16953.01,14677.38
11.10.2022 13:00:00 +02:00,16404.07,14630.09
11.10.2022 14:00:00 +02:00,16051.79,14553.88
11.10.2022 15:00:00 +02:00,16427.39,14550.95
11.10.2022 16:00:00 +02:00,17196.60,14669.09
11.10.2022 17:00:00 +02:00,18170.44,14655.21
11.10.2022 18:00:00 +02:00,18026.45,14879.17
11.10.2022 19:00:00 +02:00,17922.88,15009.59
11.10.2022 20:00:00 +02:00,17427.92,14926.84
11.10.2022 21:00:00 +02:00,16676.25,14689.24
11.10.2022 22:00:00 +02:00,15842.48,14311.46
11.10.2022 23:00:00 +02:00,14946.78,13832.04
12.10.2022 00:00:00 +02:00,14682.30,13416.11
12.10.2022 01:00:00 +02:00,14357.34,13232.00
12.10.2022 02:00:00 +02:00,14450.11,13059.66
12.10.2022 03:00:00 +02:00,14385.05,12962.56
12.10.2022 04:00:00 +02:00,14765.71,13047.91
12.10.2022 05:00:00 +02:00,15125.37,13355.09
12.10.2022 06:00:00 +02:00,16408.47,14285.65
12.10.2022 07:00:00 +02:00,18405.12,15348.10
12.10.2022 08:00:00 +02:00,19108.38,15531.87
12.10.2022 09:00:00 +02:00,19219.58,15495.01
12.10.2022 10:00:00 +02:00,19482.80,15078.05
12.10.2022 11:00:00 +02:00,18069.96,15022.31
12.10.2022 12:00:00 +02:00,17746.13,14882.03
12.10.2022 13:00:00 +02:00,17500.17,14844.96
12.10.2022 14:00:00 +02:00,17333.16,14820.62
12.10.2022 15:00:00 +02:00,17876.21,14774.79
12.10.2022 16:00:00 +02:00,18035.42,14872.47
12.10.2022 17:00:00 +02:00,18159.80,14811.13
12.10.2022 18:00:00 +02:00,18257.51,14804.64
12.10.2022 19:00:00 +02:00,18172.45,14786.22
12.10.2022 20:00:00 +02:00,17727.43,14601.76
12.10.2022 21:00:00 +02:00,17306.07,14339.91
12.10.2022 22:00:00 +02:00,16795.91,13924.18
12.10.2022 23:00:00 +02:00,16098.56,13416.89
13.10.2022 00:00:00 +02:00,15229.85,12851.90
13.10.2022 01:00:00 +02:00,14718.12,12561.82
13.10.2022 02:00:00 +02:00,14407.78,12392.53
13.10.2022 03:00:00 +02:00,14319.59,12303.08
13.10.2022 04:00:00 +02:00,14050.35,12290.00
13.10.2022 05:00:00 +02:00,14522.73,12624.97
13.10.2022 06:00:00 +02:00,15889.09,13491.09
13.10.2022 07:00:00 +02:00,17367.85,14557.59
13.10.2022 08:00:00 +02:00,18097.97,14835.06
13.10.2022 09:00:00 +02:00,18242.34,14823.82
13.10.2022 10:00:00 +02:00,18386.36,14813.46
13.10.2022 11:00:00 +02:00,18470.97,14752.80
13.10.2022 12:00:00 +02:00,17820.15,14674.67
13.10.2022 13:00:00 +02:00,17271.05,14533.80
13.10.2022 14:00:00 +02:00,17487.82,14524.93
13.10.2022 15:00:00 +02:00,18020.78,14579.08
13.10.2022 16:00:00 +02:00,17991.39,14573.09
13.10.2022 17:00:00 +02:00,18507.92,14499.15
13.10.2022 18:00:00 +02:00,18818.45,14607.39
13.10.2022 19:00:00 +02:00,18642.74,14681.74
13.10.2022 20:00:00 +02:00,17575.76,14477.43
13.10.2022 21:00:00 +02:00,16956.98,14254.76
13.10.2022 22:00:00 +02:00,16522.22,13881.86
13.10.2022 23:00:00 +02:00,15753.64,13448.36
14.10.2022 00:00:00 +02:00,15217.27,12967.06
14.10.2022 01:00:00 +02:00,14768.99,12703.37
14.10.2022 02:00:00 +02:00,14835.21,12646.22
14.10.2022 03:00:00 +02:00,14706.60,12574.97
14.10.2022 04:00:00 +02:00,14565.32,12645.02
14.10.2022 05:00:00 +02:00,14845.55,12936.53
14.10.2022 06:00:00 +02:00,15824.30,13799.57
14.10.2022 07:00:00 +02:00,17422.71,14926.80
14.10.2022 08:00:00 +02:00,18087.54,15219.44
14.10.2022 09:00:00 +02:00,18756.39,15294.63
14.10.2022 10:00:00 +02:00,18984.02,15218.07
14.10.2022 11:00:00 +02:00,18765.69,15052.19
14.10.2022 12:00:00 +02:00,18148.45,14940.39
14.10.2022 13:00:00 +02:00,17464.33,14745.71
14.10.2022 14:00:00 +02:00,17083.67,14669.26
14.10.2022 15:00:00 +02:00,16846.40,14470.71
14.10.2022 16:00:00 +02:00,17255.36,14614.74
14.10.2022 17:00:00 +02:00,17773.25,14610.35
14.10.2022 18:00:00 +02:00,18466.12,14780.27
14.10.2022 19:00:00 +02:00,18484.87,14708.60
14.10.2022 20:00:00 +02:00,17919.66,14350.88
14.10.2022 21:00:00 +02:00,17029.75,13945.63
14.10.2022 22:00:00 +02:00,16779.42,13617.34
14.10.2022 23:00:00 +02:00,15973.41,13287.86
15.10.2022 00:00:00 +02:00,14959.59,13027.65
15.10.2022 01:00:00 +02:00,14233.53,12753.06
15.10.2022 02:00:00 +02:00,13998.44,12560.00
15.10.2022 03:00:00 +02:00,13196.75,12407.39
15.10.2022 04:00:00 +02:00,12978.49,12373.19
15.10.2022 05:00:00 +02:00,12821.03,12414.66
15.10.2022 06:00:00 +02:00,13246.39,12607.35
15.10.2022 07:00:00 +02:00,13473.47,12945.56
15.10.2022 08:00:00 +02:00,14439.20,13313.22
15.10.2022 09:00:00 +02:00,15102.34,13675.88
15.10.2022 10:00:00 +02:00,15203.83,13864.08
15.10.2022 11:00:00 +02:00,14755.34,13797.51
15.10.2022 12:00:00 +02:00,14046.12,13669.95
15.10.2022 13:00:00 +02:00,13338.61,13579.09
15.10.2022 14:00:00 +02:00,12933.79,13628.79
15.10.2022 15:00:00 +02:00,12741.68,13648.07
15.10.2022 16:00:00 +02:00,13203.27,13762.07
15.10.2022 17:00:00 +02:00,15097.34,13983.93
15.10.2022 18:00:00 +02:00,16236.84,14231.00
15.10.2022 19:00:00 +02:00,15859.48,14194.76
15.10.2022 20:00:00 +02:00,14380.58,13892.50
15.10.2022 21:00:00 +02:00,13471.14,13548.07
15.10.2022 22:00:00 +02:00,12677.08,13289.46
15.10.2022 23:00:00 +02:00,12095.45,13009.00
16.10.2022 00:00:00 +02:00,11960.09,12754.03
16.10.2022 01:00:00 +02:00,11883.15,12604.95
16.10.2022 02:00:00 +02:00,11745.19,12501.95
16.10.2022 03:00:00 +02:00,11690.99,12420.60
16.10.2022 04:00:00 +02:00,10898.29,12368.39
16.10.2022 05:00:00 +02:00,11116.02,12425.26
16.10.2022 06:00:00 +02:00,11324.00,12539.05
16.10.2022 07:00:00 +02:00,11463.39,12855.46
16.10.2022 08:00:00 +02:00,12376.24,13129.41
16.10.2022 09:00:00 +02:00,12434.50,13520.50
16.10.2022 10:00:00 +02:00,12626.27,13798.76
16.10.2022 11:00:00 +02:00,12090.72,13895.53
16.10.2022 12:00:00 +02:00,11878.76,13727.20
16.10.2022 13:00:00 +02:00,11211.46,13799.89
16.10.2022 14:00:00 +02:00,11496.19,13792.55
16.10.2022 15:00:00 +02:00,12481.03,13889.95
16.10.2022 16:00:00 +02:00,12950.60,13974.83
16.10.2022 17:00:00 +02:00,14566.52,14031.22
16.10.2022 18:00:00 +02:00,16512.60,14294.02
16.10.2022 19:00:00 +02:00,16892.48,14455.06
16.10.2022 20:00:00 +02:00,16470.70,14369.09
16.10.2022 21:00:00 +02:00,15249.39,14226.31
16.10.2022 22:00:00 +02:00,14645.43,13884.98
16.10.2022 23:00:00 +02:00,14195.65,13402.54
17.10.2022 00:00:00 +02:00,12440.74,13072.83
17.10.2022 01:00:00 +02:00,11771.16,12840.39
17.10.2022 02:00:00 +02:00,11284.75,12759.25
17.10.2022 03:00:00 +02:00,11293.38,12742.05
17.10.2022 04:00:00 +02:00,11510.99,12845.78
17.10.2022 05:00:00 +02:00,11881.72,13217.84
17.10.2022 06:00:00 +02:00,13283.40,14234.69
17.10.2022 07:00:00 +02:00,15546.48,15552.35
17.10.2022 08:00:00 +02:00,16252.15,15764.81
17.10.2022 09:00:00 +02:00,16438.49,15628.77
17.10.2022 10:00:00 +02:00,15845.46,14759.13
17.10.2022 11:00:00 +02:00,15782.78,15316.74
17.10.2022 12:00:00 +02:00,15524.28,15235.24
17.10.2022 13:00:00 +02:00,15780.30,15319.49
17.10.2022 14:00:00 +02:00,15362.95,15421.87
17.10.2022 15:00:00 +02:00,15916.93,15394.90
17.10.2022 16:00:00 +02:00,16625.68,15442.11
17.10.2022 17:00:00 +02:00,16461.48,15414.73
17.10.2022 18:00:00 +02:00,16169.62,15408.61
17.10.2022 19:00:00 +02:00,16250.31,15388.31
17.10.2022 20:00:00 +02:00,16474.67,15275.37
17.10.2022 21:00:00 +02:00,15854.34,14941.56
17.10.2022 22:00:00 +02:00,15265.66,14440.23
17.10.2022 23:00:00 +02:00,14551.01,13798.58
18.10.2022 00:00:00 +02:00,14139.06,13344.41
18.10.2022 01:00:00 +02:00,13929.51,13111.14
18.10.2022 02:00:00 +02:00,13922.43,12923.82
18.10.2022 03:00:00 +02:00,13834.65,12893.60
18.10.2022 04:00:00 +02:00,13619.58,12915.04
18.10.2022 05:00:00 +02:00,13853.43,13148.19
18.10.2022 06:00:00 +02:00,15670.03,14111.11
18.10.2022 07:00:00 +02:00,17864.92,15331.06
18.10.2022 08:00:00 +02:00,18887.24,15551.35
18.10.2022 09:00:00 +02:00,18915.30,15434.02
18.10.2022 10:00:00 +02:00,17940.53,14658.30
18.10.2022 11:00:00 +02:00,17251.41,15065.47
18.10.2022 12:00:00 +02:00,15971.48,14897.05
18.10.2022 13:00:00 +02:00,15749.50,14753.16
18.10.2022 14:00:00 +02:00,15582.92,14701.43
18.10.2022 15:00:00 +02:00,15778.24,14696.65
18.10.2022 16:00:00 +02:00,16456.16,14741.70
18.10.2022 17:00:00 +02:00,17631.29,14741.25
18.10.2022 18:00:00 +02:00,18457.61,14905.52
18.10.2022 19:00:00 +02:00,18511.11,14990.76
18.10.2022 20:00:00 +02:00,17977.16,14925.22
18.10.2022 21:00:00 +02:00,17806.02,14839.72
18.10.2022 22:00:00 +02:00,16281.96,14404.61
18.10.2022 23:00:00 +02:00,14526.41,13891.73
19.10.2022 00:00:00 +02:00,12919.35,13447.53
19.10.2022 01:00:00 +02:00,12384.43,13191.00
19.10.2022 02:00:00 +02:00,12495.30,13055.35
19.10.2022 03:00:00 +02:00,12583.84,13024.78
19.10.2022 04:00:00 +02:00,12561.43,13057.05
19.10.2022 05:00:00 +02:00,13528.30,13398.41
19.10.2022 06:00:00 +02:00,15060.82,14475.74
19.10.2022 07:00:00 +02:00,17050.02,15804.94
19.10.2022 08:00:00 +02:00,17401.98,16058.76
19.10.2022 09:00:00 +02:00,17716.70,16002.63
19.10.2022 10:00:00 +02:00,17340.52,15830.95
19.10.2022 11:00:00 +02:00,16364.17,15521.16
19.10.2022 12:00:00 +02:00,14644.39,15121.34
19.10.2022 13:00:00 +02:00,14189.69,15047.02
19.10.2022 14:00:00 +02:00,14304.68,14895.53
19.10.2022 15:00:00 +02:00,14366.53,14847.92
19.10.2022 16:00:00 +02:00,15450.66,14928.11
19.10.2022 17:00:00 +02:00,17059.95,14941.42
19.10.2022 18:00:00 +02:00,17625.28,15228.39
19.10.2022 19:00:00 +02:00,17457.73,15316.20
19.10.2022 20:00:00 +02:00,16139.96,15251.02
19.10.2022 21:00:00 +02:00,15029.95,15112.63
19.10.2022 22:00:00 +02:00,14157.60,14697.79
19.10.2022 23:00:00 +02:00,13453.87,14257.75
20.10.2022 00:00:00 +02:00,12592.56,13846.30
20.10.2022 01:00:00 +02:00,11869.57,13587.09
20.10.2022 02:00:00 +02:00,11363.61,13490.36
20.10.2022 03:00:00 +02:00,11316.85,13415.73
20.10.2022 04:00:00 +02:00,11501.95,13428.52
20.10.2022 05:00:00 +02:00,12674.95,13807.21
20.10.2022 06:00:00 +02:00,15007.46,14792.51
20.10.2022 07:00:00 +02:00,17400.41,15877.05
20.10.2022 08:00:00 +02:00,18095.59,16073.52
20.10.2022 09:00:00 +02:00,17613.41,15972.99
20.10.2022 10:00:00 +02:00,17041.72,15627.89
20.10.2022 11:00:00 +02:00,16131.86,15774.16
20.10.2022 12:00:00 +02:00,15181.29,15656.75
20.10.2022 13:00:00 +02:00,14965.16,15516.66
20.10.2022 14:00:00 +02:00,15509.53,15501.17
20.10.2022 15:00:00 +02:00,15989.20,15531.83
20.10.2022 16:00:00 +02:00,16302.41,15601.80
20.10.2022 17:00:00 +02:00,17531.01,15595.14
20.10.2022 18:00:00 +02:00,18751.11,15804.58
20.10.2022 19:00:00 +02:00,19117.29,15772.49
20.10.2022 20:00:00 +02:00,17932.29,15653.61
20.10.2022 21:00:00 +02:00,16195.10,15407.45
20.10.2022 22:00:00 +02:00,15473.37,14986.81
20.10.2022 23:00:00 +02:00,14611.01,14457.36
21.10.2022 00:00:00 +02:00,14452.88,13967.60
21.10.2022 01:00:00 +02:00,14220.93,13687.13
21.10.2022 02:00:00 +02:00,14188.13,13534.96
21.10.2022 03:00:00 +02:00,13881.76,13395.43
21.10.2022 04:00:00 +02:00,13847.90,13367.31
21.10.2022 05:00:00 +02:00,14863.92,13643.77
21.10.2022 06:00:00 +02:00,16876.67,14661.41
21.10.2022 07:00:00 +02:00,19109.52,15916.67
21.10.2022 08:00:00 +02:00,19867.72,16239.90
21.10.2022 09:00:00 +02:00,20078.71,16282.99
21.10.2022 10:00:00 +02:00,20119.75,16192.91
21.10.2022 11:00:00 +02:00,19940.00,16083.00
21.10.2022 12:00:00 +02:00,19630.22,15897.22
21.10.2022 13:00:00 +02:00,19063.39,15675.09
21.10.2022 14:00:00 +02:00,18569.30,15618.82
21.10.2022 15:00:00 +02:00,18607.12,15560.00
21.10.2022 16:00:00 +02:00,18933.15,15544.70
21.10.2022 17:00:00 +02:00,19731.77,15601.97
21.10.2022 18:00:00 +02:00,20155.80,15740.91
21.10.2022 19:00:00 +02:00,19188.87,15561.15
21.10.2022 20:00:00 +02:00,17684.67,15189.02
21.10.2022 21:00:00 +02:00,16772.93,14812.97
21.10.2022 22:00:00 +02:00,15997.24,14414.80
21.10.2022 23:00:00 +02:00,14968.79,14085.17
22.10.2022 00:00:00 +02:00,13747.42,13638.41
22.10.2022 01:00:00 +02:00,12654.47,13412.85
22.10.2022 02:00:00 +02:00,12077.07,13182.06
22.10.2022 03:00:00 +02:00,11774.54,13040.35
22.10.2022 04:00:00 +02:00,11734.02,13009.29
22.10.2022 05:00:00 +02:00,12070.77,13007.44
22.10.2022 06:00:00 +02:00,12583.95,13221.78
22.10.2022 07:00:00 +02:00,13784.00,13661.81
22.10.2022 08:00:00 +02:00,14406.18,14141.83
22.10.2022 09:00:00 +02:00,14566.03,14586.79
22.10.2022 10:00:00 +02:00,14022.54,14817.80
22.10.2022 11:00:00 +02:00,13334.59,14837.14
22.10.2022 12:00:00 +02:00,12717.97,14782.42
22.10.2022 13:00:00 +02:00,12445.59,14621.60
22.10.2022 14:00:00 +02:00,12527.85,14541.75
22.10.2022 15:00:00 +02:00,12517.72,14440.03
22.10.2022 16:00:00 +02:00,13067.80,14447.51
22.10.2022 17:00:00 +02:00,15137.10,14567.74
22.10.2022 18:00:00 +02:00,16161.38,14899.07
22.10.2022 19:00:00 +02:00,16068.26,14795.44
22.10.2022 20:00:00 +02:00,14794.43,14459.09
22.10.2022 21:00:00 +02:00,12914.23,14160.47
22.10.2022 22:00:00 +02:00,12115.01,13914.84
22.10.2022 23:00:00 +02:00,11114.16,13655.99
23.10.2022 00:00:00 +02:00,10219.36,13482.08
23.10.2022 01:00:00 +02:00,10092.09,13261.19
23.10.2022 02:00:00 +02:00,10059.16,13157.10
23.10.2022 03:00:00 +02:00,9545.33,13041.39
23.10.2022 04:00:00 +02:00,9380.82,12948.16
23.10.2022 05:00:00 +02:00,9556.00,12926.16
23.10.2022 06:00:00 +02:00,9995.03,13061.76
23.10.2022 07:00:00 +02:00,10523.60,13331.14
23.10.2022 08:00:00 +02:00,10899.54,13661.78
23.10.2022 09:00:00 +02:00,10956.30,14105.80
23.10.2022 10:00:00 +02:00,10958.36,14414.27
23.10.2022 11:00:00 +02:00,10864.12,14515.37
23.10.2022 12:00:00 +02:00,11015.19,14535.06
23.10.2022 13:00:00 +02:00,11030.27,14556.51
23.10.2022 14:00:00 +02:00,10959.69,14549.65
23.10.2022 15:00:00 +02:00,11230.62,14579.46
23.10.2022 16:00:00 +02:00,11464.90,14623.89
23.10.2022 17:00:00 +02:00,11523.72,14714.51
23.10.2022 18:00:00 +02:00,11631.87,14959.25
23.10.2022 19:00:00 +02:00,11915.23,14915.15
23.10.2022 20:00:00 +02:00,11828.41,14796.55
23.10.2022 21:00:00 +02:00,11613.58,14565.88
23.10.2022 22:00:00 +02:00,11708.82,14251.16
23.10.2022 23:00:00 +02:00,11470.09,13855.63
24.10.2022 00:00:00 +02:00,11437.26,13524.74
24.10.2022 01:00:00 +02:00,11306.64,13238.17
24.10.2022 02:00:00 +02:00,11196.57,13135.47
24.10.2022 03:00:00 +02:00,10889.33,13124.37
24.10.2022 04:00:00 +02:00,10754.69,13135.69
24.10.2022 05:00:00 +02:00,11263.11,13371.66
24.10.2022 06:00:00 +02:00,12468.71,14405.38
24.10.2022 07:00:00 +02:00,13884.99,15604.77
24.10.2022 08:00:00 +02:00,14633.94,15956.81
24.10.2022 09:00:00 +02:00,14048.29,15875.94
24.10.2022 10:00:00 +02:00,13876.19,15702.85
24.10.2022 11:00:00 +02:00,13633.77,15596.85
24.10.2022 12:00:00 +02:00,13609.08,15484.71
24.10.2022 13:00:00 +02:00,13368.83,15362.03
24.10.2022 14:00:00 +02:00,13428.30,15432.24
24.10.2022 15:00:00 +02:00,13376.68,15393.73
24.10.2022 16:00:00 +02:00,13143.95,15464.38
24.10.2022 17:00:00 +02:00,13895.54,15536.70
24.10.2022 18:00:00 +02:00,14457.73,15521.44
24.10.2022 19:00:00 +02:00,14458.23,15380.01
24.10.2022 20:00:00 +02:00,13927.25,15214.93
24.10.2022 21:00:00 +02:00,13268.28,14942.72
24.10.2022 22:00:00 +02:00,12470.06,14461.08
24.10.2022 23:00:00 +02:00,11951.88,13881.45
25.10.2022 00:00:00 +02:00,11479.97,13421.94
25.10.2022 01:00:00 +02:00,11120.56,13134.87
25.10.2022 02:00:00 +02:00,10528.59,12888.00
25.10.2022 03:00:00 +02:00,10172.71,12781.84
25.10.2022 04:00:00 +02:00,9884.55,12752.47
25.10.2022 05:00:00 +02:00,10345.10,13036.39
25.10.2022 06:00:00 +02:00,11621.95,14043.04
25.10.2022 07:00:00 +02:00,13500.62,15231.44
25.10.2022 08:00:00 +02:00,14321.40,15498.10
25.10.2022 09:00:00 +02:00,14183.63,15455.53
25.10.2022 10:00:00 +02:00,13852.29,15098.86
25.10.2022 11:00:00 +02:00,13975.29,15380.66
25.10.2022 12:00:00 +02:00,13579.15,15304.72
25.10.2022 13:00:00 +02:00,13667.43,15249.33
25.10.2022 14:00:00 +02:00,13566.12,15181.47
25.10.2022 15:00:00 +02:00,13676.46,15156.48
25.10.2022 16:00:00 +02:00,14630.91,15187.89
25.10.2022 17:00:00 +02:00,16188.54,15122.25
25.10.2022 18:00:00 +02:00,17422.21,15187.60
25.10.2022 19:00:00 +02:00,18395.70,15142.54
25.10.2022 20:00:00 +02:00,17234.24,15035.07
25.10.2022 21:00:00 +02:00,15761.20,14762.82
25.10.2022 22:00:00 +02:00,14279.05,14323.26
25.10.2022 23:00:00 +02:00,13425.55,13779.28
26.10.2022 00:00:00 +02:00,12459.17,13295.63
26.10.2022 01:00:00 +02:00,12217.31,12933.13
26.10.2022 02:00:00 +02:00,12213.15,12828.21
26.10.2022 03:00:00 +02:00,12179.11,12746.12
26.10.2022 04:00:00 +02:00,12277.35,12674.29
26.10.2022 05:00:00 +02:00,12992.81,12997.92
26.10.2022 06:00:00 +02:00,14950.54,14008.61
26.10.2022 07:00:00 +02:00,17260.08,15221.43
26.10.2022 08:00:00 +02:00,17780.76,15524.11
26.10.2022 09:00:00 +02:00,17185.35,15495.62
26.10.2022 10:00:00 +02:00,16350.99,15477.93
26.10.2022 11:00:00 +02:00,15497.67,15320.05
26.10.2022 12:00:00 +02:00,14791.92,15141.98
26.10.2022 13:00:00 +02:00,14852.43,15168.58
26.10.2022 14:00:00 +02:00,15024.01,15148.72
26.10.2022 15:00:00 +02:00,16095.03,15191.56
26.10.2022 16:00:00 +02:00,17296.51,15321.42
26.10.2022 17:00:00 +02:00,17770.38,15367.82
26.10.2022 18:00:00 +02:00,18010.67,15365.63
26.10.2022 19:00:00 +02:00,18136.02,15250.77
26.10.2022 20:00:00 +02:00,17133.85,15084.80
26.10.2022 21:00:00 +02:00,15136.01,14795.19
26.10.2022 22:00:00 +02:00,14163.09,14274.79
26.10.2022 23:00:00 +02:00,13699.21,13747.04
27.10.2022 00:00:00 +02:00,12321.69,12604.44
27.10.2022 01:00:00 +02:00,12320.62,12602.53
27.10.2022 02:00:00 +02:00,12320.62,12602.53
27.10.2022 03:00:00 +02:00,12320.62,12602.53
27.10.2022 04:00:00 +02:00,12320.62,12602.53
27.10.2022 05:00:00 +02:00,12320.62,12602.53
27.10.2022 06:00:00 +02:00,12320.62,12602.53
27.10.2022 07:00:00 +02:00,12320.62,12602.53
27.10.2022 08:00:00 +02:00,12320.62,12602.53
27.10.2022 09:00:00 +02:00,12320.62,12602.53
27.10.2022 10:00:00 +02:00,14051.52,13097.84
27.10.2022 11:00:00 +02:00,15611.92,14075.29
27.10.2022 12:00:00 +02:00,15325.63,14781.86
27.10.2022 13:00:00 +02:00,14991.38,14635.33
27.10.2022 14:00:00 +02:00,15549.58,14721.52
27.10.2022 15:00:00 +02:00,16831.52,14806.84
27.10.2022 16:00:00 +02:00,16905.94,14934.17
27.10.2022 17:00:00 +02:00,17225.67,15028.93
27.10.2022 18:00:00 +02:00,17707.32,15127.54
27.10.2022 19:00:00 +02:00,17812.61,15025.98
27.10.2022 20:00:00 +02:00,17168.51,14770.29
27.10.2022 21:00:00 +02:00,16547.99,14486.46
27.10.2022 22:00:00 +02:00,15558.56,14062.50
27.10.2022 23:00:00 +02:00,14011.74,13564.17
28.10.2022 00:00:00 +02:00,13563.33,13105.00
28.10.2022 01:00:00 +02:00,13096.94,12788.86
28.10.2022 02:00:00 +02:00,12996.39,12574.71
28.10.2022 03:00:00 +02:00,13330.24,12418.23
28.10.2022 04:00:00 +02:00,13257.70,12401.12
28.10.2022 05:00:00 +02:00,14138.82,12662.35
28.10.2022 06:00:00 +02:00,15987.14,13541.94
28.10.2022 07:00:00 +02:00,17331.04,14655.59
28.10.2022 08:00:00 +02:00,17508.60,15018.12
28.10.2022 09:00:00 +02:00,17606.98,14955.78
28.10.2022 10:00:00 +02:00,16941.21,14948.29
28.10.2022 11:00:00 +02:00,16321.75,14828.01
28.10.2022 12:00:00 +02:00,15754.56,14711.13
28.10.2022 13:00:00 +02:00,14801.03,14521.47
28.10.2022 14:00:00 +02:00,14435.93,14521.87
28.10.2022 15:00:00 +02:00,14670.10,14491.58
28.10.2022 16:00:00 +02:00,15087.22,14483.56
28.10.2022 17:00:00 +02:00,15608.96,14490.75
28.10.2022 18:00:00 +02:00,16060.95,14471.94
28.10.2022 19:00:00 +02:00,15913.53,14137.02
28.10.2022 20:00:00 +02:00,15786.37,13934.25
28.10.2022 21:00:00 +02:00,14882.19,13578.10
28.10.2022 22:00:00 +02:00,13790.41,13238.99
28.10.2022 23:00:00 +02:00,13317.18,12925.13
29.10.2022 00:00:00 +02:00,13078.40,12538.31
29.10.2022 01:00:00 +02:00,12831.04,12246.20
29.10.2022 02:00:00 +02:00,12231.58,12078.00
29.10.2022 03:00:00 +02:00,11883.14,11950.82
29.10.2022 04:00:00 +02:00,10907.70,11841.59
29.10.2022 05:00:00 +02:00,10811.78,11844.78
29.10.2022 06:00:00 +02:00,11020.48,11962.08
29.10.2022 07:00:00 +02:00,12294.03,12512.51
29.10.2022 08:00:00 +02:00,13647.77,12979.90
29.10.2022 09:00:00 +02:00,13597.44,13534.45
29.10.2022 10:00:00 +02:00,12859.14,13899.78
29.10.2022 11:00:00 +02:00,12531.48,14012.41
29.10.2022 12:00:00 +02:00,12002.85,13832.99
29.10.2022 13:00:00 +02:00,11627.63,13718.80
29.10.2022 14:00:00 +02:00,11171.81,13656.50
29.10.2022 15:00:00 +02:00,11496.89,13674.66
29.10.2022 16:00:00 +02:00,12990.61,13761.24
29.10.2022 17:00:00 +02:00,14877.90,13990.91
29.10.2022 18:00:00 +02:00,15716.89,14298.94
29.10.2022 19:00:00 +02:00,15532.24,14140.04
29.10.2022 20:00:00 +02:00,14771.26,13883.76
29.10.2022 21:00:00 +02:00,13993.99,13654.66
29.10.2022 22:00:00 +02:00,13118.34,13438.34
29.10.2022 23:00:00 +02:00,12294.93,13245.10
30.10.2022 00:00:00 +02:00,12285.40,13014.24
30.10.2022 01:00:00 +02:00,12039.91,12830.32
30.10.2022 02:00:00 +02:00,11745.59,12730.40
30.10.2022 02:00:00 +01:00,11638.66,12689.84
30.10.2022 03:00:00 +01:00,11752.44,12586.47
30.10.2022 04:00:00 +01:00,12207.72,12598.54
30.10.2022 05:00:00 +01:00,12747.56,12692.47
30.10.2022 06:00:00 +01:00,13372.39,12976.90
30.10.2022 07:00:00 +01:00,14159.24,13310.68
30.10.2022 08:00:00 +01:00,15047.29,13681.18
30.10.2022 09:00:00 +01:00,14668.30,14044.05
30.10.2022 10:00:00 +01:00,14371.20,14138.83
30.10.2022 11:00:00 +01:00,14419.99,14147.81
30.10.2022 12:00:00 +01:00,14378.61,14152.19
30.10.2022 13:00:00 +01:00,14470.66,14171.38
30.10.2022 14:00:00 +01:00,15216.10,14222.68
30.10.2022 15:00:00 +01:00,16223.48,14372.85
30.10.2022 16:00:00 +01:00,17790.24,14662.47
30.10.2022 17:00:00 +01:00,19056.94,14782.77
30.10.2022 18:00:00 +01:00,19242.11,14685.18
30.10.2022 19:00:00 +01:00,19025.01,14537.90
30.10.2022 20:00:00 +01:00,18606.15,14423.84
30.10.2022 21:00:00 +01:00,17818.43,14194.20
30.10.2022 22:00:00 +01:00,17288.79,13854.07
30.10.2022 23:00:00 +01:00,16072.65,13453.22
31.10.2022 00:00:00 +01:00,15896.08,13037.79
31.10.2022 01:00:00 +01:00,15565.90,12769.73
31.10.2022 02:00:00 +01:00,15363.29,12614.88
31.10.2022 03:00:00 +01:00,15292.02,12551.33
31.10.2022 04:00:00 +01:00,14806.21,12518.51
31.10.2022 05:00:00 +01:00,15486.63,12856.39
31.10.2022 06:00:00 +01:00,17569.10,13881.68
31.10.2022 07:00:00 +01:00,18316.08,15098.52
31.10.2022 08:00:00 +01:00,17745.63,15290.03
31.10.2022 09:00:00 +01:00,17244.08,15254.51
31.10.2022 10:00:00 +01:00,17170.01,15143.27
31.10.2022 11:00:00 +01:00,16868.58,15023.23
31.10.2022 12:00:00 +01:00,16861.60,14910.18
31.10.2022 13:00:00 +01:00,17038.73,14815.71
31.10.2022 14:00:00 +01:00,16714.73,14719.76
31.10.2022 15:00:00 +01:00,17649.31,14788.59
31.10.2022 16:00:00 +01:00,18367.37,15045.90
31.10.2022 17:00:00 +01:00,19071.46,15061.28
31.10.2022 18:00:00 +01:00,19275.04,14912.30
31.10.2022 19:00:00 +01:00,17776.00,14700.03
31.10.2022 20:00:00 +01:00,17048.45,14599.27
31.10.2022 21:00:00 +01:00,15714.93,14358.71
31.10.2022 22:00:00 +01:00,14874.19,13965.86
31.10.2022 23:00:00 +01:00,13823.43,13400.19
01.11.2022 00:00:00 +01:00,12722.16,12935.85
01.11.2022 01:00:00 +01:00,12453.70,12596.89
01.11.2022 02:00:00 +01:00,12216.92,12464.31
01.11.2022 03:00:00 +01:00,11859.18,12400.74
01.11.2022 04:00:00 +01:00,11926.28,12473.40
01.11.2022 05:00:00 +01:00,12735.89,12751.83
01.11.2022 06:00:00 +01:00,13537.05,13850.05
01.11.2022 07:00:00 +01:00,14257.85,15090.55
01.11.2022 08:00:00 +01:00,14720.84,15294.44
01.11.2022 09:00:00 +01:00,14585.50,15221.25
01.11.2022 10:00:00 +01:00,14655.90,14581.59
01.11.2022 11:00:00 +01:00,14499.18,15024.14
01.11.2022 12:00:00 +01:00,14392.17,14932.43
01.11.2022 13:00:00 +01:00,14580.37,14940.42
01.11.2022 14:00:00 +01:00,14248.73,14923.82
01.11.2022 15:00:00 +01:00,15107.62,15031.49
01.11.2022 16:00:00 +01:00,16199.63,15346.05
01.11.2022 17:00:00 +01:00,17391.81,15278.86
01.11.2022 18:00:00 +01:00,17900.38,15092.16
01.11.2022 19:00:00 +01:00,17039.96,14912.96
01.11.2022 20:00:00 +01:00,15564.81,14666.33
01.11.2022 21:00:00 +01:00,14733.97,14368.04
01.11.2022 22:00:00 +01:00,13930.22,13841.21
01.11.2022 23:00:00 +01:00,13084.12,13321.47
02.11.2022 00:00:00 +01:00,13029.56,12823.45
02.11.2022 01:00:00 +01:00,11773.56,12592.39
02.11.2022 02:00:00 +01:00,11385.26,12397.63
02.11.2022 03:00:00 +01:00,10676.92,12229.95
02.11.2022 04:00:00 +01:00,10794.65,12241.73
02.11.2022 05:00:00 +01:00,11537.04,12554.93
02.11.2022 06:00:00 +01:00,13257.75,13591.42
02.11.2022 07:00:00 +01:00,14398.42,14645.08
02.11.2022 08:00:00 +01:00,15012.05,14813.87
02.11.2022 09:00:00 +01:00,14617.07,14881.76
02.11.2022 10:00:00 +01:00,13940.10,14907.21
02.11.2022 11:00:00 +01:00,13881.64,14921.10
02.11.2022 12:00:00 +01:00,13371.01,14884.87
02.11.2022 13:00:00 +01:00,13749.94,14843.95
02.11.2022 14:00:00 +01:00,13854.02,14758.79
02.11.2022 15:00:00 +01:00,15058.19,14894.62
02.11.2022 16:00:00 +01:00,16392.82,15236.65
02.11.2022 17:00:00 +01:00,17842.60,15308.68
02.11.2022 18:00:00 +01:00,17568.43,15251.87
02.11.2022 19:00:00 +01:00,17269.29,15166.08
02.11.2022 20:00:00 +01:00,17049.78,15001.28
02.11.2022 21:00:00 +01:00,16503.08,14706.55
02.11.2022 22:00:00 +01:00,16023.42,14203.45
02.11.2022 23:00:00 +01:00,15327.37,13732.57
03.11.2022 00:00:00 +01:00,14084.66,13307.30
03.11.2022 01:00:00 +01:00,13372.42,13064.01
03.11.2022 02:00:00 +01:00,13235.12,12958.33
03.11.2022 03:00:00 +01:00,13399.62,12864.61
03.11.2022 04:00:00 +01:00,13497.06,12858.43
03.11.2022 05:00:00 +01:00,14072.01,13121.23
03.11.2022 06:00:00 +01:00,15677.97,14062.55
03.11.2022 07:00:00 +01:00,16786.74,15169.39
03.11.2022 08:00:00 +01:00,16823.45,15354.37
03.11.2022 09:00:00 +01:00,17131.58,15355.91
03.11.2022 10:00:00 +01:00,17494.51,15069.73
03.11.2022 11:00:00 +01:00,18148.92,15134.46
03.11.2022 12:00:00 +01:00,18163.36,14951.27
03.11.2022 13:00:00 +01:00,18055.21,14865.10
03.11.2022 14:00:00 +01:00,18351.33,14962.80
03.11.2022 15:00:00 +01:00,18483.17,15146.14
03.11.2022 16:00:00 +01:00,18918.83,15426.03
03.11.2022 17:00:00 +01:00,18910.64,15417.64
03.11.2022 18:00:00 +01:00,18528.37,15209.89
03.11.2022 19:00:00 +01:00,18240.52,15033.01
03.11.2022 20:00:00 +01:00,17800.29,14825.40
03.11.2022 21:00:00 +01:00,17204.63,14515.48
03.11.2022 22:00:00 +01:00,16496.15,14042.42
03.11.2022 23:00:00 +01:00,15377.79,13477.12
04.11.2022 00:00:00 +01:00,16015.39,13209.79
04.11.2022 01:00:00 +01:00,16116.73,12970.78
04.11.2022 02:00:00 +01:00,15987.17,12842.90
04.11.2022 03:00:00 +01:00,15741.43,12675.02
04.11.2022 04:00:00 +01:00,15751.21,12641.54
04.11.2022 05:00:00 +01:00,16500.43,12983.17
04.11.2022 06:00:00 +01:00,17916.75,13981.55
04.11.2022 07:00:00 +01:00,19090.36,15119.46
04.11.2022 08:00:00 +01:00,18867.22,15434.29
04.11.2022 09:00:00 +01:00,18683.78,15407.89
04.11.2022 10:00:00 +01:00,18452.89,15369.20
04.11.2022 11:00:00 +01:00,18230.47,15339.85
04.11.2022 12:00:00 +01:00,17888.11,15311.21
04.11.2022 13:00:00 +01:00,17747.98,15335.52
04.11.2022 14:00:00 +01:00,17501.44,15337.60
04.11.2022 15:00:00 +01:00,18022.85,15436.40
04.11.2022 16:00:00 +01:00,18521.26,15612.74
04.11.2022 17:00:00 +01:00,19742.52,15554.08
04.11.2022 18:00:00 +01:00,19671.49,15363.86
04.11.2022 19:00:00 +01:00,19723.00,15108.93
04.11.2022 20:00:00 +01:00,19346.13,14697.22
04.11.2022 21:00:00 +01:00,18687.96,14217.88
04.11.2022 22:00:00 +01:00,18059.15,13824.33
04.11.2022 23:00:00 +01:00,17504.57,13431.76
05.11.2022 00:00:00 +01:00,17474.35,13194.97
05.11.2022 01:00:00 +01:00,17388.98,12956.18
05.11.2022 02:00:00 +01:00,17016.08,12764.81
05.11.2022 03:00:00 +01:00,16589.19,12619.60
05.11.2022 04:00:00 +01:00,16347.25,12645.30
05.11.2022 05:00:00 +01:00,16471.66,12652.22
05.11.2022 06:00:00 +01:00,17157.21,12947.54
05.11.2022 07:00:00 +01:00,17546.62,13265.66
05.11.2022 08:00:00 +01:00,18212.09,13666.00
05.11.2022 09:00:00 +01:00,19086.94,14174.55
05.11.2022 10:00:00 +01:00,19501.75,14438.28
05.11.2022 11:00:00 +01:00,19639.90,14468.08
05.11.2022 12:00:00 +01:00,19430.46,14442.42
05.11.2022 13:00:00 +01:00,18749.06,14312.04
05.11.2022 14:00:00 +01:00,19194.56,14329.97
05.11.2022 15:00:00 +01:00,19261.60,14481.30
05.11.2022 16:00:00 +01:00,19802.09,14815.23
05.11.2022 17:00:00 +01:00,19724.81,15066.87
05.11.2022 18:00:00 +01:00,19190.64,14957.96
05.11.2022 19:00:00 +01:00,18395.66,14722.70
05.11.2022 20:00:00 +01:00,17780.58,14362.63
05.11.2022 21:00:00 +01:00,16996.43,14121.49
05.11.2022 22:00:00 +01:00,16786.48,13908.91
05.11.2022 23:00:00 +01:00,16526.13,13618.87
06.11.2022 00:00:00 +01:00,15497.76,13365.43
06.11.2022 01:00:00 +01:00,15393.34,13181.22
06.11.2022 02:00:00 +01:00,15030.83,13034.84
06.11.2022 03:00:00 +01:00,14725.08,12912.68
06.11.2022 04:00:00 +01:00,14611.70,12801.65
06.11.2022 05:00:00 +01:00,14665.40,12762.98
06.11.2022 06:00:00 +01:00,14864.08,12887.16
06.11.2022 07:00:00 +01:00,15191.70,13136.92
06.11.2022 08:00:00 +01:00,16075.56,13484.82
06.11.2022 09:00:00 +01:00,17249.16,13931.09
06.11.2022 10:00:00 +01:00,17965.02,14212.28
06.11.2022 11:00:00 +01:00,17616.79,14247.29
06.11.2022 12:00:00 +01:00,17746.88,14293.99
06.11.2022 13:00:00 +01:00,17714.51,14331.83
06.11.2022 14:00:00 +01:00,17767.71,14354.90
06.11.2022 15:00:00 +01:00,17985.18,14546.46
06.11.2022 16:00:00 +01:00,18589.48,14897.52
06.11.2022 17:00:00 +01:00,19310.52,15057.02
06.11.2022 18:00:00 +01:00,18885.33,15042.24
06.11.2022 19:00:00 +01:00,18778.68,14959.03
06.11.2022 20:00:00 +01:00,18098.64,14873.65
06.11.2022 21:00:00 +01:00,17269.05,14611.96
06.11.2022 22:00:00 +01:00,16634.44,14253.04
06.11.2022 23:00:00 +01:00,15263.56,13866.72
07.11.2022 00:00:00 +01:00,13303.17,13611.16
07.11.2022 01:00:00 +01:00,12457.34,13419.29
07.11.2022 02:00:00 +01:00,12424.93,13338.05
07.11.2022 03:00:00 +01:00,12244.81,13245.38
07.11.2022 04:00:00 +01:00,12089.55,13209.34
07.11.2022 05:00:00 +01:00,13685.78,13455.69
07.11.2022 06:00:00 +01:00,17178.01,14438.85
07.11.2022 07:00:00 +01:00,19270.32,15699.48
07.11.2022 08:00:00 +01:00,19879.56,16026.82
07.11.2022 09:00:00 +01:00,19639.59,15937.34
07.11.2022 10:00:00 +01:00,19524.44,15865.40
07.11.2022 11:00:00 +01:00,19148.06,15863.63
07.11.2022 12:00:00 +01:00,18997.26,15788.75
07.11.2022 13:00:00 +01:00,18959.22,15673.11
07.11.2022 14:00:00 +01:00,19273.76,15630.83
07.11.2022 15:00:00 +01:00,19766.93,15735.44
07.11.2022 16:00:00 +01:00,20343.39,16021.61
07.11.2022 17:00:00 +01:00,20481.71,16032.36
07.11.2022 18:00:00 +01:00,20257.25,15890.67
07.11.2022 19:00:00 +01:00,20117.00,15790.14
07.11.2022 20:00:00 +01:00,19766.77,15582.83
07.11.2022 21:00:00 +01:00,18843.19,15292.08
07.11.2022 22:00:00 +01:00,18011.44,14823.95
07.11.2022 23:00:00 +01:00,16966.77,14250.10
08.11.2022 00:00:00 +01:00,16149.11,13778.67
08.11.2022 01:00:00 +01:00,15558.60,13533.91
08.11.2022 02:00:00 +01:00,15169.26,13347.75
08.11.2022 03:00:00 +01:00,15085.86,13311.49
08.11.2022 04:00:00 +01:00,15365.32,13315.99
08.11.2022 05:00:00 +01:00,16293.55,13659.20
08.11.2022 06:00:00 +01:00,18760.60,14635.19
08.11.2022 07:00:00 +01:00,20762.13,15858.24
08.11.2022 08:00:00 +01:00,21481.90,16078.97
08.11.2022 09:00:00 +01:00,21497.24,16018.02
08.11.2022 10:00:00 +01:00,21011.62,15380.91
08.11.2022 11:00:00 +01:00,20483.60,15791.48
08.11.2022 12:00:00 +01:00,20347.29,15642.90
08.11.2022 13:00:00 +01:00,20117.90,15686.46
08.11.2022 14:00:00 +01:00,20165.91,15799.51
08.11.2022 15:00:00 +01:00,20531.02,15975.62
08.11.2022 16:00:00 +01:00,20669.12,16297.97
08.11.2022 17:00:00 +01:00,20471.87,16194.31
08.11.2022 18:00:00 +01:00,19753.18,15919.09
08.11.2022 19:00:00 +01:00,19637.62,15775.01
08.11.2022 20:00:00 +01:00,19482.85,15566.99
08.11.2022 21:00:00 +01:00,19341.30,15203.53
08.11.2022 22:00:00 +01:00,18481.48,14705.80
08.11.2022 23:00:00 +01:00,17816.75,14073.95
09.11.2022 00:00:00 +01:00,17303.25,13525.46
09.11.2022 01:00:00 +01:00,16863.16,13224.54
09.11.2022 02:00:00 +01:00,16756.63,12985.64
09.11.2022 03:00:00 +01:00,16496.70,12908.61
09.11.2022 04:00:00 +01:00,16483.44,12998.18
09.11.2022 05:00:00 +01:00,16857.66,13219.68
09.11.2022 06:00:00 +01:00,18414.50,14198.60
09.11.2022 07:00:00 +01:00,19702.59,15314.44
09.11.2022 08:00:00 +01:00,20121.61,15483.84
09.11.2022 09:00:00 +01:00,20342.51,15441.54
09.11.2022 10:00:00 +01:00,20533.37,15292.65
09.11.2022 11:00:00 +01:00,20557.28,15178.95
09.11.2022 12:00:00 +01:00,20490.85,15133.06
09.11.2022 13:00:00 +01:00,20598.62,15101.37
09.11.2022 14:00:00 +01:00,20924.34,15210.41
09.11.2022 15:00:00 +01:00,21580.99,15421.36
09.11.2022 16:00:00 +01:00,22362.74,15779.16
09.11.2022 17:00:00 +01:00,22491.22,15820.77
09.11.2022 18:00:00 +01:00,21752.86,15662.62
09.11.2022 19:00:00 +01:00,20973.21,15506.55
09.11.2022 20:00:00 +01:00,20851.55,15310.85
09.11.2022 21:00:00 +01:00,20324.29,15041.54
09.11.2022 22:00:00 +01:00,19826.92,14569.93
09.11.2022 23:00:00 +01:00,19314.13,14092.56
10.11.2022 00:00:00 +01:00,18831.09,13597.63
10.11.2022 01:00:00 +01:00,18525.82,13339.03
10.11.2022 02:00:00 +01:00,18372.68,13197.25
10.11.2022 03:00:00 +01:00,17758.14,13131.61
10.11.2022 04:00:00 +01:00,17548.64,13258.91
10.11.2022 05:00:00 +01:00,17685.84,13544.11
10.11.2022 06:00:00 +01:00,19621.84,14590.55
10.11.2022 07:00:00 +01:00,20782.95,15839.79
10.11.2022 08:00:00 +01:00,20988.73,16023.79
10.11.2022 09:00:00 +01:00,20922.78,15954.80
10.11.2022 10:00:00 +01:00,20889.97,15229.28
10.11.2022 11:00:00 +01:00,20501.26,15629.42
10.11.2022 12:00:00 +01:00,20776.64,15745.64
10.11.2022 13:00:00 +01:00,20376.68,15693.39
10.11.2022 14:00:00 +01:00,20188.59,15758.09
10.11.2022 15:00:00 +01:00,19987.53,15888.84
10.11.2022 16:00:00 +01:00,20052.97,16105.57
10.11.2022 17:00:00 +01:00,19789.50,15970.19
10.11.2022 18:00:00 +01:00,19031.07,15692.28
10.11.2022 19:00:00 +01:00,18237.38,15451.03
10.11.2022 20:00:00 +01:00,17136.39,15229.18
10.11.2022 21:00:00 +01:00,16416.13,15023.70
10.11.2022 22:00:00 +01:00,15570.87,14540.88
10.11.2022 23:00:00 +01:00,14852.75,13995.35
11.11.2022 00:00:00 +01:00,14656.73,13620.61
11.11.2022 01:00:00 +01:00,13430.53,13289.35
11.11.2022 02:00:00 +01:00,12381.48,13055.51
11.11.2022 03:00:00 +01:00,11947.44,12922.93
11.11.2022 04:00:00 +01:00,11848.03,12946.90
11.11.2022 05:00:00 +01:00,12351.70,13099.53
11.11.2022 06:00:00 +01:00,15156.51,14057.43
11.11.2022 07:00:00 +01:00,18135.94,15236.26
11.11.2022 08:00:00 +01:00,18422.97,15385.91
11.11.2022 09:00:00 +01:00,18426.98,15361.41
11.11.2022 10:00:00 +01:00,18612.83,15266.52
11.11.2022 11:00:00 +01:00,18308.22,15204.70
11.11.2022 12:00:00 +01:00,17475.44,15016.59
11.11.2022 13:00:00 +01:00,16925.43,14968.57
11.11.2022 14:00:00 +01:00,16921.62,14997.58
11.11.2022 15:00:00 +01:00,17179.73,15007.93
11.11.2022 16:00:00 +01:00,17634.73,15240.85
11.11.2022 17:00:00 +01:00,17826.86,15285.81
11.11.2022 18:00:00 +01:00,17834.42,15168.63
11.11.2022 19:00:00 +01:00,17218.79,14899.82
11.11.2022 20:00:00 +01:00,16599.04,14542.08
11.11.2022 21:00:00 +01:00,15892.71,14171.31
11.11.2022 22:00:00 +01:00,14796.84,13789.24
11.11.2022 23:00:00 +01:00,14157.60,13347.66
12.11.2022 00:00:00 +01:00,14703.98,13076.14
12.11.2022 01:00:00 +01:00,14711.40,12743.57
12.11.2022 02:00:00 +01:00,14758.33,12526.51
12.11.2022 03:00:00 +01:00,14782.32,12354.88
12.11.2022 04:00:00 +01:00,14945.50,12405.43
12.11.2022 05:00:00 +01:00,14839.33,12440.16
12.11.2022 06:00:00 +01:00,15146.30,12659.32
12.11.2022 07:00:00 +01:00,15821.46,13106.22
12.11.2022 08:00:00 +01:00,15898.52,13469.82
12.11.2022 09:00:00 +01:00,16605.51,13967.18
12.11.2022 10:00:00 +01:00,17801.04,14232.19
12.11.2022 11:00:00 +01:00,18167.81,14199.80
12.11.2022 12:00:00 +01:00,17981.85,14032.52
12.11.2022 13:00:00 +01:00,17846.93,13942.43
12.11.2022 14:00:00 +01:00,18111.86,13925.14
12.11.2022 15:00:00 +01:00,18635.02,14129.25
12.11.2022 16:00:00 +01:00,20002.16,14660.93
12.11.2022 17:00:00 +01:00,20162.90,14937.11
12.11.2022 18:00:00 +01:00,19753.74,14853.67
12.11.2022 19:00:00 +01:00,18824.16,14610.11
12.11.2022 20:00:00 +01:00,18560.81,14288.84
12.11.2022 21:00:00 +01:00,18600.85,14037.24
12.11.2022 22:00:00 +01:00,18381.59,13778.67
12.11.2022 23:00:00 +01:00,18143.97,13505.45
13.11.2022 00:00:00 +01:00,17494.76,13178.80
13.11.2022 01:00:00 +01:00,17470.77,12923.56
13.11.2022 02:00:00 +01:00,17785.00,12761.01
13.11.2022 03:00:00 +01:00,17980.27,12674.44
13.11.2022 04:00:00 +01:00,18082.17,12584.67
13.11.2022 05:00:00 +01:00,18581.12,12575.62
13.11.2022 06:00:00 +01:00,18662.73,12709.90
13.11.2022 07:00:00 +01:00,18826.51,12985.20
13.11.2022 08:00:00 +01:00,19373.10,13327.90
13.11.2022 09:00:00 +01:00,20351.88,13784.33
13.11.2022 10:00:00 +01:00,21105.69,14085.36
13.11.2022 11:00:00 +01:00,21536.91,14231.88
13.11.2022 12:00:00 +01:00,21640.33,14298.13
13.11.2022 13:00:00 +01:00,21526.77,14317.00
13.11.2022 14:00:00 +01:00,21744.97,14435.22
13.11.2022 15:00:00 +01:00,22067.46,14617.09
13.11.2022 16:00:00 +01:00,22315.96,14859.84
13.11.2022 17:00:00 +01:00,22322.98,14915.34
13.11.2022 18:00:00 +01:00,21535.00,14797.19
13.11.2022 19:00:00 +01:00,20850.44,14720.57
13.11.2022 20:00:00 +01:00,20533.20,14646.62
13.11.2022 21:00:00 +01:00,20062.43,14409.61
13.11.2022 22:00:00 +01:00,19644.82,13999.33
13.11.2022 23:00:00 +01:00,19200.68,13610.48
14.11.2022 00:00:00 +01:00,18790.24,13208.10
14.11.2022 01:00:00 +01:00,18503.33,12852.39
14.11.2022 02:00:00 +01:00,18368.77,12780.41
14.11.2022 03:00:00 +01:00,18331.29,12686.24
14.11.2022 04:00:00 +01:00,18470.15,12720.98
14.11.2022 05:00:00 +01:00,18949.50,13067.63
14.11.2022 06:00:00 +01:00,20210.25,14100.05
14.11.2022 07:00:00 +01:00,21168.34,15314.35
14.11.2022 08:00:00 +01:00,21406.24,15689.51
14.11.2022 09:00:00 +01:00,21285.45,15507.41
14.11.2022 10:00:00 +01:00,21239.91,15510.21
14.11.2022 11:00:00 +01:00,21245.84,15394.58
14.11.2022 12:00:00 +01:00,21432.54,15352.40
14.11.2022 13:00:00 +01:00,21601.23,15350.70
14.11.2022 14:00:00 +01:00,21888.67,15466.07
14.11.2022 15:00:00 +01:00,22035.36,15635.43
14.11.2022 16:00:00 +01:00,22042.55,15931.06
14.11.2022 17:00:00 +01:00,21737.45,15815.63
14.11.2022 18:00:00 +01:00,21572.94,15611.75
14.11.2022 19:00:00 +01:00,21470.85,15531.41
14.11.2022 20:00:00 +01:00,20757.01,15378.76
14.11.2022 21:00:00 +01:00,20627.60,15093.20
14.11.2022 22:00:00 +01:00,19994.38,14659.91
14.11.2022 23:00:00 +01:00,19422.36,14145.42
15.11.2022 00:00:00 +01:00,18479.13,13545.92
15.11.2022 01:00:00 +01:00,17716.64,13199.27
15.11.2022 02:00:00 +01:00,17558.28,13135.34
15.11.2022 03:00:00 +01:00,17793.83,13089.85
15.11.2022 04:00:00 +01:00,18081.67,13125.14
15.11.2022 05:00:00 +01:00,18595.63,13465.51
15.11.2022 06:00:00 +01:00,20160.71,14538.77
15.11.2022 07:00:00 +01:00,21340.24,15782.24
15.11.2022 08:00:00 +01:00,21246.78,16077.76
15.11.2022 09:00:00 +01:00,20971.83,16029.82
15.11.2022 10:00:00 +01:00,21502.04,15730.43
15.11.2022 11:00:00 +01:00,21569.63,15920.19
15.11.2022 12:00:00 +01:00,21649.61,15796.93
15.11.2022 13:00:00 +01:00,21424.62,15827.08
15.11.2022 14:00:00 +01:00,21589.17,16025.68
15.11.2022 15:00:00 +01:00,22054.05,16194.32
15.11.2022 16:00:00 +01:00,22222.30,16539.18
15.11.2022 17:00:00 +01:00,22575.94,16462.19
15.11.2022 18:00:00 +01:00,21138.08,16264.89
15.11.2022 19:00:00 +01:00,20602.79,16091.13
15.11.2022 20:00:00 +01:00,20339.62,15913.02
15.11.2022 21:00:00 +01:00,20131.39,15657.93
15.11.2022 22:00:00 +01:00,19336.05,15240.29
15.11.2022 23:00:00 +01:00,18094.75,14672.76
16.11.2022 00:00:00 +01:00,17590.43,14130.51
16.11.2022 01:00:00 +01:00,17270.13,13806.97
16.11.2022 02:00:00 +01:00,17115.88,13718.30
16.11.2022 03:00:00 +01:00,17028.64,13684.15
16.11.2022 04:00:00 +01:00,16845.22,13697.68
16.11.2022 05:00:00 +01:00,17296.29,14050.01
16.11.2022 06:00:00 +01:00,18690.54,15102.95
16.11.2022 07:00:00 +01:00,19417.14,16421.20
16.11.2022 08:00:00 +01:00,19649.13,16644.84
16.11.2022 09:00:00 +01:00,19763.35,16658.88
16.11.2022 10:00:00 +01:00,19812.96,16675.74
16.11.2022 11:00:00 +01:00,19869.87,16603.68
16.11.2022 12:00:00 +01:00,19784.05,16501.75
16.11.2022 13:00:00 +01:00,19629.32,16463.75
16.11.2022 14:00:00 +01:00,19981.54,16572.16
16.11.2022 15:00:00 +01:00,20703.72,16813.59
16.11.2022 16:00:00 +01:00,20818.13,17136.12
16.11.2022 17:00:00 +01:00,20954.50,17092.35
16.11.2022 18:00:00 +01:00,20407.93,16881.77
16.11.2022 19:00:00 +01:00,20320.85,16772.91
16.11.2022 20:00:00 +01:00,20163.94,16556.23
16.11.2022 21:00:00 +01:00,19881.11,16295.54
16.11.2022 22:00:00 +01:00,18839.76,15812.24
16.11.2022 23:00:00 +01:00,18926.57,15204.16
17.11.2022 00:00:00 +01:00,17835.79,14721.69
17.11.2022 01:00:00 +01:00,16734.48,14430.68
17.11.2022 02:00:00 +01:00,15772.81,14345.72
17.11.2022 03:00:00 +01:00,14987.40,14289.47
17.11.2022 04:00:00 +01:00,14617.85,14394.97
17.11.2022 05:00:00 +01:00,16085.73,14698.50
17.11.2022 06:00:00 +01:00,18889.47,15791.03
17.11.2022 07:00:00 +01:00,20662.70,17136.52
17.11.2022 08:00:00 +01:00,21069.41,17506.11
17.11.2022 09:00:00 +01:00,21093.09,17462.93
17.11.2022 10:00:00 +01:00,21067.59,17404.31
17.11.2022 11:00:00 +01:00,21151.59,17268.62
17.11.2022 12:00:00 +01:00,20933.24,17137.31
17.11.2022 13:00:00 +01:00,20917.17,17085.89
17.11.2022 14:00:00 +01:00,21071.23,17206.04
17.11.2022 15:00:00 +01:00,21324.44,17402.98
17.11.2022 16:00:00 +01:00,21473.33,17719.14
17.11.2022 17:00:00 +01:00,21838.86,17670.75
17.11.2022 18:00:00 +01:00,21457.22,17494.34
17.11.2022 19:00:00 +01:00,20791.27,17364.34
17.11.2022 20:00:00 +01:00,20215.60,17193.84
17.11.2022 21:00:00 +01:00,19919.00,16958.06
17.11.2022 22:00:00 +01:00,18900.04,16523.60
17.11.2022 23:00:00 +01:00,18116.31,15856.59
18.11.2022 00:00:00 +01:00,17378.86,15239.35
18.11.2022 01:00:00 +01:00,17160.91,14928.41
18.11.2022 02:00:00 +01:00,17054.46,14787.38
18.11.2022 03:00:00 +01:00,16922.18,14678.22
18.11.2022 04:00:00 +01:00,17107.04,14728.62
18.11.2022 05:00:00 +01:00,17933.66,15042.49
18.11.2022 06:00:00 +01:00,20035.16,16097.98
18.11.2022 07:00:00 +01:00,21720.80,17446.38
18.11.2022 08:00:00 +01:00,22031.97,17863.48
18.11.2022 09:00:00 +01:00,22057.16,17835.26
18.11.2022 10:00:00 +01:00,21933.80,17643.11
18.11.2022 11:00:00 +01:00,21778.00,17628.36
18.11.2022 12:00:00 +01:00,21596.61,17465.65
18.11.2022 13:00:00 +01:00,21442.21,17367.11
18.11.2022 14:00:00 +01:00,21742.69,17479.72
18.11.2022 15:00:00 +01:00,22172.70,17613.80
18.11.2022 16:00:00 +01:00,22942.14,17861.86
18.11.2022 17:00:00 +01:00,23354.42,17839.62
18.11.2022 18:00:00 +01:00,22691.86,17644.91
18.11.2022 19:00:00 +01:00,22296.15,17432.16
18.11.2022 20:00:00 +01:00,21816.85,17107.83
18.11.2022 21:00:00 +01:00,21424.94,16655.50
18.11.2022 22:00:00 +01:00,21425.79,16202.72
18.11.2022 23:00:00 +01:00,21225.59,15779.74
19.11.2022 00:00:00 +01:00,21134.54,15496.11
19.11.2022 01:00:00 +01:00,20509.86,15213.73
19.11.2022 02:00:00 +01:00,20281.97,15001.43
19.11.2022 03:00:00 +01:00,20103.74,14858.82
19.11.2022 04:00:00 +01:00,20172.72,14894.40
19.11.2022 05:00:00 +01:00,20389.87,14977.65
19.11.2022 06:00:00 +01:00,20887.11,15330.15
19.11.2022 07:00:00 +01:00,22054.99,15822.74
19.11.2022 08:00:00 +01:00,22292.27,16396.40
19.11.2022 09:00:00 +01:00,22766.24,16823.81
19.11.2022 10:00:00 +01:00,23842.70,17204.32
19.11.2022 11:00:00 +01:00,24213.08,17116.01
19.11.2022 12:00:00 +01:00,23821.01,16927.06
19.11.2022 13:00:00 +01:00,23253.31,16685.01
19.11.2022 14:00:00 +01:00,23051.52,16656.45
19.11.2022 15:00:00 +01:00,23534.08,17003.78
19.11.2022 16:00:00 +01:00,23836.36,17448.89
19.11.2022 17:00:00 +01:00,24305.77,17627.78
19.11.2022 18:00:00 +01:00,24578.54,17570.09
19.11.2022 19:00:00 +01:00,24405.27,17337.90
19.11.2022 20:00:00 +01:00,23826.31,17018.28
19.11.2022 21:00:00 +01:00,23193.28,16720.02
19.11.2022 22:00:00 +01:00,23157.44,16475.61
19.11.2022 23:00:00 +01:00,23304.70,16124.07
20.11.2022 00:00:00 +01:00,22035.45,15777.72
20.11.2022 01:00:00 +01:00,20968.85,15488.54
20.11.2022 02:00:00 +01:00,20525.14,15463.74
20.11.2022 03:00:00 +01:00,20000.14,15410.31
20.11.2022 04:00:00 +01:00,19840.56,15392.60
20.11.2022 05:00:00 +01:00,19841.83,15462.75
20.11.2022 06:00:00 +01:00,20294.02,15624.05
20.11.2022 07:00:00 +01:00,20923.16,15978.59
20.11.2022 08:00:00 +01:00,20746.22,16279.28
20.11.2022 09:00:00 +01:00,21384.58,16717.58
20.11.2022 10:00:00 +01:00,22160.67,17100.37
20.11.2022 11:00:00 +01:00,22678.94,17214.63
20.11.2022 12:00:00 +01:00,22370.30,17202.82
20.11.2022 13:00:00 +01:00,22184.61,17216.95
20.11.2022 14:00:00 +01:00,22532.95,17162.25
20.11.2022 15:00:00 +01:00,23029.14,17528.63
20.11.2022 16:00:00 +01:00,23503.47,17819.71
20.11.2022 17:00:00 +01:00,23952.40,17825.31
20.11.2022 18:00:00 +01:00,24205.88,17659.24
20.11.2022 19:00:00 +01:00,23283.48,17575.14
20.11.2022 20:00:00 +01:00,22642.31,17449.88
20.11.2022 21:00:00 +01:00,22372.89,17122.07
20.11.2022 22:00:00 +01:00,22411.89,16830.69
20.11.2022 23:00:00 +01:00,21626.54,16395.05
21.11.2022 00:00:00 +01:00,20703.62,16054.63
21.11.2022 01:00:00 +01:00,20462.73,15820.80
21.11.2022 02:00:00 +01:00,20776.69,15713.24
21.11.2022 03:00:00 +01:00,20014.18,15603.10
21.11.2022 04:00:00 +01:00,20101.50,15699.66
21.11.2022 05:00:00 +01:00,20841.46,16097.03
21.11.2022 06:00:00 +01:00,22089.03,17159.38
21.11.2022 07:00:00 +01:00,23369.11,18492.68
21.11.2022 08:00:00 +01:00,24135.10,18889.14
21.11.2022 09:00:00 +01:00,24300.70,18841.05
21.11.2022 10:00:00 +01:00,24692.21,18740.05
21.11.2022 11:00:00 +01:00,24357.78,18562.71
21.11.2022 12:00:00 +01:00,24012.66,18438.69
21.11.2022 13:00:00 +01:00,24366.23,18431.63
21.11.2022 14:00:00 +01:00,24395.86,18445.14
21.11.2022 15:00:00 +01:00,24519.11,18613.01
21.11.2022 16:00:00 +01:00,24700.02,18811.59
21.11.2022 17:00:00 +01:00,24775.08,18579.65
21.11.2022 18:00:00 +01:00,24487.66,18263.78
21.11.2022 19:00:00 +01:00,23507.81,17988.40
21.11.2022 20:00:00 +01:00,23367.64,17836.38
21.11.2022 21:00:00 +01:00,23029.97,17612.33
21.11.2022 22:00:00 +01:00,22484.25,17330.87
21.11.2022 23:00:00 +01:00,21262.94,16773.14
22.11.2022 00:00:00 +01:00,19210.31,16290.50
22.11.2022 01:00:00 +01:00,18104.75,16036.36
22.11.2022 02:00:00 +01:00,17466.66,15935.16
22.11.2022 03:00:00 +01:00,17427.45,15932.38
22.11.2022 04:00:00 +01:00,17031.86,15905.00
22.11.2022 05:00:00 +01:00,18036.57,16194.13
22.11.2022 06:00:00 +01:00,21292.28,17277.82
22.11.2022 07:00:00 +01:00,23760.08,18522.54
22.11.2022 08:00:00 +01:00,24550.99,18838.83
22.11.2022 09:00:00 +01:00,24758.85,18688.79
22.11.2022 10:00:00 +01:00,25182.70,17841.18
22.11.2022 11:00:00 +01:00,25580.76,18509.03
22.11.2022 12:00:00 +01:00,25552.75,18395.80
22.11.2022 13:00:00 +01:00,25542.37,18453.86
22.11.2022 14:00:00 +01:00,24918.45,18394.78
22.11.2022 15:00:00 +01:00,25638.58,18562.74
22.11.2022 16:00:00 +01:00,26331.03,18906.48
22.11.2022 17:00:00 +01:00,25914.57,18682.13
22.11.2022 18:00:00 +01:00,25259.40,18417.51
22.11.2022 19:00:00 +01:00,25099.65,18212.67
22.11.2022 20:00:00 +01:00,24461.12,18055.44
22.11.2022 21:00:00 +01:00,23651.26,17850.74
22.11.2022 22:00:00 +01:00,22707.68,17353.98
22.11.2022 23:00:00 +01:00,21259.58,16691.59
23.11.2022 00:00:00 +01:00,19453.05,16171.40
23.11.2022 01:00:00 +01:00,19022.27,15777.45
23.11.2022 02:00:00 +01:00,19177.64,15605.78
23.11.2022 03:00:00 +01:00,18857.86,15577.94
23.11.2022 04:00:00 +01:00,19055.42,15574.34
23.11.2022 05:00:00 +01:00,19658.67,15856.13
23.11.2022 06:00:00 +01:00,21581.33,16856.89
23.11.2022 07:00:00 +01:00,22587.80,18099.77
23.11.2022 08:00:00 +01:00,23423.33,18380.47
23.11.2022 09:00:00 +01:00,23650.96,18226.00
23.11.2022 10:00:00 +01:00,23928.26,18203.69
23.11.2022 11:00:00 +01:00,23383.67,18157.74
23.11.2022 12:00:00 +01:00,22873.55,17973.26
23.11.2022 13:00:00 +01:00,22571.73,18070.53
23.11.2022 14:00:00 +01:00,23129.88,18151.09
23.11.2022 15:00:00 +01:00,24092.15,18355.46
23.11.2022 16:00:00 +01:00,24606.94,18531.19
23.11.2022 17:00:00 +01:00,24485.12,18284.68
23.11.2022 18:00:00 +01:00,23819.97,17950.50
23.11.2022 19:00:00 +01:00,22936.86,17782.80
23.11.2022 20:00:00 +01:00,21910.72,17670.50
23.11.2022 21:00:00 +01:00,21260.91,17411.95
23.11.2022 22:00:00 +01:00,20857.84,16950.41
23.11.2022 23:00:00 +01:00,19939.61,16406.53
24.11.2022 00:00:00 +01:00,19271.77,15793.30
24.11.2022 01:00:00 +01:00,18576.70,15462.00
24.11.2022 02:00:00 +01:00,18237.91,15296.36
24.11.2022 03:00:00 +01:00,17899.28,15190.21
24.11.2022 04:00:00 +01:00,18706.15,15217.71
24.11.2022 05:00:00 +01:00,19931.53,15493.51
24.11.2022 06:00:00 +01:00,21621.22,16513.46
24.11.2022 07:00:00 +01:00,22663.08,17873.38
24.11.2022 08:00:00 +01:00,23516.42,18210.50
24.11.2022 09:00:00 +01:00,24016.37,18077.71
24.11.2022 10:00:00 +01:00,24032.13,17724.00
24.11.2022 11:00:00 +01:00,23706.17,17970.91
24.11.2022 12:00:00 +01:00,23084.13,17927.60
24.11.2022 13:00:00 +01:00,22853.25,17842.49
24.11.2022 14:00:00 +01:00,23212.12,17917.07
24.11.2022 15:00:00 +01:00,23598.17,18056.86
24.11.2022 16:00:00 +01:00,24131.77,18158.05
24.11.2022 17:00:00 +01:00,24247.13,17937.93
24.11.2022 18:00:00 +01:00,24057.54,17646.40
24.11.2022 19:00:00 +01:00,23521.84,17461.63
24.11.2022 20:00:00 +01:00,23028.09,17272.39
24.11.2022 21:00:00 +01:00,22671.52,16852.48
24.11.2022 22:00:00 +01:00,22369.23,16383.59
24.11.2022 23:00:00 +01:00,21403.78,15863.97
25.11.2022 00:00:00 +01:00,20299.10,15324.53
25.11.2022 01:00:00 +01:00,19821.90,14999.09
25.11.2022 02:00:00 +01:00,19192.99,14807.89
25.11.2022 03:00:00 +01:00,18843.57,14766.59
25.11.2022 04:00:00 +01:00,19003.53,14784.82
25.11.2022 05:00:00 +01:00,20021.51,15134.71
25.11.2022 06:00:00 +01:00,20942.54,16037.96
25.11.2022 07:00:00 +01:00,22597.64,17248.88
25.11.2022 08:00:00 +01:00,23107.16,17637.44
25.11.2022 09:00:00 +01:00,23840.55,17574.00
25.11.2022 10:00:00 +01:00,23905.27,17564.16
25.11.2022 11:00:00 +01:00,22876.47,17493.66
25.11.2022 12:00:00 +01:00,22370.22,17386.97
25.11.2022 13:00:00 +01:00,22288.37,17306.65
25.11.2022 14:00:00 +01:00,22906.16,17407.70
25.11.2022 15:00:00 +01:00,23392.49,17482.41
25.11.2022 16:00:00 +01:00,23899.49,17611.19
25.11.2022 17:00:00 +01:00,24408.68,17421.45
25.11.2022 18:00:00 +01:00,24605.10,17142.56
25.11.2022 19:00:00 +01:00,24029.85,16827.36
25.11.2022 20:00:00 +01:00,23518.83,16493.38
25.11.2022 21:00:00 +01:00,22996.04,16090.44
25.11.2022 22:00:00 +01:00,22155.15,15666.38
25.11.2022 23:00:00 +01:00,21573.08,15255.70
26.11.2022 00:00:00 +01:00,20449.54,14862.60
26.11.2022 01:00:00 +01:00,20017.53,14607.48
26.11.2022 02:00:00 +01:00,19729.11,14471.22
26.11.2022 03:00:00 +01:00,19115.02,14354.83
26.11.2022 04:00:00 +01:00,18626.86,14278.09
26.11.2022 05:00:00 +01:00,18625.75,14279.78
26.11.2022 06:00:00 +01:00,18967.71,14521.74
26.11.2022 07:00:00 +01:00,19622.73,14861.09
26.11.2022 08:00:00 +01:00,20567.65,15360.52
26.11.2022 09:00:00 +01:00,21997.80,15886.21
26.11.2022 10:00:00 +01:00,22438.21,16246.29
26.11.2022 11:00:00 +01:00,21910.00,16243.26
26.11.2022 12:00:00 +01:00,21844.61,16233.56
26.11.2022 13:00:00 +01:00,21350.69,16160.49
26.11.2022 14:00:00 +01:00,21551.51,16172.55
26.11.2022 15:00:00 +01:00,21781.00,16353.87
26.11.2022 16:00:00 +01:00,22053.53,16569.35
26.11.2022 17:00:00 +01:00,22442.03,16563.67
26.11.2022 18:00:00 +01:00,23023.72,16408.39
26.11.2022 19:00:00 +01:00,22576.08,16169.79
26.11.2022 20:00:00 +01:00,22031.19,15821.03
26.11.2022 21:00:00 +01:00,21137.55,15515.81
26.11.2022 22:00:00 +01:00,20019.68,15173.90
26.11.2022 23:00:00 +01:00,18989.06,14804.66
27.11.2022 00:00:00 +01:00,17376.38,14578.68
27.11.2022 01:00:00 +01:00,16815.60,14316.35
27.11.2022 02:00:00 +01:00,16494.07,14230.81
27.11.2022 03:00:00 +01:00,15606.06,14141.96
27.11.2022 04:00:00 +01:00,15587.67,14104.83
27.11.2022 05:00:00 +01:00,16111.71,14062.34
27.11.2022 06:00:00 +01:00,16998.50,14127.91
27.11.2022 07:00:00 +01:00,17972.73,14260.94
27.11.2022 08:00:00 +01:00,18467.04,14633.96
27.11.2022 09:00:00 +01:00,19016.47,15040.87
27.11.2022 10:00:00 +01:00,19176.56,15441.79
27.11.2022 11:00:00 +01:00,19996.58,15646.40
27.11.2022 12:00:00 +01:00,20339.69,15686.63
27.11.2022 13:00:00 +01:00,20872.21,15939.86
27.11.2022 14:00:00 +01:00,21548.03,16054.14
27.11.2022 15:00:00 +01:00,21803.25,16218.44
27.11.2022 16:00:00 +01:00,21649.57,16302.03
27.11.2022 17:00:00 +01:00,21523.11,16235.34
27.11.2022 18:00:00 +01:00,21173.28,16090.75
27.11.2022 19:00:00 +01:00,20409.38,15995.96
27.11.2022 20:00:00 +01:00,19588.03,15874.06
27.11.2022 21:00:00 +01:00,19186.33,15668.38
27.11.2022 22:00:00 +01:00,18897.69,15347.75
27.11.2022 23:00:00 +01:00,17825.75,14911.91
28.11.2022 00:00:00 +01:00,16436.69,14441.52
28.11.2022 01:00:00 +01:00,16458.93,14157.39
28.11.2022 02:00:00 +01:00,16038.03,14008.60
28.11.2022 03:00:00 +01:00,15547.50,13975.95
28.11.2022 04:00:00 +01:00,15204.61,14027.64
28.11.2022 05:00:00 +01:00,16145.06,14371.77
28.11.2022 06:00:00 +01:00,18148.54,15440.86
28.11.2022 07:00:00 +01:00,20873.47,16734.56
28.11.2022 08:00:00 +01:00,22113.87,17109.21
28.11.2022 09:00:00 +01:00,22138.69,17078.86
28.11.2022 10:00:00 +01:00,22829.49,17024.22
28.11.2022 11:00:00 +01:00,23231.72,16988.54
28.11.2022 12:00:00 +01:00,23240.00,16960.71
28.11.2022 13:00:00 +01:00,23311.59,16963.55
28.11.2022 14:00:00 +01:00,23660.56,17144.94
28.11.2022 15:00:00 +01:00,23914.57,17255.82
28.11.2022 16:00:00 +01:00,24463.93,17356.83
28.11.2022 17:00:00 +01:00,24588.05,17107.53
28.11.2022 18:00:00 +01:00,24194.12,16980.89
28.11.2022 19:00:00 +01:00,23367.77,16813.92
28.11.2022 20:00:00 +01:00,22453.79,16721.93
28.11.2022 21:00:00 +01:00,22096.01,16506.49
28.11.2022 22:00:00 +01:00,21435.29,16085.00
28.11.2022 23:00:00 +01:00,20835.94,15457.86
29.11.2022 00:00:00 +01:00,20460.54,14874.43
29.11.2022 01:00:00 +01:00,20157.97,14516.39
29.11.2022 02:00:00 +01:00,19738.25,14319.69
29.11.2022 03:00:00 +01:00,19660.40,14242.67
29.11.2022 04:00:00 +01:00,20275.82,14295.84
29.11.2022 05:00:00 +01:00,21181.00,14598.91
29.11.2022 06:00:00 +01:00,23330.39,15554.91
29.11.2022 07:00:00 +01:00,24982.33,16790.88
29.11.2022 08:00:00 +01:00,25022.54,16995.97
29.11.2022 09:00:00 +01:00,24898.20,16896.18
29.11.2022 10:00:00 +01:00,24983.97,16235.14
29.11.2022 11:00:00 +01:00,24562.25,16738.62
29.11.2022 12:00:00 +01:00,24493.56,16679.02
29.11.2022 13:00:00 +01:00,24414.46,16699.19
29.11.2022 14:00:00 +01:00,24613.48,16812.09
29.11.2022 15:00:00 +01:00,24856.57,16955.71
29.11.2022 16:00:00 +01:00,24674.59,17162.42
29.11.2022 17:00:00 +01:00,24457.76,16905.22
29.11.2022 18:00:00 +01:00,24225.75,16687.51
29.11.2022 19:00:00 +01:00,23921.71,16525.48
29.11.2022 20:00:00 +01:00,23692.48,16351.56
29.11.2022 21:00:00 +01:00,23480.38,16072.32
29.11.2022 22:00:00 +01:00,23027.03,15651.76
29.11.2022 23:00:00 +01:00,22632.83,15226.35
30.11.2022 00:00:00 +01:00,21674.95,14625.61
30.11.2022 01:00:00 +01:00,20764.89,14308.25
30.11.2022 02:00:00 +01:00,20331.61,14168.15
30.11.2022 03:00:00 +01:00,20370.60,14111.41
30.11.2022 04:00:00 +01:00,20528.13,14156.61
30.11.2022 05:00:00 +01:00,20896.66,14526.28
30.11.2022 06:00:00 +01:00,21977.78,15573.24
30.11.2022 07:00:00 +01:00,23183.02,16824.35
30.11.2022 08:00:00 +01:00,23324.73,17233.66
30.11.2022 09:00:00 +01:00,23123.31,17155.10
30.11.2022 10:00:00 +01:00,23130.12,17066.03
30.11.2022 11:00:00 +01:00,23452.01,16975.96
30.11.2022 12:00:00 +01:00,23398.30,16998.27
30.11.2022 13:00:00 +01:00,23301.69,17052.54
30.11.2022 14:00:00 +01:00,23224.06,17089.98
30.11.2022 15:00:00 +01:00,23586.48,17334.54
30.11.2022 16:00:00 +01:00,23594.22,17417.59
30.11.2022 17:00:00 +01:00,23454.02,17194.88
30.11.2022 18:00:00 +01:00,23576.23,16928.93
30.11.2022 19:00:00 +01:00,23830.29,16777.96
30.11.2022 20:00:00 +01:00,23644.84,16612.36
30.11.2022 21:00:00 +01:00,22941.97,16388.45
30.11.2022 22:00:00 +01:00,22411.41,16029.16
30.11.2022 23:00:00 +01:00,21796.02,15551.34
01.12.2022 00:00:00 +01:00,21531.04,15073.37
01.12.2022 01:00:00 +01:00,21287.73,14843.55
01.12.2022 02:00:00 +01:00,20992.84,14629.95
01.12.2022 03:00:00 +01:00,20505.53,14503.84
01.12.2022 04:00:00 +01:00,20412.46,14477.69
01.12.2022 05:00:00 +01:00,21387.28,14824.08
01.12.2022 06:00:00 +01:00,22376.43,15903.53
01.12.2022 07:00:00 +01:00,23538.56,17162.56
01.12.2022 08:00:00 +01:00,24009.16,17562.32
01.12.2022 09:00:00 +01:00,24040.24,17478.29
01.12.2022 10:00:00 +01:00,23628.61,17464.78
01.12.2022 11:00:00 +01:00,23260.93,16991.18
01.12.2022 12:00:00 +01:00,23115.09,17235.65
01.12.2022 13:00:00 +01:00,23294.78,17286.82
01.12.2022 14:00:00 +01:00,23855.68,17308.53
01.12.2022 15:00:00 +01:00,24409.07,17531.61
01.12.2022 16:00:00 +01:00,24484.85,17708.53
01.12.2022 17:00:00 +01:00,24592.05,17705.11
01.12.2022 18:00:00 +01:00,24587.62,17624.01
01.12.2022 19:00:00 +01:00,24428.13,17574.67
01.12.2022 20:00:00 +01:00,24423.49,17403.77
01.12.2022 21:00:00 +01:00,23690.23,17156.81
01.12.2022 22:00:00 +01:00,22934.63,16789.37
01.12.2022 23:00:00 +01:00,22398.08,16302.61
02.12.2022 00:00:00 +01:00,22458.93,15680.18
02.12.2022 01:00:00 +01:00,22452.42,15424.84
02.12.2022 02:00:00 +01:00,22384.02,15341.18
02.12.2022 03:00:00 +01:00,21895.05,15320.40
02.12.2022 04:00:00 +01:00,21815.53,15305.96
02.12.2022 05:00:00 +01:00,22284.82,15648.19
02.12.2022 06:00:00 +01:00,23172.13,16682.86
02.12.2022 07:00:00 +01:00,25069.57,17952.41
02.12.2022 08:00:00 +01:00,25710.54,18349.08
02.12.2022 09:00:00 +01:00,25685.23,18364.27
02.12.2022 10:00:00 +01:00,25781.16,18310.29
02.12.2022 11:00:00 +01:00,25576.00,18144.95
02.12.2022 12:00:00 +01:00,25594.54,18025.38
02.12.2022 13:00:00 +01:00,25266.72,17927.41
02.12.2022 14:00:00 +01:00,24354.57,17908.48
02.12.2022 15:00:00 +01:00,24245.95,18115.36
02.12.2022 16:00:00 +01:00,24050.74,18272.34
02.12.2022 17:00:00 +01:00,24628.69,18084.35
02.12.2022 18:00:00 +01:00,24266.45,17848.33
02.12.2022 19:00:00 +01:00,23424.50,17604.46
02.12.2022 20:00:00 +01:00,21674.50,17251.25
02.12.2022 21:00:00 +01:00,21964.00,16803.58
02.12.2022 22:00:00 +01:00,21530.63,16436.63
02.12.2022 23:00:00 +01:00,20545.97,16013.09
03.12.2022 00:00:00 +01:00,19791.41,15769.44
03.12.2022 01:00:00 +01:00,19391.70,15499.60
03.12.2022 02:00:00 +01:00,18556.97,15320.79
03.12.2022 03:00:00 +01:00,18454.57,15215.52
03.12.2022 04:00:00 +01:00,18787.85,15124.43
03.12.2022 05:00:00 +01:00,18999.21,15146.57
03.12.2022 06:00:00 +01:00,19497.72,15428.59
03.12.2022 07:00:00 +01:00,20253.34,15913.90
03.12.2022 08:00:00 +01:00,20653.92,16465.22
03.12.2022 09:00:00 +01:00,21606.39,16957.64
03.12.2022 10:00:00 +01:00,22502.32,17235.80
03.12.2022 11:00:00 +01:00,23045.97,17241.09
03.12.2022 12:00:00 +01:00,22972.40,17179.62
03.12.2022 13:00:00 +01:00,23018.63,17139.22
03.12.2022 14:00:00 +01:00,23501.65,17189.52
03.12.2022 15:00:00 +01:00,23742.39,17420.88
03.12.2022 16:00:00 +01:00,24204.62,17675.93
03.12.2022 17:00:00 +01:00,24502.06,17754.80
03.12.2022 18:00:00 +01:00,24089.73,17634.15
03.12.2022 19:00:00 +01:00,22581.13,17339.57
03.12.2022 20:00:00 +01:00,21543.63,17040.28
03.12.2022 21:00:00 +01:00,21252.94,16699.25
03.12.2022 22:00:00 +01:00,20891.91,16444.54
03.12.2022 23:00:00 +01:00,20019.60,16179.19
04.12.2022 00:00:00 +01:00,18922.93,15968.72
04.12.2022 01:00:00 +01:00,18446.16,15748.38
04.12.2022 02:00:00 +01:00,18217.41,15582.00
04.12.2022 03:00:00 +01:00,17795.81,15607.22
04.12.2022 04:00:00 +01:00,17660.39,15566.76
04.12.2022 05:00:00 +01:00,17909.90,15601.83
04.12.2022 06:00:00 +01:00,17919.05,15725.07
04.12.2022 07:00:00 +01:00,18790.56,15985.92
04.12.2022 08:00:00 +01:00,20302.39,16436.75
04.12.2022 09:00:00 +01:00,21856.14,16885.82
04.12.2022 10:00:00 +01:00,22359.43,17240.26
04.12.2022 11:00:00 +01:00,22864.95,17361.54
04.12.2022 12:00:00 +01:00,22964.33,17378.37
04.12.2022 13:00:00 +01:00,22865.96,17430.64
04.12.2022 14:00:00 +01:00,23073.10,17567.46
04.12.2022 15:00:00 +01:00,22968.78,17782.52
04.12.2022 16:00:00 +01:00,23186.07,17962.81
04.12.2022 17:00:00 +01:00,23087.30,17883.60
04.12.2022 18:00:00 +01:00,22721.54,17870.94
04.12.2022 19:00:00 +01:00,22068.12,17776.92
04.12.2022 20:00:00 +01:00,21007.08,17621.46
04.12.2022 21:00:00 +01:00,20756.57,17476.69
04.12.2022 22:00:00 +01:00,19908.37,17162.34
04.12.2022 23:00:00 +01:00,18799.01,16752.75
05.12.2022 00:00:00 +01:00,17388.18,16423.31
05.12.2022 01:00:00 +01:00,16473.98,16145.32
05.12.2022 02:00:00 +01:00,15986.92,16070.74
05.12.2022 03:00:00 +01:00,15539.15,16010.11
05.12.2022 04:00:00 +01:00,15147.30,16079.86
05.12.2022 05:00:00 +01:00,17412.14,16427.47
05.12.2022 06:00:00 +01:00,19785.42,17501.51
05.12.2022 07:00:00 +01:00,21804.87,18812.40
05.12.2022 08:00:00 +01:00,22615.24,19298.97
05.12.2022 09:00:00 +01:00,22837.01,19284.51
05.12.2022 10:00:00 +01:00,23675.87,19165.89
05.12.2022 11:00:00 +01:00,24048.79,18997.55
05.12.2022 12:00:00 +01:00,24040.84,18862.06
05.12.2022 13:00:00 +01:00,23976.20,18793.34
05.12.2022 14:00:00 +01:00,24227.00,18803.29
05.12.2022 15:00:00 +01:00,24603.51,19092.22
05.12.2022 16:00:00 +01:00,24582.08,19195.47
05.12.2022 17:00:00 +01:00,24647.69,19021.75
05.12.2022 18:00:00 +01:00,24848.23,18800.29
05.12.2022 19:00:00 +01:00,24493.92,18704.81
05.12.2022 20:00:00 +01:00,24179.14,18559.89
05.12.2022 21:00:00 +01:00,23511.84,18195.75
05.12.2022 22:00:00 +01:00,22261.32,17822.35
05.12.2022 23:00:00 +01:00,21802.58,17226.56
06.12.2022 00:00:00 +01:00,22000.03,16706.47
06.12.2022 01:00:00 +01:00,21875.24,16369.61
06.12.2022 02:00:00 +01:00,22104.67,16240.46
06.12.2022 03:00:00 +01:00,22236.05,16113.74
06.12.2022 04:00:00 +01:00,22512.63,16136.02
06.12.2022 05:00:00 +01:00,22882.89,16508.56
06.12.2022 06:00:00 +01:00,24114.77,17543.10
06.12.2022 07:00:00 +01:00,25366.18,18930.40
06.12.2022 08:00:00 +01:00,25331.97,19425.37
06.12.2022 09:00:00 +01:00,25391.31,19298.48
06.12.2022 10:00:00 +01:00,25595.38,18818.96
06.12.2022 11:00:00 +01:00,25273.29,18935.85
06.12.2022 12:00:00 +01:00,25126.17,18899.17
06.12.2022 13:00:00 +01:00,25090.24,18831.30
06.12.2022 14:00:00 +01:00,25357.89,18912.52
06.12.2022 15:00:00 +01:00,25327.29,19146.00
06.12.2022 16:00:00 +01:00,25579.63,19279.67
06.12.2022 17:00:00 +01:00,25613.73,19123.16
06.12.2022 18:00:00 +01:00,25729.55,18805.00
06.12.2022 19:00:00 +01:00,25560.74,18651.90
06.12.2022 20:00:00 +01:00,25105.72,18387.14
06.12.2022 21:00:00 +01:00,24607.53,18072.45
06.12.2022 22:00:00 +01:00,23551.54,17596.40
06.12.2022 23:00:00 +01:00,21814.57,17045.39
07.12.2022 00:00:00 +01:00,20541.52,16785.55
07.12.2022 01:00:00 +01:00,19117.81,16506.48
07.12.2022 02:00:00 +01:00,18169.50,16403.96
07.12.2022 03:00:00 +01:00,17599.84,16373.39
07.12.2022 04:00:00 +01:00,18496.74,16421.87
07.12.2022 05:00:00 +01:00,20129.17,16757.73
07.12.2022 06:00:00 +01:00,21764.05,17948.08
07.12.2022 07:00:00 +01:00,24821.24,19317.35
07.12.2022 08:00:00 +01:00,25324.59,19823.75
07.12.2022 09:00:00 +01:00,25323.24,19753.47
07.12.2022 10:00:00 +01:00,25162.64,19711.25
07.12.2022 11:00:00 +01:00,24722.77,19526.01
07.12.2022 12:00:00 +01:00,24445.89,19341.54
07.12.2022 13:00:00 +01:00,24986.86,19374.29
07.12.2022 14:00:00 +01:00,25214.40,19481.74
07.12.2022 15:00:00 +01:00,25175.79,19706.46
07.12.2022 16:00:00 +01:00,25215.23,19845.33
07.12.2022 17:00:00 +01:00,25463.55,19754.19
07.12.2022 18:00:00 +01:00,25353.22,19405.68
07.12.2022 19:00:00 +01:00,25258.33,19451.55
07.12.2022 20:00:00 +01:00,24892.57,19303.44
07.12.2022 21:00:00 +01:00,24376.79,19012.25
07.12.2022 22:00:00 +01:00,22954.65,18681.50
07.12.2022 23:00:00 +01:00,21519.43,18158.37
08.12.2022 00:00:00 +01:00,19533.69,17566.20
08.12.2022 01:00:00 +01:00,18246.87,17191.61
08.12.2022 02:00:00 +01:00,17871.13,17007.25
08.12.2022 03:00:00 +01:00,18028.74,16884.52
08.12.2022 04:00:00 +01:00,19065.83,16884.50
08.12.2022 05:00:00 +01:00,20962.63,17258.94
08.12.2022 06:00:00 +01:00,23368.41,18346.23
08.12.2022 07:00:00 +01:00,25462.69,19726.99
08.12.2022 08:00:00 +01:00,25734.59,20136.48
08.12.2022 09:00:00 +01:00,25423.48,20107.07
08.12.2022 10:00:00 +01:00,25560.72,19770.26
08.12.2022 11:00:00 +01:00,25777.57,20053.83
08.12.2022 12:00:00 +01:00,25136.16,19968.77
08.12.2022 13:00:00 +01:00,25039.37,19934.61
08.12.2022 14:00:00 +01:00,25301.44,19958.41
08.12.2022 15:00:00 +01:00,25690.00,20102.80
08.12.2022 16:00:00 +01:00,25871.30,20217.91
08.12.2022 17:00:00 +01:00,25605.61,20088.43
08.12.2022 18:00:00 +01:00,25545.58,19789.82
08.12.2022 19:00:00 +01:00,25644.07,19571.50
08.12.2022 20:00:00 +01:00,25528.29,19327.06
08.12.2022 21:00:00 +01:00,25141.65,19010.98
08.12.2022 22:00:00 +01:00,24484.62,18623.78
08.12.2022 23:00:00 +01:00,22622.39,18173.13
09.12.2022 00:00:00 +01:00,22747.92,17646.36
09.12.2022 01:00:00 +01:00,22230.50,17348.36
09.12.2022 02:00:00 +01:00,21794.44,17198.32
09.12.2022 03:00:00 +01:00,21841.45,17055.65
09.12.2022 04:00:00 +01:00,22000.58,17096.03
09.12.2022 05:00:00 +01:00,22706.07,17358.12
09.12.2022 06:00:00 +01:00,24659.69,18435.42
09.12.2022 07:00:00 +01:00,26503.77,19854.65
09.12.2022 08:00:00 +01:00,26908.41,20345.40
09.12.2022 09:00:00 +01:00,26337.81,20313.94
09.12.2022 10:00:00 +01:00,26314.74,20202.18
09.12.2022 11:00:00 +01:00,26407.67,20121.74
09.12.2022 12:00:00 +01:00,26712.77,19923.56
09.12.2022 13:00:00 +01:00,26909.91,19970.85
09.12.2022 14:00:00 +01:00,26730.98,20132.15
09.12.2022 15:00:00 +01:00,26696.95,20283.37
09.12.2022 16:00:00 +01:00,27046.75,20399.26
09.12.2022 17:00:00 +01:00,26911.50,20231.78
09.12.2022 18:00:00 +01:00,26510.91,19899.52
09.12.2022 19:00:00 +01:00,26311.58,19710.69
09.12.2022 20:00:00 +01:00,26144.72,19417.57
09.12.2022 21:00:00 +01:00,25663.65,19017.27
09.12.2022 22:00:00 +01:00,24163.15,18637.20
09.12.2022 23:00:00 +01:00,22860.64,18279.49
10.12.2022 00:00:00 +01:00,21725.60,17878.94
10.12.2022 01:00:00 +01:00,21236.86,17645.88
10.12.2022 02:00:00 +01:00,21037.27,17559.17
10.12.2022 03:00:00 +01:00,20616.62,17502.33
10.12.2022 04:00:00 +01:00,20210.81,17531.36
10.12.2022 05:00:00 +01:00,20444.99,17589.05
10.12.2022 06:00:00 +01:00,20734.96,17886.98
10.12.2022 07:00:00 +01:00,21518.72,18343.99
10.12.2022 08:00:00 +01:00,22440.38,18964.54
10.12.2022 09:00:00 +01:00,24208.61,19385.11
10.12.2022 10:00:00 +01:00,24999.93,19637.32
10.12.2022 11:00:00 +01:00,25080.37,19624.21
10.12.2022 12:00:00 +01:00,24849.23,19531.39
10.12.2022 13:00:00 +01:00,24211.59,19464.61
10.12.2022 14:00:00 +01:00,24083.92,19447.68
10.12.2022 15:00:00 +01:00,24543.97,19695.34
10.12.2022 16:00:00 +01:00,24719.73,19910.08
10.12.2022 17:00:00 +01:00,24983.19,19950.86
10.12.2022 18:00:00 +01:00,24945.10,19875.21
10.12.2022 19:00:00 +01:00,24655.25,19622.67
10.12.2022 20:00:00 +01:00,23333.47,19353.99
10.12.2022 21:00:00 +01:00,22527.14,19043.02
10.12.2022 22:00:00 +01:00,22041.64,18830.29
10.12.2022 23:00:00 +01:00,21416.45,18584.20
11.12.2022 00:00:00 +01:00,21110.05,18338.06
11.12.2022 01:00:00 +01:00,21354.96,18067.02
11.12.2022 02:00:00 +01:00,21251.13,17943.12
11.12.2022 03:00:00 +01:00,20551.31,17885.62
11.12.2022 04:00:00 +01:00,20693.62,17910.87
11.12.2022 05:00:00 +01:00,20906.74,17935.01
11.12.2022 06:00:00 +01:00,21439.58,18043.26
11.12.2022 07:00:00 +01:00,21548.91,18314.81
11.12.2022 08:00:00 +01:00,22150.76,18641.77
11.12.2022 09:00:00 +01:00,23229.96,19076.55
11.12.2022 10:00:00 +01:00,24328.49,19375.51
11.12.2022 11:00:00 +01:00,25096.08,19531.04
11.12.2022 12:00:00 +01:00,24956.54,19618.38
11.12.2022 13:00:00 +01:00,24732.99,19670.57
11.12.2022 14:00:00 +01:00,24778.05,19754.73
11.12.2022 15:00:00 +01:00,25576.89,19900.55
11.12.2022 16:00:00 +01:00,26052.06,20095.59
11.12.2022 17:00:00 +01:00,26127.06,20054.78
11.12.2022 18:00:00 +01:00,26163.06,19920.46
11.12.2022 19:00:00 +01:00,25819.58,19777.42
11.12.2022 20:00:00 +01:00,25584.40,19705.99
11.12.2022 21:00:00 +01:00,24749.21,19475.35
11.12.2022 22:00:00 +01:00,23990.92,19143.07
11.12.2022 23:00:00 +01:00,23395.29,18571.43
12.12.2022 00:00:00 +01:00,22368.29,18169.26
12.12.2022 01:00:00 +01:00,22138.26,17900.54
12.12.2022 02:00:00 +01:00,22330.28,17837.47
12.12.2022 03:00:00 +01:00,21745.13,17777.21
12.12.2022 04:00:00 +01:00,20976.40,17824.62
12.12.2022 05:00:00 +01:00,22006.91,18151.41
12.12.2022 06:00:00 +01:00,25326.56,19231.87
12.12.2022 07:00:00 +01:00,26604.36,20558.29
12.12.2022 08:00:00 +01:00,26610.71,21006.70
12.12.2022 09:00:00 +01:00,26655.52,20868.17
12.12.2022 10:00:00 +01:00,26667.85,20761.85
12.12.2022 11:00:00 +01:00,26475.29,20637.15
12.12.2022 12:00:00 +01:00,25989.03,20499.43
12.12.2022 13:00:00 +01:00,25972.83,20448.26
12.12.2022 14:00:00 +01:00,26179.98,20561.56
12.12.2022 15:00:00 +01:00,26292.16,20672.09
12.12.2022 16:00:00 +01:00,26440.92,20850.76
12.12.2022 17:00:00 +01:00,26248.24,20616.39
12.12.2022 18:00:00 +01:00,26237.83,20408.52
12.12.2022 19:00:00 +01:00,26135.95,20192.31
12.12.2022 20:00:00 +01:00,25729.96,19985.76
12.12.2022 21:00:00 +01:00,25515.81,19645.43
12.12.2022 22:00:00 +01:00,24755.99,19399.94
12.12.2022 23:00:00 +01:00,23053.46,18948.44
13.12.2022 00:00:00 +01:00,21657.80,18502.90
13.12.2022 01:00:00 +01:00,21183.19,18256.44
13.12.2022 02:00:00 +01:00,20711.93,18109.82
13.12.2022 03:00:00 +01:00,20562.31,18067.82
13.12.2022 04:00:00 +01:00,20913.23,18169.65
13.12.2022 05:00:00 +01:00,22263.18,18539.95
13.12.2022 06:00:00 +01:00,24174.64,19684.52
13.12.2022 07:00:00 +01:00,25327.93,21016.64
13.12.2022 08:00:00 +01:00,25468.46,21474.93
13.12.2022 09:00:00 +01:00,25620.52,21366.35
13.12.2022 10:00:00 +01:00,25584.77,20850.03
13.12.2022 11:00:00 +01:00,25295.98,21005.32
13.12.2022 12:00:00 +01:00,25187.67,20935.72
13.12.2022 13:00:00 +01:00,25067.98,20906.14
13.12.2022 14:00:00 +01:00,25099.44,21069.93
13.12.2022 15:00:00 +01:00,25222.42,21148.71
13.12.2022 16:00:00 +01:00,25484.98,21016.48
13.12.2022 17:00:00 +01:00,25127.58,20850.61
13.12.2022 18:00:00 +01:00,24780.38,20570.56
13.12.2022 19:00:00 +01:00,24235.68,20402.71
13.12.2022 20:00:00 +01:00,23551.06,20215.79
13.12.2022 21:00:00 +01:00,23807.89,20003.79
13.12.2022 22:00:00 +01:00,22877.78,19663.79
13.12.2022 23:00:00 +01:00,21514.91,19296.17
14.12.2022 00:00:00 +01:00,21949.68,18850.91
14.12.2022 01:00:00 +01:00,22250.67,18574.60
14.12.2022 02:00:00 +01:00,21978.37,18418.35
14.12.2022 03:00:00 +01:00,22202.67,18275.06
14.12.2022 04:00:00 +01:00,22126.72,18398.77
14.12.2022 05:00:00 +01:00,22450.20,18745.07
14.12.2022 06:00:00 +01:00,24141.30,19717.03
14.12.2022 07:00:00 +01:00,24681.86,20912.52
14.12.2022 08:00:00 +01:00,24988.42,21237.51
14.12.2022 09:00:00 +01:00,24610.50,21159.85
14.12.2022 10:00:00 +01:00,24653.22,21156.84
14.12.2022 11:00:00 +01:00,24548.76,21086.76
14.12.2022 12:00:00 +01:00,24859.45,20922.90
14.12.2022 13:00:00 +01:00,25323.12,20874.25
14.12.2022 14:00:00 +01:00,25495.25,20979.35
14.12.2022 15:00:00 +01:00,25633.85,21132.66
14.12.2022 16:00:00 +01:00,25545.58,21257.70
14.12.2022 17:00:00 +01:00,25360.23,21032.91
14.12.2022 18:00:00 +01:00,25620.81,20789.70
14.12.2022 19:00:00 +01:00,25661.98,20637.16
14.12.2022 20:00:00 +01:00,25392.72,20383.08
14.12.2022 21:00:00 +01:00,25067.37,20068.02
14.12.2022 22:00:00 +01:00,24638.17,19757.12
14.12.2022 23:00:00 +01:00,23781.30,19290.85
15.12.2022 00:00:00 +01:00,23720.70,18804.62
15.12.2022 01:00:00 +01:00,23511.34,18469.26
15.12.2022 02:00:00 +01:00,22980.66,18269.82
15.12.2022 03:00:00 +01:00,22321.70,18226.80
15.12.2022 04:00:00 +01:00,23029.41,18151.63
15.12.2022 05:00:00 +01:00,23835.69,18468.22
15.12.2022 06:00:00 +01:00,24693.01,19510.94
15.12.2022 07:00:00 +01:00,26074.67,20856.57
15.12.2022 08:00:00 +01:00,26233.47,21222.72
15.12.2022 09:00:00 +01:00,26693.76,21193.52
15.12.2022 10:00:00 +01:00,26404.09,20799.29
15.12.2022 11:00:00 +01:00,26146.10,20961.72
15.12.2022 12:00:00 +01:00,26062.42,20775.20
15.12.2022 13:00:00 +01:00,25629.04,20732.49
15.12.2022 14:00:00 +01:00,25460.09,20741.84
15.12.2022 15:00:00 +01:00,25287.11,20876.70
15.12.2022 16:00:00 +01:00,25257.99,21024.96
15.12.2022 17:00:00 +01:00,25173.48,20871.75
15.12.2022 18:00:00 +01:00,25170.14,20606.67
15.12.2022 19:00:00 +01:00,25253.07,20437.23
15.12.2022 20:00:00 +01:00,25197.08,20310.43
15.12.2022 21:00:00 +01:00,25156.42,20084.72
15.12.2022 22:00:00 +01:00,24808.55,19708.29
15.12.2022 23:00:00 +01:00,24460.49,19198.46
16.12.2022 00:00:00 +01:00,23752.66,18766.72
16.12.2022 01:00:00 +01:00,23302.03,18581.97
16.12.2022 02:00:00 +01:00,22437.05,18444.98
16.12.2022 03:00:00 +01:00,22475.98,18399.36
16.12.2022 04:00:00 +01:00,23035.37,18367.77
16.12.2022 05:00:00 +01:00,23283.10,18657.25
16.12.2022 06:00:00 +01:00,24749.92,19754.90
16.12.2022 07:00:00 +01:00,25895.50,21156.59
16.12.2022 08:00:00 +01:00,25999.87,21547.61
16.12.2022 09:00:00 +01:00,26072.04,21483.50
16.12.2022 10:00:00 +01:00,25798.11,21369.86
16.12.2022 11:00:00 +01:00,25769.23,21237.00
16.12.2022 12:00:00 +01:00,25570.66,21108.81
16.12.2022 13:00:00 +01:00,25086.14,21036.24
16.12.2022 14:00:00 +01:00,25300.61,20998.38
16.12.2022 15:00:00 +01:00,26108.59,21059.75
16.12.2022 16:00:00 +01:00,26361.59,21024.96
16.12.2022 17:00:00 +01:00,26165.14,20810.03
16.12.2022 18:00:00 +01:00,25706.26,20525.15
16.12.2022 19:00:00 +01:00,25200.75,20115.72
16.12.2022 20:00:00 +01:00,24940.88,19773.70
16.12.2022 21:00:00 +01:00,24394.20,19362.72
16.12.2022 22:00:00 +01:00,24065.15,18941.47
16.12.2022 23:00:00 +01:00,23630.64,18470.72
17.12.2022 00:00:00 +01:00,23659.44,17972.11
17.12.2022 01:00:00 +01:00,22835.81,17729.61
17.12.2022 02:00:00 +01:00,21053.15,17516.10
17.12.2022 03:00:00 +01:00,20191.53,17395.05
17.12.2022 04:00:00 +01:00,20164.11,17267.97
17.12.2022 05:00:00 +01:00,19852.08,17273.68
17.12.2022 06:00:00 +01:00,19799.13,17530.86
17.12.2022 07:00:00 +01:00,21218.92,17906.76
17.12.2022 08:00:00 +01:00,22419.36,18359.51
17.12.2022 09:00:00 +01:00,23564.06,18803.43
17.12.2022 10:00:00 +01:00,24442.49,19093.14
17.12.2022 11:00:00 +01:00,24330.68,19171.76
17.12.2022 12:00:00 +01:00,23594.18,19201.54
17.12.2022 13:00:00 +01:00,23032.80,19170.53
17.12.2022 14:00:00 +01:00,23223.06,19093.80
17.12.2022 15:00:00 +01:00,23271.00,19198.67
17.12.2022 16:00:00 +01:00,23647.90,19251.56
17.12.2022 17:00:00 +01:00,23548.62,19193.42
17.12.2022 18:00:00 +01:00,23347.60,19044.72
17.12.2022 19:00:00 +01:00,22500.85,18780.25
17.12.2022 20:00:00 +01:00,21287.20,18397.19
17.12.2022 21:00:00 +01:00,21091.16,18074.82
17.12.2022 22:00:00 +01:00,20188.81,17772.50
17.12.2022 23:00:00 +01:00,19102.90,17456.11
18.12.2022 00:00:00 +01:00,18847.77,17162.99
18.12.2022 01:00:00 +01:00,18447.78,16929.08
18.12.2022 02:00:00 +01:00,18211.43,16651.81
18.12.2022 03:00:00 +01:00,17923.26,16492.36
18.12.2022 04:00:00 +01:00,17568.66,16344.75
18.12.2022 05:00:00 +01:00,17199.60,16354.38
18.12.2022 06:00:00 +01:00,17345.28,16459.92
18.12.2022 07:00:00 +01:00,18004.86,16698.88
18.12.2022 08:00:00 +01:00,19189.64,17117.39
18.12.2022 09:00:00 +01:00,19932.86,17529.97
18.12.2022 10:00:00 +01:00,20561.16,17790.40
18.12.2022 11:00:00 +01:00,21352.07,17920.57
18.12.2022 12:00:00 +01:00,20768.27,18026.29
18.12.2022 13:00:00 +01:00,21705.35,18053.02
18.12.2022 14:00:00 +01:00,21922.85,18167.88
18.12.2022 15:00:00 +01:00,21479.78,18481.73
18.12.2022 16:00:00 +01:00,21241.49,18606.30
18.12.2022 17:00:00 +01:00,20931.88,18520.75
18.12.2022 18:00:00 +01:00,20061.22,18352.19
18.12.2022 19:00:00 +01:00,19345.02,18271.56
18.12.2022 20:00:00 +01:00,17767.48,18354.16
18.12.2022 21:00:00 +01:00,17273.40,18158.21
18.12.2022 22:00:00 +01:00,16394.11,17888.75
18.12.2022 23:00:00 +01:00,15510.37,17564.33
19.12.2022 00:00:00 +01:00,14156.33,17125.91
19.12.2022 01:00:00 +01:00,12765.48,16738.10
19.12.2022 02:00:00 +01:00,12199.69,16545.90
19.12.2022 03:00:00 +01:00,11569.73,16465.12
19.12.2022 04:00:00 +01:00,11712.94,16562.42
19.12.2022 05:00:00 +01:00,12751.04,16834.66
19.12.2022 06:00:00 +01:00,15862.24,17713.92
19.12.2022 07:00:00 +01:00,19460.15,18973.28
19.12.2022 08:00:00 +01:00,20928.30,19475.23
19.12.2022 09:00:00 +01:00,20873.70,19525.49
19.12.2022 10:00:00 +01:00,21327.95,19492.13
19.12.2022 11:00:00 +01:00,21988.98,19446.77
19.12.2022 12:00:00 +01:00,22238.91,19406.94
19.12.2022 13:00:00 +01:00,22679.32,19406.93
19.12.2022 14:00:00 +01:00,22528.75,19474.52
19.12.2022 15:00:00 +01:00,22598.39,19535.00
19.12.2022 16:00:00 +01:00,22384.12,19452.57
19.12.2022 17:00:00 +01:00,22721.04,19292.72
19.12.2022 18:00:00 +01:00,22427.28,18939.77
19.12.2022 19:00:00 +01:00,20961.79,18748.46
19.12.2022 20:00:00 +01:00,19648.05,18481.55
19.12.2022 21:00:00 +01:00,18484.05,18146.87
19.12.2022 22:00:00 +01:00,17387.92,17687.94
19.12.2022 23:00:00 +01:00,15148.53,17212.00
20.12.2022 00:00:00 +01:00,13528.70,16719.01
20.12.2022 01:00:00 +01:00,12266.22,16405.23
20.12.2022 02:00:00 +01:00,11972.46,16180.93
20.12.2022 03:00:00 +01:00,11167.76,16078.59
20.12.2022 04:00:00 +01:00,11237.84,16042.49
20.12.2022 05:00:00 +01:00,12004.45,16206.44
20.12.2022 06:00:00 +01:00,14690.04,17030.14
20.12.2022 07:00:00 +01:00,18299.33,18156.45
20.12.2022 08:00:00 +01:00,19805.76,18601.80
20.12.2022 09:00:00 +01:00,20289.08,18572.52
20.12.2022 10:00:00 +01:00,20010.90,18411.82
20.12.2022 11:00:00 +01:00,19909.40,18044.02
20.12.2022 12:00:00 +01:00,19728.74,18407.24
20.12.2022 13:00:00 +01:00,19568.77,18389.31
20.12.2022 14:00:00 +01:00,19904.38,18426.73
20.12.2022 15:00:00 +01:00,21151.41,18579.17
20.12.2022 16:00:00 +01:00,21267.22,18679.54
20.12.2022 17:00:00 +01:00,20900.23,18473.54
20.12.2022 18:00:00 +01:00,20651.88,18176.10
20.12.2022 19:00:00 +01:00,20927.63,17946.51
20.12.2022 20:00:00 +01:00,20606.61,17768.18
20.12.2022 21:00:00 +01:00,20113.23,17502.80
20.12.2022 22:00:00 +01:00,19383.77,17125.16
20.12.2022 23:00:00 +01:00,18505.81,16684.41
21.12.2022 00:00:00 +01:00,17816.33,16185.07
21.12.2022 01:00:00 +01:00,17152.30,15942.62
21.12.2022 02:00:00 +01:00,16838.83,15783.31
21.12.2022 03:00:00 +01:00,16151.17,15699.99
21.12.2022 04:00:00 +01:00,16396.65,15747.93
21.12.2022 05:00:00 +01:00,17414.95,16023.50
21.12.2022 06:00:00 +01:00,20150.90,16958.80
21.12.2022 07:00:00 +01:00,22709.20,18127.53
21.12.2022 08:00:00 +01:00,22718.17,18636.89
21.12.2022 09:00:00 +01:00,21971.87,18687.09
21.12.2022 10:00:00 +01:00,22670.76,18637.45
21.12.2022 11:00:00 +01:00,22194.48,18671.13
21.12.2022 12:00:00 +01:00,21592.04,18605.12
21.12.2022 13:00:00 +01:00,21237.82,18630.60
21.12.2022 14:00:00 +01:00,21462.90,18610.24
21.12.2022 15:00:00 +01:00,21279.93,18736.20
21.12.2022 16:00:00 +01:00,21355.86,18759.46
21.12.2022 17:00:00 +01:00,22333.77,18567.86
21.12.2022 18:00:00 +01:00,21715.02,18354.35
21.12.2022 19:00:00 +01:00,21150.41,18127.42
21.12.2022 20:00:00 +01:00,19463.68,17966.06
21.12.2022 21:00:00 +01:00,18013.58,17656.26
21.12.2022 22:00:00 +01:00,16840.66,17178.95
21.12.2022 23:00:00 +01:00,15925.30,16759.39
22.12.2022 00:00:00 +01:00,15634.79,16288.52
22.12.2022 01:00:00 +01:00,14780.94,15963.09
22.12.2022 02:00:00 +01:00,14283.82,15669.11
22.12.2022 03:00:00 +01:00,13555.04,15477.20
22.12.2022 04:00:00 +01:00,13776.66,15416.92
22.12.2022 05:00:00 +01:00,14877.08,15673.59
22.12.2022 06:00:00 +01:00,17705.50,16481.14
22.12.2022 07:00:00 +01:00,20583.30,17552.25
22.12.2022 08:00:00 +01:00,21252.87,18093.05
22.12.2022 09:00:00 +01:00,21138.72,18267.56
22.12.2022 10:00:00 +01:00,22144.51,17928.61
22.12.2022 11:00:00 +01:00,22022.42,18262.55
22.12.2022 12:00:00 +01:00,21130.56,18133.78
22.12.2022 13:00:00 +01:00,20007.01,18107.32
22.12.2022 14:00:00 +01:00,20057.14,18157.73
22.12.2022 15:00:00 +01:00,20528.20,18298.19
22.12.2022 16:00:00 +01:00,20174.04,18407.98
22.12.2022 17:00:00 +01:00,20310.49,18322.20
22.12.2022 18:00:00 +01:00,20113.76,18158.95
22.12.2022 19:00:00 +01:00,19111.19,17972.39
22.12.2022 20:00:00 +01:00,19067.96,17822.90
22.12.2022 21:00:00 +01:00,18359.11,17587.12
22.12.2022 22:00:00 +01:00,17350.28,17302.73
22.12.2022 23:00:00 +01:00,16040.51,16969.52
23.12.2022 00:00:00 +01:00,14810.82,16687.06
23.12.2022 01:00:00 +01:00,14672.99,16381.49
23.12.2022 02:00:00 +01:00,14625.03,16201.27
23.12.2022 03:00:00 +01:00,14357.14,16071.69
23.12.2022 04:00:00 +01:00,14481.69,16068.91
23.12.2022 05:00:00 +01:00,14821.19,16366.42
23.12.2022 06:00:00 +01:00,16383.91,17075.16
23.12.2022 07:00:00 +01:00,19067.04,18037.10
23.12.2022 08:00:00 +01:00,20863.41,18703.44
23.12.2022 09:00:00 +01:00,21564.13,19079.92
23.12.2022 10:00:00 +01:00,21641.34,19215.97
23.12.2022 11:00:00 +01:00,21546.54,19134.81
23.12.2022 12:00:00 +01:00,21497.29,19044.52
23.12.2022 13:00:00 +01:00,21345.29,18899.85
23.12.2022 14:00:00 +01:00,21200.32,18849.03
23.12.2022 15:00:00 +01:00,21082.37,19083.40
23.12.2022 16:00:00 +01:00,21265.27,19195.89
23.12.2022 17:00:00 +01:00,20446.59,19083.98
23.12.2022 18:00:00 +01:00,19715.09,18894.33
23.12.2022 19:00:00 +01:00,18790.10,18746.63
23.12.2022 20:00:00 +01:00,17646.03,18499.74
23.12.2022 21:00:00 +01:00,15556.61,18188.91
23.12.2022 22:00:00 +01:00,14586.46,17970.20
23.12.2022 23:00:00 +01:00,14196.29,17778.48
24.12.2022 00:00:00 +01:00,13873.10,17511.03
24.12.2022 01:00:00 +01:00,13130.72,17271.73
24.12.2022 02:00:00 +01:00,12659.77,17132.59
24.12.2022 03:00:00 +01:00,11886.72,17104.10
24.12.2022 04:00:00 +01:00,11597.72,17070.75
24.12.2022 05:00:00 +01:00,11820.09,17118.00
24.12.2022 06:00:00 +01:00,12268.22,17327.69
24.12.2022 07:00:00 +01:00,13221.68,17753.97
24.12.2022 08:00:00 +01:00,14656.98,18413.02
24.12.2022 09:00:00 +01:00,16385.37,18899.56
24.12.2022 10:00:00 +01:00,16699.27,19182.38
24.12.2022 11:00:00 +01:00,16740.73,19245.93
24.12.2022 12:00:00 +01:00,16727.39,19206.95
24.12.2022 13:00:00 +01:00,17044.37,19286.20
24.12.2022 14:00:00 +01:00,17478.84,19431.70
24.12.2022 15:00:00 +01:00,18489.23,19708.25
24.12.2022 16:00:00 +01:00,19168.91,19908.16
24.12.2022 17:00:00 +01:00,18628.05,19198.77
24.12.2022 18:00:00 +01:00,17505.66,18638.69
24.12.2022 19:00:00 +01:00,16167.61,18400.32
24.12.2022 20:00:00 +01:00,15541.59,18033.58
24.12.2022 21:00:00 +01:00,15319.92,17857.65
24.12.2022 22:00:00 +01:00,15091.23,17820.39
24.12.2022 23:00:00 +01:00,14169.19,17858.14
25.12.2022 00:00:00 +01:00,13563.65,17728.81
25.12.2022 01:00:00 +01:00,12301.55,17473.06
25.12.2022 02:00:00 +01:00,11970.72,17233.96
25.12.2022 03:00:00 +01:00,11823.43,17138.84
25.12.2022 04:00:00 +01:00,12069.82,17072.94
25.12.2022 05:00:00 +01:00,12062.91,17052.91
25.12.2022 06:00:00 +01:00,12462.93,17139.34
25.12.2022 07:00:00 +01:00,12625.22,17291.91
25.12.2022 08:00:00 +01:00,13485.75,17552.98
25.12.2022 09:00:00 +01:00,14744.76,17880.22
25.12.2022 10:00:00 +01:00,15990.11,18177.51
25.12.2022 11:00:00 +01:00,16423.88,18364.29
25.12.2022 12:00:00 +01:00,16677.65,18372.82
25.12.2022 13:00:00 +01:00,16250.31,18346.04
25.12.2022 14:00:00 +01:00,16355.54,18332.08
25.12.2022 15:00:00 +01:00,15915.87,18450.15
25.12.2022 16:00:00 +01:00,15803.53,18466.81
25.12.2022 17:00:00 +01:00,15856.13,18182.57
25.12.2022 18:00:00 +01:00,15959.32,17932.78
25.12.2022 19:00:00 +01:00,16157.86,17694.73
25.12.2022 20:00:00 +01:00,15862.37,17469.65
25.12.2022 21:00:00 +01:00,15122.18,17183.10
25.12.2022 22:00:00 +01:00,14063.07,16843.03
25.12.2022 23:00:00 +01:00,12385.60,16466.47
26.12.2022 00:00:00 +01:00,10510.71,16183.55
26.12.2022 01:00:00 +01:00,10089.58,15906.50
26.12.2022 02:00:00 +01:00,9276.17,15751.05
26.12.2022 03:00:00 +01:00,8993.37,15609.88
26.12.2022 04:00:00 +01:00,9113.09,15516.91
26.12.2022 05:00:00 +01:00,9365.01,15585.45
26.12.2022 06:00:00 +01:00,9518.50,15912.64
26.12.2022 07:00:00 +01:00,10020.55,16235.77
26.12.2022 08:00:00 +01:00,11768.78,16570.85
26.12.2022 09:00:00 +01:00,12644.13,17032.04
26.12.2022 10:00:00 +01:00,13372.18,17334.62
26.12.2022 11:00:00 +01:00,13781.48,17588.18
26.12.2022 12:00:00 +01:00,13693.36,17716.20
26.12.2022 13:00:00 +01:00,13365.41,17824.28
26.12.2022 14:00:00 +01:00,13767.03,17847.64
26.12.2022 15:00:00 +01:00,14728.08,17964.30
26.12.2022 16:00:00 +01:00,15663.50,17862.64
26.12.2022 17:00:00 +01:00,16177.74,17562.08
26.12.2022 18:00:00 +01:00,16313.89,17291.52
26.12.2022 19:00:00 +01:00,15657.59,17206.88
26.12.2022 20:00:00 +01:00,15081.64,17165.91
26.12.2022 21:00:00 +01:00,13784.84,16924.85
26.12.2022 22:00:00 +01:00,12491.27,16624.75
26.12.2022 23:00:00 +01:00,11094.25,16347.78
27.12.2022 00:00:00 +01:00,10809.84,16030.92
27.12.2022 01:00:00 +01:00,10480.01,15739.62
27.12.2022 02:00:00 +01:00,11047.86,15591.22
27.12.2022 03:00:00 +01:00,10973.88,15600.69
27.12.2022 04:00:00 +01:00,10930.22,15589.02
27.12.2022 05:00:00 +01:00,11347.44,15808.19
27.12.2022 06:00:00 +01:00,14033.37,16467.31
27.12.2022 07:00:00 +01:00,16014.36,17266.46
27.12.2022 08:00:00 +01:00,16863.24,17813.92
27.12.2022 09:00:00 +01:00,17691.80,18179.02
27.12.2022 10:00:00 +01:00,18105.44,18464.93
27.12.2022 11:00:00 +01:00,17623.67,18544.42
27.12.2022 12:00:00 +01:00,17124.10,18369.72
27.12.2022 13:00:00 +01:00,16788.84,18438.55
27.12.2022 14:00:00 +01:00,17547.93,18473.68
27.12.2022 15:00:00 +01:00,18170.09,18715.58
27.12.2022 16:00:00 +01:00,18696.01,18878.72
27.12.2022 17:00:00 +01:00,19216.69,18726.66
27.12.2022 18:00:00 +01:00,19258.31,18487.23
27.12.2022 19:00:00 +01:00,18088.47,18307.88
27.12.2022 20:00:00 +01:00,16266.91,18129.99
27.12.2022 21:00:00 +01:00,15310.17,17892.80
27.12.2022 22:00:00 +01:00,13876.67,17653.74
27.12.2022 23:00:00 +01:00,12768.38,17417.74
28.12.2022 00:00:00 +01:00,11697.27,17057.55
28.12.2022 01:00:00 +01:00,11489.88,16884.61
28.12.2022 02:00:00 +01:00,11215.53,16781.77
28.12.2022 03:00:00 +01:00,11164.23,16742.82
28.12.2022 04:00:00 +01:00,11548.56,16747.29
28.12.2022 05:00:00 +01:00,11777.95,16984.63
28.12.2022 06:00:00 +01:00,12822.09,17576.41
28.12.2022 07:00:00 +01:00,14181.59,18301.63
28.12.2022 08:00:00 +01:00,15208.76,18745.13
28.12.2022 09:00:00 +01:00,16242.20,19173.34
28.12.2022 10:00:00 +01:00,17171.82,19372.92
28.12.2022 11:00:00 +01:00,17264.51,19486.54
28.12.2022 12:00:00 +01:00,17098.52,19462.09
28.12.2022 13:00:00 +01:00,17234.26,19459.33
28.12.2022 14:00:00 +01:00,17569.11,19443.82
28.12.2022 15:00:00 +01:00,17841.72,19641.33
28.12.2022 16:00:00 +01:00,18124.35,19672.18
28.12.2022 17:00:00 +01:00,17938.50,19483.13
28.12.2022 18:00:00 +01:00,17353.85,19248.25
28.12.2022 19:00:00 +01:00,16392.21,18983.13
28.12.2022 20:00:00 +01:00,15016.35,18736.19
28.12.2022 21:00:00 +01:00,14383.96,18402.44
28.12.2022 22:00:00 +01:00,13499.57,18010.74
28.12.2022 23:00:00 +01:00,12595.06,17770.63
29.12.2022 00:00:00 +01:00,11650.95,17440.97
29.12.2022 01:00:00 +01:00,10957.31,17204.03
29.12.2022 02:00:00 +01:00,10598.64,17014.18
29.12.2022 03:00:00 +01:00,10147.22,16862.91
29.12.2022 04:00:00 +01:00,10057.76,16853.53
29.12.2022 05:00:00 +01:00,10458.00,16967.92
29.12.2022 06:00:00 +01:00,11658.01,17407.66
29.12.2022 07:00:00 +01:00,12727.55,17975.00
29.12.2022 08:00:00 +01:00,13102.66,18305.32
29.12.2022 09:00:00 +01:00,13174.75,18613.74
29.12.2022 10:00:00 +01:00,13541.45,18838.73
29.12.2022 11:00:00 +01:00,13874.48,18787.23
29.12.2022 12:00:00 +01:00,13834.35,18733.13
29.12.2022 13:00:00 +01:00,13752.75,18770.54
29.12.2022 14:00:00 +01:00,13759.86,18726.11
29.12.2022 15:00:00 +01:00,14139.68,18786.01
29.12.2022 16:00:00 +01:00,14565.60,18786.10
29.12.2022 17:00:00 +01:00,15043.64,18482.86
29.12.2022 18:00:00 +01:00,15260.44,18145.99
29.12.2022 19:00:00 +01:00,14466.78,17880.83
29.12.2022 20:00:00 +01:00,13441.51,17584.09
29.12.2022 21:00:00 +01:00,12173.73,17208.31
29.12.2022 22:00:00 +01:00,11504.61,16792.76
29.12.2022 23:00:00 +01:00,9773.39,16422.31
30.12.2022 00:00:00 +01:00,9432.82,16075.90
30.12.2022 01:00:00 +01:00,9102.03,15787.33
30.12.2022 02:00:00 +01:00,8843.63,15633.92
30.12.2022 03:00:00 +01:00,9111.34,15464.72
30.12.2022 04:00:00 +01:00,8947.25,15402.06
30.12.2022 05:00:00 +01:00,9241.08,15624.64
30.12.2022 06:00:00 +01:00,9991.99,16172.73
30.12.2022 07:00:00 +01:00,10766.78,16921.00
30.12.2022 08:00:00 +01:00,12116.66,17435.12
30.12.2022 09:00:00 +01:00,13193.01,17824.28
30.12.2022 10:00:00 +01:00,14128.33,18078.73
30.12.2022 11:00:00 +01:00,14661.76,18136.77
30.12.2022 12:00:00 +01:00,14510.99,18198.19
30.12.2022 13:00:00 +01:00,14630.05,18199.80
30.12.2022 14:00:00 +01:00,15157.72,18272.35
30.12.2022 15:00:00 +01:00,15426.64,18346.36
30.12.2022 16:00:00 +01:00,15445.56,18306.84
30.12.2022 17:00:00 +01:00,15432.84,18022.49
30.12.2022 18:00:00 +01:00,14988.07,17728.92
30.12.2022 19:00:00 +01:00,14320.75,17464.16
30.12.2022 20:00:00 +01:00,12798.36,17175.59
30.12.2022 21:00:00 +01:00,12069.29,16839.75
30.12.2022 22:00:00 +01:00,11008.13,16582.33
30.12.2022 23:00:00 +01:00,10028.45,16407.83
31.12.2022 00:00:00 +01:00,9175.02,16090.80
31.12.2022 01:00:00 +01:00,9569.90,15591.63
31.12.2022 02:00:00 +01:00,9210.26,15238.99
31.12.2022 03:00:00 +01:00,9097.94,15014.31
31.12.2022 04:00:00 +01:00,9109.56,14881.35
31.12.2022 05:00:00 +01:00,9030.57,14870.79
31.12.2022 06:00:00 +01:00,9239.48,15071.30
31.12.2022 07:00:00 +01:00,9691.41,15350.16
31.12.2022 08:00:00 +01:00,9883.91,15804.13
31.12.2022 09:00:00 +01:00,10918.14,16302.55
31.12.2022 10:00:00 +01:00,11055.06,16703.85
31.12.2022 11:00:00 +01:00,11564.69,16994.93
31.12.2022 12:00:00 +01:00,11866.04,17083.70
31.12.2022 13:00:00 +01:00,11917.31,17192.24
31.12.2022 14:00:00 +01:00,12516.74,17352.63
31.12.2022 15:00:00 +01:00,13784.11,17647.26
31.12.2022 16:00:00 +01:00,14227.56,18020.56
31.12.2022 17:00:00 +01:00,13637.04,18081.59
31.12.2022 18:00:00 +01:00,13651.96,17728.46
31.12.2022 19:00:00 +01:00,12655.43,17240.22
31.12.2022 20:00:00 +01:00,11976.37,16781.57
31.12.2022 21:00:00 +01:00,11596.96,16528.72
31.12.2022 22:00:00 +01:00,11322.45,16261.67
31.12.2022 23:00:00 +01:00,10710.33,15834.16
