Time(Local),Import,Export,Flow from NO
01.01.2026 00:00:00 +01:00,2930.10,1372.15,-1557.94
01.01.2026 01:00:00 +01:00,4636.87,1239.75,-3397.12
01.01.2026 02:00:00 +01:00,4962.29,993.78,-3968.51
01.01.2026 03:00:00 +01:00,5321.82,452.79,-4869.03
01.01.2026 04:00:00 +01:00,5417.10,33.26,-5383.84
01.01.2026 05:00:00 +01:00,5534.28,0.00,-5534.28
01.01.2026 06:00:00 +01:00,5602.02,6.59,-5595.43
01.01.2026 07:00:00 +01:00,5743.07,149.72,-5593.35
01.01.2026 08:00:00 +01:00,5676.92,125.24,-5551.68
01.01.2026 09:00:00 +01:00,5452.46,49.30,-5403.16
01.01.2026 10:00:00 +01:00,5308.01,0.00,-5308.01
01.01.2026 11:00:00 +01:00,4839.95,44.36,-4795.60
01.01.2026 12:00:00 +01:00,4797.06,14.02,-4783.04
01.01.2026 13:00:00 +01:00,4836.10,79.83,-4756.27
01.01.2026 14:00:00 +01:00,4883.99,397.98,-4486.01
01.01.2026 15:00:00 +01:00,4703.03,898.32,-3804.71
01.01.2026 16:00:00 +01:00,4839.06,1605.08,-3233.99
01.01.2026 17:00:00 +01:00,4756.61,2065.21,-2691.40
01.01.2026 18:00:00 +01:00,4076.31,2102.72,-1973.59
01.01.2026 19:00:00 +01:00,4049.94,2084.54,-1965.41
01.01.2026 20:00:00 +01:00,3836.39,1864.09,-1972.30
01.01.2026 21:00:00 +01:00,3840.86,1498.32,-2342.54
01.01.2026 22:00:00 +01:00,4082.19,1298.30,-2783.89
01.01.2026 23:00:00 +01:00,4292.52,743.56,-3548.96
02.01.2026 00:00:00 +01:00,4657.36,250.24,-4407.12
02.01.2026 01:00:00 +01:00,5163.49,21.89,-5141.60
02.01.2026 02:00:00 +01:00,6122.67,17.33,-6105.33
02.01.2026 03:00:00 +01:00,6060.78,21.44,-6039.34
02.01.2026 04:00:00 +01:00,6340.45,17.41,-6323.04
02.01.2026 05:00:00 +01:00,6511.90,22.26,-6489.63
02.01.2026 06:00:00 +01:00,5775.50,28.70,-5746.80
02.01.2026 07:00:00 +01:00,4526.94,159.87,-4367.07
02.01.2026 08:00:00 +01:00,3438.34,1024.01,-2414.34
02.01.2026 09:00:00 +01:00,3128.06,1473.61,-1654.45
02.01.2026 10:00:00 +01:00,3475.44,1678.33,-1797.11
02.01.2026 11:00:00 +01:00,4220.96,1482.37,-2738.59
02.01.2026 12:00:00 +01:00,3685.10,1480.77,-2204.33
02.01.2026 13:00:00 +01:00,3618.75,1476.01,-2142.74
02.01.2026 14:00:00 +01:00,2909.62,1720.43,-1189.20
02.01.2026 15:00:00 +01:00,2117.28,2874.09,756.80
02.01.2026 16:00:00 +01:00,2082.36,3617.98,1535.63
02.01.2026 17:00:00 +01:00,2153.81,3997.48,1843.67
02.01.2026 18:00:00 +01:00,2415.51,4576.46,2160.95
02.01.2026 19:00:00 +01:00,2644.26,4513.05,1868.79
02.01.2026 20:00:00 +01:00,2867.76,4275.40,1407.65
02.01.2026 21:00:00 +01:00,2503.75,4274.81,1771.06
02.01.2026 22:00:00 +01:00,2907.07,4194.72,1287.65
02.01.2026 23:00:00 +01:00,3126.66,3897.58,770.92
03.01.2026 00:00:00 +01:00,2225.28,3775.11,1549.83
03.01.2026 01:00:00 +01:00,2172.37,3462.81,1290.44
03.01.2026 02:00:00 +01:00,2366.32,3121.10,754.78
03.01.2026 03:00:00 +01:00,2378.03,2777.64,399.61
03.01.2026 04:00:00 +01:00,2256.96,2121.97,-134.99
03.01.2026 05:00:00 +01:00,2150.12,2277.32,127.20
03.01.2026 06:00:00 +01:00,2339.43,2474.62,135.19
03.01.2026 07:00:00 +01:00,2034.77,3125.41,1090.64
03.01.2026 08:00:00 +01:00,1913.02,4056.48,2143.46
03.01.2026 09:00:00 +01:00,1926.57,3740.78,1814.21
03.01.2026 10:00:00 +01:00,1767.91,3661.02,1893.11
03.01.2026 11:00:00 +01:00,1666.16,3303.77,1637.61
03.01.2026 12:00:00 +01:00,1663.04,3042.06,1379.02
03.01.2026 13:00:00 +01:00,1548.94,2790.43,1241.48
03.01.2026 14:00:00 +01:00,1610.34,3452.30,1841.96
03.01.2026 15:00:00 +01:00,1557.73,3334.16,1776.43
03.01.2026 16:00:00 +01:00,1509.36,2926.54,1417.19
03.01.2026 17:00:00 +01:00,1905.69,3284.80,1379.12
03.01.2026 18:00:00 +01:00,1509.23,3018.71,1509.48
03.01.2026 19:00:00 +01:00,1439.49,3251.50,1812.01
03.01.2026 20:00:00 +01:00,1475.32,3630.16,2154.84
03.01.2026 21:00:00 +01:00,1164.45,3842.42,2677.97
03.01.2026 22:00:00 +01:00,1161.88,3965.56,2803.68
03.01.2026 23:00:00 +01:00,1232.78,3702.99,2470.21
04.01.2026 00:00:00 +01:00,1141.62,3392.43,2250.82
04.01.2026 01:00:00 +01:00,1176.74,3424.16,2247.41
04.01.2026 02:00:00 +01:00,1264.43,3478.42,2213.99
04.01.2026 03:00:00 +01:00,1347.72,3210.84,1863.13
04.01.2026 04:00:00 +01:00,1266.11,2811.51,1545.40
04.01.2026 05:00:00 +01:00,1199.30,3080.36,1881.06
04.01.2026 06:00:00 +01:00,1157.51,2936.86,1779.36
04.01.2026 07:00:00 +01:00,774.01,2936.76,2162.75
04.01.2026 08:00:00 +01:00,500.35,2422.06,1921.71
04.01.2026 09:00:00 +01:00,10.44,2384.56,2374.11
04.01.2026 10:00:00 +01:00,272.72,2191.64,1918.93
04.01.2026 11:00:00 +01:00,186.24,1706.22,1519.98
04.01.2026 12:00:00 +01:00,582.12,1859.72,1277.60
04.01.2026 13:00:00 +01:00,739.18,1723.36,984.19
04.01.2026 14:00:00 +01:00,108.99,1254.39,1145.40
04.01.2026 15:00:00 +01:00,19.00,1048.05,1029.05
04.01.2026 16:00:00 +01:00,44.46,1187.13,1142.67
04.01.2026 17:00:00 +01:00,0.00,1751.64,1751.64
04.01.2026 18:00:00 +01:00,89.11,1972.19,1883.08
04.01.2026 19:00:00 +01:00,7.12,2541.72,2534.60
04.01.2026 20:00:00 +01:00,0.00,3146.70,3146.70
04.01.2026 21:00:00 +01:00,0.00,3814.88,3814.88
04.01.2026 22:00:00 +01:00,0.00,3712.94,3712.94
04.01.2026 23:00:00 +01:00,0.00,3118.55,3118.55
05.01.2026 00:00:00 +01:00,27.47,3264.25,3236.78
05.01.2026 01:00:00 +01:00,160.03,3238.70,3078.67
05.01.2026 02:00:00 +01:00,100.44,3652.20,3551.76
05.01.2026 03:00:00 +01:00,64.50,3667.12,3602.62
05.01.2026 04:00:00 +01:00,25.59,3695.06,3669.47
05.01.2026 05:00:00 +01:00,601.62,3671.73,3070.10
05.01.2026 06:00:00 +01:00,1277.57,3481.16,2203.58
05.01.2026 07:00:00 +01:00,928.80,3204.23,2275.42
05.01.2026 08:00:00 +01:00,555.24,2127.74,1572.50
05.01.2026 09:00:00 +01:00,114.51,1922.36,1807.84
05.01.2026 10:00:00 +01:00,253.19,1999.98,1746.79
05.01.2026 11:00:00 +01:00,755.58,2407.99,1652.41
05.01.2026 12:00:00 +01:00,652.16,2015.89,1363.73
05.01.2026 13:00:00 +01:00,441.91,1938.66,1496.75
05.01.2026 14:00:00 +01:00,598.20,2191.50,1593.30
05.01.2026 15:00:00 +01:00,224.37,1668.76,1444.40
05.01.2026 16:00:00 +01:00,180.72,1791.01,1610.28
05.01.2026 17:00:00 +01:00,166.14,2129.96,1963.83
05.01.2026 18:00:00 +01:00,177.84,2637.04,2459.20
05.01.2026 19:00:00 +01:00,217.56,3588.74,3371.18
05.01.2026 20:00:00 +01:00,368.47,3578.70,3210.24
05.01.2026 21:00:00 +01:00,42.39,3224.47,3182.08
05.01.2026 22:00:00 +01:00,378.26,3850.19,3471.93
05.01.2026 23:00:00 +01:00,640.56,3873.04,3232.47
06.01.2026 00:00:00 +01:00,562.55,4981.06,4418.51
06.01.2026 01:00:00 +01:00,563.96,4986.80,4422.83
06.01.2026 02:00:00 +01:00,108.97,4952.21,4843.24
06.01.2026 03:00:00 +01:00,59.44,4909.19,4849.75
06.01.2026 04:00:00 +01:00,206.61,4683.25,4476.64
06.01.2026 05:00:00 +01:00,790.69,4694.18,3903.48
06.01.2026 06:00:00 +01:00,1071.77,4733.54,3661.77
06.01.2026 07:00:00 +01:00,1320.47,4245.41,2924.94
06.01.2026 08:00:00 +01:00,904.98,3683.34,2778.37
06.01.2026 09:00:00 +01:00,453.75,3517.58,3063.83
06.01.2026 10:00:00 +01:00,19.22,3313.12,3293.91
06.01.2026 11:00:00 +01:00,0.00,3098.58,3098.58
06.01.2026 12:00:00 +01:00,0.00,3521.21,3521.21
06.01.2026 13:00:00 +01:00,4.63,3566.36,3561.73
06.01.2026 14:00:00 +01:00,143.63,3222.29,3078.65
06.01.2026 15:00:00 +01:00,340.03,2861.25,2521.22
06.01.2026 16:00:00 +01:00,396.70,2859.94,2463.24
06.01.2026 17:00:00 +01:00,15.49,3098.89,3083.40
06.01.2026 18:00:00 +01:00,1.33,3521.59,3520.26
06.01.2026 19:00:00 +01:00,26.91,3658.82,3631.91
06.01.2026 20:00:00 +01:00,547.40,4242.60,3695.21
06.01.2026 21:00:00 +01:00,627.08,4014.42,3387.33
06.01.2026 22:00:00 +01:00,647.76,4353.55,3705.79
06.01.2026 23:00:00 +01:00,648.69,4537.18,3888.49
07.01.2026 00:00:00 +01:00,577.24,3702.84,3125.60
07.01.2026 01:00:00 +01:00,618.60,3840.53,3221.92
07.01.2026 02:00:00 +01:00,621.83,3191.94,2570.11
07.01.2026 03:00:00 +01:00,774.29,2600.23,1825.94
07.01.2026 04:00:00 +01:00,752.39,1890.13,1137.74
07.01.2026 05:00:00 +01:00,688.21,2438.77,1750.55
07.01.2026 06:00:00 +01:00,363.09,2692.58,2329.49
07.01.2026 07:00:00 +01:00,323.48,2232.88,1909.40
07.01.2026 08:00:00 +01:00,972.89,2572.70,1599.81
07.01.2026 09:00:00 +01:00,629.79,2577.49,1947.70
07.01.2026 10:00:00 +01:00,632.75,2672.38,2039.63
07.01.2026 11:00:00 +01:00,561.93,2678.81,2116.88
07.01.2026 12:00:00 +01:00,602.40,2602.65,2000.25
07.01.2026 13:00:00 +01:00,392.06,1760.77,1368.71
07.01.2026 14:00:00 +01:00,369.75,1928.32,1558.57
07.01.2026 15:00:00 +01:00,345.19,1991.71,1646.52
07.01.2026 16:00:00 +01:00,169.88,2082.17,1912.29
07.01.2026 17:00:00 +01:00,397.60,2858.32,2460.72
07.01.2026 18:00:00 +01:00,884.40,3324.22,2439.82
07.01.2026 19:00:00 +01:00,670.94,3045.53,2374.59
07.01.2026 20:00:00 +01:00,933.31,3455.97,2522.66
07.01.2026 21:00:00 +01:00,851.11,3304.59,2453.49
07.01.2026 22:00:00 +01:00,661.09,3242.47,2581.37
07.01.2026 23:00:00 +01:00,648.37,2911.04,2262.67
08.01.2026 00:00:00 +01:00,919.16,1913.57,994.41
08.01.2026 01:00:00 +01:00,966.89,2080.49,1113.60
08.01.2026 02:00:00 +01:00,1280.71,1939.08,658.37
08.01.2026 03:00:00 +01:00,1257.58,1949.49,691.91
08.01.2026 04:00:00 +01:00,927.65,2064.96,1137.31
08.01.2026 05:00:00 +01:00,867.73,2192.46,1324.73
08.01.2026 06:00:00 +01:00,325.69,1921.77,1596.08
08.01.2026 07:00:00 +01:00,452.28,2450.43,1998.16
08.01.2026 08:00:00 +01:00,558.46,2574.30,2015.84
08.01.2026 09:00:00 +01:00,587.81,2734.17,2146.36
08.01.2026 10:00:00 +01:00,694.27,2461.79,1767.52
08.01.2026 11:00:00 +01:00,847.49,2522.50,1675.01
08.01.2026 12:00:00 +01:00,654.32,2412.61,1758.29
08.01.2026 13:00:00 +01:00,839.81,2738.06,1898.25
08.01.2026 14:00:00 +01:00,773.89,2750.15,1976.26
08.01.2026 15:00:00 +01:00,836.50,2807.17,1970.67
08.01.2026 16:00:00 +01:00,374.95,1995.94,1620.98
08.01.2026 17:00:00 +01:00,63.94,2244.88,2180.93
08.01.2026 18:00:00 +01:00,99.80,2572.88,2473.08
08.01.2026 19:00:00 +01:00,776.65,2777.48,2000.83
08.01.2026 20:00:00 +01:00,1054.50,2331.76,1277.26
08.01.2026 21:00:00 +01:00,1054.29,2445.70,1391.41
08.01.2026 22:00:00 +01:00,1039.64,2663.34,1623.70
08.01.2026 23:00:00 +01:00,1673.10,1703.43,30.33
09.01.2026 00:00:00 +01:00,2248.63,1570.63,-678.01
09.01.2026 01:00:00 +01:00,2855.74,1696.93,-1158.81
09.01.2026 02:00:00 +01:00,4125.56,1716.30,-2409.26
09.01.2026 03:00:00 +01:00,4633.38,1639.94,-2993.44
09.01.2026 04:00:00 +01:00,4624.36,1688.36,-2936.00
09.01.2026 05:00:00 +01:00,4248.17,1729.15,-2519.02
09.01.2026 06:00:00 +01:00,2656.75,1922.44,-734.32
09.01.2026 07:00:00 +01:00,822.55,2025.11,1202.56
09.01.2026 08:00:00 +01:00,282.16,2153.03,1870.87
09.01.2026 09:00:00 +01:00,939.42,2163.52,1224.10
09.01.2026 10:00:00 +01:00,835.72,2257.20,1421.48
09.01.2026 11:00:00 +01:00,1160.78,2558.29,1397.51
09.01.2026 12:00:00 +01:00,1487.31,2540.30,1052.98
09.01.2026 13:00:00 +01:00,1559.87,2320.26,760.39
09.01.2026 14:00:00 +01:00,1882.18,2362.54,480.36
09.01.2026 15:00:00 +01:00,1493.20,2394.37,901.18
09.01.2026 16:00:00 +01:00,1047.31,2300.40,1253.09
09.01.2026 17:00:00 +01:00,528.50,2216.58,1688.08
09.01.2026 18:00:00 +01:00,323.89,2125.03,1801.15
09.01.2026 19:00:00 +01:00,583.26,1996.06,1412.80
09.01.2026 20:00:00 +01:00,1021.51,1904.96,883.45
09.01.2026 21:00:00 +01:00,1363.40,2156.92,793.52
09.01.2026 22:00:00 +01:00,1473.88,2062.40,588.52
09.01.2026 23:00:00 +01:00,2290.51,1834.06,-456.46
10.01.2026 00:00:00 +01:00,2630.84,2045.43,-585.40
10.01.2026 01:00:00 +01:00,3393.46,1716.23,-1677.23
10.01.2026 02:00:00 +01:00,3698.28,1533.78,-2164.51
10.01.2026 03:00:00 +01:00,4144.91,1487.48,-2657.43
10.01.2026 04:00:00 +01:00,4040.11,1583.56,-2456.55
10.01.2026 05:00:00 +01:00,4005.69,1535.46,-2470.22
10.01.2026 06:00:00 +01:00,3624.81,1683.13,-1941.68
10.01.2026 07:00:00 +01:00,2271.70,2210.21,-61.50
10.01.2026 08:00:00 +01:00,1065.82,2523.99,1458.17
10.01.2026 09:00:00 +01:00,465.55,2869.91,2404.36
10.01.2026 10:00:00 +01:00,483.52,2589.16,2105.64
10.01.2026 11:00:00 +01:00,986.74,2803.48,1816.74
10.01.2026 12:00:00 +01:00,639.33,2761.33,2122.00
10.01.2026 13:00:00 +01:00,763.73,2989.53,2225.81
10.01.2026 14:00:00 +01:00,645.04,3111.00,2465.96
10.01.2026 15:00:00 +01:00,669.85,2700.34,2030.50
10.01.2026 16:00:00 +01:00,848.37,2652.09,1803.73
10.01.2026 17:00:00 +01:00,790.90,2455.29,1664.39
10.01.2026 18:00:00 +01:00,968.90,2986.38,2017.48
10.01.2026 19:00:00 +01:00,1079.39,3185.43,2106.04
10.01.2026 20:00:00 +01:00,856.87,2919.53,2062.66
10.01.2026 21:00:00 +01:00,547.67,2664.16,2116.49
10.01.2026 22:00:00 +01:00,952.36,3319.70,2367.34
10.01.2026 23:00:00 +01:00,1197.09,3426.88,2229.79
11.01.2026 00:00:00 +01:00,1897.15,4050.60,2153.46
11.01.2026 01:00:00 +01:00,1796.85,4198.96,2402.11
11.01.2026 02:00:00 +01:00,1818.70,4340.13,2521.43
11.01.2026 03:00:00 +01:00,1904.14,3925.29,2021.15
11.01.2026 04:00:00 +01:00,1832.27,3462.92,1630.65
11.01.2026 05:00:00 +01:00,1589.33,3397.31,1807.98
11.01.2026 06:00:00 +01:00,1687.07,3038.96,1351.90
11.01.2026 07:00:00 +01:00,1285.94,3057.12,1771.19
11.01.2026 08:00:00 +01:00,947.20,3337.11,2389.91
11.01.2026 09:00:00 +01:00,414.35,2722.85,2308.50
11.01.2026 10:00:00 +01:00,313.92,3144.74,2830.82
11.01.2026 11:00:00 +01:00,70.53,2991.56,2921.03
11.01.2026 12:00:00 +01:00,2.85,3331.39,3328.54
11.01.2026 13:00:00 +01:00,0.00,3237.76,3237.76
11.01.2026 14:00:00 +01:00,2.24,3005.91,3003.67
11.01.2026 15:00:00 +01:00,276.33,2831.56,2555.23
11.01.2026 16:00:00 +01:00,517.17,3208.62,2691.45
11.01.2026 17:00:00 +01:00,660.47,3464.27,2803.81
11.01.2026 18:00:00 +01:00,788.50,3441.97,2653.48
11.01.2026 19:00:00 +01:00,653.43,3730.32,3076.88
11.01.2026 20:00:00 +01:00,645.46,3867.59,3222.13
11.01.2026 21:00:00 +01:00,624.78,3598.24,2973.46
11.01.2026 22:00:00 +01:00,419.96,3508.55,3088.58
11.01.2026 23:00:00 +01:00,844.06,2743.73,1899.67
12.01.2026 00:00:00 +01:00,1475.98,2674.89,1198.91
12.01.2026 01:00:00 +01:00,1810.79,2970.71,1159.91
12.01.2026 02:00:00 +01:00,2015.27,3018.80,1003.54
12.01.2026 03:00:00 +01:00,2034.46,2796.25,761.79
12.01.2026 04:00:00 +01:00,2045.49,2338.06,292.57
12.01.2026 05:00:00 +01:00,1919.69,2701.77,782.08
12.01.2026 06:00:00 +01:00,936.51,2710.86,1774.35
12.01.2026 07:00:00 +01:00,516.45,2766.97,2250.52
12.01.2026 08:00:00 +01:00,765.35,2916.13,2150.78
12.01.2026 09:00:00 +01:00,671.28,3444.76,2773.48
12.01.2026 10:00:00 +01:00,687.30,3662.85,2975.55
12.01.2026 11:00:00 +01:00,994.21,4121.97,3127.76
12.01.2026 12:00:00 +01:00,1004.54,3613.27,2608.73
12.01.2026 13:00:00 +01:00,1100.09,4002.67,2902.58
12.01.2026 14:00:00 +01:00,1098.15,4044.59,2946.43
12.01.2026 15:00:00 +01:00,1167.43,4028.56,2861.13
12.01.2026 16:00:00 +01:00,1175.40,3807.49,2632.09
12.01.2026 17:00:00 +01:00,690.14,4096.50,3406.36
12.01.2026 18:00:00 +01:00,338.46,4255.48,3917.01
12.01.2026 19:00:00 +01:00,484.23,4641.93,4157.70
12.01.2026 20:00:00 +01:00,0.00,4163.59,4163.59
12.01.2026 21:00:00 +01:00,0.00,4102.62,4102.62
12.01.2026 22:00:00 +01:00,0.00,4775.20,4775.20
12.01.2026 23:00:00 +01:00,12.95,4661.79,4648.84
13.01.2026 00:00:00 +01:00,549.32,4752.14,4202.82
13.01.2026 01:00:00 +01:00,647.16,4631.33,3984.17
13.01.2026 02:00:00 +01:00,823.73,5000.26,4176.53
13.01.2026 03:00:00 +01:00,837.34,5115.09,4277.75
13.01.2026 04:00:00 +01:00,763.89,5156.82,4392.93
13.01.2026 05:00:00 +01:00,121.98,4664.65,4542.67
13.01.2026 06:00:00 +01:00,373.38,4917.25,4543.87
13.01.2026 07:00:00 +01:00,663.08,4371.12,3708.03
13.01.2026 08:00:00 +01:00,1038.33,4700.30,3661.97
13.01.2026 09:00:00 +01:00,957.06,4303.01,3345.95
13.01.2026 10:00:00 +01:00,721.83,4047.19,3325.36
13.01.2026 11:00:00 +01:00,689.63,4722.38,4032.75
13.01.2026 12:00:00 +01:00,793.42,4090.64,3297.22
13.01.2026 13:00:00 +01:00,886.50,3816.98,2930.49
13.01.2026 14:00:00 +01:00,730.71,3947.35,3216.64
13.01.2026 15:00:00 +01:00,827.08,4237.32,3410.24
13.01.2026 16:00:00 +01:00,856.57,4360.34,3503.78
13.01.2026 17:00:00 +01:00,399.11,4643.00,4243.89
13.01.2026 18:00:00 +01:00,480.35,4778.14,4297.79
13.01.2026 19:00:00 +01:00,639.06,4769.73,4130.67
13.01.2026 20:00:00 +01:00,422.22,4718.55,4296.33
13.01.2026 21:00:00 +01:00,289.03,4714.25,4425.21
13.01.2026 22:00:00 +01:00,690.28,4703.59,4013.31
13.01.2026 23:00:00 +01:00,590.91,3449.40,2858.49
14.01.2026 00:00:00 +01:00,778.14,3623.69,2845.56
14.01.2026 01:00:00 +01:00,1375.50,4362.69,2987.19
14.01.2026 02:00:00 +01:00,2016.51,4607.52,2591.01
14.01.2026 03:00:00 +01:00,2177.87,4323.68,2145.81
14.01.2026 04:00:00 +01:00,2226.59,4601.45,2374.86
14.01.2026 05:00:00 +01:00,2121.51,4889.73,2768.21
14.01.2026 06:00:00 +01:00,1661.33,4895.87,3234.54
14.01.2026 07:00:00 +01:00,642.49,4216.07,3573.58
14.01.2026 08:00:00 +01:00,583.12,3993.43,3410.31
14.01.2026 09:00:00 +01:00,1322.25,4485.18,3162.93
14.01.2026 10:00:00 +01:00,982.79,3688.64,2705.85
14.01.2026 11:00:00 +01:00,1292.31,3793.86,2501.55
14.01.2026 12:00:00 +01:00,1658.84,4091.98,2433.14
14.01.2026 13:00:00 +01:00,1574.87,3810.96,2236.09
14.01.2026 14:00:00 +01:00,1265.32,3512.35,2247.03
14.01.2026 15:00:00 +01:00,555.27,3271.71,2716.44
14.01.2026 16:00:00 +01:00,777.48,3468.18,2690.70
14.01.2026 17:00:00 +01:00,344.57,3794.02,3449.45
14.01.2026 18:00:00 +01:00,281.40,3765.39,3483.98
14.01.2026 19:00:00 +01:00,304.37,3904.24,3599.87
14.01.2026 20:00:00 +01:00,344.92,3774.81,3429.89
14.01.2026 21:00:00 +01:00,632.64,3801.83,3169.20
14.01.2026 22:00:00 +01:00,927.46,3928.00,3000.53
14.01.2026 23:00:00 +01:00,1146.68,3910.63,2763.95
15.01.2026 00:00:00 +01:00,953.72,4038.67,3084.95
15.01.2026 01:00:00 +01:00,659.76,4164.07,3504.31
15.01.2026 02:00:00 +01:00,773.48,3427.87,2654.39
15.01.2026 03:00:00 +01:00,655.16,2372.47,1717.31
15.01.2026 04:00:00 +01:00,485.49,2046.92,1561.43
15.01.2026 05:00:00 +01:00,563.98,2893.36,2329.38
15.01.2026 06:00:00 +01:00,364.01,4087.73,3723.72
15.01.2026 07:00:00 +01:00,288.73,4064.47,3775.73
15.01.2026 08:00:00 +01:00,236.75,4087.96,3851.21
15.01.2026 09:00:00 +01:00,0.00,4044.98,4044.98
15.01.2026 10:00:00 +01:00,229.49,3854.17,3624.67
15.01.2026 11:00:00 +01:00,402.71,3937.42,3534.70
15.01.2026 12:00:00 +01:00,305.01,3798.08,3493.07
15.01.2026 13:00:00 +01:00,642.30,4521.61,3879.31
15.01.2026 14:00:00 +01:00,521.80,4863.35,4341.54
15.01.2026 15:00:00 +01:00,122.57,4538.03,4415.46
15.01.2026 16:00:00 +01:00,269.34,4826.07,4556.73
15.01.2026 17:00:00 +01:00,575.12,4814.45,4239.33
15.01.2026 18:00:00 +01:00,489.44,5098.72,4609.28
15.01.2026 19:00:00 +01:00,614.73,5410.55,4795.82
15.01.2026 20:00:00 +01:00,522.52,4763.05,4240.53
15.01.2026 21:00:00 +01:00,417.16,3827.57,3410.41
15.01.2026 22:00:00 +01:00,561.33,3172.12,2610.79
15.01.2026 23:00:00 +01:00,951.44,2393.18,1441.74
16.01.2026 00:00:00 +01:00,796.38,2181.00,1384.62
16.01.2026 01:00:00 +01:00,1575.44,1943.16,367.71
16.01.2026 02:00:00 +01:00,2426.78,1846.87,-579.92
16.01.2026 03:00:00 +01:00,2808.07,1741.88,-1066.19
16.01.2026 04:00:00 +01:00,2444.85,1819.78,-625.07
16.01.2026 05:00:00 +01:00,2024.29,3043.24,1018.95
16.01.2026 06:00:00 +01:00,1644.19,3608.11,1963.92
16.01.2026 07:00:00 +01:00,1153.33,3578.28,2424.95
16.01.2026 08:00:00 +01:00,1428.67,3643.17,2214.49
16.01.2026 09:00:00 +01:00,1384.07,3698.39,2314.32
16.01.2026 10:00:00 +01:00,1591.59,3392.22,1800.63
16.01.2026 11:00:00 +01:00,1256.51,3518.93,2262.42
16.01.2026 12:00:00 +01:00,1543.25,3865.38,2322.12
16.01.2026 13:00:00 +01:00,1835.29,4462.11,2626.82
16.01.2026 14:00:00 +01:00,1927.74,4994.61,3066.86
16.01.2026 15:00:00 +01:00,1566.36,5206.57,3640.21
16.01.2026 16:00:00 +01:00,971.26,5205.01,4233.75
16.01.2026 17:00:00 +01:00,697.89,5277.41,4579.52
16.01.2026 18:00:00 +01:00,324.93,5371.59,5046.66
16.01.2026 19:00:00 +01:00,829.93,5252.56,4422.63
16.01.2026 20:00:00 +01:00,1105.98,5169.59,4063.62
16.01.2026 21:00:00 +01:00,1402.81,4974.83,3572.02
16.01.2026 22:00:00 +01:00,1767.88,5059.26,3291.38
16.01.2026 23:00:00 +01:00,2100.41,5039.05,2938.64
17.01.2026 00:00:00 +01:00,2283.74,4832.68,2548.94
17.01.2026 01:00:00 +01:00,2396.96,5066.71,2669.75
17.01.2026 02:00:00 +01:00,2269.67,5076.10,2806.43
17.01.2026 03:00:00 +01:00,2282.95,5043.66,2760.72
17.01.2026 04:00:00 +01:00,2317.82,5084.80,2766.99
17.01.2026 05:00:00 +01:00,2069.22,5098.18,3028.96
17.01.2026 06:00:00 +01:00,1922.14,4905.34,2983.19
17.01.2026 07:00:00 +01:00,1366.73,4850.33,3483.60
17.01.2026 08:00:00 +01:00,1190.80,5071.29,3880.49
17.01.2026 09:00:00 +01:00,707.90,5173.79,4465.88
17.01.2026 10:00:00 +01:00,816.45,4982.10,4165.64
17.01.2026 11:00:00 +01:00,786.38,4543.76,3757.38
17.01.2026 12:00:00 +01:00,703.03,4513.72,3810.68
17.01.2026 13:00:00 +01:00,1200.80,4904.22,3703.42
17.01.2026 14:00:00 +01:00,866.68,5025.48,4158.80
17.01.2026 15:00:00 +01:00,497.16,4956.66,4459.50
17.01.2026 16:00:00 +01:00,594.27,4969.89,4375.62
17.01.2026 17:00:00 +01:00,697.80,5056.39,4358.59
17.01.2026 18:00:00 +01:00,355.30,4984.85,4629.55
17.01.2026 19:00:00 +01:00,271.20,4993.85,4722.65
17.01.2026 20:00:00 +01:00,315.29,5158.64,4843.35
17.01.2026 21:00:00 +01:00,604.00,5050.39,4446.39
17.01.2026 22:00:00 +01:00,935.03,4949.27,4014.24
17.01.2026 23:00:00 +01:00,648.92,5009.81,4360.88
18.01.2026 00:00:00 +01:00,1179.10,4929.95,3750.85
18.01.2026 01:00:00 +01:00,1250.13,5144.03,3893.91
18.01.2026 02:00:00 +01:00,1306.49,5226.59,3920.10
18.01.2026 03:00:00 +01:00,1122.22,5137.75,4015.53
18.01.2026 04:00:00 +01:00,1139.04,5221.38,4082.34
18.01.2026 05:00:00 +01:00,1075.74,5151.67,4075.93
18.01.2026 06:00:00 +01:00,911.42,5183.70,4272.29
18.01.2026 07:00:00 +01:00,552.66,4969.51,4416.85
18.01.2026 08:00:00 +01:00,293.04,5365.45,5072.41
18.01.2026 09:00:00 +01:00,21.55,5483.50,5461.95
18.01.2026 10:00:00 +01:00,4.51,4986.91,4982.40
18.01.2026 11:00:00 +01:00,5.30,4376.23,4370.92
18.01.2026 12:00:00 +01:00,0.00,4374.79,4374.79
18.01.2026 13:00:00 +01:00,0.00,4675.46,4675.46
18.01.2026 14:00:00 +01:00,0.00,5127.53,5127.53
18.01.2026 15:00:00 +01:00,0.00,6210.51,6210.51
18.01.2026 16:00:00 +01:00,0.00,6447.78,6447.78
18.01.2026 17:00:00 +01:00,0.00,6572.08,6572.08
18.01.2026 18:00:00 +01:00,0.00,6405.90,6405.90
18.01.2026 19:00:00 +01:00,0.00,6226.67,6226.67
18.01.2026 20:00:00 +01:00,0.00,6426.89,6426.89
18.01.2026 21:00:00 +01:00,0.00,6498.31,6498.31
18.01.2026 22:00:00 +01:00,2.53,5943.74,5941.21
18.01.2026 23:00:00 +01:00,228.34,5411.72,5183.38
19.01.2026 00:00:00 +01:00,243.81,5483.84,5240.03
19.01.2026 01:00:00 +01:00,16.52,5624.25,5607.73
19.01.2026 02:00:00 +01:00,26.90,5440.17,5413.27
19.01.2026 03:00:00 +01:00,0.00,5391.66,5391.66
19.01.2026 04:00:00 +01:00,0.00,5381.10,5381.10
19.01.2026 05:00:00 +01:00,0.00,5676.36,5676.36
19.01.2026 06:00:00 +01:00,0.00,6412.91,6412.91
19.01.2026 07:00:00 +01:00,0.00,6069.42,6069.42
19.01.2026 08:00:00 +01:00,0.00,5944.04,5944.04
19.01.2026 09:00:00 +01:00,0.00,5824.61,5824.61
19.01.2026 10:00:00 +01:00,61.37,5263.76,5202.39
19.01.2026 11:00:00 +01:00,11.49,4432.01,4420.52
19.01.2026 12:00:00 +01:00,0.00,4712.90,4712.90
19.01.2026 13:00:00 +01:00,28.46,4860.34,4831.88
19.01.2026 14:00:00 +01:00,0.00,5027.56,5027.56
19.01.2026 15:00:00 +01:00,0.00,5285.46,5285.46
19.01.2026 16:00:00 +01:00,0.00,5257.19,5257.19
19.01.2026 17:00:00 +01:00,0.00,4984.70,4984.70
19.01.2026 18:00:00 +01:00,0.00,4878.94,4878.94
19.01.2026 19:00:00 +01:00,0.00,5504.60,5504.60
19.01.2026 20:00:00 +01:00,0.00,5573.37,5573.37
19.01.2026 21:00:00 +01:00,0.00,5370.85,5370.85
19.01.2026 22:00:00 +01:00,0.00,5727.20,5727.20
19.01.2026 23:00:00 +01:00,0.00,5823.13,5823.13
20.01.2026 00:00:00 +01:00,0.00,4892.92,4892.92
20.01.2026 01:00:00 +01:00,0.00,4552.24,4552.24
20.01.2026 02:00:00 +01:00,15.82,4387.22,4371.40
20.01.2026 03:00:00 +01:00,388.67,4712.69,4324.02
20.01.2026 04:00:00 +01:00,459.18,4588.08,4128.89
20.01.2026 05:00:00 +01:00,884.24,4373.60,3489.37
20.01.2026 06:00:00 +01:00,1217.91,4766.73,3548.82
20.01.2026 07:00:00 +01:00,1387.90,5499.70,4111.81
20.01.2026 08:00:00 +01:00,1396.63,5192.19,3795.56
20.01.2026 09:00:00 +01:00,1396.71,4810.21,3413.50
20.01.2026 10:00:00 +01:00,1390.33,4373.14,2982.81
20.01.2026 11:00:00 +01:00,1528.51,4142.88,2614.38
20.01.2026 12:00:00 +01:00,1544.82,4171.16,2626.33
20.01.2026 13:00:00 +01:00,1783.28,4745.18,2961.91
20.01.2026 14:00:00 +01:00,1710.56,4633.71,2923.15
20.01.2026 15:00:00 +01:00,1589.75,4697.04,3107.29
20.01.2026 16:00:00 +01:00,1541.30,4602.70,3061.40
20.01.2026 17:00:00 +01:00,1396.89,5127.51,3730.62
20.01.2026 18:00:00 +01:00,1413.76,5080.94,3667.17
20.01.2026 19:00:00 +01:00,1763.05,5200.19,3437.14
20.01.2026 20:00:00 +01:00,1636.41,5384.81,3748.39
20.01.2026 21:00:00 +01:00,1597.89,5387.05,3789.16
20.01.2026 22:00:00 +01:00,1000.66,5258.06,4257.40
20.01.2026 23:00:00 +01:00,1090.01,5574.47,4484.46
21.01.2026 00:00:00 +01:00,888.12,5618.74,4730.62
21.01.2026 01:00:00 +01:00,726.41,5343.51,4617.11
21.01.2026 02:00:00 +01:00,563.93,4782.17,4218.25
21.01.2026 03:00:00 +01:00,611.40,4774.67,4163.27
21.01.2026 04:00:00 +01:00,655.65,4635.42,3979.77
21.01.2026 05:00:00 +01:00,558.42,4477.46,3919.03
21.01.2026 06:00:00 +01:00,668.27,4898.25,4229.98
21.01.2026 07:00:00 +01:00,903.92,5106.06,4202.14
21.01.2026 08:00:00 +01:00,542.08,5037.87,4495.79
21.01.2026 09:00:00 +01:00,563.91,5233.62,4669.72
21.01.2026 10:00:00 +01:00,364.85,5073.61,4708.76
21.01.2026 11:00:00 +01:00,71.50,4112.15,4040.65
21.01.2026 12:00:00 +01:00,374.38,4122.89,3748.51
21.01.2026 13:00:00 +01:00,363.59,4661.21,4297.62
21.01.2026 14:00:00 +01:00,139.70,5221.73,5082.03
21.01.2026 15:00:00 +01:00,0.00,5076.91,5076.91
21.01.2026 16:00:00 +01:00,0.10,4884.45,4884.35
21.01.2026 17:00:00 +01:00,0.00,5358.98,5358.98
21.01.2026 18:00:00 +01:00,0.00,5053.28,5053.28
21.01.2026 19:00:00 +01:00,0.00,5029.29,5029.29
21.01.2026 20:00:00 +01:00,0.00,4563.37,4563.37
21.01.2026 21:00:00 +01:00,0.00,4056.23,4056.23
21.01.2026 22:00:00 +01:00,57.49,3321.69,3264.20
21.01.2026 23:00:00 +01:00,414.63,2520.82,2106.19
22.01.2026 00:00:00 +01:00,1365.62,2120.59,754.97
22.01.2026 01:00:00 +01:00,1234.49,2165.35,930.85
22.01.2026 02:00:00 +01:00,980.95,2219.15,1238.20
22.01.2026 03:00:00 +01:00,1468.92,2066.87,597.95
22.01.2026 04:00:00 +01:00,1709.98,2054.86,344.88
22.01.2026 05:00:00 +01:00,1606.54,2137.72,531.18
22.01.2026 06:00:00 +01:00,1052.91,2236.72,1183.81
22.01.2026 07:00:00 +01:00,34.15,3452.86,3418.71
22.01.2026 08:00:00 +01:00,23.42,4102.62,4079.20
22.01.2026 09:00:00 +01:00,16.57,4053.23,4036.66
22.01.2026 10:00:00 +01:00,135.77,3290.42,3154.65
22.01.2026 11:00:00 +01:00,652.85,2855.52,2202.67
22.01.2026 12:00:00 +01:00,1011.96,2082.12,1070.17
22.01.2026 13:00:00 +01:00,1152.79,2389.45,1236.67
22.01.2026 14:00:00 +01:00,499.49,3438.68,2939.19
22.01.2026 15:00:00 +01:00,0.00,4139.77,4139.77
22.01.2026 16:00:00 +01:00,0.00,4094.24,4094.24
22.01.2026 17:00:00 +01:00,0.00,4493.26,4493.26
22.01.2026 18:00:00 +01:00,68.60,4710.78,4642.17
22.01.2026 19:00:00 +01:00,546.64,4965.22,4418.58
22.01.2026 20:00:00 +01:00,837.79,4600.48,3762.69
22.01.2026 21:00:00 +01:00,977.97,4205.04,3227.07
22.01.2026 22:00:00 +01:00,1388.51,3976.84,2588.32
22.01.2026 23:00:00 +01:00,1277.49,3178.39,1900.89
23.01.2026 00:00:00 +01:00,1294.68,2108.25,813.57
23.01.2026 01:00:00 +01:00,1487.98,2197.06,709.08
23.01.2026 02:00:00 +01:00,1600.70,2035.49,434.79
23.01.2026 03:00:00 +01:00,1271.73,1963.84,692.11
23.01.2026 04:00:00 +01:00,1101.73,1563.89,462.15
23.01.2026 05:00:00 +01:00,1295.66,1684.94,389.28
23.01.2026 06:00:00 +01:00,299.44,2393.44,2093.99
23.01.2026 07:00:00 +01:00,25.99,3317.19,3291.19
23.01.2026 08:00:00 +01:00,369.08,3476.54,3107.47
23.01.2026 09:00:00 +01:00,513.62,3570.61,3056.99
23.01.2026 10:00:00 +01:00,53.09,3376.26,3323.16
23.01.2026 11:00:00 +01:00,258.08,3074.36,2816.29
23.01.2026 12:00:00 +01:00,1475.89,2864.94,1389.05
23.01.2026 13:00:00 +01:00,1700.92,2678.12,977.20
23.01.2026 14:00:00 +01:00,795.27,2571.04,1775.78
23.01.2026 15:00:00 +01:00,167.95,2757.80,2589.85
23.01.2026 16:00:00 +01:00,378.63,3482.08,3103.45
23.01.2026 17:00:00 +01:00,115.91,3516.64,3400.73
23.01.2026 18:00:00 +01:00,601.35,3967.79,3366.45
23.01.2026 19:00:00 +01:00,914.48,4084.73,3170.25
23.01.2026 20:00:00 +01:00,662.62,3610.79,2948.17
23.01.2026 21:00:00 +01:00,854.47,3156.63,2302.16
23.01.2026 22:00:00 +01:00,905.55,3069.83,2164.28
23.01.2026 23:00:00 +01:00,575.92,1817.40,1241.48
24.01.2026 00:00:00 +01:00,361.39,1481.15,1119.76
24.01.2026 01:00:00 +01:00,920.48,2052.60,1132.11
24.01.2026 02:00:00 +01:00,430.00,1243.95,813.95
24.01.2026 03:00:00 +01:00,764.03,1323.33,559.30
24.01.2026 04:00:00 +01:00,1303.34,1626.22,322.87
24.01.2026 05:00:00 +01:00,950.71,1477.77,527.06
24.01.2026 06:00:00 +01:00,515.86,1744.75,1228.89
24.01.2026 07:00:00 +01:00,71.01,1862.43,1791.42
24.01.2026 08:00:00 +01:00,225.27,3507.32,3282.06
24.01.2026 09:00:00 +01:00,105.01,3412.65,3307.64
24.01.2026 10:00:00 +01:00,0.00,3227.96,3227.96
24.01.2026 11:00:00 +01:00,49.06,2868.87,2819.81
24.01.2026 12:00:00 +01:00,323.02,2563.51,2240.49
24.01.2026 13:00:00 +01:00,557.87,2132.95,1575.08
24.01.2026 14:00:00 +01:00,112.40,1956.70,1844.30
24.01.2026 15:00:00 +01:00,22.11,2792.40,2770.30
24.01.2026 16:00:00 +01:00,221.46,2934.85,2713.38
24.01.2026 17:00:00 +01:00,32.42,2903.92,2871.50
24.01.2026 18:00:00 +01:00,0.00,3111.89,3111.89
24.01.2026 19:00:00 +01:00,0.00,3946.15,3946.15
24.01.2026 20:00:00 +01:00,0.00,3794.73,3794.73
24.01.2026 21:00:00 +01:00,56.52,3369.00,3312.48
24.01.2026 22:00:00 +01:00,68.38,3522.52,3454.14
24.01.2026 23:00:00 +01:00,100.00,2307.90,2207.90
25.01.2026 00:00:00 +01:00,202.81,1206.91,1004.10
25.01.2026 01:00:00 +01:00,317.07,1127.64,810.57
25.01.2026 02:00:00 +01:00,739.56,1106.14,366.58
25.01.2026 03:00:00 +01:00,1190.86,1393.62,202.77
25.01.2026 04:00:00 +01:00,1147.64,1496.03,348.39
25.01.2026 05:00:00 +01:00,1319.75,1387.63,67.88
25.01.2026 06:00:00 +01:00,1126.43,1333.56,207.13
25.01.2026 07:00:00 +01:00,1229.40,1721.27,491.87
25.01.2026 08:00:00 +01:00,861.33,1815.53,954.20
25.01.2026 09:00:00 +01:00,369.54,2679.51,2309.96
25.01.2026 10:00:00 +01:00,299.68,2673.34,2373.67
25.01.2026 11:00:00 +01:00,192.64,2742.73,2550.09
25.01.2026 12:00:00 +01:00,499.09,2795.54,2296.45
25.01.2026 13:00:00 +01:00,240.21,2588.45,2348.24
25.01.2026 14:00:00 +01:00,189.92,2402.54,2212.62
25.01.2026 15:00:00 +01:00,166.08,2250.02,2083.94
25.01.2026 16:00:00 +01:00,501.97,2776.20,2274.23
25.01.2026 17:00:00 +01:00,262.27,3305.16,3042.89
25.01.2026 18:00:00 +01:00,102.96,2933.55,2830.60
25.01.2026 19:00:00 +01:00,70.71,3516.70,3445.99
25.01.2026 20:00:00 +01:00,96.16,3321.87,3225.71
25.01.2026 21:00:00 +01:00,221.74,2999.21,2777.46
25.01.2026 22:00:00 +01:00,275.34,3028.44,2753.10
25.01.2026 23:00:00 +01:00,398.81,2197.64,1798.82
26.01.2026 00:00:00 +01:00,510.52,1680.93,1170.40
26.01.2026 01:00:00 +01:00,496.23,1689.67,1193.44
26.01.2026 02:00:00 +01:00,610.68,1075.63,464.95
26.01.2026 03:00:00 +01:00,882.97,888.91,5.94
26.01.2026 04:00:00 +01:00,571.70,374.38,-197.32
26.01.2026 05:00:00 +01:00,1203.80,516.82,-686.98
26.01.2026 06:00:00 +01:00,1000.17,1761.62,761.45
26.01.2026 07:00:00 +01:00,1635.02,2328.37,693.36
26.01.2026 08:00:00 +01:00,1581.44,2402.47,821.03
26.01.2026 09:00:00 +01:00,1293.63,2411.62,1118.00
26.01.2026 10:00:00 +01:00,1123.95,2224.46,1100.51
26.01.2026 11:00:00 +01:00,986.13,1903.67,917.54
26.01.2026 12:00:00 +01:00,1112.37,2199.62,1087.25
26.01.2026 13:00:00 +01:00,1454.86,2908.86,1454.00
26.01.2026 14:00:00 +01:00,1396.58,3458.45,2061.88
26.01.2026 15:00:00 +01:00,1396.53,3031.10,1634.57
26.01.2026 16:00:00 +01:00,1396.67,2327.69,931.02
26.01.2026 17:00:00 +01:00,1396.79,2368.40,971.61
26.01.2026 18:00:00 +01:00,1398.49,2375.99,977.50
26.01.2026 19:00:00 +01:00,1441.54,2569.59,1128.05
26.01.2026 20:00:00 +01:00,1468.49,3026.33,1557.83
26.01.2026 21:00:00 +01:00,1483.88,2912.13,1428.24
26.01.2026 22:00:00 +01:00,1088.40,3001.50,1913.10
26.01.2026 23:00:00 +01:00,1094.58,2896.96,1802.38
27.01.2026 00:00:00 +01:00,1067.35,2975.26,1907.92
27.01.2026 01:00:00 +01:00,1141.62,2803.02,1661.41
27.01.2026 02:00:00 +01:00,1549.29,2631.56,1082.27
27.01.2026 03:00:00 +01:00,1606.14,2553.02,946.88
27.01.2026 04:00:00 +01:00,1576.29,2618.28,1041.99
27.01.2026 05:00:00 +01:00,1518.63,2707.62,1188.98
27.01.2026 06:00:00 +01:00,1569.14,2923.56,1354.42
27.01.2026 07:00:00 +01:00,1712.02,2576.47,864.45
27.01.2026 08:00:00 +01:00,1962.07,2366.22,404.15
27.01.2026 09:00:00 +01:00,1855.36,2495.33,639.98
27.01.2026 10:00:00 +01:00,1534.83,2383.39,848.56
27.01.2026 11:00:00 +01:00,1377.34,2308.72,931.38
27.01.2026 12:00:00 +01:00,1196.54,2419.41,1222.87
27.01.2026 13:00:00 +01:00,916.12,2469.61,1553.49
27.01.2026 14:00:00 +01:00,1551.03,3497.12,1946.09
27.01.2026 15:00:00 +01:00,1538.02,3166.43,1628.40
27.01.2026 16:00:00 +01:00,1521.28,2880.76,1359.49
27.01.2026 17:00:00 +01:00,1291.03,3017.79,1726.76
27.01.2026 18:00:00 +01:00,858.18,2758.45,1900.28
27.01.2026 19:00:00 +01:00,411.66,2989.45,2577.79
27.01.2026 20:00:00 +01:00,17.77,3913.50,3895.74
27.01.2026 21:00:00 +01:00,0.00,3592.63,3592.63
27.01.2026 22:00:00 +01:00,37.29,3327.47,3290.18
27.01.2026 23:00:00 +01:00,80.93,3355.21,3274.28
28.01.2026 00:00:00 +01:00,14.91,2637.11,2622.20
28.01.2026 01:00:00 +01:00,16.92,2511.74,2494.83
28.01.2026 02:00:00 +01:00,288.63,2951.63,2663.01
28.01.2026 03:00:00 +01:00,410.37,2648.16,2237.79
28.01.2026 04:00:00 +01:00,278.14,2250.45,1972.31
28.01.2026 05:00:00 +01:00,190.00,2079.44,1889.44
28.01.2026 06:00:00 +01:00,30.71,1801.07,1770.36
28.01.2026 07:00:00 +01:00,220.57,2366.30,2145.73
28.01.2026 08:00:00 +01:00,523.31,1801.04,1277.72
28.01.2026 09:00:00 +01:00,218.97,1571.09,1352.13
28.01.2026 10:00:00 +01:00,295.34,1841.20,1545.86
28.01.2026 11:00:00 +01:00,370.79,1924.20,1553.41
28.01.2026 12:00:00 +01:00,746.25,1726.88,980.64
28.01.2026 13:00:00 +01:00,946.37,2217.19,1270.82
28.01.2026 14:00:00 +01:00,666.67,2159.13,1492.47
28.01.2026 15:00:00 +01:00,353.59,2043.17,1689.57
28.01.2026 16:00:00 +01:00,522.01,2224.60,1702.59
28.01.2026 17:00:00 +01:00,147.88,2221.63,2073.75
28.01.2026 18:00:00 +01:00,121.37,1922.38,1801.01
28.01.2026 19:00:00 +01:00,240.28,2289.24,2048.96
28.01.2026 20:00:00 +01:00,250.27,2285.30,2035.03
28.01.2026 21:00:00 +01:00,238.39,2342.05,2103.66
28.01.2026 22:00:00 +01:00,186.84,2492.13,2305.29
28.01.2026 23:00:00 +01:00,204.39,2112.76,1908.38
29.01.2026 00:00:00 +01:00,610.90,2858.46,2247.56
29.01.2026 01:00:00 +01:00,662.78,3442.24,2779.46
29.01.2026 02:00:00 +01:00,570.58,2875.08,2304.50
29.01.2026 03:00:00 +01:00,603.07,2151.89,1548.81
29.01.2026 04:00:00 +01:00,716.14,1906.06,1189.93
29.01.2026 05:00:00 +01:00,680.08,1947.39,1267.31
29.01.2026 06:00:00 +01:00,960.70,2435.11,1474.41
29.01.2026 07:00:00 +01:00,1224.49,3303.02,2078.53
29.01.2026 08:00:00 +01:00,1395.43,3620.93,2225.51
29.01.2026 09:00:00 +01:00,1405.38,3948.02,2542.64
29.01.2026 10:00:00 +01:00,1403.49,3847.07,2443.58
29.01.2026 11:00:00 +01:00,1402.49,3853.89,2451.40
29.01.2026 12:00:00 +01:00,1404.96,3795.73,2390.77
29.01.2026 13:00:00 +01:00,1402.18,3963.87,2561.69
29.01.2026 14:00:00 +01:00,1403.79,3680.62,2276.82
29.01.2026 15:00:00 +01:00,1402.41,3797.55,2395.14
29.01.2026 16:00:00 +01:00,1397.45,3746.36,2348.91
29.01.2026 17:00:00 +01:00,1389.11,3662.91,2273.80
29.01.2026 18:00:00 +01:00,1195.00,4074.44,2879.44
29.01.2026 19:00:00 +01:00,763.25,3875.99,3112.73
29.01.2026 20:00:00 +01:00,510.20,3345.93,2835.73
29.01.2026 21:00:00 +01:00,186.55,2650.69,2464.14
29.01.2026 22:00:00 +01:00,46.19,2418.74,2372.55
29.01.2026 23:00:00 +01:00,118.44,1454.73,1336.28
30.01.2026 00:00:00 +01:00,17.41,1884.95,1867.54
30.01.2026 01:00:00 +01:00,59.65,2036.74,1977.09
30.01.2026 02:00:00 +01:00,237.84,1383.08,1145.24
30.01.2026 03:00:00 +01:00,853.18,752.85,-100.33
30.01.2026 04:00:00 +01:00,1567.31,1086.75,-480.56
30.01.2026 05:00:00 +01:00,1711.48,886.16,-825.32
30.01.2026 06:00:00 +01:00,655.22,1543.46,888.24
30.01.2026 07:00:00 +01:00,317.03,1867.36,1550.33
30.01.2026 08:00:00 +01:00,547.69,1836.80,1289.12
30.01.2026 09:00:00 +01:00,325.39,1609.07,1283.68
30.01.2026 10:00:00 +01:00,353.48,1960.20,1606.72
30.01.2026 11:00:00 +01:00,704.55,2058.25,1353.71
30.01.2026 12:00:00 +01:00,911.28,1925.33,1014.04
30.01.2026 13:00:00 +01:00,1213.59,2307.46,1093.87
30.01.2026 14:00:00 +01:00,1093.46,2430.74,1337.27
30.01.2026 15:00:00 +01:00,996.89,2403.92,1407.04
30.01.2026 16:00:00 +01:00,452.90,2117.49,1664.59
30.01.2026 17:00:00 +01:00,314.43,2806.04,2491.62
30.01.2026 18:00:00 +01:00,501.91,2711.68,2209.77
30.01.2026 19:00:00 +01:00,840.73,2738.08,1897.35
30.01.2026 20:00:00 +01:00,1207.48,2711.38,1503.90
30.01.2026 21:00:00 +01:00,1157.29,2177.66,1020.36
30.01.2026 22:00:00 +01:00,1265.95,2016.03,750.08
30.01.2026 23:00:00 +01:00,2060.15,1325.41,-734.73
31.01.2026 00:00:00 +01:00,2070.48,1365.69,-704.79
31.01.2026 01:00:00 +01:00,1940.88,1711.14,-229.73
31.01.2026 02:00:00 +01:00,1949.55,1716.37,-233.18
31.01.2026 03:00:00 +01:00,2003.66,1896.91,-106.75
31.01.2026 04:00:00 +01:00,1937.02,1754.52,-182.50
31.01.2026 05:00:00 +01:00,1862.70,1787.21,-75.50
31.01.2026 06:00:00 +01:00,1842.02,1834.24,-7.78
31.01.2026 07:00:00 +01:00,1904.58,2336.31,431.73
31.01.2026 08:00:00 +01:00,1860.85,2816.87,956.03
31.01.2026 09:00:00 +01:00,1860.58,3763.91,1903.32
31.01.2026 10:00:00 +01:00,1889.81,3751.21,1861.40
31.01.2026 11:00:00 +01:00,1901.96,3421.35,1519.39
31.01.2026 12:00:00 +01:00,2160.67,3197.14,1036.47
31.01.2026 13:00:00 +01:00,1714.79,2916.57,1201.78
31.01.2026 14:00:00 +01:00,1710.02,3101.99,1391.97
31.01.2026 15:00:00 +01:00,1745.25,3207.46,1462.21
31.01.2026 16:00:00 +01:00,1596.89,3562.77,1965.89
31.01.2026 17:00:00 +01:00,1344.81,3649.72,2304.91
31.01.2026 18:00:00 +01:00,1294.63,3656.05,2361.42
31.01.2026 19:00:00 +01:00,1525.82,3628.38,2102.56
31.01.2026 20:00:00 +01:00,1706.35,3470.71,1764.37
31.01.2026 21:00:00 +01:00,1893.96,3236.59,1342.63
31.01.2026 22:00:00 +01:00,1845.49,3206.97,1361.48
31.01.2026 23:00:00 +01:00,1253.16,2626.91,1373.75
01.02.2026 00:00:00 +01:00,1946.00,2136.70,190.69
01.02.2026 01:00:00 +01:00,2245.03,2324.50,79.47
01.02.2026 02:00:00 +01:00,1906.28,2046.48,140.20
01.02.2026 03:00:00 +01:00,2553.81,2102.17,-451.64
01.02.2026 04:00:00 +01:00,2016.27,1899.36,-116.91
01.02.2026 05:00:00 +01:00,1804.28,1678.15,-126.13
01.02.2026 06:00:00 +01:00,2166.57,1633.99,-532.58
01.02.2026 07:00:00 +01:00,1888.02,2026.81,138.79
01.02.2026 08:00:00 +01:00,1344.20,2416.44,1072.23
01.02.2026 09:00:00 +01:00,1478.11,3046.51,1568.40
01.02.2026 10:00:00 +01:00,1643.92,2786.80,1142.88
01.02.2026 11:00:00 +01:00,2010.28,2153.48,143.20
01.02.2026 12:00:00 +01:00,1917.45,1939.73,22.28
01.02.2026 13:00:00 +01:00,2417.08,1953.82,-463.27
01.02.2026 14:00:00 +01:00,2319.64,1825.30,-494.34
01.02.2026 15:00:00 +01:00,1594.36,2232.98,638.62
01.02.2026 16:00:00 +01:00,1194.55,2980.75,1786.20
01.02.2026 17:00:00 +01:00,1019.21,3208.14,2188.93
01.02.2026 18:00:00 +01:00,1147.23,3231.91,2084.68
01.02.2026 19:00:00 +01:00,1198.80,3190.41,1991.61
01.02.2026 20:00:00 +01:00,1552.58,2862.81,1310.23
01.02.2026 21:00:00 +01:00,1856.89,2619.08,762.19
01.02.2026 22:00:00 +01:00,1652.50,2245.40,592.89
01.02.2026 23:00:00 +01:00,2063.29,2196.71,133.42
02.02.2026 00:00:00 +01:00,1914.48,2472.59,558.12
02.02.2026 01:00:00 +01:00,2346.83,2490.65,143.82
02.02.2026 02:00:00 +01:00,2397.78,2253.50,-144.28
02.02.2026 03:00:00 +01:00,2693.76,1954.94,-738.83
02.02.2026 04:00:00 +01:00,2642.98,1216.67,-1426.32
02.02.2026 05:00:00 +01:00,2344.67,889.70,-1454.97
02.02.2026 06:00:00 +01:00,1064.24,760.89,-303.35
02.02.2026 07:00:00 +01:00,216.19,1628.37,1412.18
02.02.2026 08:00:00 +01:00,260.71,1816.71,1556.01
02.02.2026 09:00:00 +01:00,614.13,1599.42,985.29
02.02.2026 10:00:00 +01:00,499.07,1666.29,1167.22
02.02.2026 11:00:00 +01:00,652.88,1731.70,1078.82
02.02.2026 12:00:00 +01:00,1064.62,1481.59,416.97
02.02.2026 13:00:00 +01:00,1325.21,1224.58,-100.63
02.02.2026 14:00:00 +01:00,980.39,777.87,-202.52
02.02.2026 15:00:00 +01:00,760.83,620.51,-140.33
02.02.2026 16:00:00 +01:00,436.28,796.51,360.23
02.02.2026 17:00:00 +01:00,140.47,1410.25,1269.79
02.02.2026 18:00:00 +01:00,152.98,1493.25,1340.27
02.02.2026 19:00:00 +01:00,717.25,1613.74,896.49
02.02.2026 20:00:00 +01:00,1418.55,733.34,-685.21
02.02.2026 21:00:00 +01:00,1953.58,981.38,-972.20
02.02.2026 22:00:00 +01:00,2382.74,956.60,-1426.14
02.02.2026 23:00:00 +01:00,2526.27,385.37,-2140.90
03.02.2026 00:00:00 +01:00,3349.45,96.35,-3253.10
03.02.2026 01:00:00 +01:00,3384.72,105.15,-3279.57
03.02.2026 02:00:00 +01:00,2878.52,169.47,-2709.05
03.02.2026 03:00:00 +01:00,3794.38,220.56,-3573.82
03.02.2026 04:00:00 +01:00,4019.15,292.18,-3726.97
03.02.2026 05:00:00 +01:00,4025.19,169.17,-3856.02
03.02.2026 06:00:00 +01:00,3042.82,366.75,-2676.07
03.02.2026 07:00:00 +01:00,1878.97,446.40,-1432.57
03.02.2026 08:00:00 +01:00,694.13,896.64,202.51
03.02.2026 09:00:00 +01:00,976.75,787.94,-188.81
03.02.2026 10:00:00 +01:00,1871.15,677.34,-1193.81
03.02.2026 11:00:00 +01:00,2374.28,476.44,-1897.84
03.02.2026 12:00:00 +01:00,2637.12,501.28,-2135.84
03.02.2026 13:00:00 +01:00,2560.35,533.42,-2026.93
03.02.2026 14:00:00 +01:00,2408.60,606.36,-1802.24
03.02.2026 15:00:00 +01:00,1681.42,584.82,-1096.60
03.02.2026 16:00:00 +01:00,923.51,1162.92,239.41
03.02.2026 17:00:00 +01:00,338.14,1428.41,1090.27
03.02.2026 18:00:00 +01:00,549.05,1811.26,1262.21
03.02.2026 19:00:00 +01:00,723.75,2170.42,1446.67
03.02.2026 20:00:00 +01:00,1579.47,2223.57,644.10
03.02.2026 21:00:00 +01:00,2238.77,1247.62,-991.15
03.02.2026 22:00:00 +01:00,2719.38,922.25,-1797.13
03.02.2026 23:00:00 +01:00,3050.30,483.22,-2567.08
04.02.2026 00:00:00 +01:00,2722.97,402.60,-2320.37
04.02.2026 01:00:00 +01:00,2580.35,460.65,-2119.70
04.02.2026 02:00:00 +01:00,2515.08,487.19,-2027.89
04.02.2026 03:00:00 +01:00,3097.44,443.09,-2654.35
04.02.2026 04:00:00 +01:00,3135.74,184.80,-2950.94
04.02.2026 05:00:00 +01:00,3482.03,447.92,-3034.12
04.02.2026 06:00:00 +01:00,2588.19,812.17,-1776.02
04.02.2026 07:00:00 +01:00,1836.93,1547.05,-289.88
04.02.2026 08:00:00 +01:00,881.24,1999.84,1118.60
04.02.2026 09:00:00 +01:00,419.48,1832.50,1413.02
04.02.2026 10:00:00 +01:00,515.84,834.83,318.98
04.02.2026 11:00:00 +01:00,1456.28,339.77,-1116.52
04.02.2026 12:00:00 +01:00,2398.90,457.37,-1941.53
04.02.2026 13:00:00 +01:00,2263.98,302.86,-1961.12
04.02.2026 14:00:00 +01:00,2149.09,605.70,-1543.39
04.02.2026 15:00:00 +01:00,1632.94,1109.53,-523.41
04.02.2026 16:00:00 +01:00,1217.80,1771.85,554.05
04.02.2026 17:00:00 +01:00,1303.42,1907.49,604.07
04.02.2026 18:00:00 +01:00,1443.84,1987.00,543.16
04.02.2026 19:00:00 +01:00,1187.02,1063.32,-123.69
04.02.2026 20:00:00 +01:00,2186.90,399.96,-1786.94
04.02.2026 21:00:00 +01:00,2660.51,320.07,-2340.44
04.02.2026 22:00:00 +01:00,2776.11,293.24,-2482.87
04.02.2026 23:00:00 +01:00,3786.40,266.68,-3519.72
05.02.2026 00:00:00 +01:00,4245.79,138.67,-4107.12
05.02.2026 01:00:00 +01:00,4336.71,64.73,-4271.98
05.02.2026 02:00:00 +01:00,4354.55,64.91,-4289.63
05.02.2026 03:00:00 +01:00,4455.05,62.98,-4392.07
05.02.2026 04:00:00 +01:00,4413.82,324.36,-4089.46
05.02.2026 05:00:00 +01:00,4158.40,215.84,-3942.56
05.02.2026 06:00:00 +01:00,3151.64,596.49,-2555.15
05.02.2026 07:00:00 +01:00,2742.12,1001.33,-1740.79
05.02.2026 08:00:00 +01:00,2248.85,1516.81,-732.04
05.02.2026 09:00:00 +01:00,1965.88,1365.73,-600.16
05.02.2026 10:00:00 +01:00,1830.90,1338.87,-492.03
05.02.2026 11:00:00 +01:00,1743.49,1493.47,-250.02
05.02.2026 12:00:00 +01:00,1333.06,1044.70,-288.36
05.02.2026 13:00:00 +01:00,1219.99,747.46,-472.53
05.02.2026 14:00:00 +01:00,1605.04,953.42,-651.63
05.02.2026 15:00:00 +01:00,1244.33,1197.05,-47.28
05.02.2026 16:00:00 +01:00,1164.17,1582.54,418.37
05.02.2026 17:00:00 +01:00,1190.77,2051.47,860.71
05.02.2026 18:00:00 +01:00,774.72,1990.91,1216.19
05.02.2026 19:00:00 +01:00,447.96,2223.59,1775.63
05.02.2026 20:00:00 +01:00,437.27,2276.09,1838.82
05.02.2026 21:00:00 +01:00,797.04,1528.69,731.65
05.02.2026 22:00:00 +01:00,1124.34,1226.58,102.24
05.02.2026 23:00:00 +01:00,2132.76,1029.81,-1102.95
06.02.2026 00:00:00 +01:00,2083.12,1006.24,-1076.88
06.02.2026 01:00:00 +01:00,2262.18,1080.73,-1181.45
06.02.2026 02:00:00 +01:00,2408.51,1041.03,-1367.48
06.02.2026 03:00:00 +01:00,2107.40,895.22,-1212.19
06.02.2026 04:00:00 +01:00,2343.39,937.31,-1406.09
06.02.2026 05:00:00 +01:00,2192.11,1293.81,-898.30
06.02.2026 06:00:00 +01:00,1571.66,2558.93,987.27
06.02.2026 07:00:00 +01:00,1396.73,3208.34,1811.61
06.02.2026 08:00:00 +01:00,1396.75,2500.29,1103.54
06.02.2026 09:00:00 +01:00,1399.68,2198.36,798.68
06.02.2026 10:00:00 +01:00,1529.75,2277.53,747.78
06.02.2026 11:00:00 +01:00,1523.68,2652.15,1128.47
06.02.2026 12:00:00 +01:00,1476.83,3202.16,1725.33
06.02.2026 13:00:00 +01:00,1524.14,3286.35,1762.21
06.02.2026 14:00:00 +01:00,1391.93,3281.95,1890.02
06.02.2026 15:00:00 +01:00,1396.36,3045.48,1649.12
06.02.2026 16:00:00 +01:00,1394.38,2784.80,1390.42
06.02.2026 17:00:00 +01:00,1325.40,3098.91,1773.51
06.02.2026 18:00:00 +01:00,939.57,3355.40,2415.83
06.02.2026 19:00:00 +01:00,646.87,3267.70,2620.83
06.02.2026 20:00:00 +01:00,598.57,2443.52,1844.95
06.02.2026 21:00:00 +01:00,572.15,2175.54,1603.39
06.02.2026 22:00:00 +01:00,789.72,1616.83,827.11
06.02.2026 23:00:00 +01:00,1026.94,1060.15,33.21
07.02.2026 00:00:00 +01:00,1575.01,793.30,-781.71
07.02.2026 01:00:00 +01:00,1739.28,591.68,-1147.59
07.02.2026 02:00:00 +01:00,1954.24,440.81,-1513.42
07.02.2026 03:00:00 +01:00,2125.21,538.20,-1587.01
07.02.2026 04:00:00 +01:00,2177.92,528.99,-1648.93
07.02.2026 05:00:00 +01:00,2207.42,424.59,-1782.83
07.02.2026 06:00:00 +01:00,2298.56,543.81,-1754.75
07.02.2026 07:00:00 +01:00,1168.18,1524.60,356.42
07.02.2026 08:00:00 +01:00,738.87,2531.51,1792.63
07.02.2026 09:00:00 +01:00,826.72,2210.05,1383.33
07.02.2026 10:00:00 +01:00,861.31,1614.65,753.34
07.02.2026 11:00:00 +01:00,1488.29,448.28,-1040.02
07.02.2026 12:00:00 +01:00,1732.88,350.95,-1381.94
07.02.2026 13:00:00 +01:00,2178.32,345.84,-1832.48
07.02.2026 14:00:00 +01:00,2058.12,515.17,-1542.95
07.02.2026 15:00:00 +01:00,1728.68,2245.83,517.15
07.02.2026 16:00:00 +01:00,1416.76,3628.34,2211.58
07.02.2026 17:00:00 +01:00,614.95,3689.83,3074.88
07.02.2026 18:00:00 +01:00,178.55,3691.03,3512.48
07.02.2026 19:00:00 +01:00,17.05,3719.06,3702.01
07.02.2026 20:00:00 +01:00,254.56,2983.83,2729.27
07.02.2026 21:00:00 +01:00,778.18,1987.95,1209.77
07.02.2026 22:00:00 +01:00,1478.85,2218.39,739.55
07.02.2026 23:00:00 +01:00,1646.39,1238.32,-408.07
08.02.2026 00:00:00 +01:00,1061.59,1096.72,35.14
08.02.2026 01:00:00 +01:00,1096.76,573.12,-523.63
08.02.2026 02:00:00 +01:00,422.26,724.01,301.75
08.02.2026 03:00:00 +01:00,667.40,534.85,-132.56
08.02.2026 04:00:00 +01:00,1090.85,740.41,-350.44
08.02.2026 05:00:00 +01:00,972.76,870.95,-101.81
08.02.2026 06:00:00 +01:00,1155.90,812.13,-343.77
08.02.2026 07:00:00 +01:00,966.50,819.19,-147.31
08.02.2026 08:00:00 +01:00,1057.72,650.50,-407.22
08.02.2026 09:00:00 +01:00,669.97,538.63,-131.35
08.02.2026 10:00:00 +01:00,350.21,615.63,265.42
08.02.2026 11:00:00 +01:00,744.91,348.02,-396.89
08.02.2026 12:00:00 +01:00,1653.89,225.19,-1428.69
08.02.2026 13:00:00 +01:00,1696.50,430.98,-1265.53
08.02.2026 14:00:00 +01:00,1499.35,604.32,-895.03
08.02.2026 15:00:00 +01:00,553.52,437.71,-115.81
08.02.2026 16:00:00 +01:00,467.66,1385.26,917.60
08.02.2026 17:00:00 +01:00,122.16,3059.90,2937.75
08.02.2026 18:00:00 +01:00,145.54,3212.53,3066.99
08.02.2026 19:00:00 +01:00,144.75,2932.50,2787.75
08.02.2026 20:00:00 +01:00,553.56,2267.96,1714.39
08.02.2026 21:00:00 +01:00,883.03,1187.98,304.95
08.02.2026 22:00:00 +01:00,1302.00,470.30,-831.70
08.02.2026 23:00:00 +01:00,2022.79,288.55,-1734.24
09.02.2026 00:00:00 +01:00,2806.64,377.38,-2429.26
09.02.2026 01:00:00 +01:00,2876.98,219.42,-2657.56
09.02.2026 02:00:00 +01:00,2831.31,463.86,-2367.45
09.02.2026 03:00:00 +01:00,2733.23,481.50,-2251.73
09.02.2026 04:00:00 +01:00,2664.25,552.46,-2111.79
09.02.2026 05:00:00 +01:00,1862.26,2088.44,226.17
09.02.2026 06:00:00 +01:00,1529.36,3881.17,2351.81
09.02.2026 07:00:00 +01:00,2012.05,3709.44,1697.39
09.02.2026 08:00:00 +01:00,2093.57,3165.60,1072.03
09.02.2026 09:00:00 +01:00,2094.32,2939.23,844.91
09.02.2026 10:00:00 +01:00,2090.68,3084.27,993.58
09.02.2026 11:00:00 +01:00,2059.23,3310.30,1251.07
09.02.2026 12:00:00 +01:00,1826.69,3079.18,1252.49
09.02.2026 13:00:00 +01:00,1740.00,3208.75,1468.75
09.02.2026 14:00:00 +01:00,1997.15,3565.03,1567.88
09.02.2026 15:00:00 +01:00,1992.67,3661.88,1669.21
09.02.2026 16:00:00 +01:00,2043.11,3383.98,1340.87
09.02.2026 17:00:00 +01:00,2044.91,3232.13,1187.23
09.02.2026 18:00:00 +01:00,2041.51,3039.19,997.69
09.02.2026 19:00:00 +01:00,2053.85,2851.31,797.46
09.02.2026 20:00:00 +01:00,2052.53,2932.61,880.08
09.02.2026 21:00:00 +01:00,2057.34,3214.31,1156.97
09.02.2026 22:00:00 +01:00,2053.87,3404.00,1350.13
09.02.2026 23:00:00 +01:00,2087.67,2778.67,690.99
10.02.2026 00:00:00 +01:00,2111.23,2308.26,197.03
10.02.2026 01:00:00 +01:00,2060.10,2014.32,-45.78
10.02.2026 02:00:00 +01:00,1878.98,1531.17,-347.82
10.02.2026 03:00:00 +01:00,1897.79,1493.88,-403.91
10.02.2026 04:00:00 +01:00,1936.16,1314.96,-621.20
10.02.2026 05:00:00 +01:00,2094.64,2174.95,80.32
10.02.2026 06:00:00 +01:00,2027.63,2904.62,876.98
10.02.2026 07:00:00 +01:00,2132.82,2331.18,198.36
10.02.2026 08:00:00 +01:00,2261.90,1779.50,-482.41
10.02.2026 09:00:00 +01:00,2262.77,2148.53,-114.24
10.02.2026 10:00:00 +01:00,2170.58,2054.88,-115.70
10.02.2026 11:00:00 +01:00,2096.82,2211.41,114.59
10.02.2026 12:00:00 +01:00,2097.01,2340.50,243.49
10.02.2026 13:00:00 +01:00,2232.90,2526.66,293.76
10.02.2026 14:00:00 +01:00,2045.04,2914.39,869.34
10.02.2026 15:00:00 +01:00,2053.29,2921.59,868.30
10.02.2026 16:00:00 +01:00,2119.90,2233.97,114.08
10.02.2026 17:00:00 +01:00,2054.68,2544.55,489.87
10.02.2026 18:00:00 +01:00,2048.35,2767.16,718.82
10.02.2026 19:00:00 +01:00,2062.54,3033.86,971.32
10.02.2026 20:00:00 +01:00,2036.46,2053.08,16.62
10.02.2026 21:00:00 +01:00,2175.02,2205.78,30.77
10.02.2026 22:00:00 +01:00,2056.28,1265.43,-790.84
10.02.2026 23:00:00 +01:00,2446.78,637.33,-1809.45
11.02.2026 00:00:00 +01:00,2591.08,959.86,-1631.22
11.02.2026 01:00:00 +01:00,2275.15,841.14,-1434.01
11.02.2026 02:00:00 +01:00,3220.22,753.90,-2466.32
11.02.2026 03:00:00 +01:00,2609.56,627.77,-1981.79
11.02.2026 04:00:00 +01:00,3164.38,491.97,-2672.40
11.02.2026 05:00:00 +01:00,2548.23,842.34,-1705.90
11.02.2026 06:00:00 +01:00,2246.52,2133.38,-113.14
11.02.2026 07:00:00 +01:00,2146.54,2525.76,379.22
11.02.2026 08:00:00 +01:00,2095.88,2354.83,258.95
11.02.2026 09:00:00 +01:00,2055.40,2357.54,302.15
11.02.2026 10:00:00 +01:00,2035.59,2517.15,481.56
11.02.2026 11:00:00 +01:00,2042.88,2497.45,454.57
11.02.2026 12:00:00 +01:00,2058.76,2378.66,319.90
11.02.2026 13:00:00 +01:00,2105.58,2451.21,345.63
11.02.2026 14:00:00 +01:00,2196.82,2445.66,248.84
11.02.2026 15:00:00 +01:00,2091.47,2771.64,680.17
11.02.2026 16:00:00 +01:00,2050.40,2748.58,698.18
11.02.2026 17:00:00 +01:00,2051.69,3233.86,1182.18
11.02.2026 18:00:00 +01:00,2034.13,3746.82,1712.69
11.02.2026 19:00:00 +01:00,1633.94,3063.04,1429.10
11.02.2026 20:00:00 +01:00,1839.02,1666.92,-172.10
11.02.2026 21:00:00 +01:00,1758.53,1541.86,-216.67
11.02.2026 22:00:00 +01:00,1692.85,791.61,-901.24
11.02.2026 23:00:00 +01:00,2530.28,492.55,-2037.73
12.02.2026 00:00:00 +01:00,3225.57,481.22,-2744.36
12.02.2026 01:00:00 +01:00,3185.58,694.40,-2491.18
12.02.2026 02:00:00 +01:00,3013.36,958.60,-2054.76
12.02.2026 03:00:00 +01:00,2779.96,856.16,-1923.79
12.02.2026 04:00:00 +01:00,3117.00,717.27,-2399.73
12.02.2026 05:00:00 +01:00,3031.44,563.93,-2467.52
12.02.2026 06:00:00 +01:00,2203.29,1120.24,-1083.05
12.02.2026 07:00:00 +01:00,2003.54,2273.22,269.68
12.02.2026 08:00:00 +01:00,1791.55,1980.69,189.13
12.02.2026 09:00:00 +01:00,1920.91,1883.44,-37.47
12.02.2026 10:00:00 +01:00,1579.45,1399.49,-179.96
12.02.2026 11:00:00 +01:00,1843.05,1309.99,-533.06
12.02.2026 12:00:00 +01:00,2106.41,1400.63,-705.78
12.02.2026 13:00:00 +01:00,2179.62,1294.25,-885.37
12.02.2026 14:00:00 +01:00,2136.02,1383.81,-752.21
12.02.2026 15:00:00 +01:00,2105.74,1502.72,-603.02
12.02.2026 16:00:00 +01:00,2117.17,1765.44,-351.72
12.02.2026 17:00:00 +01:00,2090.27,2160.99,70.72
12.02.2026 18:00:00 +01:00,1675.87,1795.08,119.21
12.02.2026 19:00:00 +01:00,1303.71,1173.32,-130.39
12.02.2026 20:00:00 +01:00,1510.98,638.88,-872.10
12.02.2026 21:00:00 +01:00,2590.34,141.31,-2449.03
12.02.2026 22:00:00 +01:00,3879.16,20.30,-3858.86
12.02.2026 23:00:00 +01:00,4676.41,11.40,-4665.01
13.02.2026 00:00:00 +01:00,4216.89,63.90,-4152.98
13.02.2026 01:00:00 +01:00,3648.86,222.33,-3426.53
13.02.2026 02:00:00 +01:00,4095.18,132.75,-3962.43
13.02.2026 03:00:00 +01:00,4663.44,0.00,-4663.44
13.02.2026 04:00:00 +01:00,4427.50,185.72,-4241.78
13.02.2026 05:00:00 +01:00,4050.71,207.67,-3843.03
13.02.2026 06:00:00 +01:00,2887.64,638.41,-2249.23
13.02.2026 07:00:00 +01:00,2200.76,1875.86,-324.90
13.02.2026 08:00:00 +01:00,2328.60,1708.47,-620.13
13.02.2026 09:00:00 +01:00,2320.89,1422.51,-898.38
13.02.2026 10:00:00 +01:00,2345.99,824.79,-1521.20
13.02.2026 11:00:00 +01:00,2632.48,621.89,-2010.59
13.02.2026 12:00:00 +01:00,2929.14,884.21,-2044.92
13.02.2026 13:00:00 +01:00,2728.14,660.21,-2067.92
13.02.2026 14:00:00 +01:00,2383.36,1385.08,-998.27
13.02.2026 15:00:00 +01:00,2398.67,2483.02,84.35
13.02.2026 16:00:00 +01:00,2370.40,2558.44,188.04
13.02.2026 17:00:00 +01:00,2181.03,2124.21,-56.82
13.02.2026 18:00:00 +01:00,2392.47,2300.24,-92.23
13.02.2026 19:00:00 +01:00,2430.23,2172.96,-257.27
13.02.2026 20:00:00 +01:00,2454.11,2315.01,-139.10
13.02.2026 21:00:00 +01:00,2413.25,2591.76,178.51
13.02.2026 22:00:00 +01:00,2379.88,1845.64,-534.25
13.02.2026 23:00:00 +01:00,2516.50,560.27,-1956.23
14.02.2026 00:00:00 +01:00,2648.37,549.01,-2099.36
14.02.2026 01:00:00 +01:00,3151.98,647.51,-2504.47
14.02.2026 02:00:00 +01:00,3286.76,442.97,-2843.79
14.02.2026 03:00:00 +01:00,3230.70,533.59,-2697.12
14.02.2026 04:00:00 +01:00,3308.89,563.58,-2745.31
14.02.2026 05:00:00 +01:00,3473.06,481.51,-2991.55
14.02.2026 06:00:00 +01:00,3194.60,458.77,-2735.83
14.02.2026 07:00:00 +01:00,2698.42,860.63,-1837.79
14.02.2026 08:00:00 +01:00,2286.75,1290.28,-996.47
14.02.2026 09:00:00 +01:00,1680.25,1394.45,-285.80
14.02.2026 10:00:00 +01:00,1651.89,1086.70,-565.18
14.02.2026 11:00:00 +01:00,1986.30,1293.99,-692.31
14.02.2026 12:00:00 +01:00,2489.89,713.19,-1776.70
14.02.2026 13:00:00 +01:00,3160.58,256.57,-2904.01
14.02.2026 14:00:00 +01:00,2434.84,813.96,-1620.88
14.02.2026 15:00:00 +01:00,2384.71,1937.06,-447.66
14.02.2026 16:00:00 +01:00,2129.00,2966.06,837.06
14.02.2026 17:00:00 +01:00,1897.07,3495.62,1598.55
14.02.2026 18:00:00 +01:00,1640.89,3588.21,1947.32
14.02.2026 19:00:00 +01:00,1531.83,3622.80,2090.97
14.02.2026 20:00:00 +01:00,1668.33,3833.10,2164.77
14.02.2026 21:00:00 +01:00,1705.88,3460.13,1754.25
14.02.2026 22:00:00 +01:00,1645.99,3085.42,1439.44
14.02.2026 23:00:00 +01:00,1722.07,2056.26,334.19
15.02.2026 00:00:00 +01:00,1384.85,1682.45,297.60
15.02.2026 01:00:00 +01:00,1605.89,1795.00,189.10
15.02.2026 02:00:00 +01:00,1850.52,1854.48,3.96
15.02.2026 03:00:00 +01:00,1966.46,1041.90,-924.55
15.02.2026 04:00:00 +01:00,2259.08,788.92,-1470.16
15.02.2026 05:00:00 +01:00,2328.02,418.40,-1909.62
15.02.2026 06:00:00 +01:00,2396.79,569.34,-1827.45
15.02.2026 07:00:00 +01:00,2429.94,845.85,-1584.09
15.02.2026 08:00:00 +01:00,2491.09,914.37,-1576.72
15.02.2026 09:00:00 +01:00,2939.31,210.61,-2728.70
15.02.2026 10:00:00 +01:00,4010.68,0.00,-4010.68
15.02.2026 11:00:00 +01:00,4352.57,163.84,-4188.73
15.02.2026 12:00:00 +01:00,4685.48,419.67,-4265.81
15.02.2026 13:00:00 +01:00,4814.75,876.63,-3938.12
15.02.2026 14:00:00 +01:00,4669.17,707.04,-3962.13
15.02.2026 15:00:00 +01:00,3685.94,376.51,-3309.44
15.02.2026 16:00:00 +01:00,2913.46,430.46,-2482.99
15.02.2026 17:00:00 +01:00,1848.54,1050.42,-798.12
15.02.2026 18:00:00 +01:00,2721.27,1754.91,-966.36
15.02.2026 19:00:00 +01:00,4233.17,2078.88,-2154.29
15.02.2026 20:00:00 +01:00,4557.74,1660.75,-2896.98
15.02.2026 21:00:00 +01:00,4496.09,1211.06,-3285.03
15.02.2026 22:00:00 +01:00,4273.24,1112.65,-3160.60
15.02.2026 23:00:00 +01:00,4672.74,676.83,-3995.92
16.02.2026 00:00:00 +01:00,4684.87,867.75,-3817.12
16.02.2026 01:00:00 +01:00,4449.30,712.64,-3736.67
16.02.2026 02:00:00 +01:00,4332.16,647.96,-3684.20
16.02.2026 03:00:00 +01:00,4258.72,427.26,-3831.46
16.02.2026 04:00:00 +01:00,3817.16,247.63,-3569.53
16.02.2026 05:00:00 +01:00,2949.40,100.62,-2848.78
16.02.2026 06:00:00 +01:00,3374.06,100.51,-3273.55
16.02.2026 07:00:00 +01:00,3055.78,102.34,-2953.44
16.02.2026 08:00:00 +01:00,2001.96,333.45,-1668.51
16.02.2026 09:00:00 +01:00,1238.25,85.27,-1152.98
16.02.2026 10:00:00 +01:00,1764.89,270.84,-1494.05
16.02.2026 11:00:00 +01:00,2626.46,175.63,-2450.83
16.02.2026 12:00:00 +01:00,3471.90,172.27,-3299.63
16.02.2026 13:00:00 +01:00,3048.71,199.63,-2849.08
16.02.2026 14:00:00 +01:00,3039.13,307.88,-2731.26
16.02.2026 15:00:00 +01:00,3127.02,831.56,-2295.46
16.02.2026 16:00:00 +01:00,2225.30,1205.09,-1020.21
16.02.2026 17:00:00 +01:00,1242.75,1702.50,459.75
16.02.2026 18:00:00 +01:00,656.13,2097.34,1441.20
16.02.2026 19:00:00 +01:00,592.78,2236.42,1643.64
16.02.2026 20:00:00 +01:00,1597.56,1927.68,330.12
16.02.2026 21:00:00 +01:00,2783.45,1421.11,-1362.34
16.02.2026 22:00:00 +01:00,3732.98,1198.57,-2534.41
16.02.2026 23:00:00 +01:00,4395.02,275.16,-4119.86
17.02.2026 00:00:00 +01:00,5058.06,186.96,-4871.10
17.02.2026 01:00:00 +01:00,5256.99,171.88,-5085.11
17.02.2026 02:00:00 +01:00,5125.55,377.00,-4748.55
17.02.2026 03:00:00 +01:00,5005.52,242.40,-4763.12
17.02.2026 04:00:00 +01:00,4903.47,91.12,-4812.35
17.02.2026 05:00:00 +01:00,4017.05,49.28,-3967.77
17.02.2026 06:00:00 +01:00,2886.18,1067.60,-1818.58
17.02.2026 07:00:00 +01:00,2704.07,1962.01,-742.06
17.02.2026 08:00:00 +01:00,2252.76,1797.72,-455.04
17.02.2026 09:00:00 +01:00,2557.14,1362.56,-1194.58
17.02.2026 10:00:00 +01:00,2808.47,1035.68,-1772.78
17.02.2026 11:00:00 +01:00,2724.68,640.99,-2083.69
17.02.2026 12:00:00 +01:00,3233.39,119.11,-3114.28
17.02.2026 13:00:00 +01:00,3349.97,146.42,-3203.55
17.02.2026 14:00:00 +01:00,3680.33,149.23,-3531.10
17.02.2026 15:00:00 +01:00,3541.96,338.92,-3203.04
17.02.2026 16:00:00 +01:00,2694.33,916.53,-1777.81
17.02.2026 17:00:00 +01:00,1859.96,2058.86,198.90
17.02.2026 18:00:00 +01:00,1454.75,1788.13,333.39
17.02.2026 19:00:00 +01:00,1005.70,1962.60,956.90
17.02.2026 20:00:00 +01:00,716.40,497.48,-218.92
17.02.2026 21:00:00 +01:00,1733.67,156.72,-1576.95
17.02.2026 22:00:00 +01:00,3046.93,106.40,-2940.53
17.02.2026 23:00:00 +01:00,3770.40,121.20,-3649.21
18.02.2026 00:00:00 +01:00,2508.59,1163.43,-1345.16
18.02.2026 01:00:00 +01:00,2246.44,1268.45,-977.99
18.02.2026 02:00:00 +01:00,2298.54,1264.17,-1034.37
18.02.2026 03:00:00 +01:00,2364.86,1198.48,-1166.38
18.02.2026 04:00:00 +01:00,2370.54,1091.70,-1278.84
18.02.2026 05:00:00 +01:00,2103.51,2592.74,489.24
18.02.2026 06:00:00 +01:00,2045.71,4147.30,2101.58
18.02.2026 07:00:00 +01:00,2048.33,3873.80,1825.48
18.02.2026 08:00:00 +01:00,2070.25,3208.62,1138.37
18.02.2026 09:00:00 +01:00,2042.70,3093.90,1051.20
18.02.2026 10:00:00 +01:00,2023.21,2843.36,820.15
18.02.2026 11:00:00 +01:00,2056.39,2264.28,207.89
18.02.2026 12:00:00 +01:00,2071.12,1927.50,-143.61
18.02.2026 13:00:00 +01:00,2053.17,1889.60,-163.57
18.02.2026 14:00:00 +01:00,2054.63,2073.36,18.73
18.02.2026 15:00:00 +01:00,2045.95,2602.10,556.15
18.02.2026 16:00:00 +01:00,2046.73,3279.10,1232.37
18.02.2026 17:00:00 +01:00,2045.86,3249.13,1203.27
18.02.2026 18:00:00 +01:00,2045.87,2561.56,515.69
18.02.2026 19:00:00 +01:00,2044.99,2432.90,387.92
18.02.2026 20:00:00 +01:00,2144.23,1507.11,-637.13
18.02.2026 21:00:00 +01:00,2394.27,961.00,-1433.27
18.02.2026 22:00:00 +01:00,2589.43,981.55,-1607.88
18.02.2026 23:00:00 +01:00,3092.89,768.93,-2323.96
19.02.2026 00:00:00 +01:00,3480.15,1070.45,-2409.70
19.02.2026 01:00:00 +01:00,3418.92,1241.02,-2177.91
19.02.2026 02:00:00 +01:00,3459.19,1376.89,-2082.30
19.02.2026 03:00:00 +01:00,3378.54,1565.75,-1812.79
19.02.2026 04:00:00 +01:00,3416.43,1634.55,-1781.88
19.02.2026 05:00:00 +01:00,3045.47,1952.99,-1092.48
19.02.2026 06:00:00 +01:00,2689.16,2176.36,-512.80
19.02.2026 07:00:00 +01:00,2261.37,2499.28,237.91
19.02.2026 08:00:00 +01:00,1425.16,3012.79,1587.63
19.02.2026 09:00:00 +01:00,1718.93,3131.11,1412.18
19.02.2026 10:00:00 +01:00,1837.93,3175.96,1338.03
19.02.2026 11:00:00 +01:00,2415.63,2782.44,366.82
19.02.2026 12:00:00 +01:00,2788.79,2198.49,-590.30
19.02.2026 13:00:00 +01:00,2753.37,2127.58,-625.79
19.02.2026 14:00:00 +01:00,2320.37,2390.60,70.23
19.02.2026 15:00:00 +01:00,2313.25,2258.52,-54.73
19.02.2026 16:00:00 +01:00,1576.34,2733.75,1157.41
19.02.2026 17:00:00 +01:00,744.09,3242.77,2498.69
19.02.2026 18:00:00 +01:00,228.63,3264.63,3035.99
19.02.2026 19:00:00 +01:00,451.89,2997.28,2545.39
19.02.2026 20:00:00 +01:00,722.49,2944.30,2221.80
19.02.2026 21:00:00 +01:00,1326.56,3167.20,1840.63
19.02.2026 22:00:00 +01:00,2084.62,2357.64,273.02
19.02.2026 23:00:00 +01:00,2857.13,1228.74,-1628.38
20.02.2026 00:00:00 +01:00,2731.19,995.37,-1735.82
20.02.2026 01:00:00 +01:00,2222.36,623.98,-1598.38
20.02.2026 02:00:00 +01:00,2327.91,457.64,-1870.28
20.02.2026 03:00:00 +01:00,2348.77,444.38,-1904.39
20.02.2026 04:00:00 +01:00,2524.58,447.81,-2076.78
20.02.2026 05:00:00 +01:00,2531.01,598.13,-1932.88
20.02.2026 06:00:00 +01:00,1895.85,2192.66,296.81
20.02.2026 07:00:00 +01:00,1733.89,2797.52,1063.63
20.02.2026 08:00:00 +01:00,1450.89,2461.83,1010.93
20.02.2026 09:00:00 +01:00,1070.05,1979.61,909.56
20.02.2026 10:00:00 +01:00,2384.72,983.72,-1401.00
20.02.2026 11:00:00 +01:00,3246.80,962.85,-2283.95
20.02.2026 12:00:00 +01:00,3575.54,477.96,-3097.57
20.02.2026 13:00:00 +01:00,3610.85,472.33,-3138.52
20.02.2026 14:00:00 +01:00,3447.55,315.38,-3132.17
20.02.2026 15:00:00 +01:00,3272.95,416.58,-2856.37
20.02.2026 16:00:00 +01:00,3687.43,695.37,-2992.06
20.02.2026 17:00:00 +01:00,3015.60,1477.55,-1538.05
20.02.2026 18:00:00 +01:00,2804.87,526.91,-2277.96
20.02.2026 19:00:00 +01:00,3323.93,99.64,-3224.29
20.02.2026 20:00:00 +01:00,4286.97,27.05,-4259.91
20.02.2026 21:00:00 +01:00,5309.46,36.34,-5273.12
20.02.2026 22:00:00 +01:00,6059.37,0.00,-6059.37
20.02.2026 23:00:00 +01:00,6623.80,0.00,-6623.80
21.02.2026 00:00:00 +01:00,7175.45,0.00,-7175.45
21.02.2026 01:00:00 +01:00,6871.74,0.00,-6871.74
21.02.2026 02:00:00 +01:00,7052.88,0.00,-7052.88
21.02.2026 03:00:00 +01:00,6847.79,0.00,-6847.79
21.02.2026 04:00:00 +01:00,6819.29,0.00,-6819.29
21.02.2026 05:00:00 +01:00,6750.69,0.00,-6750.69
21.02.2026 06:00:00 +01:00,6358.62,17.13,-6341.49
21.02.2026 07:00:00 +01:00,6030.03,426.82,-5603.21
21.02.2026 08:00:00 +01:00,5290.53,895.67,-4394.86
21.02.2026 09:00:00 +01:00,5092.81,1330.93,-3761.88
21.02.2026 10:00:00 +01:00,5528.59,1481.98,-4046.61
21.02.2026 11:00:00 +01:00,5662.34,1488.66,-4173.68
21.02.2026 12:00:00 +01:00,5654.08,1481.74,-4172.35
21.02.2026 13:00:00 +01:00,5117.88,1468.89,-3648.99
21.02.2026 14:00:00 +01:00,4908.57,1399.86,-3508.71
21.02.2026 15:00:00 +01:00,4776.95,1165.18,-3611.77
21.02.2026 16:00:00 +01:00,3447.57,1454.86,-1992.71
21.02.2026 17:00:00 +01:00,1501.46,2186.87,685.40
21.02.2026 18:00:00 +01:00,1834.90,3657.50,1822.59
21.02.2026 19:00:00 +01:00,2258.17,2238.12,-20.05
21.02.2026 20:00:00 +01:00,3574.46,762.18,-2812.28
21.02.2026 21:00:00 +01:00,4782.36,161.91,-4620.45
21.02.2026 22:00:00 +01:00,5928.25,0.00,-5928.25
21.02.2026 23:00:00 +01:00,6937.65,0.00,-6937.65
22.02.2026 00:00:00 +01:00,7521.32,0.00,-7521.32
22.02.2026 01:00:00 +01:00,7564.77,0.00,-7564.77
22.02.2026 02:00:00 +01:00,7681.75,0.00,-7681.75
22.02.2026 03:00:00 +01:00,7561.09,0.00,-7561.09
22.02.2026 04:00:00 +01:00,7754.84,0.00,-7754.84
22.02.2026 05:00:00 +01:00,7755.70,0.00,-7755.70
22.02.2026 06:00:00 +01:00,7914.10,0.00,-7914.10
22.02.2026 07:00:00 +01:00,7545.43,0.00,-7545.43
22.02.2026 08:00:00 +01:00,6836.83,0.00,-6836.83
22.02.2026 09:00:00 +01:00,5560.22,0.00,-5560.22
22.02.2026 10:00:00 +01:00,5564.77,0.30,-5564.46
22.02.2026 11:00:00 +01:00,5293.58,24.71,-5268.87
22.02.2026 12:00:00 +01:00,5185.92,19.80,-5166.12
22.02.2026 13:00:00 +01:00,5229.42,1.28,-5228.14
22.02.2026 14:00:00 +01:00,5045.68,142.10,-4903.57
22.02.2026 15:00:00 +01:00,4719.88,231.93,-4487.96
22.02.2026 16:00:00 +01:00,4606.07,153.67,-4452.39
22.02.2026 17:00:00 +01:00,2927.74,147.32,-2780.42
22.02.2026 18:00:00 +01:00,2803.30,401.38,-2401.93
22.02.2026 19:00:00 +01:00,3507.81,732.63,-2775.18
22.02.2026 20:00:00 +01:00,3563.78,273.27,-3290.52
22.02.2026 21:00:00 +01:00,4158.36,321.29,-3837.06
22.02.2026 22:00:00 +01:00,4488.14,310.97,-4177.18
22.02.2026 23:00:00 +01:00,5242.84,233.88,-5008.95
23.02.2026 00:00:00 +01:00,5670.30,181.43,-5488.87
23.02.2026 01:00:00 +01:00,5471.20,216.55,-5254.65
23.02.2026 02:00:00 +01:00,5595.63,202.53,-5393.10
23.02.2026 03:00:00 +01:00,5786.25,157.50,-5628.76
23.02.2026 04:00:00 +01:00,5766.22,133.39,-5632.83
23.02.2026 05:00:00 +01:00,5745.42,139.65,-5605.77
23.02.2026 06:00:00 +01:00,4125.34,290.35,-3835.00
23.02.2026 07:00:00 +01:00,2026.58,691.00,-1335.58
23.02.2026 08:00:00 +01:00,1693.18,982.44,-710.74
23.02.2026 09:00:00 +01:00,2547.50,321.96,-2225.55
23.02.2026 10:00:00 +01:00,3676.46,215.94,-3460.52
23.02.2026 11:00:00 +01:00,4688.91,239.79,-4449.12
23.02.2026 12:00:00 +01:00,4414.62,250.60,-4164.02
23.02.2026 13:00:00 +01:00,4395.82,190.69,-4205.12
23.02.2026 14:00:00 +01:00,3510.88,303.13,-3207.76
23.02.2026 15:00:00 +01:00,2881.44,780.92,-2100.52
23.02.2026 16:00:00 +01:00,2635.47,1254.26,-1381.21
23.02.2026 17:00:00 +01:00,1709.21,2091.32,382.11
23.02.2026 18:00:00 +01:00,1034.39,2486.97,1452.58
23.02.2026 19:00:00 +01:00,965.98,2855.19,1889.22
23.02.2026 20:00:00 +01:00,1278.82,2086.49,807.67
23.02.2026 21:00:00 +01:00,1430.94,1548.82,117.88
23.02.2026 22:00:00 +01:00,1914.14,1444.40,-469.74
23.02.2026 23:00:00 +01:00,2597.44,544.99,-2052.45
24.02.2026 00:00:00 +01:00,2949.34,443.75,-2505.60
24.02.2026 01:00:00 +01:00,2658.53,604.30,-2054.23
24.02.2026 02:00:00 +01:00,2934.44,661.84,-2272.60
24.02.2026 03:00:00 +01:00,2872.24,858.28,-2013.96
24.02.2026 04:00:00 +01:00,2417.92,539.58,-1878.34
24.02.2026 05:00:00 +01:00,1959.41,1873.96,-85.44
24.02.2026 06:00:00 +01:00,1544.98,3786.22,2241.24
24.02.2026 07:00:00 +01:00,1726.42,3472.56,1746.14
24.02.2026 08:00:00 +01:00,1537.47,2934.92,1397.45
24.02.2026 09:00:00 +01:00,1488.36,2830.75,1342.39
24.02.2026 10:00:00 +01:00,1757.38,2927.23,1169.85
24.02.2026 11:00:00 +01:00,1681.58,2915.95,1234.37
24.02.2026 12:00:00 +01:00,1694.20,3070.28,1376.08
24.02.2026 13:00:00 +01:00,1743.12,3094.84,1351.72
24.02.2026 14:00:00 +01:00,1762.23,3245.38,1483.15
24.02.2026 15:00:00 +01:00,1484.82,4211.55,2726.73
24.02.2026 16:00:00 +01:00,1430.85,4610.58,3179.73
24.02.2026 17:00:00 +01:00,1397.08,4946.52,3549.44
24.02.2026 18:00:00 +01:00,1379.17,5066.04,3686.86
24.02.2026 19:00:00 +01:00,979.52,4809.57,3830.06
24.02.2026 20:00:00 +01:00,1231.72,4684.61,3452.89
24.02.2026 21:00:00 +01:00,1415.77,5237.79,3822.02
24.02.2026 22:00:00 +01:00,1637.08,4825.25,3188.16
24.02.2026 23:00:00 +01:00,1662.33,3556.79,1894.45
25.02.2026 00:00:00 +01:00,1837.01,2672.37,835.36
25.02.2026 01:00:00 +01:00,1831.76,2598.99,767.23
25.02.2026 02:00:00 +01:00,1886.87,2501.30,614.43
25.02.2026 03:00:00 +01:00,1831.74,2386.64,554.90
25.02.2026 04:00:00 +01:00,1831.32,2441.81,610.49
25.02.2026 05:00:00 +01:00,1814.79,3258.69,1443.89
25.02.2026 06:00:00 +01:00,1477.62,3964.50,2486.88
25.02.2026 07:00:00 +01:00,1276.46,4517.56,3241.10
25.02.2026 08:00:00 +01:00,1051.21,3071.63,2020.42
25.02.2026 09:00:00 +01:00,1147.12,1645.05,497.93
25.02.2026 10:00:00 +01:00,2640.40,798.86,-1841.54
25.02.2026 11:00:00 +01:00,4012.22,510.90,-3501.32
25.02.2026 12:00:00 +01:00,4288.75,519.04,-3769.71
25.02.2026 13:00:00 +01:00,4927.99,325.89,-4602.10
25.02.2026 14:00:00 +01:00,4837.69,273.72,-4563.97
25.02.2026 15:00:00 +01:00,3284.64,206.24,-3078.40
25.02.2026 16:00:00 +01:00,1306.48,1487.29,180.82
25.02.2026 17:00:00 +01:00,434.42,2975.23,2540.80
25.02.2026 18:00:00 +01:00,598.34,3615.95,3017.61
25.02.2026 19:00:00 +01:00,697.72,2887.29,2189.57
25.02.2026 20:00:00 +01:00,1487.96,926.20,-561.75
25.02.2026 21:00:00 +01:00,2252.20,269.43,-1982.77
25.02.2026 22:00:00 +01:00,2734.07,215.61,-2518.46
25.02.2026 23:00:00 +01:00,3796.32,36.72,-3759.61
26.02.2026 00:00:00 +01:00,3959.12,28.52,-3930.60
26.02.2026 01:00:00 +01:00,4180.75,35.19,-4145.56
26.02.2026 02:00:00 +01:00,4366.66,25.52,-4341.14
26.02.2026 03:00:00 +01:00,4610.32,42.58,-4567.74
26.02.2026 04:00:00 +01:00,4335.63,42.83,-4292.80
26.02.2026 05:00:00 +01:00,3278.55,548.89,-2729.67
26.02.2026 06:00:00 +01:00,2206.63,1726.60,-480.03
26.02.2026 07:00:00 +01:00,993.07,1848.56,855.50
26.02.2026 08:00:00 +01:00,1417.24,1530.20,112.96
26.02.2026 09:00:00 +01:00,2715.43,1204.48,-1510.95
26.02.2026 10:00:00 +01:00,3479.18,616.06,-2863.12
26.02.2026 11:00:00 +01:00,4404.02,117.40,-4286.62
26.02.2026 12:00:00 +01:00,4950.22,25.46,-4924.76
26.02.2026 13:00:00 +01:00,5188.36,71.97,-5116.39
26.02.2026 14:00:00 +01:00,5513.25,114.13,-5399.12
26.02.2026 15:00:00 +01:00,4330.98,291.08,-4039.90
26.02.2026 16:00:00 +01:00,2148.77,934.20,-1214.56
26.02.2026 17:00:00 +01:00,833.09,1528.38,695.29
26.02.2026 18:00:00 +01:00,473.53,2454.62,1981.09
26.02.2026 19:00:00 +01:00,1273.03,2672.28,1399.25
26.02.2026 20:00:00 +01:00,2212.05,2372.60,160.56
26.02.2026 21:00:00 +01:00,2515.44,1239.84,-1275.60
26.02.2026 22:00:00 +01:00,3217.62,618.63,-2598.99
26.02.2026 23:00:00 +01:00,4185.46,104.03,-4081.43
27.02.2026 00:00:00 +01:00,5080.64,225.81,-4854.83
27.02.2026 01:00:00 +01:00,5121.57,291.52,-4830.05
27.02.2026 02:00:00 +01:00,5041.85,327.12,-4714.73
27.02.2026 03:00:00 +01:00,5227.04,427.44,-4799.60
27.02.2026 04:00:00 +01:00,4984.91,407.51,-4577.39
27.02.2026 05:00:00 +01:00,4587.51,434.78,-4152.73
27.02.2026 06:00:00 +01:00,3283.68,480.55,-2803.13
27.02.2026 07:00:00 +01:00,1779.42,604.75,-1174.67
27.02.2026 08:00:00 +01:00,2686.97,705.34,-1981.62
27.02.2026 09:00:00 +01:00,4405.83,799.25,-3606.59
27.02.2026 10:00:00 +01:00,4718.31,1389.48,-3328.84
27.02.2026 11:00:00 +01:00,4674.23,1892.43,-2781.80
27.02.2026 12:00:00 +01:00,4706.79,1885.83,-2820.96
27.02.2026 13:00:00 +01:00,4303.32,1734.99,-2568.33
27.02.2026 14:00:00 +01:00,3672.29,1498.69,-2173.60
27.02.2026 15:00:00 +01:00,2897.48,1165.75,-1731.73
27.02.2026 16:00:00 +01:00,928.40,1515.74,587.34
27.02.2026 17:00:00 +01:00,69.92,3056.93,2987.01
27.02.2026 18:00:00 +01:00,429.59,5311.16,4881.57
27.02.2026 19:00:00 +01:00,795.72,5115.09,4319.37
27.02.2026 20:00:00 +01:00,891.16,3901.06,3009.90
27.02.2026 21:00:00 +01:00,1401.33,2232.76,831.43
27.02.2026 22:00:00 +01:00,1507.54,1458.45,-49.09
27.02.2026 23:00:00 +01:00,2028.98,955.01,-1073.97
28.02.2026 00:00:00 +01:00,2862.23,695.68,-2166.55
28.02.2026 01:00:00 +01:00,2996.96,489.09,-2507.88
28.02.2026 02:00:00 +01:00,3358.67,403.33,-2955.34
28.02.2026 03:00:00 +01:00,3354.77,376.33,-2978.45
28.02.2026 04:00:00 +01:00,3649.87,459.85,-3190.03
28.02.2026 05:00:00 +01:00,3622.34,406.24,-3216.10
28.02.2026 06:00:00 +01:00,3827.34,336.90,-3490.45
28.02.2026 07:00:00 +01:00,3750.96,269.56,-3481.39
28.02.2026 08:00:00 +01:00,3950.81,851.55,-3099.25
28.02.2026 09:00:00 +01:00,4017.57,1399.57,-2618.00
28.02.2026 10:00:00 +01:00,3947.58,1775.18,-2172.40
28.02.2026 11:00:00 +01:00,3871.85,1451.81,-2420.04
28.02.2026 12:00:00 +01:00,4041.06,972.58,-3068.48
28.02.2026 13:00:00 +01:00,3973.07,294.41,-3678.66
28.02.2026 14:00:00 +01:00,4155.08,11.61,-4143.47
28.02.2026 15:00:00 +01:00,4103.84,26.16,-4077.68
28.02.2026 16:00:00 +01:00,3348.15,711.48,-2636.67
28.02.2026 17:00:00 +01:00,2545.71,1131.37,-1414.34
28.02.2026 18:00:00 +01:00,2495.31,1687.99,-807.32
28.02.2026 19:00:00 +01:00,2920.25,1954.30,-965.96
28.02.2026 20:00:00 +01:00,3818.54,1718.98,-2099.56
28.02.2026 21:00:00 +01:00,4060.80,1413.67,-2647.12
28.02.2026 22:00:00 +01:00,4112.62,915.30,-3197.33
28.02.2026 23:00:00 +01:00,4186.20,372.14,-3814.06
01.03.2026 00:00:00 +01:00,5838.20,905.26,-4932.94
01.03.2026 01:00:00 +01:00,5949.49,1113.54,-4835.95
01.03.2026 02:00:00 +01:00,5508.62,451.38,-5057.24
01.03.2026 03:00:00 +01:00,5174.28,0.00,-5174.28
01.03.2026 04:00:00 +01:00,5336.10,0.00,-5336.10
01.03.2026 05:00:00 +01:00,5695.01,68.15,-5626.86
01.03.2026 06:00:00 +01:00,5738.55,259.05,-5479.50
01.03.2026 07:00:00 +01:00,5357.04,241.31,-5115.73
01.03.2026 08:00:00 +01:00,5791.30,227.65,-5563.65
01.03.2026 09:00:00 +01:00,6197.83,151.13,-6046.70
01.03.2026 10:00:00 +01:00,5503.84,32.14,-5471.69
01.03.2026 11:00:00 +01:00,6033.99,77.21,-5956.78
01.03.2026 12:00:00 +01:00,5885.34,117.64,-5767.70
01.03.2026 13:00:00 +01:00,5879.93,100.43,-5779.50
01.03.2026 14:00:00 +01:00,6035.11,12.55,-6022.57
01.03.2026 15:00:00 +01:00,5982.05,20.15,-5961.89
01.03.2026 16:00:00 +01:00,3172.23,218.16,-2954.07
01.03.2026 17:00:00 +01:00,1386.13,1560.61,174.48
01.03.2026 18:00:00 +01:00,858.19,2719.91,1861.72
01.03.2026 19:00:00 +01:00,966.00,2355.03,1389.03
01.03.2026 20:00:00 +01:00,1665.02,609.75,-1055.27
01.03.2026 21:00:00 +01:00,2974.15,30.56,-2943.59
01.03.2026 22:00:00 +01:00,4327.43,213.83,-4113.60
01.03.2026 23:00:00 +01:00,4859.19,101.13,-4758.05
02.03.2026 00:00:00 +01:00,4965.73,134.15,-4831.58
02.03.2026 01:00:00 +01:00,4817.33,295.58,-4521.74
02.03.2026 02:00:00 +01:00,4845.44,225.97,-4619.47
02.03.2026 03:00:00 +01:00,4765.03,352.81,-4412.22
02.03.2026 04:00:00 +01:00,4323.84,408.47,-3915.37
02.03.2026 05:00:00 +01:00,2877.52,1266.14,-1611.38
02.03.2026 06:00:00 +01:00,1276.68,3133.22,1856.55
02.03.2026 07:00:00 +01:00,682.57,3697.79,3015.22
02.03.2026 08:00:00 +01:00,427.37,2392.30,1964.94
02.03.2026 09:00:00 +01:00,1052.99,1934.82,881.83
02.03.2026 10:00:00 +01:00,2155.22,1344.42,-810.81
02.03.2026 11:00:00 +01:00,2312.93,911.26,-1401.68
02.03.2026 12:00:00 +01:00,2629.18,799.72,-1829.46
02.03.2026 13:00:00 +01:00,2900.19,381.28,-2518.90
02.03.2026 14:00:00 +01:00,2679.45,601.26,-2078.19
02.03.2026 15:00:00 +01:00,1657.54,1005.09,-652.45
02.03.2026 16:00:00 +01:00,234.81,2734.54,2499.73
02.03.2026 17:00:00 +01:00,145.07,3577.67,3432.60
02.03.2026 18:00:00 +01:00,84.34,4256.66,4172.32
02.03.2026 19:00:00 +01:00,1129.94,4562.57,3432.63
02.03.2026 20:00:00 +01:00,1578.44,4077.49,2499.05
02.03.2026 21:00:00 +01:00,1151.65,2471.92,1320.28
02.03.2026 22:00:00 +01:00,1564.74,1542.66,-22.07
02.03.2026 23:00:00 +01:00,2415.62,1025.04,-1390.59
03.03.2026 00:00:00 +01:00,3219.60,1126.56,-2093.04
03.03.2026 01:00:00 +01:00,3328.24,1832.21,-1496.03
03.03.2026 02:00:00 +01:00,3403.17,2299.20,-1103.98
03.03.2026 03:00:00 +01:00,3305.10,2368.20,-936.90
03.03.2026 04:00:00 +01:00,2956.45,2862.31,-94.13
03.03.2026 05:00:00 +01:00,2409.90,3978.01,1568.10
03.03.2026 06:00:00 +01:00,1818.60,4295.15,2476.55
03.03.2026 07:00:00 +01:00,1515.31,4138.81,2623.51
03.03.2026 08:00:00 +01:00,1292.74,3890.85,2598.11
03.03.2026 09:00:00 +01:00,2141.24,2196.13,54.89
03.03.2026 10:00:00 +01:00,4219.85,1523.08,-2696.77
03.03.2026 11:00:00 +01:00,5345.96,1449.06,-3896.91
03.03.2026 12:00:00 +01:00,5236.54,1447.98,-3788.56
03.03.2026 13:00:00 +01:00,5368.03,1448.10,-3919.92
03.03.2026 14:00:00 +01:00,4737.42,1448.30,-3289.12
03.03.2026 15:00:00 +01:00,3340.04,1671.96,-1668.09
03.03.2026 16:00:00 +01:00,2576.28,2722.23,145.95
03.03.2026 17:00:00 +01:00,1712.07,3968.45,2256.38
03.03.2026 18:00:00 +01:00,1628.08,4731.14,3103.06
03.03.2026 19:00:00 +01:00,1972.47,4890.13,2917.65
03.03.2026 20:00:00 +01:00,2192.64,4902.75,2710.11
03.03.2026 21:00:00 +01:00,2651.64,4827.93,2176.30
03.03.2026 22:00:00 +01:00,2923.09,4802.85,1879.76
03.03.2026 23:00:00 +01:00,3090.31,4184.77,1094.46
04.03.2026 00:00:00 +01:00,3391.20,4551.08,1159.88
04.03.2026 01:00:00 +01:00,3337.78,4606.36,1268.58
04.03.2026 02:00:00 +01:00,3317.98,4632.13,1314.14
04.03.2026 03:00:00 +01:00,3292.69,4816.35,1523.66
04.03.2026 04:00:00 +01:00,3125.34,4873.80,1748.46
04.03.2026 05:00:00 +01:00,2426.07,4685.42,2259.35
04.03.2026 06:00:00 +01:00,2139.96,4737.95,2597.99
04.03.2026 07:00:00 +01:00,1368.17,4383.37,3015.21
04.03.2026 08:00:00 +01:00,2088.32,4345.16,2256.85
04.03.2026 09:00:00 +01:00,2429.12,3797.85,1368.73
04.03.2026 10:00:00 +01:00,3122.87,2230.93,-891.94
04.03.2026 11:00:00 +01:00,5253.22,1447.15,-3806.06
04.03.2026 12:00:00 +01:00,6218.67,1447.24,-4771.44
04.03.2026 13:00:00 +01:00,6147.34,1447.42,-4699.92
04.03.2026 14:00:00 +01:00,5416.76,1442.62,-3974.14
04.03.2026 15:00:00 +01:00,3674.06,1560.47,-2113.59
04.03.2026 16:00:00 +01:00,1604.34,3347.13,1742.79
04.03.2026 17:00:00 +01:00,686.19,4560.72,3874.53
04.03.2026 18:00:00 +01:00,961.98,4495.33,3533.35
04.03.2026 19:00:00 +01:00,1319.12,4365.35,3046.23
04.03.2026 20:00:00 +01:00,1524.65,4582.92,3058.27
04.03.2026 21:00:00 +01:00,1482.35,4939.27,3456.93
04.03.2026 22:00:00 +01:00,1547.84,4614.40,3066.56
04.03.2026 23:00:00 +01:00,1537.61,4080.51,2542.90
05.03.2026 00:00:00 +01:00,2403.53,3742.48,1338.95
05.03.2026 01:00:00 +01:00,2482.79,3377.70,894.90
05.03.2026 02:00:00 +01:00,2764.39,3327.09,562.71
05.03.2026 03:00:00 +01:00,2766.29,3141.06,374.77
05.03.2026 04:00:00 +01:00,2382.99,3350.75,967.75
05.03.2026 05:00:00 +01:00,1189.26,3950.58,2761.32
05.03.2026 06:00:00 +01:00,665.33,4735.54,4070.21
05.03.2026 07:00:00 +01:00,168.43,4274.49,4106.06
05.03.2026 08:00:00 +01:00,581.97,2636.95,2054.99
05.03.2026 09:00:00 +01:00,2343.01,1600.25,-742.76
05.03.2026 10:00:00 +01:00,3787.54,1480.78,-2306.75
05.03.2026 11:00:00 +01:00,4632.56,1457.81,-3174.75
05.03.2026 12:00:00 +01:00,5177.37,1447.90,-3729.47
05.03.2026 13:00:00 +01:00,4560.94,1448.21,-3112.73
05.03.2026 14:00:00 +01:00,3922.19,1577.36,-2344.83
05.03.2026 15:00:00 +01:00,2125.82,1818.37,-307.44
05.03.2026 16:00:00 +01:00,241.58,3900.75,3659.17
05.03.2026 17:00:00 +01:00,0.00,5771.67,5771.67
05.03.2026 18:00:00 +01:00,0.00,5954.73,5954.73
05.03.2026 19:00:00 +01:00,116.52,5060.87,4944.35
05.03.2026 20:00:00 +01:00,619.52,4526.12,3906.60
05.03.2026 21:00:00 +01:00,693.09,4273.73,3580.63
05.03.2026 22:00:00 +01:00,1118.03,4378.08,3260.05
05.03.2026 23:00:00 +01:00,1206.65,4671.68,3465.03
06.03.2026 00:00:00 +01:00,1751.27,2840.15,1088.89
06.03.2026 01:00:00 +01:00,1167.38,2470.97,1303.59
06.03.2026 02:00:00 +01:00,1014.84,2889.74,1874.90
06.03.2026 03:00:00 +01:00,1131.23,3531.69,2400.46
06.03.2026 04:00:00 +01:00,1321.42,4566.37,3244.95
06.03.2026 05:00:00 +01:00,704.62,4834.34,4129.72
06.03.2026 06:00:00 +01:00,400.60,5177.49,4776.89
06.03.2026 07:00:00 +01:00,283.85,4673.02,4389.17
06.03.2026 08:00:00 +01:00,1090.05,3428.60,2338.55
06.03.2026 09:00:00 +01:00,2465.20,1937.05,-528.15
06.03.2026 10:00:00 +01:00,4160.37,1583.86,-2576.51
06.03.2026 11:00:00 +01:00,5384.01,1455.65,-3928.35
06.03.2026 12:00:00 +01:00,5090.95,1448.67,-3642.28
06.03.2026 13:00:00 +01:00,5298.65,1447.85,-3850.80
06.03.2026 14:00:00 +01:00,4648.27,1448.08,-3200.19
06.03.2026 15:00:00 +01:00,2356.93,1726.94,-629.99
06.03.2026 16:00:00 +01:00,929.04,3624.00,2694.97
06.03.2026 17:00:00 +01:00,455.01,5047.99,4592.99
06.03.2026 18:00:00 +01:00,289.70,5221.59,4931.89
06.03.2026 19:00:00 +01:00,672.01,5122.42,4450.41
06.03.2026 20:00:00 +01:00,1081.41,4926.49,3845.07
06.03.2026 21:00:00 +01:00,1304.60,4720.72,3416.13
06.03.2026 22:00:00 +01:00,1476.95,4697.58,3220.63
06.03.2026 23:00:00 +01:00,1432.44,4737.17,3304.72
07.03.2026 00:00:00 +01:00,1341.22,4694.15,3352.94
07.03.2026 01:00:00 +01:00,982.16,4693.36,3711.21
07.03.2026 02:00:00 +01:00,746.19,4686.64,3940.45
07.03.2026 03:00:00 +01:00,258.71,4671.88,4413.17
07.03.2026 04:00:00 +01:00,160.47,4968.51,4808.04
07.03.2026 05:00:00 +01:00,176.77,5174.46,4997.69
07.03.2026 06:00:00 +01:00,822.39,4609.89,3787.50
07.03.2026 07:00:00 +01:00,767.08,4345.66,3578.57
07.03.2026 08:00:00 +01:00,875.14,2849.52,1974.38
07.03.2026 09:00:00 +01:00,2234.03,1792.69,-441.34
07.03.2026 10:00:00 +01:00,2958.93,1512.16,-1446.77
07.03.2026 11:00:00 +01:00,4232.92,1497.63,-2735.28
07.03.2026 12:00:00 +01:00,4732.49,1487.65,-3244.84
07.03.2026 13:00:00 +01:00,4737.19,1461.78,-3275.41
07.03.2026 14:00:00 +01:00,4433.99,1449.90,-2984.08
07.03.2026 15:00:00 +01:00,2787.55,1493.16,-1294.39
07.03.2026 16:00:00 +01:00,1408.18,3142.57,1734.38
07.03.2026 17:00:00 +01:00,899.78,4638.64,3738.86
07.03.2026 18:00:00 +01:00,702.36,5099.70,4397.33
07.03.2026 19:00:00 +01:00,866.46,4836.99,3970.53
07.03.2026 20:00:00 +01:00,1458.32,4618.04,3159.72
07.03.2026 21:00:00 +01:00,1340.91,4862.04,3521.13
07.03.2026 22:00:00 +01:00,1304.86,4788.42,3483.56
07.03.2026 23:00:00 +01:00,1381.23,4699.93,3318.70
08.03.2026 00:00:00 +01:00,1089.18,4679.98,3590.80
08.03.2026 01:00:00 +01:00,1002.19,4801.83,3799.64
08.03.2026 02:00:00 +01:00,940.35,4831.97,3891.62
08.03.2026 03:00:00 +01:00,1126.25,4850.28,3724.04
08.03.2026 04:00:00 +01:00,1206.84,4880.61,3673.77
08.03.2026 05:00:00 +01:00,1192.96,4855.90,3662.95
08.03.2026 06:00:00 +01:00,1268.04,4629.47,3361.43
08.03.2026 07:00:00 +01:00,1485.10,3580.79,2095.68
08.03.2026 08:00:00 +01:00,1933.34,2285.10,351.76
08.03.2026 09:00:00 +01:00,3487.18,1732.29,-1754.89
08.03.2026 10:00:00 +01:00,4422.74,1538.51,-2884.23
08.03.2026 11:00:00 +01:00,4960.83,1495.89,-3464.93
08.03.2026 12:00:00 +01:00,4838.45,1507.43,-3331.02
08.03.2026 13:00:00 +01:00,4738.37,1508.06,-3230.30
08.03.2026 14:00:00 +01:00,4761.77,1506.03,-3255.74
08.03.2026 15:00:00 +01:00,3568.16,1498.05,-2070.11
08.03.2026 16:00:00 +01:00,1659.16,2294.80,635.64
08.03.2026 17:00:00 +01:00,217.96,4207.88,3989.91
08.03.2026 18:00:00 +01:00,281.16,4955.13,4673.97
08.03.2026 19:00:00 +01:00,430.69,4933.67,4502.98
08.03.2026 20:00:00 +01:00,624.60,5084.63,4460.02
08.03.2026 21:00:00 +01:00,892.41,4758.33,3865.92
08.03.2026 22:00:00 +01:00,1677.46,4723.98,3046.52
08.03.2026 23:00:00 +01:00,1842.79,3918.51,2075.72
09.03.2026 00:00:00 +01:00,1887.42,3148.15,1260.73
09.03.2026 01:00:00 +01:00,1836.00,2796.92,960.93
09.03.2026 02:00:00 +01:00,1986.12,3124.46,1138.34
09.03.2026 03:00:00 +01:00,2189.96,3247.87,1057.92
09.03.2026 04:00:00 +01:00,1771.51,4554.54,2783.03
09.03.2026 05:00:00 +01:00,1456.53,5012.66,3556.13
09.03.2026 06:00:00 +01:00,771.31,5116.85,4345.54
09.03.2026 07:00:00 +01:00,200.90,4633.08,4432.18
09.03.2026 08:00:00 +01:00,72.40,4374.50,4302.10
09.03.2026 09:00:00 +01:00,177.29,3498.29,3321.00
09.03.2026 10:00:00 +01:00,1769.90,2024.43,254.52
09.03.2026 11:00:00 +01:00,3987.77,1702.52,-2285.25
09.03.2026 12:00:00 +01:00,4499.69,1625.63,-2874.06
09.03.2026 13:00:00 +01:00,4442.54,1575.74,-2866.79
09.03.2026 14:00:00 +01:00,3684.71,1512.63,-2172.08
09.03.2026 15:00:00 +01:00,784.53,2419.14,1634.61
09.03.2026 16:00:00 +01:00,33.56,4595.47,4561.91
09.03.2026 17:00:00 +01:00,48.26,5109.50,5061.24
09.03.2026 18:00:00 +01:00,22.34,5092.39,5070.05
09.03.2026 19:00:00 +01:00,30.58,5026.10,4995.51
09.03.2026 20:00:00 +01:00,99.23,4988.23,4889.00
09.03.2026 21:00:00 +01:00,240.54,4965.53,4724.99
09.03.2026 22:00:00 +01:00,1147.59,4827.73,3680.14
09.03.2026 23:00:00 +01:00,1530.17,4890.63,3360.46
10.03.2026 00:00:00 +01:00,1467.13,4682.91,3215.78
10.03.2026 01:00:00 +01:00,1405.06,4575.50,3170.44
10.03.2026 02:00:00 +01:00,1098.17,4657.82,3559.65
10.03.2026 03:00:00 +01:00,1093.19,4707.45,3614.26
10.03.2026 04:00:00 +01:00,847.68,4335.76,3488.08
10.03.2026 05:00:00 +01:00,467.13,4152.81,3685.68
10.03.2026 06:00:00 +01:00,253.34,4312.65,4059.31
10.03.2026 07:00:00 +01:00,65.96,4034.46,3968.50
10.03.2026 08:00:00 +01:00,183.35,3496.88,3313.54
10.03.2026 09:00:00 +01:00,354.39,3011.43,2657.04
10.03.2026 10:00:00 +01:00,1190.20,2174.56,984.35
10.03.2026 11:00:00 +01:00,2034.01,1810.73,-223.28
10.03.2026 12:00:00 +01:00,2647.90,1735.71,-912.19
10.03.2026 13:00:00 +01:00,2863.47,1665.56,-1197.91
10.03.2026 14:00:00 +01:00,2128.12,1797.73,-330.39
10.03.2026 15:00:00 +01:00,662.88,2660.94,1998.05
10.03.2026 16:00:00 +01:00,354.33,3852.34,3498.01
10.03.2026 17:00:00 +01:00,411.53,4185.34,3773.81
10.03.2026 18:00:00 +01:00,287.79,4564.28,4276.49
10.03.2026 19:00:00 +01:00,464.20,4789.70,4325.50
10.03.2026 20:00:00 +01:00,468.52,4516.89,4048.37
10.03.2026 21:00:00 +01:00,1174.19,3847.04,2672.86
10.03.2026 22:00:00 +01:00,1400.74,2104.45,703.72
10.03.2026 23:00:00 +01:00,2660.66,88.13,-2572.53
11.03.2026 00:00:00 +01:00,4417.36,0.00,-4417.36
11.03.2026 01:00:00 +01:00,5668.65,0.00,-5668.65
11.03.2026 02:00:00 +01:00,5560.78,0.02,-5560.77
11.03.2026 03:00:00 +01:00,5214.46,0.00,-5214.46
11.03.2026 04:00:00 +01:00,4909.32,0.00,-4909.32
11.03.2026 05:00:00 +01:00,4826.34,10.94,-4815.40
11.03.2026 06:00:00 +01:00,4759.07,200.51,-4558.56
11.03.2026 07:00:00 +01:00,4078.38,414.43,-3663.95
11.03.2026 08:00:00 +01:00,4654.84,442.61,-4212.22
11.03.2026 09:00:00 +01:00,4845.58,392.89,-4452.69
11.03.2026 10:00:00 +01:00,5162.30,294.92,-4867.38
11.03.2026 11:00:00 +01:00,5458.54,171.80,-5286.74
11.03.2026 12:00:00 +01:00,5605.17,6.04,-5599.13
11.03.2026 13:00:00 +01:00,5228.42,101.09,-5127.33
11.03.2026 14:00:00 +01:00,4962.79,128.75,-4834.04
11.03.2026 15:00:00 +01:00,4097.71,230.57,-3867.14
11.03.2026 16:00:00 +01:00,2298.45,496.89,-1801.57
11.03.2026 17:00:00 +01:00,342.92,1544.19,1201.27
11.03.2026 18:00:00 +01:00,406.28,2872.42,2466.15
11.03.2026 19:00:00 +01:00,1072.90,3651.65,2578.75
11.03.2026 20:00:00 +01:00,1353.89,3459.01,2105.12
11.03.2026 21:00:00 +01:00,1798.32,2441.40,643.08
11.03.2026 22:00:00 +01:00,2324.76,1787.05,-537.72
11.03.2026 23:00:00 +01:00,3087.48,635.59,-2451.89
12.03.2026 00:00:00 +01:00,4090.63,265.50,-3825.13
12.03.2026 01:00:00 +01:00,4775.71,133.68,-4642.03
12.03.2026 02:00:00 +01:00,4962.57,405.16,-4557.41
12.03.2026 03:00:00 +01:00,5414.63,687.04,-4727.59
12.03.2026 04:00:00 +01:00,5207.99,690.03,-4517.96
12.03.2026 05:00:00 +01:00,4812.19,777.24,-4034.96
12.03.2026 06:00:00 +01:00,4626.72,1210.52,-3416.20
12.03.2026 07:00:00 +01:00,3681.81,1153.81,-2528.00
12.03.2026 08:00:00 +01:00,2959.06,634.51,-2324.55
12.03.2026 09:00:00 +01:00,3801.43,51.94,-3749.49
12.03.2026 10:00:00 +01:00,4371.83,109.67,-4262.15
12.03.2026 11:00:00 +01:00,4431.87,370.29,-4061.58
12.03.2026 12:00:00 +01:00,4535.16,346.25,-4188.90
12.03.2026 13:00:00 +01:00,4586.92,757.21,-3829.70
12.03.2026 14:00:00 +01:00,4516.77,483.37,-4033.39
12.03.2026 15:00:00 +01:00,4091.48,744.41,-3347.07
12.03.2026 16:00:00 +01:00,3942.13,540.81,-3401.32
12.03.2026 17:00:00 +01:00,3952.95,977.93,-2975.02
12.03.2026 18:00:00 +01:00,3899.14,2639.69,-1259.46
12.03.2026 19:00:00 +01:00,3827.14,2348.92,-1478.22
12.03.2026 20:00:00 +01:00,4017.95,904.58,-3113.37
12.03.2026 21:00:00 +01:00,5005.00,322.96,-4682.04
12.03.2026 22:00:00 +01:00,5318.39,0.00,-5318.39
12.03.2026 23:00:00 +01:00,6168.75,128.90,-6039.86
13.03.2026 00:00:00 +01:00,6011.91,10.76,-6001.15
13.03.2026 01:00:00 +01:00,6311.59,0.00,-6311.59
13.03.2026 02:00:00 +01:00,6710.81,0.00,-6710.81
13.03.2026 03:00:00 +01:00,6723.58,0.00,-6723.58
13.03.2026 04:00:00 +01:00,6935.22,0.00,-6935.22
13.03.2026 05:00:00 +01:00,7205.12,0.00,-7205.12
13.03.2026 06:00:00 +01:00,7353.35,0.00,-7353.35
13.03.2026 07:00:00 +01:00,7318.90,0.00,-7318.90
13.03.2026 08:00:00 +01:00,6479.42,138.01,-6341.41
13.03.2026 09:00:00 +01:00,5742.92,21.70,-5721.23
13.03.2026 10:00:00 +01:00,5881.49,65.98,-5815.52
13.03.2026 11:00:00 +01:00,6515.88,76.03,-6439.85
13.03.2026 12:00:00 +01:00,6780.40,396.20,-6384.21
13.03.2026 13:00:00 +01:00,6616.34,354.95,-6261.39
13.03.2026 14:00:00 +01:00,6129.51,0.00,-6129.51
13.03.2026 15:00:00 +01:00,5113.13,258.87,-4854.26
13.03.2026 16:00:00 +01:00,4039.69,1352.85,-2686.84
13.03.2026 17:00:00 +01:00,3268.30,3095.23,-173.06
13.03.2026 18:00:00 +01:00,2691.10,4683.95,1992.85
13.03.2026 19:00:00 +01:00,2838.74,4905.48,2066.74
13.03.2026 20:00:00 +01:00,2751.40,4898.31,2146.92
13.03.2026 21:00:00 +01:00,2763.58,4836.22,2072.64
13.03.2026 22:00:00 +01:00,2772.95,4855.67,2082.72
13.03.2026 23:00:00 +01:00,2787.65,4036.20,1248.55
14.03.2026 00:00:00 +01:00,2946.73,3344.53,397.80
14.03.2026 01:00:00 +01:00,2961.92,2792.98,-168.94
14.03.2026 02:00:00 +01:00,2847.56,2338.46,-509.10
14.03.2026 03:00:00 +01:00,2556.14,2191.94,-364.20
14.03.2026 04:00:00 +01:00,2385.46,2070.84,-314.62
14.03.2026 05:00:00 +01:00,1957.94,2233.85,275.91
14.03.2026 06:00:00 +01:00,1561.06,2550.15,989.10
14.03.2026 07:00:00 +01:00,1066.80,2947.62,1880.82
14.03.2026 08:00:00 +01:00,450.04,3741.52,3291.48
14.03.2026 09:00:00 +01:00,195.53,3043.74,2848.21
14.03.2026 10:00:00 +01:00,405.39,2628.06,2222.68
14.03.2026 11:00:00 +01:00,996.69,2324.95,1328.26
14.03.2026 12:00:00 +01:00,1160.28,2233.11,1072.83
14.03.2026 13:00:00 +01:00,951.09,2160.88,1209.79
14.03.2026 14:00:00 +01:00,1050.07,2275.82,1225.75
14.03.2026 15:00:00 +01:00,635.22,3591.87,2956.65
14.03.2026 16:00:00 +01:00,506.04,5018.71,4512.68
14.03.2026 17:00:00 +01:00,180.94,5405.38,5224.44
14.03.2026 18:00:00 +01:00,125.78,5713.91,5588.13
14.03.2026 19:00:00 +01:00,162.64,5559.67,5397.03
14.03.2026 20:00:00 +01:00,791.24,5117.42,4326.18
14.03.2026 21:00:00 +01:00,941.67,5392.70,4451.04
14.03.2026 22:00:00 +01:00,1053.06,5597.51,4544.45
14.03.2026 23:00:00 +01:00,1143.98,5567.29,4423.31
15.03.2026 00:00:00 +01:00,1165.36,5173.59,4008.23
15.03.2026 01:00:00 +01:00,1327.82,5122.31,3794.48
15.03.2026 02:00:00 +01:00,1475.35,4847.46,3372.10
15.03.2026 03:00:00 +01:00,1438.24,4889.31,3451.07
15.03.2026 04:00:00 +01:00,1363.01,4874.15,3511.14
15.03.2026 05:00:00 +01:00,1232.08,4424.51,3192.43
15.03.2026 06:00:00 +01:00,1168.58,4060.72,2892.14
15.03.2026 07:00:00 +01:00,1151.83,2719.70,1567.87
15.03.2026 08:00:00 +01:00,1292.55,539.81,-752.74
15.03.2026 09:00:00 +01:00,3062.32,17.73,-3044.59
15.03.2026 10:00:00 +01:00,4111.89,43.27,-4068.62
15.03.2026 11:00:00 +01:00,4689.70,161.99,-4527.71
15.03.2026 12:00:00 +01:00,4699.15,181.93,-4517.21
15.03.2026 13:00:00 +01:00,4702.63,188.85,-4513.77
15.03.2026 14:00:00 +01:00,4501.75,353.29,-4148.46
15.03.2026 15:00:00 +01:00,4440.46,483.54,-3956.93
15.03.2026 16:00:00 +01:00,2456.14,702.51,-1753.63
15.03.2026 17:00:00 +01:00,311.67,2959.12,2647.45
15.03.2026 18:00:00 +01:00,201.60,4560.23,4358.63
15.03.2026 19:00:00 +01:00,522.62,4000.44,3477.82
15.03.2026 20:00:00 +01:00,1875.48,1870.98,-4.50
15.03.2026 21:00:00 +01:00,3322.73,1085.68,-2237.05
15.03.2026 22:00:00 +01:00,4051.56,307.22,-3744.33
15.03.2026 23:00:00 +01:00,4686.49,144.42,-4542.08
16.03.2026 00:00:00 +01:00,5588.22,19.00,-5569.22
16.03.2026 01:00:00 +01:00,6320.07,0.00,-6320.07
16.03.2026 02:00:00 +01:00,6359.88,0.00,-6359.88
16.03.2026 03:00:00 +01:00,6187.18,0.00,-6187.18
16.03.2026 04:00:00 +01:00,6717.08,0.00,-6717.08
16.03.2026 05:00:00 +01:00,6561.84,0.00,-6561.84
16.03.2026 06:00:00 +01:00,5757.63,0.00,-5757.63
16.03.2026 07:00:00 +01:00,4150.23,0.00,-4150.23
16.03.2026 08:00:00 +01:00,3964.57,0.00,-3964.57
16.03.2026 09:00:00 +01:00,4558.30,6.52,-4551.78
16.03.2026 10:00:00 +01:00,4736.88,120.90,-4615.99
16.03.2026 11:00:00 +01:00,5019.76,0.00,-5019.76
16.03.2026 12:00:00 +01:00,4711.86,0.00,-4711.86
16.03.2026 13:00:00 +01:00,4455.95,350.05,-4105.90
16.03.2026 14:00:00 +01:00,4825.31,811.02,-4014.29
16.03.2026 15:00:00 +01:00,3520.30,1268.62,-2251.68
16.03.2026 16:00:00 +01:00,2001.65,1554.34,-447.31
16.03.2026 17:00:00 +01:00,1162.34,3284.24,2121.90
16.03.2026 18:00:00 +01:00,736.02,4899.53,4163.52
16.03.2026 19:00:00 +01:00,539.94,4957.69,4417.75
16.03.2026 20:00:00 +01:00,680.22,5093.55,4413.33
16.03.2026 21:00:00 +01:00,890.77,4339.23,3448.45
16.03.2026 22:00:00 +01:00,870.54,3289.85,2419.31
16.03.2026 23:00:00 +01:00,1557.44,1057.04,-500.40
17.03.2026 00:00:00 +01:00,2030.56,500.75,-1529.81
17.03.2026 01:00:00 +01:00,2441.35,337.22,-2104.13
17.03.2026 02:00:00 +01:00,2970.25,601.09,-2369.16
17.03.2026 03:00:00 +01:00,2930.60,1065.60,-1865.01
17.03.2026 04:00:00 +01:00,2261.40,1595.37,-666.02
17.03.2026 05:00:00 +01:00,1686.70,2692.13,1005.43
17.03.2026 06:00:00 +01:00,1260.34,3271.73,2011.39
17.03.2026 07:00:00 +01:00,2229.32,2847.27,617.95
17.03.2026 08:00:00 +01:00,1891.94,3072.22,1180.29
17.03.2026 09:00:00 +01:00,1669.64,2115.84,446.20
17.03.2026 10:00:00 +01:00,2327.52,630.69,-1696.83
17.03.2026 11:00:00 +01:00,3705.02,19.62,-3685.40
17.03.2026 12:00:00 +01:00,4442.02,0.00,-4442.02
17.03.2026 13:00:00 +01:00,4258.03,371.88,-3886.15
17.03.2026 14:00:00 +01:00,3819.41,627.60,-3191.81
17.03.2026 15:00:00 +01:00,2925.52,639.48,-2286.04
17.03.2026 16:00:00 +01:00,1532.43,1879.76,347.33
17.03.2026 17:00:00 +01:00,1754.77,3363.62,1608.85
17.03.2026 18:00:00 +01:00,1764.53,4391.43,2626.90
17.03.2026 19:00:00 +01:00,1392.45,4861.83,3469.38
17.03.2026 20:00:00 +01:00,1662.90,4796.15,3133.25
17.03.2026 21:00:00 +01:00,1908.48,4172.55,2264.07
17.03.2026 22:00:00 +01:00,2059.21,2965.41,906.20
17.03.2026 23:00:00 +01:00,2488.38,1937.35,-551.03
18.03.2026 00:00:00 +01:00,4410.66,1108.94,-3301.72
18.03.2026 01:00:00 +01:00,4397.07,818.14,-3578.93
18.03.2026 02:00:00 +01:00,4853.42,1362.16,-3491.26
18.03.2026 03:00:00 +01:00,4935.78,1329.86,-3605.92
18.03.2026 04:00:00 +01:00,4626.68,1385.95,-3240.73
18.03.2026 05:00:00 +01:00,3237.56,1653.42,-1584.15
18.03.2026 06:00:00 +01:00,2269.69,3158.66,888.97
18.03.2026 07:00:00 +01:00,2906.56,2320.39,-586.17
18.03.2026 08:00:00 +01:00,4513.06,1480.21,-3032.85
18.03.2026 09:00:00 +01:00,5363.18,1450.41,-3912.77
18.03.2026 10:00:00 +01:00,5297.17,1460.37,-3836.80
18.03.2026 11:00:00 +01:00,5591.51,1450.83,-4140.68
18.03.2026 12:00:00 +01:00,5741.84,1449.72,-4292.12
18.03.2026 13:00:00 +01:00,5818.20,1463.59,-4354.61
18.03.2026 14:00:00 +01:00,5511.18,1453.63,-4057.55
18.03.2026 15:00:00 +01:00,4975.01,1449.20,-3525.81
18.03.2026 16:00:00 +01:00,3245.04,1749.72,-1495.32
18.03.2026 17:00:00 +01:00,2156.67,3331.08,1174.40
18.03.2026 18:00:00 +01:00,2721.86,4588.41,1866.55
18.03.2026 19:00:00 +01:00,2532.52,4905.36,2372.83
18.03.2026 20:00:00 +01:00,2765.10,4777.32,2012.22
18.03.2026 21:00:00 +01:00,2523.57,4525.41,2001.84
18.03.2026 22:00:00 +01:00,2850.82,4031.05,1180.23
18.03.2026 23:00:00 +01:00,2792.30,3010.21,217.92
19.03.2026 00:00:00 +01:00,2528.04,2575.94,47.90
19.03.2026 01:00:00 +01:00,2561.77,3087.39,525.62
19.03.2026 02:00:00 +01:00,2397.12,3502.95,1105.83
19.03.2026 03:00:00 +01:00,2522.44,3671.31,1148.88
19.03.2026 04:00:00 +01:00,2626.94,3974.18,1347.24
19.03.2026 05:00:00 +01:00,2653.47,4105.88,1452.41
19.03.2026 06:00:00 +01:00,2759.94,4510.40,1750.45
19.03.2026 07:00:00 +01:00,2616.61,4224.97,1608.37
19.03.2026 08:00:00 +01:00,2915.72,3030.39,114.67
19.03.2026 09:00:00 +01:00,3979.22,1601.57,-2377.65
19.03.2026 10:00:00 +01:00,4128.97,1461.85,-2667.12
19.03.2026 11:00:00 +01:00,4122.35,1355.02,-2767.33
19.03.2026 12:00:00 +01:00,4205.54,913.57,-3291.98
19.03.2026 13:00:00 +01:00,4206.94,760.26,-3446.68
19.03.2026 14:00:00 +01:00,4389.50,624.26,-3765.23
19.03.2026 15:00:00 +01:00,4009.48,947.44,-3062.04
19.03.2026 16:00:00 +01:00,2960.62,2720.51,-240.11
19.03.2026 17:00:00 +01:00,2357.54,4211.45,1853.91
19.03.2026 18:00:00 +01:00,2301.30,4905.46,2604.16
19.03.2026 19:00:00 +01:00,2244.60,4918.03,2673.43
19.03.2026 20:00:00 +01:00,2653.36,4901.87,2248.51
19.03.2026 21:00:00 +01:00,2781.88,4907.89,2126.01
19.03.2026 22:00:00 +01:00,2770.80,4838.56,2067.76
19.03.2026 23:00:00 +01:00,2281.72,4678.18,2396.46
20.03.2026 00:00:00 +01:00,2096.90,4767.42,2670.52
20.03.2026 01:00:00 +01:00,2037.37,4902.38,2865.01
20.03.2026 02:00:00 +01:00,1774.68,4874.79,3100.11
20.03.2026 03:00:00 +01:00,1869.71,4777.98,2908.27
20.03.2026 04:00:00 +01:00,1662.95,4785.74,3122.79
20.03.2026 05:00:00 +01:00,1389.57,4819.68,3430.11
20.03.2026 06:00:00 +01:00,675.00,4923.28,4248.28
20.03.2026 07:00:00 +01:00,970.57,4836.14,3865.57
20.03.2026 08:00:00 +01:00,1811.22,4265.65,2454.44
20.03.2026 09:00:00 +01:00,2031.55,2460.36,428.81
20.03.2026 10:00:00 +01:00,3731.38,1469.05,-2262.33
20.03.2026 11:00:00 +01:00,4398.66,1494.67,-2903.99
20.03.2026 12:00:00 +01:00,4342.09,1490.00,-2852.08
20.03.2026 13:00:00 +01:00,4532.41,1499.13,-3033.28
20.03.2026 14:00:00 +01:00,3803.39,1498.23,-2305.16
20.03.2026 15:00:00 +01:00,2813.38,2215.72,-597.66
20.03.2026 16:00:00 +01:00,2387.00,3852.72,1465.72
20.03.2026 17:00:00 +01:00,1655.89,4512.91,2857.02
20.03.2026 18:00:00 +01:00,1371.44,4913.35,3541.91
20.03.2026 19:00:00 +01:00,1236.81,4937.61,3700.80
20.03.2026 20:00:00 +01:00,1130.35,4953.71,3823.36
20.03.2026 21:00:00 +01:00,1064.48,4983.48,3919.00
20.03.2026 22:00:00 +01:00,1498.89,5012.25,3513.36
20.03.2026 23:00:00 +01:00,1799.27,4949.59,3150.32
21.03.2026 00:00:00 +01:00,1815.08,4935.64,3120.56
21.03.2026 01:00:00 +01:00,1864.45,4896.63,3032.18
21.03.2026 02:00:00 +01:00,1785.23,4870.56,3085.33
21.03.2026 03:00:00 +01:00,2024.67,4928.62,2903.96
21.03.2026 04:00:00 +01:00,2047.80,4816.34,2768.54
21.03.2026 05:00:00 +01:00,2262.03,4877.96,2615.93
21.03.2026 06:00:00 +01:00,2179.03,4902.99,2723.96
21.03.2026 07:00:00 +01:00,2267.47,4407.60,2140.13
21.03.2026 08:00:00 +01:00,2626.95,2858.40,231.45
21.03.2026 09:00:00 +01:00,3876.46,1506.74,-2369.72
21.03.2026 10:00:00 +01:00,4551.74,1448.10,-3103.64
21.03.2026 11:00:00 +01:00,5141.65,1448.15,-3693.51
21.03.2026 12:00:00 +01:00,4474.27,1450.56,-3023.70
21.03.2026 13:00:00 +01:00,5190.66,1448.23,-3742.43
21.03.2026 14:00:00 +01:00,5149.44,1448.29,-3701.15
21.03.2026 15:00:00 +01:00,4109.08,1448.44,-2660.63
21.03.2026 16:00:00 +01:00,2164.88,2220.50,55.61
21.03.2026 17:00:00 +01:00,1127.14,4057.96,2930.82
21.03.2026 18:00:00 +01:00,796.96,4993.50,4196.54
21.03.2026 19:00:00 +01:00,1324.54,4933.83,3609.29
21.03.2026 20:00:00 +01:00,1707.29,4735.40,3028.11
21.03.2026 21:00:00 +01:00,2035.93,4293.58,2257.65
21.03.2026 22:00:00 +01:00,2141.66,3066.22,924.55
21.03.2026 23:00:00 +01:00,2715.53,1603.81,-1111.72
22.03.2026 00:00:00 +01:00,4103.46,1447.66,-2655.79
22.03.2026 01:00:00 +01:00,4193.78,1482.90,-2710.88
22.03.2026 02:00:00 +01:00,4108.46,1474.86,-2633.60
22.03.2026 03:00:00 +01:00,4207.88,1449.02,-2758.85
22.03.2026 04:00:00 +01:00,4188.80,1447.88,-2740.92
22.03.2026 05:00:00 +01:00,4019.09,1447.81,-2571.28
22.03.2026 06:00:00 +01:00,4294.51,1448.21,-2846.30
22.03.2026 07:00:00 +01:00,4703.96,1448.21,-3255.75
22.03.2026 08:00:00 +01:00,5028.75,1465.00,-3563.74
22.03.2026 09:00:00 +01:00,5224.77,1491.57,-3733.20
22.03.2026 10:00:00 +01:00,5245.23,1495.34,-3749.89
22.03.2026 11:00:00 +01:00,5203.73,1490.30,-3713.43
22.03.2026 12:00:00 +01:00,4997.51,1485.26,-3512.25
22.03.2026 13:00:00 +01:00,4573.41,1483.73,-3089.68
22.03.2026 14:00:00 +01:00,4508.18,1481.24,-3026.94
22.03.2026 15:00:00 +01:00,4404.97,1476.74,-2928.23
22.03.2026 16:00:00 +01:00,3853.07,1565.94,-2287.14
22.03.2026 17:00:00 +01:00,2022.29,3026.12,1003.84
22.03.2026 18:00:00 +01:00,1652.33,4561.72,2909.39
22.03.2026 19:00:00 +01:00,1722.35,4944.08,3221.73
22.03.2026 20:00:00 +01:00,1988.15,4934.86,2946.72
22.03.2026 21:00:00 +01:00,2510.31,4924.21,2413.90
22.03.2026 22:00:00 +01:00,2878.71,4920.51,2041.80
22.03.2026 23:00:00 +01:00,2891.08,4817.99,1926.91
23.03.2026 00:00:00 +01:00,2690.75,4520.83,1830.08
23.03.2026 01:00:00 +01:00,2454.85,4423.13,1968.28
23.03.2026 02:00:00 +01:00,2458.24,4555.43,2097.19
23.03.2026 03:00:00 +01:00,2729.33,4486.40,1757.07
23.03.2026 04:00:00 +01:00,2860.87,4574.40,1713.53
23.03.2026 05:00:00 +01:00,2754.50,4800.69,2046.19
23.03.2026 06:00:00 +01:00,2443.03,4866.32,2423.29
23.03.2026 07:00:00 +01:00,2077.72,4781.57,2703.85
23.03.2026 08:00:00 +01:00,1689.31,3666.52,1977.21
23.03.2026 09:00:00 +01:00,2320.55,1683.12,-637.43
23.03.2026 10:00:00 +01:00,4828.65,1465.11,-3363.53
23.03.2026 11:00:00 +01:00,5406.45,1466.73,-3939.71
23.03.2026 12:00:00 +01:00,5501.00,1467.24,-4033.76
23.03.2026 13:00:00 +01:00,4898.51,1459.88,-3438.62
23.03.2026 14:00:00 +01:00,4258.58,1013.70,-3244.88
23.03.2026 15:00:00 +01:00,2994.84,1373.65,-1621.19
23.03.2026 16:00:00 +01:00,2506.48,3389.62,883.14
23.03.2026 17:00:00 +01:00,1767.19,4467.17,2699.98
23.03.2026 18:00:00 +01:00,1485.87,4507.63,3021.76
23.03.2026 19:00:00 +01:00,1534.68,4506.55,2971.87
23.03.2026 20:00:00 +01:00,1689.22,4434.82,2745.59
23.03.2026 21:00:00 +01:00,2392.13,4181.90,1789.77
23.03.2026 22:00:00 +01:00,2745.57,3894.47,1148.90
23.03.2026 23:00:00 +01:00,2853.05,3322.50,469.45
24.03.2026 00:00:00 +01:00,3091.84,3001.25,-90.59
24.03.2026 01:00:00 +01:00,3801.28,2321.52,-1479.76
24.03.2026 02:00:00 +01:00,4066.26,1451.56,-2614.70
24.03.2026 03:00:00 +01:00,4599.89,1432.91,-3166.98
24.03.2026 04:00:00 +01:00,4248.94,1331.31,-2917.63
24.03.2026 05:00:00 +01:00,4472.50,1302.92,-3169.58
24.03.2026 06:00:00 +01:00,4333.30,1393.38,-2939.92
24.03.2026 07:00:00 +01:00,3624.91,426.01,-3198.90
24.03.2026 08:00:00 +01:00,4954.96,0.00,-4954.96
24.03.2026 09:00:00 +01:00,6085.52,0.16,-6085.36
24.03.2026 10:00:00 +01:00,6218.71,14.73,-6203.98
24.03.2026 11:00:00 +01:00,6401.85,331.39,-6070.46
24.03.2026 12:00:00 +01:00,6356.75,436.64,-5920.11
24.03.2026 13:00:00 +01:00,6324.20,334.86,-5989.34
24.03.2026 14:00:00 +01:00,6085.20,21.74,-6063.46
24.03.2026 15:00:00 +01:00,5857.88,15.12,-5842.76
24.03.2026 16:00:00 +01:00,5629.56,360.92,-5268.63
24.03.2026 17:00:00 +01:00,3936.58,920.10,-3016.47
24.03.2026 18:00:00 +01:00,2736.99,2611.98,-125.00
24.03.2026 19:00:00 +01:00,3454.23,2149.92,-1304.30
24.03.2026 20:00:00 +01:00,5135.21,1165.91,-3969.29
24.03.2026 21:00:00 +01:00,5777.50,632.36,-5145.14
24.03.2026 22:00:00 +01:00,6205.83,174.83,-6031.00
24.03.2026 23:00:00 +01:00,6515.28,0.00,-6515.28
25.03.2026 00:00:00 +01:00,6925.08,0.00,-6925.08
25.03.2026 01:00:00 +01:00,7091.60,0.00,-7091.60
25.03.2026 02:00:00 +01:00,7226.55,0.00,-7226.55
25.03.2026 03:00:00 +01:00,7226.04,0.00,-7226.04
25.03.2026 04:00:00 +01:00,7071.58,0.00,-7071.58
25.03.2026 05:00:00 +01:00,6515.01,0.00,-6515.01
25.03.2026 06:00:00 +01:00,6492.70,43.53,-6449.17
25.03.2026 07:00:00 +01:00,6534.79,8.88,-6525.90
25.03.2026 08:00:00 +01:00,6268.99,215.98,-6053.01
25.03.2026 09:00:00 +01:00,6003.86,114.78,-5889.08
25.03.2026 10:00:00 +01:00,6101.22,0.00,-6101.22
25.03.2026 11:00:00 +01:00,6119.19,0.00,-6119.19
25.03.2026 12:00:00 +01:00,6324.35,0.00,-6324.35
25.03.2026 13:00:00 +01:00,6428.53,0.00,-6428.53
25.03.2026 14:00:00 +01:00,6520.49,134.14,-6386.35
25.03.2026 15:00:00 +01:00,6223.15,0.00,-6223.15
25.03.2026 16:00:00 +01:00,5247.91,0.00,-5247.91
25.03.2026 17:00:00 +01:00,4334.57,657.66,-3676.91
25.03.2026 18:00:00 +01:00,3762.41,1865.15,-1897.26
25.03.2026 19:00:00 +01:00,3630.04,2402.56,-1227.48
25.03.2026 20:00:00 +01:00,3837.75,2767.45,-1070.30
25.03.2026 21:00:00 +01:00,3876.30,2360.30,-1516.00
25.03.2026 22:00:00 +01:00,4188.63,2037.13,-2151.50
25.03.2026 23:00:00 +01:00,4397.95,1244.39,-3153.55
26.03.2026 00:00:00 +01:00,4494.02,816.78,-3677.25
26.03.2026 01:00:00 +01:00,4323.52,415.56,-3907.96
26.03.2026 02:00:00 +01:00,4748.89,713.45,-4035.44
26.03.2026 03:00:00 +01:00,4478.63,430.21,-4048.42
26.03.2026 04:00:00 +01:00,4192.00,633.15,-3558.85
26.03.2026 05:00:00 +01:00,4211.19,776.54,-3434.65
26.03.2026 06:00:00 +01:00,4098.51,2120.30,-1978.21
26.03.2026 07:00:00 +01:00,3413.87,2836.97,-576.90
26.03.2026 08:00:00 +01:00,3236.70,2086.30,-1150.40
26.03.2026 09:00:00 +01:00,5073.49,1447.73,-3625.77
26.03.2026 10:00:00 +01:00,5799.41,1446.88,-4352.54
26.03.2026 11:00:00 +01:00,6220.10,1446.90,-4773.20
26.03.2026 12:00:00 +01:00,6439.98,1446.89,-4993.10
26.03.2026 13:00:00 +01:00,6398.65,1447.16,-4951.49
26.03.2026 14:00:00 +01:00,6113.82,1447.43,-4666.39
26.03.2026 15:00:00 +01:00,5595.38,1449.60,-4145.79
26.03.2026 16:00:00 +01:00,4152.36,1456.42,-2695.93
26.03.2026 17:00:00 +01:00,1675.67,2029.47,353.80
26.03.2026 18:00:00 +01:00,859.93,4158.56,3298.62
26.03.2026 19:00:00 +01:00,1133.22,4704.35,3571.13
26.03.2026 20:00:00 +01:00,1750.81,4434.27,2683.46
26.03.2026 21:00:00 +01:00,1491.81,3752.46,2260.65
26.03.2026 22:00:00 +01:00,2218.91,3095.32,876.41
26.03.2026 23:00:00 +01:00,2471.81,2013.61,-458.19
27.03.2026 00:00:00 +01:00,2199.58,1957.91,-241.67
27.03.2026 01:00:00 +01:00,2213.06,1997.53,-215.52
27.03.2026 02:00:00 +01:00,2052.63,1622.97,-429.66
27.03.2026 03:00:00 +01:00,1629.98,1707.05,77.06
27.03.2026 04:00:00 +01:00,1725.08,2238.03,512.95
27.03.2026 05:00:00 +01:00,1673.44,3891.72,2218.28
27.03.2026 06:00:00 +01:00,1104.45,4135.14,3030.70
27.03.2026 07:00:00 +01:00,765.24,4002.39,3237.15
27.03.2026 08:00:00 +01:00,429.59,3507.71,3078.13
27.03.2026 09:00:00 +01:00,1790.80,1681.20,-109.60
27.03.2026 10:00:00 +01:00,3318.42,1535.83,-1782.59
27.03.2026 11:00:00 +01:00,3918.68,1453.89,-2464.79
27.03.2026 12:00:00 +01:00,4693.93,1446.77,-3247.16
27.03.2026 13:00:00 +01:00,5093.85,1446.60,-3647.25
27.03.2026 14:00:00 +01:00,5027.02,1427.77,-3599.25
27.03.2026 15:00:00 +01:00,4365.90,975.67,-3390.23
27.03.2026 16:00:00 +01:00,2208.93,836.34,-1372.60
27.03.2026 17:00:00 +01:00,1440.64,2987.63,1547.00
27.03.2026 18:00:00 +01:00,987.03,4251.92,3264.89
27.03.2026 19:00:00 +01:00,1112.64,3306.49,2193.86
27.03.2026 20:00:00 +01:00,1774.07,2200.32,426.26
27.03.2026 21:00:00 +01:00,2808.01,1774.45,-1033.55
27.03.2026 22:00:00 +01:00,3452.47,1434.11,-2018.36
27.03.2026 23:00:00 +01:00,2893.99,952.63,-1941.37
28.03.2026 00:00:00 +01:00,5163.42,485.19,-4678.23
28.03.2026 01:00:00 +01:00,5171.18,54.45,-5116.72
28.03.2026 02:00:00 +01:00,5639.47,9.68,-5629.80
28.03.2026 03:00:00 +01:00,5804.18,104.65,-5699.53
28.03.2026 04:00:00 +01:00,5799.57,149.81,-5649.76
28.03.2026 05:00:00 +01:00,5407.23,45.08,-5362.15
28.03.2026 06:00:00 +01:00,5226.43,52.28,-5174.15
28.03.2026 07:00:00 +01:00,6003.26,0.00,-6003.26
28.03.2026 08:00:00 +01:00,7064.94,7.76,-7057.18
28.03.2026 09:00:00 +01:00,7753.76,1.57,-7752.19
28.03.2026 10:00:00 +01:00,7565.58,0.00,-7565.58
28.03.2026 11:00:00 +01:00,7659.83,0.61,-7659.22
28.03.2026 12:00:00 +01:00,7258.89,0.00,-7258.89
28.03.2026 13:00:00 +01:00,7104.44,0.00,-7104.44
28.03.2026 14:00:00 +01:00,7263.30,4.54,-7258.76
28.03.2026 15:00:00 +01:00,6778.75,7.80,-6770.95
28.03.2026 16:00:00 +01:00,4808.26,35.76,-4772.50
28.03.2026 17:00:00 +01:00,2281.79,843.44,-1438.35
28.03.2026 18:00:00 +01:00,1237.08,2877.94,1640.85
28.03.2026 19:00:00 +01:00,1102.14,3915.17,2813.04
28.03.2026 20:00:00 +01:00,1316.19,4359.58,3043.39
28.03.2026 21:00:00 +01:00,1330.85,4611.96,3281.11
28.03.2026 22:00:00 +01:00,1427.77,3817.61,2389.83
28.03.2026 23:00:00 +01:00,1401.78,2267.21,865.42
29.03.2026 00:00:00 +01:00,1702.63,1212.08,-490.55
29.03.2026 01:00:00 +01:00,2416.98,879.04,-1537.93
29.03.2026 03:00:00 +02:00,1843.50,547.49,-1296.01
29.03.2026 04:00:00 +02:00,1137.87,563.98,-573.89
29.03.2026 05:00:00 +02:00,1250.34,603.52,-646.83
29.03.2026 06:00:00 +02:00,1386.16,1025.06,-361.10
29.03.2026 07:00:00 +02:00,1789.16,1844.52,55.36
29.03.2026 08:00:00 +02:00,2004.13,587.65,-1416.48
29.03.2026 09:00:00 +02:00,4234.83,38.98,-4195.85
29.03.2026 10:00:00 +02:00,5848.24,13.88,-5834.37
29.03.2026 11:00:00 +02:00,6248.68,18.42,-6230.26
29.03.2026 12:00:00 +02:00,6748.28,13.89,-6734.39
29.03.2026 13:00:00 +02:00,6703.22,23.25,-6679.98
29.03.2026 14:00:00 +02:00,6576.30,26.51,-6549.80
29.03.2026 15:00:00 +02:00,6443.14,34.79,-6408.35
29.03.2026 16:00:00 +02:00,6165.78,29.68,-6136.10
29.03.2026 17:00:00 +02:00,5869.96,85.92,-5784.04
29.03.2026 18:00:00 +02:00,5371.73,952.91,-4418.81
29.03.2026 19:00:00 +02:00,3928.98,477.47,-3451.51
29.03.2026 20:00:00 +02:00,4699.78,23.51,-4676.27
29.03.2026 21:00:00 +02:00,5543.00,20.63,-5522.37
29.03.2026 22:00:00 +02:00,6186.35,23.58,-6162.77
29.03.2026 23:00:00 +02:00,6504.51,242.07,-6262.43
30.03.2026 00:00:00 +02:00,6962.85,50.12,-6912.74
30.03.2026 01:00:00 +02:00,7082.33,34.19,-7048.14
30.03.2026 02:00:00 +02:00,7385.45,21.58,-7363.88
30.03.2026 03:00:00 +02:00,7210.70,15.81,-7194.89
30.03.2026 04:00:00 +02:00,6792.60,3.93,-6788.67
30.03.2026 05:00:00 +02:00,6755.08,2.78,-6752.30
30.03.2026 06:00:00 +02:00,5828.70,2.12,-5826.58
30.03.2026 07:00:00 +02:00,4833.01,0.00,-4833.01
30.03.2026 08:00:00 +02:00,3139.39,47.41,-3091.98
30.03.2026 09:00:00 +02:00,3871.81,59.78,-3812.03
30.03.2026 10:00:00 +02:00,5161.31,0.00,-5161.31
30.03.2026 11:00:00 +02:00,6413.20,0.00,-6413.20
30.03.2026 12:00:00 +02:00,6560.08,0.00,-6560.08
30.03.2026 13:00:00 +02:00,6609.13,0.00,-6609.13
30.03.2026 14:00:00 +02:00,6679.30,0.00,-6679.30
30.03.2026 15:00:00 +02:00,6206.97,6.53,-6200.44
30.03.2026 16:00:00 +02:00,5902.94,31.33,-5871.61
30.03.2026 17:00:00 +02:00,4373.84,67.59,-4306.25
30.03.2026 18:00:00 +02:00,1915.36,434.41,-1480.95
30.03.2026 19:00:00 +02:00,797.74,2112.14,1314.40
30.03.2026 20:00:00 +02:00,835.85,3213.62,2377.76
30.03.2026 21:00:00 +02:00,1086.95,3259.13,2172.18
30.03.2026 22:00:00 +02:00,1261.73,2910.27,1648.54
30.03.2026 23:00:00 +02:00,2232.27,1954.94,-277.33
31.03.2026 00:00:00 +02:00,2333.88,2217.37,-116.51
31.03.2026 01:00:00 +02:00,2321.48,2165.37,-156.11
31.03.2026 02:00:00 +02:00,2682.57,2226.04,-456.54
31.03.2026 03:00:00 +02:00,2423.33,2051.23,-372.10
31.03.2026 04:00:00 +02:00,2180.60,2164.10,-16.51
31.03.2026 05:00:00 +02:00,1643.08,2242.50,599.43
31.03.2026 06:00:00 +02:00,836.22,3840.08,3003.86
31.03.2026 07:00:00 +02:00,0.00,4457.50,4457.50
31.03.2026 08:00:00 +02:00,0.00,4544.69,4544.69
31.03.2026 09:00:00 +02:00,92.21,3762.71,3670.50
31.03.2026 10:00:00 +02:00,788.68,2345.06,1556.37
31.03.2026 11:00:00 +02:00,1907.00,2151.73,244.73
31.03.2026 12:00:00 +02:00,2968.22,1904.99,-1063.23
31.03.2026 13:00:00 +02:00,3280.38,1841.61,-1438.77
31.03.2026 14:00:00 +02:00,3430.50,1755.03,-1675.47
31.03.2026 15:00:00 +02:00,3397.60,1340.52,-2057.08
31.03.2026 16:00:00 +02:00,2820.27,1280.77,-1539.50
31.03.2026 17:00:00 +02:00,546.15,2395.40,1849.25
31.03.2026 18:00:00 +02:00,0.00,5820.37,5820.37
31.03.2026 19:00:00 +02:00,0.00,6588.28,6588.28
31.03.2026 20:00:00 +02:00,32.01,5900.87,5868.86
31.03.2026 21:00:00 +02:00,334.12,5362.85,5028.72
31.03.2026 22:00:00 +02:00,352.85,4987.67,4634.82
31.03.2026 23:00:00 +02:00,387.77,4909.61,4521.84
01.04.2026 00:00:00 +02:00,587.22,4041.39,3454.17
01.04.2026 01:00:00 +02:00,649.77,3854.70,3204.93
01.04.2026 02:00:00 +02:00,837.42,3636.15,2798.73
01.04.2026 03:00:00 +02:00,1009.39,3328.35,2318.96
01.04.2026 04:00:00 +02:00,1105.54,3212.62,2107.08
01.04.2026 05:00:00 +02:00,1124.00,3842.21,2718.22
01.04.2026 06:00:00 +02:00,908.57,4436.26,3527.69
01.04.2026 07:00:00 +02:00,1122.00,4836.00,3714.00
01.04.2026 08:00:00 +02:00,1349.16,4643.62,3294.46
01.04.2026 09:00:00 +02:00,1793.71,4658.72,2865.00
01.04.2026 10:00:00 +02:00,2367.20,4313.67,1946.47
01.04.2026 11:00:00 +02:00,2854.57,3104.24,249.66
01.04.2026 12:00:00 +02:00,3464.96,1601.60,-1863.36
01.04.2026 13:00:00 +02:00,4994.12,1433.14,-3560.98
01.04.2026 14:00:00 +02:00,5435.00,1147.00,-4288.00
01.04.2026 15:00:00 +02:00,4492.56,738.19,-3754.37
01.04.2026 16:00:00 +02:00,3147.31,1285.02,-1862.29
01.04.2026 17:00:00 +02:00,2666.90,3546.54,879.64
01.04.2026 18:00:00 +02:00,1796.22,4675.29,2879.07
01.04.2026 19:00:00 +02:00,1213.75,4889.60,3675.85
01.04.2026 20:00:00 +02:00,1561.73,4937.22,3375.48
01.04.2026 21:00:00 +02:00,2001.60,4940.15,2938.55
01.04.2026 22:00:00 +02:00,2250.44,4959.41,2708.97
01.04.2026 23:00:00 +02:00,2470.24,4946.54,2476.30
02.04.2026 00:00:00 +02:00,2545.08,4742.72,2197.65
02.04.2026 01:00:00 +02:00,2133.75,4396.10,2262.35
02.04.2026 02:00:00 +02:00,2067.74,4214.73,2146.99
02.04.2026 03:00:00 +02:00,1848.49,3975.19,2126.70
02.04.2026 04:00:00 +02:00,1704.84,3955.77,2250.93
02.04.2026 05:00:00 +02:00,1044.19,4210.46,3166.27
02.04.2026 06:00:00 +02:00,520.82,4908.22,4387.40
02.04.2026 07:00:00 +02:00,47.10,5267.16,5220.06
02.04.2026 08:00:00 +02:00,57.03,5088.84,5031.81
02.04.2026 09:00:00 +02:00,40.17,3661.26,3621.09
02.04.2026 10:00:00 +02:00,1038.42,2218.62,1180.20
02.04.2026 11:00:00 +02:00,2382.00,2166.99,-215.00
02.04.2026 12:00:00 +02:00,3622.84,2112.86,-1509.97
02.04.2026 13:00:00 +02:00,3695.43,2037.75,-1657.68
02.04.2026 14:00:00 +02:00,3782.46,1673.02,-2109.43
02.04.2026 15:00:00 +02:00,3206.14,1880.87,-1325.27
02.04.2026 16:00:00 +02:00,2924.13,1943.60,-980.54
02.04.2026 17:00:00 +02:00,952.65,2043.77,1091.12
02.04.2026 18:00:00 +02:00,387.13,4319.65,3932.52
02.04.2026 19:00:00 +02:00,504.49,5142.02,4637.53
02.04.2026 20:00:00 +02:00,689.51,4738.71,4049.19
02.04.2026 21:00:00 +02:00,947.17,4290.21,3343.04
02.04.2026 22:00:00 +02:00,1394.74,3374.83,1980.09
02.04.2026 23:00:00 +02:00,1421.41,2669.51,1248.10
03.04.2026 00:00:00 +02:00,1407.61,2282.02,874.40
03.04.2026 01:00:00 +02:00,1795.92,2003.76,207.84
03.04.2026 02:00:00 +02:00,2407.40,2034.74,-372.65
03.04.2026 03:00:00 +02:00,2894.71,2228.31,-666.40
03.04.2026 04:00:00 +02:00,3079.55,2225.55,-853.99
03.04.2026 05:00:00 +02:00,2882.94,2591.95,-290.99
03.04.2026 06:00:00 +02:00,2585.87,2857.13,271.26
03.04.2026 07:00:00 +02:00,1873.56,3454.13,1580.57
03.04.2026 08:00:00 +02:00,1401.84,3216.72,1814.88
03.04.2026 09:00:00 +02:00,1438.23,1611.66,173.43
03.04.2026 10:00:00 +02:00,3701.92,747.34,-2954.58
03.04.2026 11:00:00 +02:00,4828.72,514.74,-4313.97
03.04.2026 12:00:00 +02:00,5468.59,175.09,-5293.50
03.04.2026 13:00:00 +02:00,5481.75,305.80,-5175.95
03.04.2026 14:00:00 +02:00,4628.07,229.06,-4399.01
03.04.2026 15:00:00 +02:00,4929.59,211.12,-4718.47
03.04.2026 16:00:00 +02:00,4855.79,210.67,-4645.13
03.04.2026 17:00:00 +02:00,3729.39,773.83,-2955.56
03.04.2026 18:00:00 +02:00,2692.62,1073.42,-1619.19
03.04.2026 19:00:00 +02:00,2502.98,1115.92,-1387.06
03.04.2026 20:00:00 +02:00,2989.06,1419.34,-1569.72
03.04.2026 21:00:00 +02:00,4013.62,1655.12,-2358.50
03.04.2026 22:00:00 +02:00,4189.04,1460.37,-2728.67
03.04.2026 23:00:00 +02:00,4589.29,1021.64,-3567.65
04.04.2026 00:00:00 +02:00,5507.77,455.09,-5052.68
04.04.2026 01:00:00 +02:00,5630.33,54.97,-5575.36
04.04.2026 02:00:00 +02:00,5960.87,289.17,-5671.70
04.04.2026 03:00:00 +02:00,6130.11,455.56,-5674.54
04.04.2026 04:00:00 +02:00,5775.34,467.56,-5307.78
04.04.2026 05:00:00 +02:00,5620.98,634.25,-4986.72
04.04.2026 06:00:00 +02:00,5326.39,1093.70,-4232.69
04.04.2026 07:00:00 +02:00,5398.02,1551.60,-3846.42
04.04.2026 08:00:00 +02:00,5364.79,1905.91,-3458.88
04.04.2026 09:00:00 +02:00,5090.44,1845.75,-3244.68
04.04.2026 10:00:00 +02:00,5133.03,1543.80,-3589.23
04.04.2026 11:00:00 +02:00,5405.23,1024.38,-4380.85
04.04.2026 12:00:00 +02:00,5366.63,636.90,-4729.73
04.04.2026 13:00:00 +02:00,5143.54,98.24,-5045.29
04.04.2026 14:00:00 +02:00,5144.46,41.75,-5102.71
04.04.2026 15:00:00 +02:00,5450.47,11.67,-5438.80
04.04.2026 16:00:00 +02:00,5539.31,41.09,-5498.22
04.04.2026 17:00:00 +02:00,5208.22,43.84,-5164.38
04.04.2026 18:00:00 +02:00,3603.49,724.39,-2879.10
04.04.2026 19:00:00 +02:00,3029.80,2544.60,-485.20
04.04.2026 20:00:00 +02:00,3001.14,2459.88,-541.27
04.04.2026 21:00:00 +02:00,3531.98,813.58,-2718.41
04.04.2026 22:00:00 +02:00,5010.04,174.72,-4835.32
04.04.2026 23:00:00 +02:00,5476.21,6.56,-5469.65
05.04.2026 00:00:00 +02:00,4949.46,282.93,-4666.53
05.04.2026 01:00:00 +02:00,4928.84,438.80,-4490.04
05.04.2026 02:00:00 +02:00,4954.77,426.39,-4528.39
05.04.2026 03:00:00 +02:00,4967.41,374.22,-4593.19
05.04.2026 04:00:00 +02:00,4921.23,327.01,-4594.22
05.04.2026 05:00:00 +02:00,4890.81,223.16,-4667.65
05.04.2026 06:00:00 +02:00,4678.09,191.16,-4486.92
05.04.2026 07:00:00 +02:00,4618.17,210.12,-4408.05
05.04.2026 08:00:00 +02:00,4864.81,375.69,-4489.12
05.04.2026 09:00:00 +02:00,5243.42,494.65,-4748.78
05.04.2026 10:00:00 +02:00,5274.89,595.20,-4679.69
05.04.2026 11:00:00 +02:00,5080.77,652.36,-4428.41
05.04.2026 12:00:00 +02:00,4927.93,272.34,-4655.59
05.04.2026 13:00:00 +02:00,5221.40,166.06,-5055.34
05.04.2026 14:00:00 +02:00,5126.92,175.36,-4951.56
05.04.2026 15:00:00 +02:00,5067.15,96.29,-4970.86
05.04.2026 16:00:00 +02:00,5167.76,145.75,-5022.01
05.04.2026 17:00:00 +02:00,5451.37,221.39,-5229.99
05.04.2026 18:00:00 +02:00,5456.82,281.99,-5174.83
05.04.2026 19:00:00 +02:00,6006.71,394.72,-5611.99
05.04.2026 20:00:00 +02:00,5734.57,430.73,-5303.84
05.04.2026 21:00:00 +02:00,5316.50,835.00,-4481.50
05.04.2026 22:00:00 +02:00,5693.65,1296.75,-4396.90
05.04.2026 23:00:00 +02:00,5689.12,1753.41,-3935.71
06.04.2026 00:00:00 +02:00,5958.92,1864.37,-4094.54
06.04.2026 01:00:00 +02:00,6032.66,1869.34,-4163.32
06.04.2026 02:00:00 +02:00,6118.81,1869.05,-4249.75
06.04.2026 03:00:00 +02:00,6042.65,1868.96,-4173.70
06.04.2026 04:00:00 +02:00,6055.29,1869.16,-4186.12
06.04.2026 05:00:00 +02:00,6019.74,1869.03,-4150.70
06.04.2026 06:00:00 +02:00,5954.70,1868.95,-4085.75
06.04.2026 07:00:00 +02:00,5880.23,1869.30,-4010.94
06.04.2026 08:00:00 +02:00,5956.75,1766.93,-4189.82
06.04.2026 09:00:00 +02:00,5894.56,1594.54,-4300.02
06.04.2026 10:00:00 +02:00,5960.24,1447.37,-4512.86
06.04.2026 11:00:00 +02:00,5785.94,1466.36,-4319.58
06.04.2026 12:00:00 +02:00,5721.55,1447.74,-4273.80
06.04.2026 13:00:00 +02:00,5564.01,1447.76,-4116.25
06.04.2026 14:00:00 +02:00,5732.96,1447.75,-4285.21
06.04.2026 15:00:00 +02:00,5830.91,1448.14,-4382.77
06.04.2026 16:00:00 +02:00,5690.30,1448.52,-4241.77
06.04.2026 17:00:00 +02:00,5396.93,1582.88,-3814.05
06.04.2026 18:00:00 +02:00,5322.46,1797.95,-3524.51
06.04.2026 19:00:00 +02:00,3224.52,2003.96,-1220.56
06.04.2026 20:00:00 +02:00,2690.23,2272.47,-417.76
06.04.2026 21:00:00 +02:00,2744.52,1984.04,-760.48
06.04.2026 22:00:00 +02:00,2798.66,2143.05,-655.60
06.04.2026 23:00:00 +02:00,3139.60,1790.57,-1349.03
07.04.2026 00:00:00 +02:00,3344.90,1104.13,-2240.77
07.04.2026 01:00:00 +02:00,4052.32,963.86,-3088.46
07.04.2026 02:00:00 +02:00,4133.32,1017.86,-3115.45
07.04.2026 03:00:00 +02:00,3979.31,832.57,-3146.74
07.04.2026 04:00:00 +02:00,3739.23,805.69,-2933.54
07.04.2026 05:00:00 +02:00,3365.52,1843.27,-1522.25
07.04.2026 06:00:00 +02:00,3013.39,3485.11,471.72
07.04.2026 07:00:00 +02:00,2431.28,3036.82,605.55
07.04.2026 08:00:00 +02:00,2577.66,1364.41,-1213.24
07.04.2026 09:00:00 +02:00,4324.74,617.27,-3707.47
07.04.2026 10:00:00 +02:00,5379.63,159.73,-5219.90
07.04.2026 11:00:00 +02:00,5895.14,0.00,-5895.14
07.04.2026 12:00:00 +02:00,6364.36,0.00,-6364.36
07.04.2026 13:00:00 +02:00,6474.98,0.00,-6474.98
07.04.2026 14:00:00 +02:00,7250.25,0.00,-7250.25
07.04.2026 15:00:00 +02:00,7239.43,0.00,-7239.43
07.04.2026 16:00:00 +02:00,6696.23,0.02,-6696.21
07.04.2026 17:00:00 +02:00,4164.76,100.86,-4063.90
07.04.2026 18:00:00 +02:00,1574.77,1862.71,287.94
07.04.2026 19:00:00 +02:00,997.93,3797.88,2799.94
07.04.2026 20:00:00 +02:00,1097.20,4131.07,3033.88
07.04.2026 21:00:00 +02:00,1178.37,4081.75,2903.38
07.04.2026 22:00:00 +02:00,1309.30,3611.36,2302.07
07.04.2026 23:00:00 +02:00,1335.88,2450.84,1114.96
08.04.2026 00:00:00 +02:00,1807.23,621.80,-1185.43
08.04.2026 01:00:00 +02:00,1665.11,141.87,-1523.24
08.04.2026 02:00:00 +02:00,1518.12,250.93,-1267.19
08.04.2026 03:00:00 +02:00,1309.33,322.64,-986.68
08.04.2026 04:00:00 +02:00,887.23,917.33,30.10
08.04.2026 05:00:00 +02:00,274.44,2209.52,1935.08
08.04.2026 06:00:00 +02:00,137.51,3733.09,3595.58
08.04.2026 07:00:00 +02:00,149.99,3435.13,3285.14
08.04.2026 08:00:00 +02:00,318.83,2550.32,2231.48
08.04.2026 09:00:00 +02:00,2039.11,2420.71,381.60
08.04.2026 10:00:00 +02:00,4114.17,1553.37,-2560.80
08.04.2026 11:00:00 +02:00,5253.30,1446.97,-3806.32
08.04.2026 12:00:00 +02:00,5570.64,1447.27,-4123.36
08.04.2026 13:00:00 +02:00,5858.19,1447.66,-4410.52
08.04.2026 14:00:00 +02:00,6184.44,1447.91,-4736.54
08.04.2026 15:00:00 +02:00,6195.87,1448.14,-4747.73
08.04.2026 16:00:00 +02:00,5701.76,1437.39,-4264.37
08.04.2026 17:00:00 +02:00,2068.07,1407.30,-660.76
08.04.2026 18:00:00 +02:00,462.39,3171.04,2708.65
08.04.2026 19:00:00 +02:00,564.46,4579.48,4015.02
08.04.2026 20:00:00 +02:00,757.43,4867.88,4110.46
08.04.2026 21:00:00 +02:00,1125.43,4463.74,3338.31
08.04.2026 22:00:00 +02:00,1373.35,2823.87,1450.52
08.04.2026 23:00:00 +02:00,2120.10,1592.86,-527.24
09.04.2026 00:00:00 +02:00,3180.86,1458.28,-1722.58
09.04.2026 01:00:00 +02:00,3164.71,1209.07,-1955.63
09.04.2026 02:00:00 +02:00,3262.78,1317.38,-1945.40
09.04.2026 03:00:00 +02:00,2722.76,1103.25,-1619.51
09.04.2026 04:00:00 +02:00,2342.02,683.09,-1658.93
09.04.2026 05:00:00 +02:00,1737.97,1764.28,26.31
09.04.2026 06:00:00 +02:00,2031.14,3890.13,1858.99
09.04.2026 07:00:00 +02:00,1652.20,3962.06,2309.86
09.04.2026 08:00:00 +02:00,1509.81,2590.98,1081.16
09.04.2026 09:00:00 +02:00,2652.32,1474.14,-1178.18
09.04.2026 10:00:00 +02:00,4729.19,1466.47,-3262.72
09.04.2026 11:00:00 +02:00,5737.94,1449.44,-4288.51
09.04.2026 12:00:00 +02:00,5667.35,1447.80,-4219.55
09.04.2026 13:00:00 +02:00,5694.59,1444.81,-4249.78
09.04.2026 14:00:00 +02:00,5920.67,1371.30,-4549.37
09.04.2026 15:00:00 +02:00,5593.21,917.19,-4676.02
09.04.2026 16:00:00 +02:00,4684.05,454.19,-4229.86
09.04.2026 17:00:00 +02:00,3103.64,81.38,-3022.25
09.04.2026 18:00:00 +02:00,1901.05,1041.02,-860.03
09.04.2026 19:00:00 +02:00,1514.47,2277.11,762.64
09.04.2026 20:00:00 +02:00,1838.46,2273.92,435.46
09.04.2026 21:00:00 +02:00,2991.55,1501.50,-1490.05
09.04.2026 22:00:00 +02:00,3381.41,527.64,-2853.77
09.04.2026 23:00:00 +02:00,3970.12,0.00,-3970.12
10.04.2026 00:00:00 +02:00,4207.98,11.60,-4196.38
10.04.2026 01:00:00 +02:00,4379.70,35.44,-4344.26
10.04.2026 02:00:00 +02:00,4429.35,0.00,-4429.35
10.04.2026 03:00:00 +02:00,4241.41,0.00,-4241.41
10.04.2026 04:00:00 +02:00,4188.89,0.00,-4188.89
10.04.2026 05:00:00 +02:00,3540.84,427.13,-3113.71
10.04.2026 06:00:00 +02:00,2043.89,763.84,-1280.04
10.04.2026 07:00:00 +02:00,1323.81,2111.70,787.89
10.04.2026 08:00:00 +02:00,1011.48,2441.73,1430.24
10.04.2026 09:00:00 +02:00,666.17,2074.59,1408.41
10.04.2026 10:00:00 +02:00,1473.60,1624.13,150.53
10.04.2026 11:00:00 +02:00,2315.66,1601.03,-714.63
10.04.2026 12:00:00 +02:00,3351.50,1447.31,-1904.19
10.04.2026 13:00:00 +02:00,3879.53,1447.46,-2432.08
10.04.2026 14:00:00 +02:00,4490.52,1428.32,-3062.19
10.04.2026 15:00:00 +02:00,3532.72,976.26,-2556.46
10.04.2026 16:00:00 +02:00,1872.60,829.70,-1042.90
10.04.2026 17:00:00 +02:00,673.56,2587.89,1914.33
10.04.2026 18:00:00 +02:00,284.68,3442.46,3157.79
10.04.2026 19:00:00 +02:00,441.10,3812.84,3371.74
10.04.2026 20:00:00 +02:00,1097.33,3882.89,2785.55
10.04.2026 21:00:00 +02:00,1471.98,3758.17,2286.19
10.04.2026 22:00:00 +02:00,1764.77,3682.97,1918.20
10.04.2026 23:00:00 +02:00,1909.67,3813.89,1904.22
11.04.2026 00:00:00 +02:00,2400.15,3639.43,1239.28
11.04.2026 01:00:00 +02:00,2589.43,3012.56,423.14
11.04.2026 02:00:00 +02:00,2774.26,2053.24,-721.02
11.04.2026 03:00:00 +02:00,2996.50,1616.88,-1379.62
11.04.2026 04:00:00 +02:00,3091.82,1191.10,-1900.72
11.04.2026 05:00:00 +02:00,3009.80,1117.48,-1892.32
11.04.2026 06:00:00 +02:00,2966.36,1118.07,-1848.29
11.04.2026 07:00:00 +02:00,3405.17,742.86,-2662.31
11.04.2026 08:00:00 +02:00,4465.39,300.47,-4164.92
11.04.2026 09:00:00 +02:00,5968.68,0.00,-5968.68
11.04.2026 10:00:00 +02:00,5870.91,0.00,-5870.91
11.04.2026 11:00:00 +02:00,5470.65,0.00,-5470.65
11.04.2026 12:00:00 +02:00,5617.27,0.00,-5617.27
11.04.2026 13:00:00 +02:00,5401.39,0.00,-5401.39
11.04.2026 14:00:00 +02:00,5434.73,0.00,-5434.73
11.04.2026 15:00:00 +02:00,5417.01,0.00,-5417.01
11.04.2026 16:00:00 +02:00,5210.79,0.00,-5210.79
11.04.2026 17:00:00 +02:00,5243.43,350.12,-4893.31
11.04.2026 18:00:00 +02:00,4877.84,455.73,-4422.11
11.04.2026 19:00:00 +02:00,4776.32,728.56,-4047.76
11.04.2026 20:00:00 +02:00,4560.65,479.94,-4080.71
11.04.2026 21:00:00 +02:00,4846.02,406.14,-4439.88
11.04.2026 22:00:00 +02:00,5330.16,422.28,-4907.89
11.04.2026 23:00:00 +02:00,5521.55,278.18,-5243.38
12.04.2026 00:00:00 +02:00,4014.70,91.80,-3922.90
12.04.2026 01:00:00 +02:00,3741.63,123.38,-3618.26
12.04.2026 02:00:00 +02:00,3649.35,32.60,-3616.75
12.04.2026 03:00:00 +02:00,4314.36,304.72,-4009.64
12.04.2026 04:00:00 +02:00,3526.26,549.48,-2976.78
12.04.2026 05:00:00 +02:00,3311.76,823.80,-2487.96
12.04.2026 06:00:00 +02:00,3977.78,967.84,-3009.94
12.04.2026 07:00:00 +02:00,3935.51,268.64,-3666.87
12.04.2026 08:00:00 +02:00,4500.52,0.00,-4500.52
12.04.2026 09:00:00 +02:00,4337.49,58.45,-4279.04
12.04.2026 10:00:00 +02:00,5116.10,0.04,-5116.06
12.04.2026 11:00:00 +02:00,5328.43,126.04,-5202.39
12.04.2026 12:00:00 +02:00,5300.18,382.20,-4917.98
12.04.2026 13:00:00 +02:00,5095.28,100.52,-4994.76
12.04.2026 14:00:00 +02:00,5500.90,152.72,-5348.18
12.04.2026 15:00:00 +02:00,5376.42,81.12,-5295.30
12.04.2026 16:00:00 +02:00,3881.86,147.97,-3733.89
12.04.2026 17:00:00 +02:00,2453.21,1091.35,-1361.85
12.04.2026 18:00:00 +02:00,1612.90,3057.14,1444.23
12.04.2026 19:00:00 +02:00,1193.47,3689.99,2496.52
12.04.2026 20:00:00 +02:00,1165.27,3454.25,2288.98
12.04.2026 21:00:00 +02:00,1326.77,3858.19,2531.42
12.04.2026 22:00:00 +02:00,1483.70,4220.34,2736.64
12.04.2026 23:00:00 +02:00,1126.31,3814.53,2688.22
13.04.2026 00:00:00 +02:00,847.22,3288.72,2441.50
13.04.2026 01:00:00 +02:00,917.23,2438.98,1521.75
13.04.2026 02:00:00 +02:00,956.27,2398.62,1442.36
13.04.2026 03:00:00 +02:00,723.60,2688.30,1964.71
13.04.2026 04:00:00 +02:00,596.28,3264.88,2668.60
13.04.2026 05:00:00 +02:00,440.78,3534.60,3093.82
13.04.2026 06:00:00 +02:00,23.64,4796.88,4773.24
13.04.2026 07:00:00 +02:00,2.31,4446.57,4444.26
13.04.2026 08:00:00 +02:00,5.32,3693.39,3688.06
13.04.2026 09:00:00 +02:00,269.23,3426.11,3156.88
13.04.2026 10:00:00 +02:00,387.02,2888.02,2501.01
13.04.2026 11:00:00 +02:00,971.69,2154.87,1183.19
13.04.2026 12:00:00 +02:00,1776.63,2346.30,569.67
13.04.2026 13:00:00 +02:00,2091.76,2178.74,86.98
13.04.2026 14:00:00 +02:00,2414.73,2426.49,11.76
13.04.2026 15:00:00 +02:00,2016.25,2063.59,47.34
13.04.2026 16:00:00 +02:00,1135.03,1547.03,412.00
13.04.2026 17:00:00 +02:00,784.13,2565.74,1781.60
13.04.2026 18:00:00 +02:00,703.66,3818.57,3114.90
13.04.2026 19:00:00 +02:00,1031.99,4166.01,3134.02
13.04.2026 20:00:00 +02:00,1489.52,4305.16,2815.64
13.04.2026 21:00:00 +02:00,1555.70,4027.52,2471.82
13.04.2026 22:00:00 +02:00,1756.65,3848.48,2091.83
13.04.2026 23:00:00 +02:00,1816.31,3200.88,1384.57
14.04.2026 00:00:00 +02:00,1774.26,1809.31,35.05
14.04.2026 01:00:00 +02:00,1554.81,1108.02,-446.79
14.04.2026 02:00:00 +02:00,1372.75,672.53,-700.21
14.04.2026 03:00:00 +02:00,1654.51,584.77,-1069.75
14.04.2026 04:00:00 +02:00,1233.19,236.77,-996.41
14.04.2026 05:00:00 +02:00,714.91,981.25,266.34
14.04.2026 06:00:00 +02:00,84.13,3293.31,3209.18
14.04.2026 07:00:00 +02:00,67.34,3185.48,3118.15
14.04.2026 08:00:00 +02:00,32.95,2985.20,2952.25
14.04.2026 09:00:00 +02:00,329.01,3173.16,2844.15
14.04.2026 10:00:00 +02:00,857.46,1835.38,977.93
14.04.2026 11:00:00 +02:00,1559.28,321.66,-1237.62
14.04.2026 12:00:00 +02:00,2326.62,57.08,-2269.54
14.04.2026 13:00:00 +02:00,2604.05,21.95,-2582.10
14.04.2026 14:00:00 +02:00,2335.44,30.61,-2304.83
14.04.2026 15:00:00 +02:00,2222.98,313.57,-1909.42
14.04.2026 16:00:00 +02:00,1728.51,1156.81,-571.69
14.04.2026 17:00:00 +02:00,923.00,2869.72,1946.72
14.04.2026 18:00:00 +02:00,243.89,3274.71,3030.82
14.04.2026 19:00:00 +02:00,283.99,3287.26,3003.27
14.04.2026 20:00:00 +02:00,1153.91,3313.87,2159.96
14.04.2026 21:00:00 +02:00,1326.16,3434.24,2108.07
14.04.2026 22:00:00 +02:00,1595.32,3730.03,2134.70
14.04.2026 23:00:00 +02:00,1599.00,3662.88,2063.87
15.04.2026 00:00:00 +02:00,1400.24,2781.53,1381.28
15.04.2026 01:00:00 +02:00,1396.68,1874.56,477.87
15.04.2026 02:00:00 +02:00,1417.64,1015.42,-402.22
15.04.2026 03:00:00 +02:00,1567.05,1082.54,-484.51
15.04.2026 04:00:00 +02:00,1577.17,1523.84,-53.33
15.04.2026 05:00:00 +02:00,1416.09,2997.93,1581.85
15.04.2026 06:00:00 +02:00,1407.45,3989.46,2582.00
15.04.2026 07:00:00 +02:00,1382.26,3898.47,2516.22
15.04.2026 08:00:00 +02:00,1085.49,2668.29,1582.81
15.04.2026 09:00:00 +02:00,1542.58,1771.68,229.10
15.04.2026 10:00:00 +02:00,2791.49,1151.77,-1639.72
15.04.2026 11:00:00 +02:00,3596.51,1000.04,-2596.47
15.04.2026 12:00:00 +02:00,3604.42,686.19,-2918.23
15.04.2026 13:00:00 +02:00,3713.75,613.34,-3100.41
15.04.2026 14:00:00 +02:00,3719.77,556.00,-3163.77
15.04.2026 15:00:00 +02:00,3378.37,1124.37,-2253.99
15.04.2026 16:00:00 +02:00,2499.36,1723.19,-776.17
15.04.2026 17:00:00 +02:00,1535.32,3185.69,1650.37
15.04.2026 18:00:00 +02:00,1396.72,4334.30,2937.58
15.04.2026 19:00:00 +02:00,1398.04,4923.02,3524.99
15.04.2026 20:00:00 +02:00,1375.86,4810.47,3434.61
15.04.2026 21:00:00 +02:00,936.62,4408.35,3471.74
15.04.2026 22:00:00 +02:00,964.44,4074.27,3109.84
15.04.2026 23:00:00 +02:00,1404.64,3103.30,1698.66
16.04.2026 00:00:00 +02:00,1538.75,1992.22,453.47
16.04.2026 01:00:00 +02:00,1773.83,1806.33,32.50
16.04.2026 02:00:00 +02:00,1777.59,1685.69,-91.90
16.04.2026 03:00:00 +02:00,1796.82,1658.62,-138.20
16.04.2026 04:00:00 +02:00,1590.22,1605.34,15.12
16.04.2026 05:00:00 +02:00,1476.77,2633.06,1156.30
16.04.2026 06:00:00 +02:00,1378.80,4514.48,3135.69
16.04.2026 07:00:00 +02:00,950.02,4130.18,3180.16
16.04.2026 08:00:00 +02:00,534.00,3277.00,2743.00
16.04.2026 09:00:00 +02:00,1094.51,1813.15,718.64
16.04.2026 10:00:00 +02:00,2081.18,1520.68,-560.50
16.04.2026 11:00:00 +02:00,2552.35,853.98,-1698.37
16.04.2026 12:00:00 +02:00,2924.48,774.37,-2150.11
16.04.2026 13:00:00 +02:00,3025.94,693.66,-2332.27
16.04.2026 14:00:00 +02:00,2957.04,649.22,-2307.81
16.04.2026 15:00:00 +02:00,2561.01,968.10,-1592.92
16.04.2026 16:00:00 +02:00,2589.31,1656.62,-932.69
16.04.2026 17:00:00 +02:00,1390.22,1987.01,596.79
16.04.2026 18:00:00 +02:00,961.89,4020.81,3058.92
16.04.2026 19:00:00 +02:00,531.76,4582.49,4050.73
16.04.2026 20:00:00 +02:00,114.04,4211.38,4097.33
16.04.2026 21:00:00 +02:00,10.14,3820.31,3810.17
16.04.2026 22:00:00 +02:00,273.74,3534.96,3261.22
16.04.2026 23:00:00 +02:00,757.56,3292.65,2535.10
17.04.2026 00:00:00 +02:00,733.13,2848.00,2114.88
17.04.2026 01:00:00 +02:00,381.65,2255.53,1873.87
17.04.2026 02:00:00 +02:00,276.48,1924.77,1648.29
17.04.2026 03:00:00 +02:00,546.73,1813.50,1266.76
17.04.2026 04:00:00 +02:00,989.06,1982.09,993.03
17.04.2026 05:00:00 +02:00,1378.81,3444.39,2065.58
17.04.2026 06:00:00 +02:00,1440.34,4045.84,2605.49
17.04.2026 07:00:00 +02:00,1341.09,3866.48,2525.39
17.04.2026 08:00:00 +02:00,979.70,2001.94,1022.24
17.04.2026 09:00:00 +02:00,1828.63,1017.53,-811.10
17.04.2026 10:00:00 +02:00,3047.49,544.11,-2503.39
17.04.2026 11:00:00 +02:00,3787.06,218.42,-3568.65
17.04.2026 12:00:00 +02:00,4317.17,195.34,-4121.82
17.04.2026 13:00:00 +02:00,4424.78,297.12,-4127.67
17.04.2026 14:00:00 +02:00,4539.83,315.28,-4224.55
17.04.2026 15:00:00 +02:00,4049.06,153.50,-3895.55
17.04.2026 16:00:00 +02:00,2992.60,336.68,-2655.92
17.04.2026 17:00:00 +02:00,1757.82,921.75,-836.06
17.04.2026 18:00:00 +02:00,974.93,3137.61,2162.67
17.04.2026 19:00:00 +02:00,546.45,3713.91,3167.46
17.04.2026 20:00:00 +02:00,283.23,3624.03,3340.80
17.04.2026 21:00:00 +02:00,471.81,3333.62,2861.81
17.04.2026 22:00:00 +02:00,472.90,3016.80,2543.91
17.04.2026 23:00:00 +02:00,693.06,2682.48,1989.42
18.04.2026 00:00:00 +02:00,1519.85,3119.11,1599.26
18.04.2026 01:00:00 +02:00,1497.06,3305.41,1808.35
18.04.2026 02:00:00 +02:00,1354.58,3324.94,1970.36
18.04.2026 03:00:00 +02:00,1182.26,3138.54,1956.28
18.04.2026 04:00:00 +02:00,1381.38,3264.85,1883.47
18.04.2026 05:00:00 +02:00,1410.69,3452.33,2041.64
18.04.2026 06:00:00 +02:00,912.15,2665.45,1753.30
18.04.2026 07:00:00 +02:00,676.00,1771.10,1095.10
18.04.2026 08:00:00 +02:00,1397.46,528.90,-868.55
18.04.2026 09:00:00 +02:00,3005.79,383.84,-2621.95
18.04.2026 10:00:00 +02:00,4446.69,320.46,-4126.23
18.04.2026 11:00:00 +02:00,4921.12,142.80,-4778.32
18.04.2026 12:00:00 +02:00,5309.80,333.25,-4976.55
18.04.2026 13:00:00 +02:00,5120.08,421.12,-4698.95
18.04.2026 14:00:00 +02:00,4599.03,461.51,-4137.52
18.04.2026 15:00:00 +02:00,4323.53,547.78,-3775.75
18.04.2026 16:00:00 +02:00,3947.18,1018.56,-2928.62
18.04.2026 17:00:00 +02:00,1979.34,1058.78,-920.55
18.04.2026 18:00:00 +02:00,591.15,3131.77,2540.62
18.04.2026 19:00:00 +02:00,19.85,3977.06,3957.21
18.04.2026 20:00:00 +02:00,2.30,4512.24,4509.93
18.04.2026 21:00:00 +02:00,106.12,4005.60,3899.48
18.04.2026 22:00:00 +02:00,539.07,3607.96,3068.88
18.04.2026 23:00:00 +02:00,464.49,3142.29,2677.81
19.04.2026 00:00:00 +02:00,747.04,2462.22,1715.18
19.04.2026 01:00:00 +02:00,774.81,1992.65,1217.83
19.04.2026 02:00:00 +02:00,674.22,1957.22,1283.00
19.04.2026 03:00:00 +02:00,1165.86,2229.79,1063.93
19.04.2026 04:00:00 +02:00,948.22,2055.78,1107.56
19.04.2026 05:00:00 +02:00,1049.08,2207.32,1158.24
19.04.2026 06:00:00 +02:00,769.81,1575.25,805.44
19.04.2026 07:00:00 +02:00,897.21,1007.46,110.26
19.04.2026 08:00:00 +02:00,1284.31,509.04,-775.27
19.04.2026 09:00:00 +02:00,2143.17,272.45,-1870.72
19.04.2026 10:00:00 +02:00,3773.11,245.75,-3527.37
19.04.2026 11:00:00 +02:00,4465.93,18.09,-4447.84
19.04.2026 12:00:00 +02:00,4710.56,0.00,-4710.56
19.04.2026 13:00:00 +02:00,4405.24,0.71,-4404.52
19.04.2026 14:00:00 +02:00,4772.61,7.09,-4765.51
19.04.2026 15:00:00 +02:00,4767.05,150.33,-4616.73
19.04.2026 16:00:00 +02:00,4740.21,592.22,-4148.00
19.04.2026 17:00:00 +02:00,2871.54,1538.31,-1333.24
19.04.2026 18:00:00 +02:00,1874.69,2101.38,226.69
19.04.2026 19:00:00 +02:00,1433.99,3001.60,1567.61
19.04.2026 20:00:00 +02:00,1541.04,3692.23,2151.19
19.04.2026 21:00:00 +02:00,1554.64,4022.82,2468.18
19.04.2026 22:00:00 +02:00,1443.73,3258.78,1815.05
19.04.2026 23:00:00 +02:00,2064.43,3149.55,1085.13
20.04.2026 00:00:00 +02:00,1764.50,2744.59,980.09
20.04.2026 01:00:00 +02:00,1469.06,2002.61,533.55
20.04.2026 02:00:00 +02:00,1203.49,1923.49,720.00
20.04.2026 03:00:00 +02:00,520.38,1540.18,1019.80
20.04.2026 04:00:00 +02:00,731.50,1906.05,1174.55
20.04.2026 05:00:00 +02:00,94.50,2160.74,2066.25
20.04.2026 06:00:00 +02:00,0.00,3593.71,3593.71
20.04.2026 07:00:00 +02:00,149.20,3237.17,3087.97
20.04.2026 08:00:00 +02:00,88.30,2884.96,2796.66
20.04.2026 09:00:00 +02:00,1409.83,2125.04,715.21
20.04.2026 10:00:00 +02:00,3190.03,1614.08,-1575.95
20.04.2026 11:00:00 +02:00,4107.89,1487.25,-2620.64
20.04.2026 12:00:00 +02:00,4483.50,1489.41,-2994.10
20.04.2026 13:00:00 +02:00,4486.32,1508.52,-2977.80
20.04.2026 14:00:00 +02:00,4649.80,1507.35,-3142.45
20.04.2026 15:00:00 +02:00,4054.30,1514.97,-2539.33
20.04.2026 16:00:00 +02:00,3183.29,1200.17,-1983.12
20.04.2026 17:00:00 +02:00,1747.47,1505.57,-241.90
20.04.2026 18:00:00 +02:00,686.16,2192.89,1506.73
20.04.2026 19:00:00 +02:00,299.24,3468.46,3169.22
20.04.2026 20:00:00 +02:00,506.89,3564.31,3057.42
20.04.2026 21:00:00 +02:00,549.70,2791.18,2241.48
20.04.2026 22:00:00 +02:00,524.46,1907.70,1383.23
20.04.2026 23:00:00 +02:00,992.79,1047.21,54.42
21.04.2026 00:00:00 +02:00,838.79,1029.14,190.35
21.04.2026 01:00:00 +02:00,781.75,809.18,27.43
21.04.2026 02:00:00 +02:00,1331.15,1367.99,36.84
21.04.2026 03:00:00 +02:00,1714.22,1719.94,5.72
21.04.2026 04:00:00 +02:00,2358.44,2444.53,86.09
21.04.2026 05:00:00 +02:00,2255.49,2666.50,411.01
21.04.2026 06:00:00 +02:00,1625.49,2737.66,1112.17
21.04.2026 07:00:00 +02:00,1036.74,2390.53,1353.80
21.04.2026 08:00:00 +02:00,588.98,2040.83,1451.85
21.04.2026 09:00:00 +02:00,1614.79,634.51,-980.28
21.04.2026 10:00:00 +02:00,3795.82,145.45,-3650.37
21.04.2026 11:00:00 +02:00,5072.66,41.56,-5031.10
21.04.2026 12:00:00 +02:00,5539.45,40.20,-5499.25
21.04.2026 13:00:00 +02:00,5708.21,38.96,-5669.25
21.04.2026 14:00:00 +02:00,5609.21,33.97,-5575.24
21.04.2026 15:00:00 +02:00,5840.89,4.76,-5836.13
21.04.2026 16:00:00 +02:00,5521.96,16.90,-5505.06
21.04.2026 17:00:00 +02:00,3394.61,107.18,-3287.42
21.04.2026 18:00:00 +02:00,1797.39,1509.05,-288.34
21.04.2026 19:00:00 +02:00,1088.06,2639.40,1551.34
21.04.2026 20:00:00 +02:00,1356.11,3206.21,1850.09
21.04.2026 21:00:00 +02:00,1510.00,2886.69,1376.70
21.04.2026 22:00:00 +02:00,1813.97,2659.11,845.14
21.04.2026 23:00:00 +02:00,2164.99,2364.77,199.78
22.04.2026 00:00:00 +02:00,2172.71,2393.82,221.11
22.04.2026 01:00:00 +02:00,2434.47,2390.73,-43.74
22.04.2026 02:00:00 +02:00,2395.76,2314.92,-80.84
22.04.2026 03:00:00 +02:00,2480.62,2302.08,-178.55
22.04.2026 04:00:00 +02:00,2294.70,2331.75,37.05
22.04.2026 05:00:00 +02:00,2231.04,2513.04,282.00
22.04.2026 06:00:00 +02:00,2000.63,3179.06,1178.43
22.04.2026 07:00:00 +02:00,1706.16,3542.01,1835.86
22.04.2026 08:00:00 +02:00,1638.61,2429.15,790.54
22.04.2026 09:00:00 +02:00,3703.79,1610.97,-2092.82
22.04.2026 10:00:00 +02:00,4732.95,1455.76,-3277.19
22.04.2026 11:00:00 +02:00,5062.98,1034.23,-4028.75
22.04.2026 12:00:00 +02:00,4952.99,571.84,-4381.15
22.04.2026 13:00:00 +02:00,4793.49,131.23,-4662.25
22.04.2026 14:00:00 +02:00,4684.86,42.25,-4642.61
22.04.2026 15:00:00 +02:00,4793.90,73.40,-4720.49
22.04.2026 16:00:00 +02:00,5035.45,44.23,-4991.22
22.04.2026 17:00:00 +02:00,4267.36,275.57,-3991.79
22.04.2026 18:00:00 +02:00,2394.59,2193.54,-201.05
22.04.2026 19:00:00 +02:00,1974.28,4391.22,2416.94
22.04.2026 20:00:00 +02:00,2110.96,4836.92,2725.97
22.04.2026 21:00:00 +02:00,2491.20,4753.67,2262.47
22.04.2026 22:00:00 +02:00,2616.96,4450.63,1833.67
22.04.2026 23:00:00 +02:00,2433.62,3681.88,1248.26
23.04.2026 00:00:00 +02:00,2488.63,2968.74,480.11
23.04.2026 01:00:00 +02:00,2615.68,2640.99,25.31
23.04.2026 02:00:00 +02:00,2524.53,2903.42,378.89
23.04.2026 03:00:00 +02:00,2519.84,2684.24,164.40
23.04.2026 04:00:00 +02:00,2517.99,2752.45,234.46
23.04.2026 05:00:00 +02:00,2288.48,3421.55,1133.06
23.04.2026 06:00:00 +02:00,1395.06,4444.47,3049.41
23.04.2026 07:00:00 +02:00,1230.28,3307.88,2077.60
23.04.2026 08:00:00 +02:00,1670.32,2181.79,511.46
23.04.2026 09:00:00 +02:00,4614.41,1607.73,-3006.68
23.04.2026 10:00:00 +02:00,5620.24,1474.73,-4145.51
23.04.2026 11:00:00 +02:00,5563.24,1457.96,-4105.28
23.04.2026 12:00:00 +02:00,5614.33,1459.24,-4155.09
23.04.2026 13:00:00 +02:00,5714.98,1459.67,-4255.31
23.04.2026 14:00:00 +02:00,5686.55,1456.09,-4230.47
23.04.2026 15:00:00 +02:00,5230.70,1458.73,-3771.97
23.04.2026 16:00:00 +02:00,5874.32,1487.08,-4387.24
23.04.2026 17:00:00 +02:00,5158.98,1457.82,-3701.16
23.04.2026 18:00:00 +02:00,2725.31,1682.50,-1042.81
23.04.2026 19:00:00 +02:00,1873.88,3495.79,1621.91
23.04.2026 20:00:00 +02:00,1711.41,4787.25,3075.84
23.04.2026 21:00:00 +02:00,1906.72,4403.42,2496.70
23.04.2026 22:00:00 +02:00,2212.13,3709.83,1497.70
23.04.2026 23:00:00 +02:00,2342.84,2946.94,604.11
24.04.2026 00:00:00 +02:00,2812.23,3384.67,572.43
24.04.2026 01:00:00 +02:00,3000.22,3522.21,521.98
24.04.2026 02:00:00 +02:00,2837.30,3508.12,670.82
24.04.2026 03:00:00 +02:00,2844.79,3541.84,697.04
24.04.2026 04:00:00 +02:00,2478.71,3919.15,1440.44
24.04.2026 05:00:00 +02:00,2224.00,4476.57,2252.58
24.04.2026 06:00:00 +02:00,1760.40,4842.95,3082.56
24.04.2026 07:00:00 +02:00,1481.19,4513.84,3032.65
24.04.2026 08:00:00 +02:00,1445.85,3010.32,1564.46
24.04.2026 09:00:00 +02:00,3344.33,1742.58,-1601.75
24.04.2026 10:00:00 +02:00,5387.45,1483.04,-3904.41
24.04.2026 11:00:00 +02:00,5489.58,1484.21,-4005.37
24.04.2026 12:00:00 +02:00,5555.91,1483.72,-4072.19
24.04.2026 13:00:00 +02:00,5415.46,1484.06,-3931.40
24.04.2026 14:00:00 +02:00,5192.45,1483.91,-3708.54
24.04.2026 15:00:00 +02:00,5083.94,1449.05,-3634.89
24.04.2026 16:00:00 +02:00,5068.48,1448.31,-3620.17
24.04.2026 17:00:00 +02:00,3591.78,1459.51,-2132.27
24.04.2026 18:00:00 +02:00,1357.46,2424.43,1066.97
24.04.2026 19:00:00 +02:00,1213.71,4520.83,3307.12
24.04.2026 20:00:00 +02:00,1759.56,4877.48,3117.92
24.04.2026 21:00:00 +02:00,1943.53,4742.08,2798.54
24.04.2026 22:00:00 +02:00,2284.67,4782.26,2497.59
24.04.2026 23:00:00 +02:00,2328.41,4296.76,1968.35
25.04.2026 00:00:00 +02:00,2678.57,2853.99,175.41
25.04.2026 01:00:00 +02:00,3631.70,2922.37,-709.32
25.04.2026 02:00:00 +02:00,4207.45,3237.80,-969.65
25.04.2026 03:00:00 +02:00,4344.06,3262.40,-1081.66
25.04.2026 04:00:00 +02:00,4503.74,3242.33,-1261.41
25.04.2026 05:00:00 +02:00,4451.45,3263.82,-1187.63
25.04.2026 06:00:00 +02:00,4289.28,2669.05,-1620.23
25.04.2026 07:00:00 +02:00,4429.53,2115.55,-2313.98
25.04.2026 08:00:00 +02:00,5433.99,1870.71,-3563.28
25.04.2026 09:00:00 +02:00,5499.20,1823.05,-3676.15
25.04.2026 10:00:00 +02:00,5480.08,1580.26,-3899.83
25.04.2026 11:00:00 +02:00,5203.88,1448.50,-3755.38
25.04.2026 12:00:00 +02:00,5036.29,1448.63,-3587.67
25.04.2026 13:00:00 +02:00,5031.55,1448.75,-3582.80
25.04.2026 14:00:00 +02:00,4978.74,1448.91,-3529.84
25.04.2026 15:00:00 +02:00,5117.78,1448.83,-3668.95
25.04.2026 16:00:00 +02:00,5210.96,1448.91,-3762.05
25.04.2026 17:00:00 +02:00,5370.43,1558.61,-3811.82
25.04.2026 18:00:00 +02:00,5692.90,1822.02,-3870.88
25.04.2026 19:00:00 +02:00,4869.01,1870.91,-2998.10
25.04.2026 20:00:00 +02:00,4439.47,1870.87,-2568.60
25.04.2026 21:00:00 +02:00,4841.91,1870.98,-2970.93
25.04.2026 22:00:00 +02:00,4846.35,1873.71,-2972.64
25.04.2026 23:00:00 +02:00,5154.70,1869.99,-3284.72
26.04.2026 00:00:00 +02:00,5169.83,1865.86,-3303.97
26.04.2026 01:00:00 +02:00,4680.32,1818.18,-2862.14
26.04.2026 02:00:00 +02:00,4077.67,1816.73,-2260.94
26.04.2026 03:00:00 +02:00,3826.80,1868.30,-1958.50
26.04.2026 04:00:00 +02:00,3608.38,1903.12,-1705.26
26.04.2026 05:00:00 +02:00,3305.35,1937.91,-1367.43
26.04.2026 06:00:00 +02:00,3123.28,1871.44,-1251.84
26.04.2026 07:00:00 +02:00,4155.20,1858.37,-2296.83
26.04.2026 08:00:00 +02:00,5370.81,1653.53,-3717.28
26.04.2026 09:00:00 +02:00,6206.36,1447.43,-4758.93
26.04.2026 10:00:00 +02:00,6323.33,1447.40,-4875.93
26.04.2026 11:00:00 +02:00,5923.07,1447.63,-4475.44
26.04.2026 12:00:00 +02:00,6004.31,1447.78,-4556.52
26.04.2026 13:00:00 +02:00,6022.40,1447.92,-4574.47
26.04.2026 14:00:00 +02:00,5884.39,1448.01,-4436.38
26.04.2026 15:00:00 +02:00,5751.90,1449.95,-4301.95
26.04.2026 16:00:00 +02:00,5713.43,1453.08,-4260.35
26.04.2026 17:00:00 +02:00,4692.91,1449.97,-3242.93
26.04.2026 18:00:00 +02:00,2981.95,2129.94,-852.01
26.04.2026 19:00:00 +02:00,2253.90,4396.22,2142.32
26.04.2026 20:00:00 +02:00,2145.13,4907.54,2762.41
26.04.2026 21:00:00 +02:00,2041.14,4898.74,2857.60
26.04.2026 22:00:00 +02:00,2229.93,4877.67,2647.74
26.04.2026 23:00:00 +02:00,2348.15,4700.62,2352.46
27.04.2026 00:00:00 +02:00,2753.20,4241.14,1487.94
27.04.2026 01:00:00 +02:00,3040.18,4242.96,1202.77
27.04.2026 02:00:00 +02:00,3002.37,4344.85,1342.48
27.04.2026 03:00:00 +02:00,2971.08,4378.15,1407.07
27.04.2026 04:00:00 +02:00,2836.24,4402.90,1566.66
27.04.2026 05:00:00 +02:00,2284.82,4571.61,2286.79
27.04.2026 06:00:00 +02:00,1501.32,4694.25,3192.93
27.04.2026 07:00:00 +02:00,1335.23,3890.35,2555.12
27.04.2026 08:00:00 +02:00,1778.47,2591.85,813.39
27.04.2026 09:00:00 +02:00,3388.82,1796.39,-1592.43
27.04.2026 10:00:00 +02:00,5120.86,1529.10,-3591.76
27.04.2026 11:00:00 +02:00,6179.48,1488.09,-4691.39
27.04.2026 12:00:00 +02:00,6283.25,1484.39,-4798.86
27.04.2026 13:00:00 +02:00,6205.33,1486.02,-4719.31
27.04.2026 14:00:00 +02:00,6009.92,1498.80,-4511.12
27.04.2026 15:00:00 +02:00,6038.49,1496.18,-4542.32
27.04.2026 16:00:00 +02:00,4828.80,1493.26,-3335.54
27.04.2026 17:00:00 +02:00,2709.56,2024.58,-684.98
27.04.2026 18:00:00 +02:00,1890.42,3743.23,1852.81
27.04.2026 19:00:00 +02:00,1605.00,4576.68,2971.69
27.04.2026 20:00:00 +02:00,1535.27,4523.83,2988.56
27.04.2026 21:00:00 +02:00,1637.95,4311.02,2673.08
27.04.2026 22:00:00 +02:00,1843.43,4104.29,2260.86
27.04.2026 23:00:00 +02:00,2281.26,3419.48,1138.21
28.04.2026 00:00:00 +02:00,2387.08,3570.67,1183.58
28.04.2026 01:00:00 +02:00,2492.80,3148.74,655.94
28.04.2026 02:00:00 +02:00,2401.07,2961.43,560.36
28.04.2026 03:00:00 +02:00,2293.71,2537.66,243.95
28.04.2026 04:00:00 +02:00,1802.91,2668.34,865.43
28.04.2026 05:00:00 +02:00,2247.24,2857.25,610.01
28.04.2026 06:00:00 +02:00,1783.46,3256.11,1472.65
28.04.2026 07:00:00 +02:00,885.46,2538.04,1652.58
28.04.2026 08:00:00 +02:00,1310.80,2083.32,772.52
28.04.2026 09:00:00 +02:00,4167.79,1498.25,-2669.54
28.04.2026 10:00:00 +02:00,6182.48,1468.53,-4713.95
28.04.2026 11:00:00 +02:00,6361.78,1467.72,-4894.06
28.04.2026 12:00:00 +02:00,6142.05,1472.69,-4669.37
28.04.2026 13:00:00 +02:00,6169.39,1476.01,-4693.38
28.04.2026 14:00:00 +02:00,5941.86,1481.68,-4460.19
28.04.2026 15:00:00 +02:00,6101.37,1476.74,-4624.63
28.04.2026 16:00:00 +02:00,5900.13,1490.90,-4409.22
28.04.2026 17:00:00 +02:00,5164.61,1490.74,-3673.87
28.04.2026 18:00:00 +02:00,3194.54,1534.59,-1659.95
28.04.2026 19:00:00 +02:00,1254.69,3259.51,2004.82
28.04.2026 20:00:00 +02:00,835.37,4073.34,3237.97
28.04.2026 21:00:00 +02:00,1186.30,3699.76,2513.45
28.04.2026 22:00:00 +02:00,1089.04,2888.61,1799.57
28.04.2026 23:00:00 +02:00,1435.46,1890.87,455.41
29.04.2026 00:00:00 +02:00,773.57,1152.89,379.32
29.04.2026 01:00:00 +02:00,742.05,1125.88,383.83
29.04.2026 02:00:00 +02:00,1111.98,1457.25,345.27
29.04.2026 03:00:00 +02:00,1023.53,1788.41,764.88
29.04.2026 04:00:00 +02:00,1090.87,2385.08,1294.21
29.04.2026 05:00:00 +02:00,795.23,3261.93,2466.70
29.04.2026 06:00:00 +02:00,65.03,4750.29,4685.26
29.04.2026 07:00:00 +02:00,309.87,4410.98,4101.11
29.04.2026 08:00:00 +02:00,696.66,3103.82,2407.15
29.04.2026 09:00:00 +02:00,2864.01,1697.72,-1166.29
29.04.2026 10:00:00 +02:00,3966.01,1054.35,-2911.66
29.04.2026 11:00:00 +02:00,3747.36,332.63,-3414.73
29.04.2026 12:00:00 +02:00,2904.29,161.75,-2742.55
29.04.2026 13:00:00 +02:00,3670.62,144.48,-3526.14
29.04.2026 14:00:00 +02:00,4061.44,21.47,-4039.98
29.04.2026 15:00:00 +02:00,4481.93,0.00,-4481.93
29.04.2026 16:00:00 +02:00,3901.00,88.16,-3812.84
29.04.2026 17:00:00 +02:00,3239.01,45.62,-3193.39
29.04.2026 18:00:00 +02:00,2051.81,812.04,-1239.78
29.04.2026 19:00:00 +02:00,1474.16,3208.50,1734.34
29.04.2026 20:00:00 +02:00,1408.54,4720.82,3312.28
29.04.2026 21:00:00 +02:00,1622.41,5116.32,3493.91
29.04.2026 22:00:00 +02:00,1733.33,4350.43,2617.10
29.04.2026 23:00:00 +02:00,2045.33,3313.80,1268.47
30.04.2026 00:00:00 +02:00,2073.54,2612.22,538.68
30.04.2026 01:00:00 +02:00,2304.97,2979.78,674.81
30.04.2026 02:00:00 +02:00,2477.18,3021.59,544.41
30.04.2026 03:00:00 +02:00,2754.13,2991.62,237.49
30.04.2026 04:00:00 +02:00,2766.18,3187.84,421.66
30.04.2026 05:00:00 +02:00,2563.59,3411.98,848.39
30.04.2026 06:00:00 +02:00,1661.33,3627.97,1966.63
30.04.2026 07:00:00 +02:00,1492.57,2872.03,1379.46
30.04.2026 08:00:00 +02:00,1801.91,569.11,-1232.79
30.04.2026 09:00:00 +02:00,3721.82,34.70,-3687.12
30.04.2026 10:00:00 +02:00,5221.44,0.00,-5221.44
30.04.2026 11:00:00 +02:00,5614.59,0.00,-5614.59
30.04.2026 12:00:00 +02:00,5700.96,4.16,-5696.81
30.04.2026 13:00:00 +02:00,5504.83,43.98,-5460.85
30.04.2026 14:00:00 +02:00,5507.82,46.31,-5461.51
30.04.2026 15:00:00 +02:00,5345.81,57.27,-5288.55
30.04.2026 16:00:00 +02:00,4948.47,42.90,-4905.57
30.04.2026 17:00:00 +02:00,4258.00,128.21,-4129.79
30.04.2026 18:00:00 +02:00,2240.20,1380.64,-859.56
30.04.2026 19:00:00 +02:00,1263.15,3564.99,2301.84
30.04.2026 20:00:00 +02:00,921.73,4342.80,3421.08
30.04.2026 21:00:00 +02:00,1218.73,4665.31,3446.58
30.04.2026 22:00:00 +02:00,1146.83,4085.92,2939.09
30.04.2026 23:00:00 +02:00,1111.98,3121.24,2009.27
01.05.2026 00:00:00 +02:00,1354.51,2395.52,1041.01
01.05.2026 01:00:00 +02:00,1178.85,2115.93,937.08
01.05.2026 02:00:00 +02:00,1138.34,2280.60,1142.26
01.05.2026 03:00:00 +02:00,1065.71,2439.25,1373.55
01.05.2026 04:00:00 +02:00,1231.25,2413.58,1182.33
01.05.2026 05:00:00 +02:00,1307.00,2562.27,1255.28
01.05.2026 06:00:00 +02:00,1444.41,2426.44,982.04
01.05.2026 07:00:00 +02:00,2623.98,1551.75,-1072.23
01.05.2026 08:00:00 +02:00,4587.47,1519.04,-3068.42
01.05.2026 09:00:00 +02:00,5404.77,1478.09,-3926.68
01.05.2026 10:00:00 +02:00,5325.31,1477.31,-3848.00
01.05.2026 11:00:00 +02:00,4959.43,1468.11,-3491.32
01.05.2026 12:00:00 +02:00,4485.80,1469.89,-3015.91
01.05.2026 13:00:00 +02:00,4379.04,1464.89,-2914.15
01.05.2026 14:00:00 +02:00,4421.09,1452.93,-2968.17
01.05.2026 15:00:00 +02:00,4588.86,1450.15,-3138.71
01.05.2026 16:00:00 +02:00,4656.30,1449.54,-3206.76
01.05.2026 17:00:00 +02:00,3992.28,1450.01,-2542.27
01.05.2026 18:00:00 +02:00,2234.41,2139.09,-95.32
01.05.2026 19:00:00 +02:00,1166.09,4397.90,3231.81
01.05.2026 20:00:00 +02:00,1100.52,5145.01,4044.49
01.05.2026 21:00:00 +02:00,1399.09,4956.02,3556.93
01.05.2026 22:00:00 +02:00,1607.77,4348.64,2740.87
01.05.2026 23:00:00 +02:00,1563.85,2849.86,1286.01
02.05.2026 00:00:00 +02:00,1656.38,3196.83,1540.45
02.05.2026 01:00:00 +02:00,1611.64,3131.09,1519.45
02.05.2026 02:00:00 +02:00,1688.05,2385.68,697.63
02.05.2026 03:00:00 +02:00,1794.45,1923.35,128.90
02.05.2026 04:00:00 +02:00,1726.40,1929.47,203.06
02.05.2026 05:00:00 +02:00,1521.71,1985.59,463.87
02.05.2026 06:00:00 +02:00,2069.77,1990.19,-79.58
02.05.2026 07:00:00 +02:00,3595.39,1873.08,-1722.31
02.05.2026 08:00:00 +02:00,4763.43,1680.21,-3083.22
02.05.2026 09:00:00 +02:00,5158.73,1448.81,-3709.92
02.05.2026 10:00:00 +02:00,5340.75,1448.56,-3892.19
02.05.2026 11:00:00 +02:00,5346.96,1448.57,-3898.39
02.05.2026 12:00:00 +02:00,5322.02,1448.78,-3873.24
02.05.2026 13:00:00 +02:00,5047.74,1448.75,-3598.98
02.05.2026 14:00:00 +02:00,5030.46,1448.82,-3581.63
02.05.2026 15:00:00 +02:00,4916.72,1456.12,-3460.60
02.05.2026 16:00:00 +02:00,5339.14,1472.74,-3866.40
02.05.2026 17:00:00 +02:00,3559.00,1681.13,-1877.87
02.05.2026 18:00:00 +02:00,1566.98,3017.75,1450.77
02.05.2026 19:00:00 +02:00,1457.43,4990.37,3532.94
02.05.2026 20:00:00 +02:00,1184.46,5041.63,3857.17
02.05.2026 21:00:00 +02:00,1511.40,5078.92,3567.52
02.05.2026 22:00:00 +02:00,1806.25,4896.52,3090.27
02.05.2026 23:00:00 +02:00,1915.45,4435.22,2519.78
03.05.2026 00:00:00 +02:00,1954.69,4467.86,2513.16
03.05.2026 01:00:00 +02:00,1662.71,4218.66,2555.95
03.05.2026 02:00:00 +02:00,1664.64,3279.36,1614.71
03.05.2026 03:00:00 +02:00,1665.29,3215.97,1550.69
03.05.2026 04:00:00 +02:00,1690.14,2852.78,1162.63
03.05.2026 05:00:00 +02:00,1556.05,3106.02,1549.97
03.05.2026 06:00:00 +02:00,1504.83,2123.67,618.85
03.05.2026 07:00:00 +02:00,2639.54,1531.31,-1108.23
03.05.2026 08:00:00 +02:00,4177.89,1654.18,-2523.71
03.05.2026 09:00:00 +02:00,4504.15,1538.40,-2965.75
03.05.2026 10:00:00 +02:00,4431.70,1489.78,-2941.92
03.05.2026 11:00:00 +02:00,4565.12,1484.40,-3080.72
03.05.2026 12:00:00 +02:00,4928.03,1488.27,-3439.76
03.05.2026 13:00:00 +02:00,4565.38,1503.96,-3061.42
03.05.2026 14:00:00 +02:00,4675.79,1494.33,-3181.45
03.05.2026 15:00:00 +02:00,4196.17,1539.97,-2656.20
03.05.2026 16:00:00 +02:00,3546.37,1767.28,-1779.09
03.05.2026 17:00:00 +02:00,1744.43,2282.07,537.65
03.05.2026 18:00:00 +02:00,481.11,3925.42,3444.31
03.05.2026 19:00:00 +02:00,617.31,5370.99,4753.68
03.05.2026 20:00:00 +02:00,872.07,5532.73,4660.66
03.05.2026 21:00:00 +02:00,937.52,5360.76,4423.23
03.05.2026 22:00:00 +02:00,953.94,5199.58,4245.64
03.05.2026 23:00:00 +02:00,1061.87,4544.02,3482.15
04.05.2026 00:00:00 +02:00,1101.54,4584.65,3483.11
04.05.2026 01:00:00 +02:00,1264.89,3951.92,2687.03
04.05.2026 02:00:00 +02:00,1086.09,4173.17,3087.08
04.05.2026 03:00:00 +02:00,1313.89,3475.79,2161.90
04.05.2026 04:00:00 +02:00,1270.97,3786.22,2515.25
04.05.2026 05:00:00 +02:00,802.56,4809.23,4006.67
04.05.2026 06:00:00 +02:00,398.49,5395.52,4997.03
04.05.2026 07:00:00 +02:00,772.47,4902.66,4130.19
04.05.2026 08:00:00 +02:00,371.42,3581.14,3209.72
04.05.2026 09:00:00 +02:00,646.81,2241.96,1595.15
04.05.2026 10:00:00 +02:00,2387.83,2065.81,-322.02
04.05.2026 11:00:00 +02:00,3614.00,1964.34,-1649.65
04.05.2026 12:00:00 +02:00,4504.00,1904.37,-2599.63
04.05.2026 13:00:00 +02:00,4568.49,1893.46,-2675.02
04.05.2026 14:00:00 +02:00,4455.52,1890.60,-2564.92
04.05.2026 15:00:00 +02:00,3381.32,1883.72,-1497.60
04.05.2026 16:00:00 +02:00,1968.92,2289.71,320.80
04.05.2026 17:00:00 +02:00,1313.12,4073.69,2760.57
04.05.2026 18:00:00 +02:00,1531.58,4888.40,3356.82
04.05.2026 19:00:00 +02:00,1016.42,4843.60,3827.18
04.05.2026 20:00:00 +02:00,762.86,4926.92,4164.06
04.05.2026 21:00:00 +02:00,998.63,4887.89,3889.27
04.05.2026 22:00:00 +02:00,1567.24,4919.85,3352.60
04.05.2026 23:00:00 +02:00,1738.59,4812.03,3073.44
05.05.2026 00:00:00 +02:00,1753.68,4623.39,2869.71
05.05.2026 01:00:00 +02:00,1627.76,4175.63,2547.87
05.05.2026 02:00:00 +02:00,1585.02,3745.51,2160.49
05.05.2026 03:00:00 +02:00,1764.54,3647.56,1883.02
05.05.2026 04:00:00 +02:00,1764.83,3313.17,1548.34
05.05.2026 05:00:00 +02:00,1439.78,3229.17,1789.39
05.05.2026 06:00:00 +02:00,979.57,3461.32,2481.75
05.05.2026 07:00:00 +02:00,1519.14,3818.12,2298.98
05.05.2026 08:00:00 +02:00,1668.49,3343.10,1674.62
05.05.2026 09:00:00 +02:00,2000.01,2332.36,332.34
05.05.2026 10:00:00 +02:00,2200.31,1087.10,-1113.21
05.05.2026 11:00:00 +02:00,2656.72,1076.17,-1580.54
05.05.2026 12:00:00 +02:00,3094.68,1289.87,-1804.81
05.05.2026 13:00:00 +02:00,3010.03,1508.77,-1501.26
05.05.2026 14:00:00 +02:00,2600.84,1325.59,-1275.24
05.05.2026 15:00:00 +02:00,1906.47,1143.73,-762.74
05.05.2026 16:00:00 +02:00,1985.81,1499.67,-486.14
05.05.2026 17:00:00 +02:00,1382.18,3354.21,1972.02
05.05.2026 18:00:00 +02:00,750.73,4215.63,3464.89
05.05.2026 19:00:00 +02:00,581.51,4595.84,4014.32
05.05.2026 20:00:00 +02:00,744.09,4308.87,3564.78
05.05.2026 21:00:00 +02:00,1113.74,4266.47,3152.74
05.05.2026 22:00:00 +02:00,1595.46,3844.03,2248.57
05.05.2026 23:00:00 +02:00,1828.68,1973.23,144.55
06.05.2026 00:00:00 +02:00,2071.62,1366.43,-705.19
06.05.2026 01:00:00 +02:00,2081.39,1135.55,-945.84
06.05.2026 02:00:00 +02:00,2102.75,1309.43,-793.32
06.05.2026 03:00:00 +02:00,1955.09,1041.67,-913.43
06.05.2026 04:00:00 +02:00,2074.88,1283.25,-791.63
06.05.2026 05:00:00 +02:00,1666.35,1723.89,57.54
06.05.2026 06:00:00 +02:00,924.89,2470.79,1545.90
06.05.2026 07:00:00 +02:00,568.06,1952.51,1384.45
06.05.2026 08:00:00 +02:00,960.73,1977.58,1016.84
06.05.2026 09:00:00 +02:00,1782.11,1786.54,4.42
06.05.2026 10:00:00 +02:00,2758.47,1445.99,-1312.48
06.05.2026 11:00:00 +02:00,3076.62,1446.27,-1630.35
06.05.2026 12:00:00 +02:00,3295.01,1446.76,-1848.25
06.05.2026 13:00:00 +02:00,3035.54,1448.15,-1587.39
06.05.2026 14:00:00 +02:00,2942.64,1457.10,-1485.53
06.05.2026 15:00:00 +02:00,2328.93,1530.88,-798.05
06.05.2026 16:00:00 +02:00,1963.40,1514.98,-448.42
06.05.2026 17:00:00 +02:00,919.25,2357.13,1437.88
06.05.2026 18:00:00 +02:00,483.71,3475.31,2991.60
06.05.2026 19:00:00 +02:00,431.26,4294.15,3862.89
06.05.2026 20:00:00 +02:00,473.88,3978.45,3504.58
06.05.2026 21:00:00 +02:00,200.72,3497.02,3296.31
06.05.2026 22:00:00 +02:00,190.90,3550.19,3359.29
06.05.2026 23:00:00 +02:00,160.96,3315.90,3154.94
07.05.2026 00:00:00 +02:00,335.93,2600.98,2265.05
07.05.2026 01:00:00 +02:00,385.80,1884.96,1499.16
07.05.2026 02:00:00 +02:00,543.04,1687.67,1144.63
07.05.2026 03:00:00 +02:00,967.84,1990.66,1022.82
07.05.2026 04:00:00 +02:00,1108.60,2183.46,1074.86
07.05.2026 05:00:00 +02:00,1103.66,3331.19,2227.53
07.05.2026 06:00:00 +02:00,936.67,3920.43,2983.76
07.05.2026 07:00:00 +02:00,825.74,2985.79,2160.05
07.05.2026 08:00:00 +02:00,441.21,2426.07,1984.86
07.05.2026 09:00:00 +02:00,630.98,2075.05,1444.07
07.05.2026 10:00:00 +02:00,1494.85,1214.92,-279.93
07.05.2026 11:00:00 +02:00,2098.61,370.22,-1728.38
07.05.2026 12:00:00 +02:00,2264.22,73.92,-2190.30
07.05.2026 13:00:00 +02:00,2009.72,221.29,-1788.43
07.05.2026 14:00:00 +02:00,1639.14,327.67,-1311.47
07.05.2026 15:00:00 +02:00,1171.50,508.72,-662.78
07.05.2026 16:00:00 +02:00,802.87,1136.58,333.71
07.05.2026 17:00:00 +02:00,554.65,2347.49,1792.83
07.05.2026 18:00:00 +02:00,173.05,3947.09,3774.04
07.05.2026 19:00:00 +02:00,22.82,4232.72,4209.90
07.05.2026 20:00:00 +02:00,45.14,4430.71,4385.57
07.05.2026 21:00:00 +02:00,12.29,4135.34,4123.05
07.05.2026 22:00:00 +02:00,0.00,3932.45,3932.45
07.05.2026 23:00:00 +02:00,22.66,3880.95,3858.28
08.05.2026 00:00:00 +02:00,434.85,3484.90,3050.05
08.05.2026 01:00:00 +02:00,564.71,3189.84,2625.13
08.05.2026 02:00:00 +02:00,666.45,3203.57,2537.12
08.05.2026 03:00:00 +02:00,723.23,3463.59,2740.36
08.05.2026 04:00:00 +02:00,1003.54,4064.65,3061.11
08.05.2026 05:00:00 +02:00,867.80,4650.18,3782.37
08.05.2026 06:00:00 +02:00,394.28,4652.48,4258.20
08.05.2026 07:00:00 +02:00,187.11,3813.90,3626.79
08.05.2026 08:00:00 +02:00,372.43,3096.34,2723.91
08.05.2026 09:00:00 +02:00,1529.66,1422.94,-106.72
08.05.2026 10:00:00 +02:00,3280.40,1435.78,-1844.62
08.05.2026 11:00:00 +02:00,3843.91,1451.60,-2392.30
08.05.2026 12:00:00 +02:00,4163.13,1446.77,-2716.36
08.05.2026 13:00:00 +02:00,4342.48,1447.00,-2895.48
08.05.2026 14:00:00 +02:00,4002.83,1449.19,-2553.65
08.05.2026 15:00:00 +02:00,3248.74,1448.09,-1800.66
08.05.2026 16:00:00 +02:00,2583.48,1457.39,-1126.10
08.05.2026 17:00:00 +02:00,1267.46,1845.72,578.26
08.05.2026 18:00:00 +02:00,1034.16,4202.01,3167.84
08.05.2026 19:00:00 +02:00,513.91,4813.25,4299.34
08.05.2026 20:00:00 +02:00,501.70,5029.33,4527.63
08.05.2026 21:00:00 +02:00,883.53,4881.32,3997.79
08.05.2026 22:00:00 +02:00,1265.46,4176.84,2911.39
08.05.2026 23:00:00 +02:00,1398.27,3159.31,1761.03
09.05.2026 00:00:00 +02:00,1661.26,3558.32,1897.06
09.05.2026 01:00:00 +02:00,1518.52,3427.12,1908.60
09.05.2026 02:00:00 +02:00,1614.65,3691.95,2077.30
09.05.2026 03:00:00 +02:00,1439.10,3468.93,2029.83
09.05.2026 04:00:00 +02:00,1404.47,3662.36,2257.89
09.05.2026 05:00:00 +02:00,1372.94,3512.42,2139.48
09.05.2026 06:00:00 +02:00,1253.37,3529.05,2275.68
09.05.2026 07:00:00 +02:00,1402.87,2757.45,1354.59
09.05.2026 08:00:00 +02:00,1753.21,1790.26,37.05
09.05.2026 09:00:00 +02:00,4540.93,1468.66,-3072.26
09.05.2026 10:00:00 +02:00,5880.72,1447.67,-4433.05
09.05.2026 11:00:00 +02:00,6110.42,1447.90,-4662.52
09.05.2026 12:00:00 +02:00,6080.00,1447.84,-4632.16
09.05.2026 13:00:00 +02:00,6065.60,1447.62,-4617.99
09.05.2026 14:00:00 +02:00,6236.50,1447.44,-4789.06
09.05.2026 15:00:00 +02:00,6150.67,1447.69,-4702.98
09.05.2026 16:00:00 +02:00,5539.60,1447.88,-4091.71
09.05.2026 17:00:00 +02:00,3730.08,1492.54,-2237.54
09.05.2026 18:00:00 +02:00,1720.35,2551.74,831.38
09.05.2026 19:00:00 +02:00,610.57,4094.29,3483.72
09.05.2026 20:00:00 +02:00,649.99,4709.66,4059.67
09.05.2026 21:00:00 +02:00,865.41,4147.68,3282.26
09.05.2026 22:00:00 +02:00,1296.82,3670.59,2373.77
09.05.2026 23:00:00 +02:00,1573.22,3231.96,1658.75
10.05.2026 00:00:00 +02:00,1643.05,3221.00,1577.95
10.05.2026 01:00:00 +02:00,1782.41,3002.91,1220.51
10.05.2026 02:00:00 +02:00,1729.70,3065.31,1335.61
10.05.2026 03:00:00 +02:00,1865.90,3124.95,1259.05
10.05.2026 04:00:00 +02:00,1767.22,3237.05,1469.83
10.05.2026 05:00:00 +02:00,1443.20,3021.57,1578.37
10.05.2026 06:00:00 +02:00,1573.15,1924.16,351.01
10.05.2026 07:00:00 +02:00,1935.92,440.19,-1495.73
10.05.2026 08:00:00 +02:00,3842.87,560.48,-3282.38
10.05.2026 09:00:00 +02:00,5073.54,1043.92,-4029.61
10.05.2026 10:00:00 +02:00,5151.77,1086.60,-4065.17
10.05.2026 11:00:00 +02:00,5081.76,1197.24,-3884.52
10.05.2026 12:00:00 +02:00,5105.95,1194.60,-3911.35
10.05.2026 13:00:00 +02:00,5032.78,1037.30,-3995.48
10.05.2026 14:00:00 +02:00,5361.75,1068.57,-4293.19
10.05.2026 15:00:00 +02:00,5200.81,880.72,-4320.09
10.05.2026 16:00:00 +02:00,5241.37,782.22,-4459.15
10.05.2026 17:00:00 +02:00,3882.27,527.26,-3355.02
10.05.2026 18:00:00 +02:00,1498.57,752.49,-746.08
10.05.2026 19:00:00 +02:00,474.74,2500.79,2026.04
10.05.2026 20:00:00 +02:00,490.49,3297.65,2807.16
10.05.2026 21:00:00 +02:00,348.13,2905.25,2557.12
10.05.2026 22:00:00 +02:00,1262.90,2747.20,1484.30
10.05.2026 23:00:00 +02:00,1294.51,1659.47,364.96
11.05.2026 00:00:00 +02:00,1645.79,1046.29,-599.50
11.05.2026 01:00:00 +02:00,1757.02,728.74,-1028.28
11.05.2026 02:00:00 +02:00,1383.82,479.58,-904.23
11.05.2026 03:00:00 +02:00,1653.73,783.01,-870.72
11.05.2026 04:00:00 +02:00,1918.30,794.17,-1124.13
11.05.2026 05:00:00 +02:00,1781.75,2300.55,518.80
11.05.2026 06:00:00 +02:00,1348.50,3390.37,2041.87
11.05.2026 07:00:00 +02:00,855.16,2703.69,1848.54
11.05.2026 08:00:00 +02:00,469.88,2219.09,1749.21
11.05.2026 09:00:00 +02:00,523.67,1872.75,1349.08
11.05.2026 10:00:00 +02:00,835.58,1289.57,453.99
11.05.2026 11:00:00 +02:00,1236.11,661.26,-574.85
11.05.2026 12:00:00 +02:00,1582.82,1114.50,-468.32
11.05.2026 13:00:00 +02:00,1508.67,656.98,-851.69
11.05.2026 14:00:00 +02:00,1779.58,657.61,-1121.98
11.05.2026 15:00:00 +02:00,1988.03,348.31,-1639.72
11.05.2026 16:00:00 +02:00,2491.65,341.04,-2150.61
11.05.2026 17:00:00 +02:00,1205.93,1177.79,-28.14
11.05.2026 18:00:00 +02:00,835.33,2068.74,1233.41
11.05.2026 19:00:00 +02:00,616.68,2875.10,2258.42
11.05.2026 20:00:00 +02:00,413.72,2779.28,2365.56
11.05.2026 21:00:00 +02:00,524.68,2437.92,1913.24
11.05.2026 22:00:00 +02:00,1116.04,1673.25,557.21
11.05.2026 23:00:00 +02:00,2437.34,1498.14,-939.21
12.05.2026 00:00:00 +02:00,3390.85,1513.67,-1877.18
12.05.2026 01:00:00 +02:00,3704.48,1509.21,-2195.27
12.05.2026 02:00:00 +02:00,3953.69,1442.61,-2511.07
12.05.2026 03:00:00 +02:00,3304.28,1026.10,-2278.18
12.05.2026 04:00:00 +02:00,2902.12,586.25,-2315.88
12.05.2026 05:00:00 +02:00,2041.74,233.69,-1808.05
12.05.2026 06:00:00 +02:00,1624.51,177.32,-1447.19
12.05.2026 07:00:00 +02:00,1306.72,541.57,-765.15
12.05.2026 08:00:00 +02:00,2438.33,890.41,-1547.92
12.05.2026 09:00:00 +02:00,3210.72,1053.88,-2156.84
12.05.2026 10:00:00 +02:00,3348.27,672.74,-2675.53
12.05.2026 11:00:00 +02:00,2744.55,309.22,-2435.33
12.05.2026 12:00:00 +02:00,3215.12,608.38,-2606.75
12.05.2026 13:00:00 +02:00,3096.58,118.53,-2978.05
12.05.2026 14:00:00 +02:00,3133.56,463.60,-2669.96
12.05.2026 15:00:00 +02:00,3596.45,771.30,-2825.15
12.05.2026 16:00:00 +02:00,3453.18,540.18,-2913.00
12.05.2026 17:00:00 +02:00,2582.77,987.40,-1595.37
12.05.2026 18:00:00 +02:00,355.74,1420.40,1064.65
12.05.2026 19:00:00 +02:00,0.00,3063.78,3063.78
12.05.2026 20:00:00 +02:00,0.00,4314.58,4314.58
12.05.2026 21:00:00 +02:00,114.14,4258.57,4144.43
12.05.2026 22:00:00 +02:00,421.09,3678.03,3256.95
12.05.2026 23:00:00 +02:00,517.40,1862.41,1345.01
13.05.2026 00:00:00 +02:00,727.28,604.74,-122.55
13.05.2026 01:00:00 +02:00,1101.88,379.03,-722.85
13.05.2026 02:00:00 +02:00,1319.94,334.67,-985.27
13.05.2026 03:00:00 +02:00,1448.64,307.09,-1141.55
13.05.2026 04:00:00 +02:00,1529.39,805.46,-723.93
13.05.2026 05:00:00 +02:00,1881.85,1907.80,25.94
13.05.2026 06:00:00 +02:00,976.76,2630.73,1653.97
13.05.2026 07:00:00 +02:00,317.79,2124.94,1807.15
13.05.2026 08:00:00 +02:00,1066.62,2142.58,1075.96
13.05.2026 09:00:00 +02:00,1601.47,1224.56,-376.91
13.05.2026 10:00:00 +02:00,2344.07,590.41,-1753.66
13.05.2026 11:00:00 +02:00,2991.47,711.44,-2280.03
13.05.2026 12:00:00 +02:00,3331.55,685.79,-2645.76
13.05.2026 13:00:00 +02:00,3962.34,1140.63,-2821.71
13.05.2026 14:00:00 +02:00,3746.17,929.77,-2816.41
13.05.2026 15:00:00 +02:00,2982.31,484.79,-2497.53
13.05.2026 16:00:00 +02:00,2461.38,361.10,-2100.28
13.05.2026 17:00:00 +02:00,1115.67,744.06,-371.61
13.05.2026 18:00:00 +02:00,650.26,2693.71,2043.45
13.05.2026 19:00:00 +02:00,256.97,4037.31,3780.34
13.05.2026 20:00:00 +02:00,211.82,4584.17,4372.35
13.05.2026 21:00:00 +02:00,495.54,4522.34,4026.80
13.05.2026 22:00:00 +02:00,1270.11,3705.84,2435.74
13.05.2026 23:00:00 +02:00,1807.51,2233.78,426.26
14.05.2026 00:00:00 +02:00,2362.38,2396.30,33.93
14.05.2026 01:00:00 +02:00,2659.79,2221.97,-437.82
14.05.2026 02:00:00 +02:00,2552.74,2167.95,-384.78
14.05.2026 03:00:00 +02:00,2827.15,1762.29,-1064.86
14.05.2026 04:00:00 +02:00,2696.30,1738.63,-957.67
14.05.2026 05:00:00 +02:00,2628.72,1439.37,-1189.35
14.05.2026 06:00:00 +02:00,2367.74,1177.56,-1190.18
14.05.2026 07:00:00 +02:00,2738.28,1293.11,-1445.17
14.05.2026 08:00:00 +02:00,3803.00,1460.21,-2342.79
14.05.2026 09:00:00 +02:00,4758.31,1456.93,-3301.37
14.05.2026 10:00:00 +02:00,5023.63,1464.25,-3559.39
14.05.2026 11:00:00 +02:00,5206.88,1461.78,-3745.10
14.05.2026 12:00:00 +02:00,5514.71,1450.50,-4064.21
14.05.2026 13:00:00 +02:00,5634.59,1445.70,-4188.89
14.05.2026 14:00:00 +02:00,5454.63,1422.88,-4031.76
14.05.2026 15:00:00 +02:00,5170.85,1295.75,-3875.10
14.05.2026 16:00:00 +02:00,4432.80,1143.25,-3289.55
14.05.2026 17:00:00 +02:00,3135.59,1172.81,-1962.78
14.05.2026 18:00:00 +02:00,1311.19,2389.83,1078.64
14.05.2026 19:00:00 +02:00,675.14,4054.92,3379.78
14.05.2026 20:00:00 +02:00,352.56,4655.77,4303.21
14.05.2026 21:00:00 +02:00,180.89,4550.96,4370.07
14.05.2026 22:00:00 +02:00,788.17,4243.05,3454.88
14.05.2026 23:00:00 +02:00,1118.61,3630.95,2512.34
15.05.2026 00:00:00 +02:00,989.59,3077.38,2087.79
15.05.2026 01:00:00 +02:00,1056.80,2659.54,1602.73
15.05.2026 02:00:00 +02:00,1062.83,2383.43,1320.60
15.05.2026 03:00:00 +02:00,1393.10,2107.23,714.13
15.05.2026 04:00:00 +02:00,1515.02,2080.47,565.45
15.05.2026 05:00:00 +02:00,1943.99,3010.36,1066.37
15.05.2026 06:00:00 +02:00,1822.02,3043.51,1221.49
15.05.2026 07:00:00 +02:00,1202.64,1993.03,790.39
15.05.2026 08:00:00 +02:00,1102.25,1200.66,98.41
15.05.2026 09:00:00 +02:00,2710.66,837.15,-1873.51
15.05.2026 10:00:00 +02:00,3240.22,925.94,-2314.28
15.05.2026 11:00:00 +02:00,3365.51,895.30,-2470.21
15.05.2026 12:00:00 +02:00,3761.49,1327.00,-2434.49
15.05.2026 13:00:00 +02:00,3958.70,1829.28,-2129.43
15.05.2026 14:00:00 +02:00,4187.77,1791.09,-2396.68
15.05.2026 15:00:00 +02:00,3995.72,1227.39,-2768.33
15.05.2026 16:00:00 +02:00,3513.49,731.85,-2781.64
15.05.2026 17:00:00 +02:00,2150.23,1048.50,-1101.74
15.05.2026 18:00:00 +02:00,488.92,2224.83,1735.92
15.05.2026 19:00:00 +02:00,0.00,4103.81,4103.81
15.05.2026 20:00:00 +02:00,0.00,5029.23,5029.23
15.05.2026 21:00:00 +02:00,0.00,5182.41,5182.41
15.05.2026 22:00:00 +02:00,54.42,4942.07,4887.64
15.05.2026 23:00:00 +02:00,402.44,4679.03,4276.59
16.05.2026 00:00:00 +02:00,818.28,3401.52,2583.24
16.05.2026 01:00:00 +02:00,1283.84,2513.61,1229.77
16.05.2026 02:00:00 +02:00,1214.38,2127.25,912.87
16.05.2026 03:00:00 +02:00,1323.66,2221.49,897.83
16.05.2026 04:00:00 +02:00,1262.97,2029.16,766.19
16.05.2026 05:00:00 +02:00,1435.76,1923.60,487.84
16.05.2026 06:00:00 +02:00,2065.89,1535.37,-530.52
16.05.2026 07:00:00 +02:00,3196.93,1630.68,-1566.25
16.05.2026 08:00:00 +02:00,4064.20,1580.98,-2483.22
16.05.2026 09:00:00 +02:00,4568.50,1642.15,-2926.34
16.05.2026 10:00:00 +02:00,4875.99,1592.94,-3283.05
16.05.2026 11:00:00 +02:00,4543.02,1564.62,-2978.39
16.05.2026 12:00:00 +02:00,4772.94,1586.04,-3186.90
16.05.2026 13:00:00 +02:00,4849.82,1639.31,-3210.51
16.05.2026 14:00:00 +02:00,4946.29,1635.21,-3311.08
16.05.2026 15:00:00 +02:00,5074.51,1604.81,-3469.70
16.05.2026 16:00:00 +02:00,4741.38,1623.36,-3118.03
16.05.2026 17:00:00 +02:00,4057.99,1677.50,-2380.49
16.05.2026 18:00:00 +02:00,2812.61,1570.05,-1242.56
16.05.2026 19:00:00 +02:00,916.84,2469.06,1552.21
16.05.2026 20:00:00 +02:00,364.61,3885.66,3521.05
16.05.2026 21:00:00 +02:00,513.94,4408.59,3894.65
16.05.2026 22:00:00 +02:00,1154.61,4151.20,2996.58
16.05.2026 23:00:00 +02:00,1342.82,3037.87,1695.04
17.05.2026 00:00:00 +02:00,1453.16,2271.78,818.62
17.05.2026 01:00:00 +02:00,1614.69,1509.51,-105.19
17.05.2026 02:00:00 +02:00,1709.84,1484.91,-224.93
17.05.2026 03:00:00 +02:00,2001.89,1521.41,-480.48
17.05.2026 04:00:00 +02:00,1943.01,1157.74,-785.26
17.05.2026 05:00:00 +02:00,2125.88,782.95,-1342.92
17.05.2026 06:00:00 +02:00,2353.02,717.42,-1635.60
17.05.2026 07:00:00 +02:00,3560.77,1086.87,-2473.89
17.05.2026 08:00:00 +02:00,4648.30,1528.98,-3119.32
17.05.2026 09:00:00 +02:00,4963.30,1554.70,-3408.61
17.05.2026 10:00:00 +02:00,4996.90,1594.04,-3402.86
17.05.2026 11:00:00 +02:00,5163.60,1514.40,-3649.20
17.05.2026 12:00:00 +02:00,5219.43,1495.42,-3724.00
17.05.2026 13:00:00 +02:00,5124.99,1484.61,-3640.38
17.05.2026 14:00:00 +02:00,5049.78,1473.67,-3576.11
17.05.2026 15:00:00 +02:00,4837.37,1472.24,-3365.12
17.05.2026 16:00:00 +02:00,4160.15,1473.98,-2686.17
17.05.2026 17:00:00 +02:00,2246.60,1583.99,-662.61
17.05.2026 18:00:00 +02:00,970.00,3232.80,2262.81
17.05.2026 19:00:00 +02:00,393.32,4807.69,4414.37
17.05.2026 20:00:00 +02:00,123.87,5441.44,5317.57
17.05.2026 21:00:00 +02:00,135.31,5265.29,5129.97
17.05.2026 22:00:00 +02:00,381.04,5008.92,4627.88
17.05.2026 23:00:00 +02:00,1152.22,4806.31,3654.09
18.05.2026 00:00:00 +02:00,1278.10,3593.30,2315.19
18.05.2026 01:00:00 +02:00,1184.03,2536.07,1352.04
18.05.2026 02:00:00 +02:00,1194.19,2467.98,1273.79
18.05.2026 03:00:00 +02:00,1150.23,2415.30,1265.07
18.05.2026 04:00:00 +02:00,1132.94,2915.56,1782.62
18.05.2026 05:00:00 +02:00,622.34,4142.67,3520.34
18.05.2026 06:00:00 +02:00,0.00,5275.23,5275.23
18.05.2026 07:00:00 +02:00,0.00,4940.13,4940.13
18.05.2026 08:00:00 +02:00,13.71,3603.16,3589.45
18.05.2026 09:00:00 +02:00,1721.52,1546.90,-174.62
18.05.2026 10:00:00 +02:00,3219.09,1576.35,-1642.74
18.05.2026 11:00:00 +02:00,3557.57,1717.30,-1840.27
18.05.2026 12:00:00 +02:00,3567.72,1677.01,-1890.70
18.05.2026 13:00:00 +02:00,3718.95,1662.74,-2056.21
18.05.2026 14:00:00 +02:00,3471.03,1721.95,-1749.09
18.05.2026 15:00:00 +02:00,3321.68,1632.19,-1689.49
18.05.2026 16:00:00 +02:00,2093.91,1281.46,-812.46
18.05.2026 17:00:00 +02:00,489.68,2428.99,1939.31
18.05.2026 18:00:00 +02:00,72.18,4165.95,4093.77
18.05.2026 19:00:00 +02:00,212.93,5199.23,4986.30
18.05.2026 20:00:00 +02:00,0.00,5053.82,5053.82
18.05.2026 21:00:00 +02:00,0.00,5329.65,5329.65
18.05.2026 22:00:00 +02:00,46.81,4743.57,4696.76
18.05.2026 23:00:00 +02:00,120.70,3893.26,3772.56
19.05.2026 00:00:00 +02:00,17.49,4477.00,4459.51
19.05.2026 01:00:00 +02:00,443.95,4515.92,4071.96
19.05.2026 02:00:00 +02:00,892.58,4549.22,3656.64
19.05.2026 03:00:00 +02:00,1326.67,4518.59,3191.92
19.05.2026 04:00:00 +02:00,1394.09,4583.05,3188.95
19.05.2026 05:00:00 +02:00,1396.68,5200.58,3803.89
19.05.2026 06:00:00 +02:00,1396.64,5494.45,4097.81
19.05.2026 07:00:00 +02:00,1404.97,5427.49,4022.51
19.05.2026 08:00:00 +02:00,1124.58,3568.94,2444.37
19.05.2026 09:00:00 +02:00,1251.23,1454.34,203.11
19.05.2026 10:00:00 +02:00,1877.90,676.24,-1201.65
19.05.2026 11:00:00 +02:00,2710.95,206.25,-2504.71
19.05.2026 12:00:00 +02:00,3285.20,2.48,-3282.72
19.05.2026 13:00:00 +02:00,3542.46,0.20,-3542.26
19.05.2026 14:00:00 +02:00,3601.59,0.00,-3601.59
19.05.2026 15:00:00 +02:00,3140.65,0.12,-3140.53
19.05.2026 16:00:00 +02:00,2486.15,411.01,-2075.15
19.05.2026 17:00:00 +02:00,1592.24,2116.28,524.04
19.05.2026 18:00:00 +02:00,754.30,4089.15,3334.86
19.05.2026 19:00:00 +02:00,166.98,4670.19,4503.21
19.05.2026 20:00:00 +02:00,141.83,4406.19,4264.36
19.05.2026 21:00:00 +02:00,88.46,4360.59,4272.13
19.05.2026 22:00:00 +02:00,287.76,3642.47,3354.71
19.05.2026 23:00:00 +02:00,1101.39,2832.10,1730.70
20.05.2026 00:00:00 +02:00,1376.92,3235.49,1858.56
20.05.2026 01:00:00 +02:00,1980.77,3509.41,1528.63
20.05.2026 02:00:00 +02:00,2296.97,3608.00,1311.03
20.05.2026 03:00:00 +02:00,2177.06,3508.79,1331.73
20.05.2026 04:00:00 +02:00,2058.29,3642.71,1584.42
20.05.2026 05:00:00 +02:00,1070.34,3928.25,2857.91
20.05.2026 06:00:00 +02:00,327.30,4507.69,4180.38
20.05.2026 07:00:00 +02:00,0.00,4125.64,4125.64
20.05.2026 08:00:00 +02:00,220.49,3283.57,3063.08
20.05.2026 09:00:00 +02:00,1185.14,1709.33,524.19
20.05.2026 10:00:00 +02:00,3550.66,1955.19,-1595.47
20.05.2026 11:00:00 +02:00,3760.37,1996.15,-1764.22
20.05.2026 12:00:00 +02:00,4166.49,2084.49,-2082.00
20.05.2026 13:00:00 +02:00,3936.43,1765.56,-2170.86
20.05.2026 14:00:00 +02:00,3896.36,1317.23,-2579.13
20.05.2026 15:00:00 +02:00,3260.20,1243.57,-2016.63
20.05.2026 16:00:00 +02:00,2392.30,786.40,-1605.90
20.05.2026 17:00:00 +02:00,927.18,1082.91,155.73
20.05.2026 18:00:00 +02:00,243.79,3681.14,3437.35
20.05.2026 19:00:00 +02:00,61.11,5508.59,5447.49
20.05.2026 20:00:00 +02:00,0.00,6137.24,6137.24
20.05.2026 21:00:00 +02:00,0.00,6091.82,6091.82
20.05.2026 22:00:00 +02:00,54.85,5691.88,5637.03
20.05.2026 23:00:00 +02:00,157.95,5460.13,5302.18
21.05.2026 00:00:00 +02:00,207.09,5262.76,5055.67
21.05.2026 01:00:00 +02:00,514.09,4438.46,3924.36
21.05.2026 02:00:00 +02:00,744.35,3930.19,3185.84
21.05.2026 03:00:00 +02:00,727.29,3902.88,3175.59
21.05.2026 04:00:00 +02:00,539.50,3994.28,3454.78
21.05.2026 05:00:00 +02:00,87.44,4715.96,4628.52
21.05.2026 06:00:00 +02:00,0.00,5264.10,5264.10
21.05.2026 07:00:00 +02:00,0.00,4971.52,4971.52
21.05.2026 08:00:00 +02:00,37.95,3758.45,3720.50
21.05.2026 09:00:00 +02:00,1876.80,2115.95,239.15
21.05.2026 10:00:00 +02:00,3746.67,2004.18,-1742.50
21.05.2026 11:00:00 +02:00,4024.24,1865.87,-2158.37
21.05.2026 12:00:00 +02:00,3876.39,1927.51,-1948.88
21.05.2026 13:00:00 +02:00,3857.48,1965.02,-1892.46
21.05.2026 14:00:00 +02:00,4038.15,2046.22,-1991.92
21.05.2026 15:00:00 +02:00,3997.49,2136.92,-1860.57
21.05.2026 16:00:00 +02:00,2687.00,2159.03,-527.98
21.05.2026 17:00:00 +02:00,991.98,2540.36,1548.38
21.05.2026 18:00:00 +02:00,206.09,4339.79,4133.70
21.05.2026 19:00:00 +02:00,0.00,5776.18,5776.18
21.05.2026 20:00:00 +02:00,0.00,6117.47,6117.47
21.05.2026 21:00:00 +02:00,0.00,6146.00,6146.00
21.05.2026 22:00:00 +02:00,0.00,5904.77,5904.77
21.05.2026 23:00:00 +02:00,0.00,5818.94,5818.94
22.05.2026 00:00:00 +02:00,0.00,5680.48,5680.48
22.05.2026 01:00:00 +02:00,0.00,5214.35,5214.35
22.05.2026 02:00:00 +02:00,5.01,5154.69,5149.68
22.05.2026 03:00:00 +02:00,4.45,4821.64,4817.20
22.05.2026 04:00:00 +02:00,0.00,4825.79,4825.79
22.05.2026 05:00:00 +02:00,0.00,4661.89,4661.89
22.05.2026 06:00:00 +02:00,0.00,5080.36,5080.36
22.05.2026 07:00:00 +02:00,0.00,5252.77,5252.77
22.05.2026 08:00:00 +02:00,15.43,3536.01,3520.58
22.05.2026 09:00:00 +02:00,1701.23,2258.13,556.90
22.05.2026 10:00:00 +02:00,3547.49,2104.88,-1442.61
22.05.2026 11:00:00 +02:00,3801.38,2230.91,-1570.47
22.05.2026 12:00:00 +02:00,3858.45,2210.23,-1648.23
22.05.2026 13:00:00 +02:00,3955.12,2241.30,-1713.83
22.05.2026 14:00:00 +02:00,3939.00,2121.17,-1817.83
22.05.2026 15:00:00 +02:00,3823.98,2037.69,-1786.29
22.05.2026 16:00:00 +02:00,2765.94,2185.09,-580.85
22.05.2026 17:00:00 +02:00,817.33,2708.02,1890.69
22.05.2026 18:00:00 +02:00,64.99,5436.93,5371.95
22.05.2026 19:00:00 +02:00,0.00,5558.14,5558.14
22.05.2026 20:00:00 +02:00,0.00,5460.34,5460.34
22.05.2026 21:00:00 +02:00,0.00,5758.08,5758.08
22.05.2026 22:00:00 +02:00,4.65,5876.41,5871.76
22.05.2026 23:00:00 +02:00,155.86,5782.57,5626.71
23.05.2026 00:00:00 +02:00,823.18,5351.92,4528.75
23.05.2026 01:00:00 +02:00,974.02,5411.55,4437.53
23.05.2026 02:00:00 +02:00,942.52,5355.79,4413.27
23.05.2026 03:00:00 +02:00,849.33,5388.77,4539.44
23.05.2026 04:00:00 +02:00,782.98,5361.15,4578.17
23.05.2026 05:00:00 +02:00,634.24,5320.00,4685.76
23.05.2026 06:00:00 +02:00,597.12,5185.22,4588.10
23.05.2026 07:00:00 +02:00,749.98,3690.86,2940.87
23.05.2026 08:00:00 +02:00,1530.37,2230.68,700.31
23.05.2026 09:00:00 +02:00,3678.71,1545.84,-2132.87
23.05.2026 10:00:00 +02:00,4017.95,1447.65,-2570.30
23.05.2026 11:00:00 +02:00,4510.32,1448.44,-3061.88
23.05.2026 12:00:00 +02:00,4752.76,1449.91,-3302.85
23.05.2026 13:00:00 +02:00,4639.35,1450.75,-3188.59
23.05.2026 14:00:00 +02:00,4276.66,1450.89,-2825.78
23.05.2026 15:00:00 +02:00,4239.39,1450.53,-2788.87
23.05.2026 16:00:00 +02:00,3951.10,1450.61,-2500.49
23.05.2026 17:00:00 +02:00,2514.20,1718.77,-795.44
23.05.2026 18:00:00 +02:00,1589.42,3636.01,2046.60
23.05.2026 19:00:00 +02:00,1302.00,4855.72,3553.73
23.05.2026 20:00:00 +02:00,878.08,4994.81,4116.73
23.05.2026 21:00:00 +02:00,857.46,4993.45,4135.99
23.05.2026 22:00:00 +02:00,1101.49,5004.36,3902.87
23.05.2026 23:00:00 +02:00,855.58,5129.98,4274.40
24.05.2026 00:00:00 +02:00,1158.43,5191.14,4032.71
24.05.2026 01:00:00 +02:00,1279.26,5247.21,3967.95
24.05.2026 02:00:00 +02:00,1290.09,5027.59,3737.49
24.05.2026 03:00:00 +02:00,1372.06,4975.04,3602.98
24.05.2026 04:00:00 +02:00,1317.11,4904.49,3587.38
24.05.2026 05:00:00 +02:00,1183.56,4747.89,3564.33
24.05.2026 06:00:00 +02:00,904.64,4057.73,3153.08
24.05.2026 07:00:00 +02:00,1014.23,2753.27,1739.04
24.05.2026 08:00:00 +02:00,2749.42,1487.30,-1262.11
24.05.2026 09:00:00 +02:00,4202.79,1448.49,-2754.30
24.05.2026 10:00:00 +02:00,4255.42,1448.50,-2806.92
24.05.2026 11:00:00 +02:00,4090.72,1450.01,-2640.72
24.05.2026 12:00:00 +02:00,3920.94,1449.84,-2471.10
24.05.2026 13:00:00 +02:00,3603.82,1450.36,-2153.46
24.05.2026 14:00:00 +02:00,3694.01,1449.19,-2244.82
24.05.2026 15:00:00 +02:00,3876.38,1449.05,-2427.33
24.05.2026 16:00:00 +02:00,4177.47,1449.78,-2727.69
24.05.2026 17:00:00 +02:00,3566.33,1462.80,-2103.53
24.05.2026 18:00:00 +02:00,1747.47,2610.02,862.55
24.05.2026 19:00:00 +02:00,806.12,4634.57,3828.45
24.05.2026 20:00:00 +02:00,458.63,5192.81,4734.18
24.05.2026 21:00:00 +02:00,630.78,5038.79,4408.01
24.05.2026 22:00:00 +02:00,669.71,5049.71,4380.00
24.05.2026 23:00:00 +02:00,639.36,5085.13,4445.78
25.05.2026 00:00:00 +02:00,1011.86,5093.63,4081.77
25.05.2026 01:00:00 +02:00,890.15,4989.87,4099.72
25.05.2026 02:00:00 +02:00,954.27,4964.64,4010.37
25.05.2026 03:00:00 +02:00,741.68,5095.54,4353.87
25.05.2026 04:00:00 +02:00,778.88,5277.83,4498.95
25.05.2026 05:00:00 +02:00,447.27,5156.59,4709.31
25.05.2026 06:00:00 +02:00,153.34,5114.38,4961.04
25.05.2026 07:00:00 +02:00,243.70,3971.52,3727.82
25.05.2026 08:00:00 +02:00,1844.98,1759.69,-85.29
25.05.2026 09:00:00 +02:00,4159.50,1454.69,-2704.81
25.05.2026 10:00:00 +02:00,4247.84,1447.19,-2800.65
25.05.2026 11:00:00 +02:00,3991.59,1464.79,-2526.80
25.05.2026 12:00:00 +02:00,3881.56,1473.91,-2407.65
25.05.2026 13:00:00 +02:00,3954.54,1485.68,-2468.86
25.05.2026 14:00:00 +02:00,3847.12,1455.18,-2391.94
25.05.2026 15:00:00 +02:00,3848.52,1448.28,-2400.25
25.05.2026 16:00:00 +02:00,4292.46,1448.54,-2843.91
25.05.2026 17:00:00 +02:00,3349.47,1454.33,-1895.14
25.05.2026 18:00:00 +02:00,962.24,2556.69,1594.45
25.05.2026 19:00:00 +02:00,0.00,5302.45,5302.45
25.05.2026 20:00:00 +02:00,0.00,6019.82,6019.82
25.05.2026 21:00:00 +02:00,0.00,6195.04,6195.04
25.05.2026 22:00:00 +02:00,0.11,5673.52,5673.41
25.05.2026 23:00:00 +02:00,215.83,5215.45,4999.61
26.05.2026 00:00:00 +02:00,730.73,4904.77,4174.04
26.05.2026 01:00:00 +02:00,915.64,4397.37,3481.73
26.05.2026 02:00:00 +02:00,760.15,4259.31,3499.17
26.05.2026 03:00:00 +02:00,502.29,4074.56,3572.27
26.05.2026 04:00:00 +02:00,456.20,4449.35,3993.15
26.05.2026 05:00:00 +02:00,89.73,4904.31,4814.59
26.05.2026 06:00:00 +02:00,0.00,5601.76,5601.76
26.05.2026 07:00:00 +02:00,0.00,4965.11,4965.11
26.05.2026 08:00:00 +02:00,39.23,3015.80,2976.57
26.05.2026 09:00:00 +02:00,2374.18,1505.13,-869.04
26.05.2026 10:00:00 +02:00,4278.35,1448.60,-2829.75
26.05.2026 11:00:00 +02:00,4241.30,1447.27,-2794.03
26.05.2026 12:00:00 +02:00,4078.14,1450.38,-2627.76
26.05.2026 13:00:00 +02:00,4013.46,1450.41,-2563.05
26.05.2026 14:00:00 +02:00,4068.68,1449.03,-2619.65
26.05.2026 15:00:00 +02:00,3774.37,1459.80,-2314.57
26.05.2026 16:00:00 +02:00,3628.25,1469.97,-2158.28
26.05.2026 17:00:00 +02:00,2071.82,1808.49,-263.33
26.05.2026 18:00:00 +02:00,1143.77,2768.48,1624.70
26.05.2026 19:00:00 +02:00,655.88,3734.60,3078.72
26.05.2026 20:00:00 +02:00,745.10,4319.60,3574.50
26.05.2026 21:00:00 +02:00,553.24,4046.77,3493.53
26.05.2026 22:00:00 +02:00,420.90,3653.40,3232.51
26.05.2026 23:00:00 +02:00,1196.16,3541.87,2345.71
27.05.2026 00:00:00 +02:00,1487.28,2957.71,1470.43
27.05.2026 01:00:00 +02:00,1807.96,2906.01,1098.05
27.05.2026 02:00:00 +02:00,1798.26,2801.84,1003.58
27.05.2026 03:00:00 +02:00,1929.82,2777.41,847.59
27.05.2026 04:00:00 +02:00,1985.92,2789.95,804.03
27.05.2026 05:00:00 +02:00,1315.63,2784.48,1468.85
27.05.2026 06:00:00 +02:00,685.92,2780.10,2094.18
27.05.2026 07:00:00 +02:00,686.71,2725.26,2038.55
27.05.2026 08:00:00 +02:00,1888.90,2195.24,306.34
27.05.2026 09:00:00 +02:00,3198.37,1591.09,-1607.28
27.05.2026 10:00:00 +02:00,3907.72,1474.24,-2433.48
27.05.2026 11:00:00 +02:00,3992.29,1448.36,-2543.93
27.05.2026 12:00:00 +02:00,3984.88,1448.58,-2536.30
27.05.2026 13:00:00 +02:00,3944.62,1449.20,-2495.42
27.05.2026 14:00:00 +02:00,3946.03,1449.10,-2496.93
27.05.2026 15:00:00 +02:00,3792.29,1460.03,-2332.27
27.05.2026 16:00:00 +02:00,3977.92,1462.88,-2515.03
27.05.2026 17:00:00 +02:00,3286.43,1479.21,-1807.22
27.05.2026 18:00:00 +02:00,1764.71,2216.17,451.46
27.05.2026 19:00:00 +02:00,1100.08,3243.54,2143.46
27.05.2026 20:00:00 +02:00,294.39,4321.80,4027.41
27.05.2026 21:00:00 +02:00,290.60,4625.15,4334.56
27.05.2026 22:00:00 +02:00,389.37,4432.78,4043.42
27.05.2026 23:00:00 +02:00,858.07,4423.54,3565.47
28.05.2026 00:00:00 +02:00,892.76,4374.81,3482.05
28.05.2026 01:00:00 +02:00,1178.48,4288.66,3110.18
28.05.2026 02:00:00 +02:00,1032.45,3925.37,2892.93
28.05.2026 03:00:00 +02:00,953.29,3488.77,2535.48
28.05.2026 04:00:00 +02:00,938.57,3093.71,2155.13
28.05.2026 05:00:00 +02:00,711.25,2976.86,2265.62
28.05.2026 06:00:00 +02:00,333.23,3695.87,3362.65
28.05.2026 07:00:00 +02:00,676.70,3676.12,2999.41
28.05.2026 08:00:00 +02:00,1125.18,3005.72,1880.54
28.05.2026 09:00:00 +02:00,2321.54,1650.58,-670.95
28.05.2026 10:00:00 +02:00,4144.92,1453.69,-2691.23
28.05.2026 11:00:00 +02:00,4318.05,1451.35,-2866.71
28.05.2026 12:00:00 +02:00,4046.29,1459.46,-2586.83
28.05.2026 13:00:00 +02:00,4177.64,1448.83,-2728.81
28.05.2026 14:00:00 +02:00,4835.62,1453.36,-3382.26
28.05.2026 15:00:00 +02:00,4272.08,1457.94,-2814.14
28.05.2026 16:00:00 +02:00,3996.91,1466.29,-2530.62
28.05.2026 17:00:00 +02:00,1323.31,1978.16,654.85
28.05.2026 18:00:00 +02:00,550.74,3880.94,3330.20
28.05.2026 19:00:00 +02:00,101.75,4883.71,4781.96
28.05.2026 20:00:00 +02:00,128.26,4465.84,4337.57
28.05.2026 21:00:00 +02:00,150.03,4446.84,4296.80
28.05.2026 22:00:00 +02:00,95.69,4824.87,4729.18
28.05.2026 23:00:00 +02:00,34.19,4440.42,4406.24
29.05.2026 00:00:00 +02:00,30.91,4691.78,4660.87
29.05.2026 01:00:00 +02:00,48.74,4509.51,4460.77
29.05.2026 02:00:00 +02:00,61.73,4321.99,4260.26
29.05.2026 03:00:00 +02:00,52.09,4370.80,4318.70
29.05.2026 04:00:00 +02:00,5.59,4435.40,4429.81
29.05.2026 05:00:00 +02:00,0.00,4927.61,4927.61
29.05.2026 06:00:00 +02:00,0.00,5114.02,5114.02
29.05.2026 07:00:00 +02:00,14.83,4665.59,4650.76
29.05.2026 08:00:00 +02:00,384.36,3104.48,2720.12
29.05.2026 09:00:00 +02:00,2404.77,1766.15,-638.62
29.05.2026 10:00:00 +02:00,3602.00,1548.21,-2053.79
29.05.2026 11:00:00 +02:00,3802.44,1526.41,-2276.03
29.05.2026 12:00:00 +02:00,3761.82,1541.21,-2220.61
29.05.2026 13:00:00 +02:00,3812.51,1501.63,-2310.88
29.05.2026 14:00:00 +02:00,4038.88,1541.76,-2497.12
29.05.2026 15:00:00 +02:00,3679.99,1720.08,-1959.91
29.05.2026 16:00:00 +02:00,2287.53,1928.83,-358.70
29.05.2026 17:00:00 +02:00,305.59,2947.24,2641.65
29.05.2026 18:00:00 +02:00,0.00,5393.31,5393.31
29.05.2026 19:00:00 +02:00,0.00,5934.50,5934.50
29.05.2026 20:00:00 +02:00,0.00,6214.91,6214.91
29.05.2026 21:00:00 +02:00,0.00,5706.66,5706.66
29.05.2026 22:00:00 +02:00,0.00,5262.36,5262.36
29.05.2026 23:00:00 +02:00,0.00,5477.09,5477.09
30.05.2026 00:00:00 +02:00,0.00,5420.32,5420.32
30.05.2026 01:00:00 +02:00,3.41,5442.57,5439.16
30.05.2026 02:00:00 +02:00,1.66,5187.42,5185.76
30.05.2026 03:00:00 +02:00,0.00,5286.92,5286.92
30.05.2026 04:00:00 +02:00,0.00,5325.90,5325.90
30.05.2026 05:00:00 +02:00,0.00,5281.54,5281.54
30.05.2026 06:00:00 +02:00,0.00,4601.31,4601.31
30.05.2026 07:00:00 +02:00,0.00,3853.37,3853.37
30.05.2026 08:00:00 +02:00,820.24,2330.63,1510.40
30.05.2026 09:00:00 +02:00,2579.15,2021.34,-557.80
30.05.2026 10:00:00 +02:00,3651.02,1973.91,-1677.10
30.05.2026 11:00:00 +02:00,3815.95,2012.98,-1802.97
30.05.2026 12:00:00 +02:00,3757.03,2038.91,-1718.12
30.05.2026 13:00:00 +02:00,3691.67,2065.07,-1626.59
30.05.2026 14:00:00 +02:00,3608.32,2086.62,-1521.71
30.05.2026 15:00:00 +02:00,3533.40,2097.76,-1435.64
30.05.2026 16:00:00 +02:00,3141.47,2125.33,-1016.14
30.05.2026 17:00:00 +02:00,1121.79,2085.17,963.38
30.05.2026 18:00:00 +02:00,147.93,3389.00,3241.07
30.05.2026 19:00:00 +02:00,0.00,5054.08,5054.08
30.05.2026 20:00:00 +02:00,0.00,6041.09,6041.09
30.05.2026 21:00:00 +02:00,0.00,5928.17,5928.17
30.05.2026 22:00:00 +02:00,0.00,6340.37,6340.37
30.05.2026 23:00:00 +02:00,0.00,6194.76,6194.76
31.05.2026 00:00:00 +02:00,0.00,6211.01,6211.01
31.05.2026 01:00:00 +02:00,0.00,6274.23,6274.23
31.05.2026 02:00:00 +02:00,0.00,5977.88,5977.88
31.05.2026 03:00:00 +02:00,0.00,5669.77,5669.77
31.05.2026 04:00:00 +02:00,0.00,5206.01,5206.01
31.05.2026 05:00:00 +02:00,0.00,5149.84,5149.84
31.05.2026 06:00:00 +02:00,0.00,4887.74,4887.74
31.05.2026 07:00:00 +02:00,15.19,3428.40,3413.21
31.05.2026 08:00:00 +02:00,347.75,2363.24,2015.49
31.05.2026 09:00:00 +02:00,2118.48,2055.12,-63.36
31.05.2026 10:00:00 +02:00,3012.52,2522.12,-490.40
31.05.2026 11:00:00 +02:00,2601.74,2421.22,-180.51
31.05.2026 12:00:00 +02:00,2390.45,2277.02,-113.43
31.05.2026 13:00:00 +02:00,2485.13,2437.00,-48.13
31.05.2026 14:00:00 +02:00,2388.67,2476.62,87.96
31.05.2026 15:00:00 +02:00,1845.56,2288.43,442.86
31.05.2026 16:00:00 +02:00,964.05,2274.41,1310.36
31.05.2026 17:00:00 +02:00,291.34,3233.12,2941.78
31.05.2026 18:00:00 +02:00,0.00,5057.37,5057.37
31.05.2026 19:00:00 +02:00,0.00,6122.52,6122.52
31.05.2026 20:00:00 +02:00,0.00,6153.68,6153.68
31.05.2026 21:00:00 +02:00,0.00,6026.47,6026.47
31.05.2026 22:00:00 +02:00,0.00,6066.96,6066.96
31.05.2026 23:00:00 +02:00,0.00,6249.84,6249.84
01.06.2026 00:00:00 +02:00,0.00,6017.04,6017.04
01.06.2026 01:00:00 +02:00,0.00,5480.05,5480.05
01.06.2026 02:00:00 +02:00,0.00,5510.18,5510.18
01.06.2026 03:00:00 +02:00,0.00,5013.62,5013.62
01.06.2026 04:00:00 +02:00,0.00,5434.73,5434.73
01.06.2026 05:00:00 +02:00,0.00,5770.93,5770.93
01.06.2026 06:00:00 +02:00,0.00,5769.00,5769.00
01.06.2026 07:00:00 +02:00,0.08,5396.11,5396.03
01.06.2026 08:00:00 +02:00,0.15,4660.15,4659.99
01.06.2026 09:00:00 +02:00,14.50,4107.37,4092.87
01.06.2026 10:00:00 +02:00,189.40,3594.49,3405.09
01.06.2026 11:00:00 +02:00,765.05,2805.29,2040.24
01.06.2026 12:00:00 +02:00,1205.42,2555.71,1350.29
01.06.2026 13:00:00 +02:00,1312.79,2326.07,1013.28
01.06.2026 14:00:00 +02:00,1583.53,2230.54,647.01
01.06.2026 15:00:00 +02:00,1199.03,2378.60,1179.57
01.06.2026 16:00:00 +02:00,557.11,2557.20,2000.09
01.06.2026 17:00:00 +02:00,25.72,3487.65,3461.93
01.06.2026 18:00:00 +02:00,2.92,4717.53,4714.61
01.06.2026 19:00:00 +02:00,0.00,5182.17,5182.17
01.06.2026 20:00:00 +02:00,0.00,5077.68,5077.68
01.06.2026 21:00:00 +02:00,0.00,5209.76,5209.76
01.06.2026 22:00:00 +02:00,0.00,5454.95,5454.95
01.06.2026 23:00:00 +02:00,0.00,5588.88,5588.88
02.06.2026 00:00:00 +02:00,0.00,5402.58,5402.58
02.06.2026 01:00:00 +02:00,0.00,4940.85,4940.85
02.06.2026 02:00:00 +02:00,0.00,4619.16,4619.16
02.06.2026 03:00:00 +02:00,0.00,4194.64,4194.64
02.06.2026 04:00:00 +02:00,0.00,4323.47,4323.47
02.06.2026 05:00:00 +02:00,0.00,4638.32,4638.32
02.06.2026 06:00:00 +02:00,0.00,4803.56,4803.56
02.06.2026 07:00:00 +02:00,0.10,4368.87,4368.77
02.06.2026 08:00:00 +02:00,26.25,3098.52,3072.26
02.06.2026 09:00:00 +02:00,656.75,2385.16,1728.41
02.06.2026 10:00:00 +02:00,1721.68,2041.48,319.81
02.06.2026 11:00:00 +02:00,2533.62,1996.21,-537.41
02.06.2026 12:00:00 +02:00,2395.15,2053.94,-341.21
02.06.2026 13:00:00 +02:00,2276.06,2041.34,-234.73
02.06.2026 14:00:00 +02:00,2124.10,2066.28,-57.82
02.06.2026 15:00:00 +02:00,1263.39,2089.97,826.59
02.06.2026 16:00:00 +02:00,444.95,2258.64,1813.68
02.06.2026 17:00:00 +02:00,10.34,3738.17,3727.83
02.06.2026 18:00:00 +02:00,0.00,4906.26,4906.26
02.06.2026 19:00:00 +02:00,0.00,4905.61,4905.61
02.06.2026 20:00:00 +02:00,0.00,4853.30,4853.30
02.06.2026 21:00:00 +02:00,0.00,5144.89,5144.89
02.06.2026 22:00:00 +02:00,0.00,4855.21,4855.21
02.06.2026 23:00:00 +02:00,58.11,4079.42,4021.31
03.06.2026 00:00:00 +02:00,193.66,3762.33,3568.66
03.06.2026 01:00:00 +02:00,97.36,3805.82,3708.46
03.06.2026 02:00:00 +02:00,215.90,3803.69,3587.79
03.06.2026 03:00:00 +02:00,125.07,3706.78,3581.70
03.06.2026 04:00:00 +02:00,11.83,3798.89,3787.05
03.06.2026 05:00:00 +02:00,174.87,3652.84,3477.97
03.06.2026 06:00:00 +02:00,0.00,5138.35,5138.35
03.06.2026 07:00:00 +02:00,0.03,4901.62,4901.59
03.06.2026 08:00:00 +02:00,7.51,4751.70,4744.18
03.06.2026 09:00:00 +02:00,240.76,3457.10,3216.33
03.06.2026 10:00:00 +02:00,617.67,2330.93,1713.26
03.06.2026 11:00:00 +02:00,2366.44,2030.45,-335.99
03.06.2026 12:00:00 +02:00,3146.78,1902.83,-1243.95
03.06.2026 13:00:00 +02:00,3141.48,1900.90,-1240.57
03.06.2026 14:00:00 +02:00,3130.70,1776.35,-1354.34
03.06.2026 15:00:00 +02:00,2990.13,1385.01,-1605.12
03.06.2026 16:00:00 +02:00,2211.56,951.59,-1259.97
03.06.2026 17:00:00 +02:00,718.92,1578.93,860.01
03.06.2026 18:00:00 +02:00,374.65,3621.11,3246.46
03.06.2026 19:00:00 +02:00,414.51,4767.02,4352.52
03.06.2026 20:00:00 +02:00,308.59,5276.70,4968.11
03.06.2026 21:00:00 +02:00,450.85,5198.39,4747.53
03.06.2026 22:00:00 +02:00,48.45,3990.34,3941.90
03.06.2026 23:00:00 +02:00,472.65,2665.80,2193.14
04.06.2026 00:00:00 +02:00,1345.08,1953.97,608.90
04.06.2026 01:00:00 +02:00,875.79,1527.17,651.37
04.06.2026 02:00:00 +02:00,433.40,1535.09,1101.69
04.06.2026 03:00:00 +02:00,310.31,1832.71,1522.39
04.06.2026 04:00:00 +02:00,798.17,1952.01,1153.85
04.06.2026 05:00:00 +02:00,1097.81,1897.05,799.24
04.06.2026 06:00:00 +02:00,1225.16,1537.02,311.86
04.06.2026 07:00:00 +02:00,1520.80,1430.03,-90.77
04.06.2026 08:00:00 +02:00,2431.40,1718.70,-712.70
04.06.2026 09:00:00 +02:00,3102.63,1583.21,-1519.41
04.06.2026 10:00:00 +02:00,3466.51,1671.09,-1795.42
04.06.2026 11:00:00 +02:00,3029.64,1772.83,-1256.80
04.06.2026 12:00:00 +02:00,2930.76,1676.21,-1254.55
04.06.2026 13:00:00 +02:00,3056.26,1793.44,-1262.82
04.06.2026 14:00:00 +02:00,3227.73,1681.76,-1545.97
04.06.2026 15:00:00 +02:00,3748.17,1596.92,-2151.25
04.06.2026 16:00:00 +02:00,3554.23,1433.14,-2121.10
04.06.2026 17:00:00 +02:00,1963.68,1194.91,-768.77
04.06.2026 18:00:00 +02:00,1050.87,1488.80,437.94
04.06.2026 19:00:00 +02:00,547.08,2884.82,2337.74
04.06.2026 20:00:00 +02:00,574.94,3651.43,3076.49
04.06.2026 21:00:00 +02:00,623.29,3365.30,2742.01
04.06.2026 22:00:00 +02:00,766.46,3019.08,2252.63
04.06.2026 23:00:00 +02:00,1182.00,2111.93,929.93
05.06.2026 00:00:00 +02:00,1323.53,1694.14,370.61
05.06.2026 01:00:00 +02:00,1325.35,2080.37,755.01
05.06.2026 02:00:00 +02:00,1463.08,1996.00,532.92
05.06.2026 03:00:00 +02:00,1600.33,1976.79,376.46
05.06.2026 04:00:00 +02:00,1262.78,1908.09,645.32
05.06.2026 05:00:00 +02:00,1210.78,2247.16,1036.38
05.06.2026 06:00:00 +02:00,1184.01,3030.80,1846.79
05.06.2026 07:00:00 +02:00,1241.60,3534.95,2293.35
05.06.2026 08:00:00 +02:00,262.60,2828.88,2566.27
05.06.2026 09:00:00 +02:00,863.46,1805.58,942.12
05.06.2026 10:00:00 +02:00,1556.71,1598.95,42.24
05.06.2026 11:00:00 +02:00,2322.78,1823.32,-499.46
05.06.2026 12:00:00 +02:00,2854.75,2025.75,-829.00
05.06.2026 13:00:00 +02:00,3106.17,1755.58,-1350.60
05.06.2026 14:00:00 +02:00,3001.59,1747.56,-1254.03
05.06.2026 15:00:00 +02:00,2762.43,1695.35,-1067.08
05.06.2026 16:00:00 +02:00,1800.27,1558.96,-241.31
05.06.2026 17:00:00 +02:00,760.54,2630.37,1869.83
05.06.2026 18:00:00 +02:00,735.88,3823.39,3087.52
05.06.2026 19:00:00 +02:00,590.64,4449.05,3858.41
05.06.2026 20:00:00 +02:00,265.62,4626.03,4360.40
05.06.2026 21:00:00 +02:00,78.72,4718.04,4639.32
05.06.2026 22:00:00 +02:00,484.08,4560.69,4076.61
05.06.2026 23:00:00 +02:00,1027.52,4600.57,3573.05
06.06.2026 00:00:00 +02:00,41.15,4582.22,4541.07
06.06.2026 01:00:00 +02:00,0.00,4959.89,4959.89
06.06.2026 02:00:00 +02:00,0.00,5051.82,5051.82
06.06.2026 03:00:00 +02:00,0.00,4366.46,4366.46
06.06.2026 04:00:00 +02:00,0.00,5038.10,5038.10
06.06.2026 05:00:00 +02:00,0.00,4676.24,4676.24
06.06.2026 06:00:00 +02:00,0.00,4343.82,4343.82
06.06.2026 07:00:00 +02:00,0.00,2969.02,2969.02
06.06.2026 08:00:00 +02:00,1385.87,1980.15,594.28
06.06.2026 09:00:00 +02:00,2954.09,2363.76,-590.33
06.06.2026 10:00:00 +02:00,3069.24,2037.76,-1031.48
06.06.2026 11:00:00 +02:00,3089.34,1951.90,-1137.44
06.06.2026 12:00:00 +02:00,3084.49,1914.06,-1170.43
06.06.2026 13:00:00 +02:00,3098.22,1867.13,-1231.09
06.06.2026 14:00:00 +02:00,3144.54,1689.80,-1454.74
06.06.2026 15:00:00 +02:00,3249.84,1524.09,-1725.76
06.06.2026 16:00:00 +02:00,2801.46,1760.08,-1041.38
06.06.2026 17:00:00 +02:00,572.91,2638.98,2066.07
06.06.2026 18:00:00 +02:00,0.00,4467.72,4467.72
06.06.2026 19:00:00 +02:00,0.00,5057.56,5057.56
06.06.2026 20:00:00 +02:00,6.79,5041.22,5034.43
06.06.2026 21:00:00 +02:00,7.90,5248.74,5240.84
06.06.2026 22:00:00 +02:00,51.49,4947.19,4895.70
06.06.2026 23:00:00 +02:00,205.22,4098.95,3893.73
07.06.2026 00:00:00 +02:00,1267.55,3740.85,2473.30
07.06.2026 01:00:00 +02:00,1319.78,2901.63,1581.85
07.06.2026 02:00:00 +02:00,1306.17,2365.41,1059.24
07.06.2026 03:00:00 +02:00,1661.86,2201.72,539.86
07.06.2026 04:00:00 +02:00,2137.70,2114.18,-23.52
07.06.2026 05:00:00 +02:00,2467.38,1931.07,-536.30
07.06.2026 06:00:00 +02:00,2167.98,566.66,-1601.32
07.06.2026 07:00:00 +02:00,2977.02,695.10,-2281.92
07.06.2026 08:00:00 +02:00,2566.55,320.11,-2246.44
07.06.2026 09:00:00 +02:00,2188.46,179.29,-2009.16
07.06.2026 10:00:00 +02:00,2555.32,275.63,-2279.69
07.06.2026 11:00:00 +02:00,2735.23,52.58,-2682.65
07.06.2026 12:00:00 +02:00,3026.37,262.30,-2764.07
07.06.2026 13:00:00 +02:00,3037.56,192.89,-2844.67
07.06.2026 14:00:00 +02:00,3290.13,379.71,-2910.42
07.06.2026 15:00:00 +02:00,3208.34,537.87,-2670.47
07.06.2026 16:00:00 +02:00,2803.26,80.62,-2722.64
07.06.2026 17:00:00 +02:00,2569.98,35.68,-2534.30
07.06.2026 18:00:00 +02:00,1836.37,850.09,-986.28
07.06.2026 19:00:00 +02:00,809.58,3273.63,2464.05
07.06.2026 20:00:00 +02:00,415.17,4216.63,3801.46
07.06.2026 21:00:00 +02:00,179.74,4922.05,4742.31
07.06.2026 22:00:00 +02:00,142.30,4935.57,4793.27
07.06.2026 23:00:00 +02:00,127.85,4974.97,4847.12
08.06.2026 00:00:00 +02:00,56.56,5010.90,4954.34
08.06.2026 01:00:00 +02:00,1.61,4968.09,4966.48
08.06.2026 02:00:00 +02:00,0.00,5003.37,5003.37
08.06.2026 03:00:00 +02:00,13.24,4810.72,4797.48
08.06.2026 04:00:00 +02:00,0.00,5094.21,5094.21
08.06.2026 05:00:00 +02:00,0.00,5403.45,5403.45
08.06.2026 06:00:00 +02:00,0.00,5082.84,5082.84
08.06.2026 07:00:00 +02:00,26.74,4774.48,4747.74
08.06.2026 08:00:00 +02:00,69.57,3520.05,3450.48
08.06.2026 09:00:00 +02:00,933.45,2050.67,1117.22
08.06.2026 10:00:00 +02:00,2098.15,1748.55,-349.61
08.06.2026 11:00:00 +02:00,2290.65,1729.31,-561.34
08.06.2026 12:00:00 +02:00,1801.52,1726.86,-74.65
08.06.2026 13:00:00 +02:00,1748.02,2105.15,357.13
08.06.2026 14:00:00 +02:00,2031.72,2146.47,114.75
08.06.2026 15:00:00 +02:00,1016.61,2450.86,1434.25
08.06.2026 16:00:00 +02:00,710.71,3180.11,2469.40
08.06.2026 17:00:00 +02:00,136.24,3799.41,3663.17
08.06.2026 18:00:00 +02:00,0.00,4728.98,4728.98
08.06.2026 19:00:00 +02:00,0.80,4945.28,4944.47
08.06.2026 20:00:00 +02:00,0.71,4884.96,4884.25
08.06.2026 21:00:00 +02:00,6.92,4802.56,4795.64
08.06.2026 22:00:00 +02:00,9.75,4489.64,4479.89
08.06.2026 23:00:00 +02:00,91.57,3922.71,3831.14
09.06.2026 00:00:00 +02:00,455.04,3988.89,3533.85
09.06.2026 01:00:00 +02:00,710.19,4104.86,3394.67
09.06.2026 02:00:00 +02:00,569.96,3674.96,3105.00
09.06.2026 03:00:00 +02:00,444.55,3460.84,3016.29
09.06.2026 04:00:00 +02:00,344.60,3325.49,2980.89
09.06.2026 05:00:00 +02:00,70.36,3219.82,3149.47
09.06.2026 06:00:00 +02:00,0.00,3822.30,3822.30
09.06.2026 07:00:00 +02:00,0.00,3832.34,3832.34
09.06.2026 08:00:00 +02:00,32.48,3471.16,3438.68
09.06.2026 09:00:00 +02:00,536.37,2130.30,1593.94
09.06.2026 10:00:00 +02:00,1700.71,1761.37,60.66
09.06.2026 11:00:00 +02:00,2517.78,1766.38,-751.40
09.06.2026 12:00:00 +02:00,3016.72,1853.18,-1163.54
09.06.2026 13:00:00 +02:00,3188.96,1835.53,-1353.43
09.06.2026 14:00:00 +02:00,3138.83,2012.28,-1126.55
09.06.2026 15:00:00 +02:00,3222.68,1952.83,-1269.85
09.06.2026 16:00:00 +02:00,3047.28,1758.39,-1288.89
09.06.2026 17:00:00 +02:00,1766.48,1812.20,45.72
09.06.2026 18:00:00 +02:00,809.88,3308.05,2498.17
09.06.2026 19:00:00 +02:00,808.47,4345.33,3536.87
09.06.2026 20:00:00 +02:00,74.84,4439.31,4364.46
09.06.2026 21:00:00 +02:00,147.73,4573.95,4426.22
09.06.2026 22:00:00 +02:00,564.57,4542.57,3978.01
09.06.2026 23:00:00 +02:00,892.70,4643.97,3751.27
10.06.2026 00:00:00 +02:00,1010.06,4047.86,3037.80
10.06.2026 01:00:00 +02:00,945.08,3708.66,2763.57
10.06.2026 02:00:00 +02:00,928.58,3347.50,2418.92
10.06.2026 03:00:00 +02:00,1093.62,3664.61,2570.99
10.06.2026 04:00:00 +02:00,1091.54,3550.12,2458.58
10.06.2026 05:00:00 +02:00,1017.34,3601.03,2583.70
10.06.2026 06:00:00 +02:00,894.33,3418.43,2524.10
10.06.2026 07:00:00 +02:00,953.96,3598.09,2644.12
10.06.2026 08:00:00 +02:00,1145.07,2965.28,1820.21
10.06.2026 09:00:00 +02:00,1078.27,2347.44,1269.17
10.06.2026 10:00:00 +02:00,1493.94,1931.96,438.02
10.06.2026 11:00:00 +02:00,1531.49,1805.04,273.55
10.06.2026 12:00:00 +02:00,1780.22,1682.25,-97.97
10.06.2026 13:00:00 +02:00,1554.45,1771.44,216.98
10.06.2026 14:00:00 +02:00,1472.29,1838.14,365.86
10.06.2026 15:00:00 +02:00,1217.25,2120.38,903.14
10.06.2026 16:00:00 +02:00,999.68,2862.75,1863.07
10.06.2026 17:00:00 +02:00,978.08,3847.05,2868.97
10.06.2026 18:00:00 +02:00,507.14,4694.90,4187.76
10.06.2026 19:00:00 +02:00,0.00,4824.53,4824.53
10.06.2026 20:00:00 +02:00,0.00,4979.36,4979.36
10.06.2026 21:00:00 +02:00,0.00,5078.53,5078.53
10.06.2026 22:00:00 +02:00,0.00,4991.43,4991.43
10.06.2026 23:00:00 +02:00,113.97,4958.63,4844.66
11.06.2026 00:00:00 +02:00,0.00,5372.30,5372.30
11.06.2026 01:00:00 +02:00,127.23,5131.13,5003.89
11.06.2026 02:00:00 +02:00,160.09,4747.36,4587.26
11.06.2026 03:00:00 +02:00,189.80,4253.51,4063.71
11.06.2026 04:00:00 +02:00,8.44,4326.53,4318.09
11.06.2026 05:00:00 +02:00,0.00,4729.38,4729.38
11.06.2026 06:00:00 +02:00,0.00,5339.52,5339.52
11.06.2026 07:00:00 +02:00,0.00,4933.01,4933.01
11.06.2026 08:00:00 +02:00,368.87,4299.23,3930.36
11.06.2026 09:00:00 +02:00,857.25,3359.58,2502.32
11.06.2026 10:00:00 +02:00,1040.04,2703.33,1663.29
11.06.2026 11:00:00 +02:00,1061.11,2292.11,1230.99
11.06.2026 12:00:00 +02:00,1177.84,2121.31,943.47
11.06.2026 13:00:00 +02:00,1642.64,1964.99,322.35
11.06.2026 14:00:00 +02:00,2461.73,2121.43,-340.30
11.06.2026 15:00:00 +02:00,1847.32,2042.96,195.64
11.06.2026 16:00:00 +02:00,1044.13,2124.78,1080.64
11.06.2026 17:00:00 +02:00,382.35,3013.15,2630.81
11.06.2026 18:00:00 +02:00,11.80,4541.75,4529.94
11.06.2026 19:00:00 +02:00,0.00,4690.41,4690.41
11.06.2026 20:00:00 +02:00,0.00,4479.25,4479.25
11.06.2026 21:00:00 +02:00,0.00,4371.39,4371.39
11.06.2026 22:00:00 +02:00,0.00,4328.24,4328.24
11.06.2026 23:00:00 +02:00,308.12,3582.13,3274.00
12.06.2026 00:00:00 +02:00,174.24,3666.79,3492.56
12.06.2026 01:00:00 +02:00,465.78,3456.47,2990.69
12.06.2026 02:00:00 +02:00,811.71,3410.79,2599.07
12.06.2026 03:00:00 +02:00,486.41,3277.60,2791.19
12.06.2026 04:00:00 +02:00,461.39,3372.34,2910.94
12.06.2026 05:00:00 +02:00,578.34,3386.96,2808.62
12.06.2026 06:00:00 +02:00,133.14,3634.07,3500.93
12.06.2026 07:00:00 +02:00,34.53,4001.47,3966.94
12.06.2026 08:00:00 +02:00,274.18,4161.67,3887.49
12.06.2026 09:00:00 +02:00,467.69,4057.01,3589.32
12.06.2026 10:00:00 +02:00,511.13,3478.31,2967.18
12.06.2026 11:00:00 +02:00,565.64,2604.96,2039.32
12.06.2026 12:00:00 +02:00,783.72,1498.82,715.09
12.06.2026 13:00:00 +02:00,654.03,652.31,-1.73
12.06.2026 14:00:00 +02:00,1177.01,370.88,-806.14
12.06.2026 15:00:00 +02:00,2273.44,683.80,-1589.64
12.06.2026 16:00:00 +02:00,2702.83,1475.57,-1227.26
12.06.2026 17:00:00 +02:00,1777.96,1631.21,-146.75
12.06.2026 18:00:00 +02:00,891.56,2027.80,1136.24
12.06.2026 19:00:00 +02:00,515.68,2180.71,1665.03
12.06.2026 20:00:00 +02:00,447.19,3528.36,3081.18
12.06.2026 21:00:00 +02:00,422.65,3910.55,3487.90
12.06.2026 22:00:00 +02:00,574.26,3540.78,2966.53
12.06.2026 23:00:00 +02:00,529.04,3023.60,2494.56
13.06.2026 00:00:00 +02:00,866.19,2545.32,1679.13
13.06.2026 01:00:00 +02:00,1263.46,2481.15,1217.69
13.06.2026 02:00:00 +02:00,1634.17,2518.98,884.81
13.06.2026 03:00:00 +02:00,1627.51,2406.25,778.74
13.06.2026 04:00:00 +02:00,1586.37,2518.25,931.88
13.06.2026 05:00:00 +02:00,1436.01,1960.77,524.76
13.06.2026 06:00:00 +02:00,1551.14,1056.08,-495.06
13.06.2026 07:00:00 +02:00,2385.35,601.15,-1784.20
13.06.2026 08:00:00 +02:00,3885.85,847.52,-3038.33
13.06.2026 09:00:00 +02:00,3295.19,435.46,-2859.73
13.06.2026 10:00:00 +02:00,3619.62,895.86,-2723.76
13.06.2026 11:00:00 +02:00,3565.22,1222.06,-2343.17
13.06.2026 12:00:00 +02:00,3790.77,1354.53,-2436.24
13.06.2026 13:00:00 +02:00,3925.62,1359.77,-2565.85
13.06.2026 14:00:00 +02:00,3876.87,1451.51,-2425.35
13.06.2026 15:00:00 +02:00,3985.33,1408.82,-2576.51
13.06.2026 16:00:00 +02:00,3823.12,1267.22,-2555.90
13.06.2026 17:00:00 +02:00,3391.66,1227.59,-2164.08
13.06.2026 18:00:00 +02:00,3106.68,1258.60,-1848.09
13.06.2026 19:00:00 +02:00,2368.45,1542.24,-826.20
13.06.2026 20:00:00 +02:00,586.77,1516.61,929.84
13.06.2026 21:00:00 +02:00,401.02,2043.24,1642.22
13.06.2026 22:00:00 +02:00,255.22,2314.36,2059.14
13.06.2026 23:00:00 +02:00,740.54,1911.88,1171.34
14.06.2026 00:00:00 +02:00,1051.24,1715.28,664.04
14.06.2026 01:00:00 +02:00,1147.44,1626.38,478.94
14.06.2026 02:00:00 +02:00,1678.62,1540.56,-138.06
14.06.2026 03:00:00 +02:00,1542.61,1646.09,103.48
14.06.2026 04:00:00 +02:00,1515.92,1696.22,180.31
14.06.2026 05:00:00 +02:00,1866.78,1646.08,-220.70
14.06.2026 06:00:00 +02:00,2697.03,1780.46,-916.57
14.06.2026 07:00:00 +02:00,2999.62,1923.84,-1075.77
14.06.2026 08:00:00 +02:00,3063.24,1722.47,-1340.77
14.06.2026 09:00:00 +02:00,3101.50,1744.72,-1356.78
14.06.2026 10:00:00 +02:00,3156.40,1767.15,-1389.26
14.06.2026 11:00:00 +02:00,3207.59,1748.42,-1459.17
14.06.2026 12:00:00 +02:00,3146.86,1815.92,-1330.93
14.06.2026 13:00:00 +02:00,3055.28,1836.41,-1218.88
14.06.2026 14:00:00 +02:00,2760.40,1932.64,-827.76
14.06.2026 15:00:00 +02:00,2397.35,1946.21,-451.14
14.06.2026 16:00:00 +02:00,2717.90,1994.22,-723.67
14.06.2026 17:00:00 +02:00,2672.04,2093.15,-578.90
14.06.2026 18:00:00 +02:00,2677.72,2130.15,-547.58
14.06.2026 19:00:00 +02:00,1440.75,2133.46,692.71
14.06.2026 20:00:00 +02:00,534.54,2674.46,2139.93
14.06.2026 21:00:00 +02:00,460.20,2835.54,2375.33
14.06.2026 22:00:00 +02:00,392.39,2993.81,2601.42
14.06.2026 23:00:00 +02:00,341.47,2829.19,2487.72
15.06.2026 00:00:00 +02:00,431.64,2257.51,1825.87
15.06.2026 01:00:00 +02:00,423.47,2187.90,1764.43
15.06.2026 02:00:00 +02:00,377.01,2268.10,1891.08
15.06.2026 03:00:00 +02:00,468.27,2267.56,1799.29
15.06.2026 04:00:00 +02:00,447.43,2328.22,1880.79
15.06.2026 05:00:00 +02:00,465.97,2334.34,1868.37
15.06.2026 06:00:00 +02:00,271.40,2328.85,2057.45
15.06.2026 07:00:00 +02:00,359.14,2337.16,1978.02
15.06.2026 08:00:00 +02:00,1259.15,1993.30,734.15
15.06.2026 09:00:00 +02:00,2671.26,2004.46,-666.80
15.06.2026 10:00:00 +02:00,3207.36,1998.76,-1208.60
15.06.2026 11:00:00 +02:00,3241.38,2042.49,-1198.89
15.06.2026 12:00:00 +02:00,3280.45,1998.03,-1282.42
15.06.2026 13:00:00 +02:00,3282.02,1979.24,-1302.78
15.06.2026 14:00:00 +02:00,3148.70,2047.82,-1100.88
15.06.2026 15:00:00 +02:00,3132.33,2044.18,-1088.15
15.06.2026 16:00:00 +02:00,3096.60,2005.23,-1091.36
15.06.2026 17:00:00 +02:00,2201.84,2047.84,-154.00
15.06.2026 18:00:00 +02:00,585.66,2407.92,1822.27
15.06.2026 19:00:00 +02:00,484.42,3949.49,3465.08
15.06.2026 20:00:00 +02:00,370.50,4525.56,4155.06
15.06.2026 21:00:00 +02:00,299.16,4652.50,4353.34
15.06.2026 22:00:00 +02:00,449.28,4750.46,4301.17
15.06.2026 23:00:00 +02:00,458.96,4340.62,3881.65
16.06.2026 00:00:00 +02:00,571.59,3926.00,3354.40
16.06.2026 01:00:00 +02:00,539.34,3796.38,3257.04
16.06.2026 02:00:00 +02:00,453.92,3495.37,3041.44
16.06.2026 03:00:00 +02:00,464.53,3396.63,2932.10
16.06.2026 04:00:00 +02:00,451.39,3261.36,2809.97
16.06.2026 05:00:00 +02:00,368.17,3765.09,3396.91
16.06.2026 06:00:00 +02:00,564.86,4522.57,3957.72
16.06.2026 07:00:00 +02:00,448.92,3967.02,3518.10
16.06.2026 08:00:00 +02:00,350.24,3636.26,3286.02
16.06.2026 09:00:00 +02:00,369.66,2621.64,2251.98
16.06.2026 10:00:00 +02:00,815.47,2058.44,1242.98
16.06.2026 11:00:00 +02:00,1525.29,1999.16,473.87
16.06.2026 12:00:00 +02:00,2166.35,2086.68,-79.68
16.06.2026 13:00:00 +02:00,2578.64,2015.67,-562.98
16.06.2026 14:00:00 +02:00,2743.28,2043.67,-699.62
16.06.2026 15:00:00 +02:00,2651.15,2033.49,-617.66
16.06.2026 16:00:00 +02:00,2152.84,2102.35,-50.49
16.06.2026 17:00:00 +02:00,831.54,2389.39,1557.85
16.06.2026 18:00:00 +02:00,563.24,3575.85,3012.62
16.06.2026 19:00:00 +02:00,516.29,4126.18,3609.89
16.06.2026 20:00:00 +02:00,580.15,4132.92,3552.77
16.06.2026 21:00:00 +02:00,523.97,4121.80,3597.83
16.06.2026 22:00:00 +02:00,716.94,4262.76,3545.82
16.06.2026 23:00:00 +02:00,715.82,4061.65,3345.83
17.06.2026 00:00:00 +02:00,530.39,3365.98,2835.59
17.06.2026 01:00:00 +02:00,612.44,3283.82,2671.38
17.06.2026 02:00:00 +02:00,589.97,3270.31,2680.33
17.06.2026 03:00:00 +02:00,542.35,3259.59,2717.24
17.06.2026 04:00:00 +02:00,560.72,3213.88,2653.16
17.06.2026 05:00:00 +02:00,513.68,3096.80,2583.12
17.06.2026 06:00:00 +02:00,547.05,3129.14,2582.09
17.06.2026 07:00:00 +02:00,597.56,2832.19,2234.63
17.06.2026 08:00:00 +02:00,603.47,1871.08,1267.62
17.06.2026 09:00:00 +02:00,1532.64,1735.95,203.31
17.06.2026 10:00:00 +02:00,2395.29,1776.40,-618.89
17.06.2026 11:00:00 +02:00,3014.46,1693.93,-1320.53
17.06.2026 12:00:00 +02:00,3147.75,1744.21,-1403.54
17.06.2026 13:00:00 +02:00,3171.03,1808.72,-1362.31
17.06.2026 14:00:00 +02:00,3070.23,1799.59,-1270.64
17.06.2026 15:00:00 +02:00,2990.55,1864.31,-1126.24
17.06.2026 16:00:00 +02:00,2193.67,1559.92,-633.75
17.06.2026 17:00:00 +02:00,725.46,1416.09,690.63
17.06.2026 18:00:00 +02:00,565.80,2443.37,1877.56
17.06.2026 19:00:00 +02:00,490.93,3485.71,2994.79
17.06.2026 20:00:00 +02:00,463.40,3851.89,3388.49
17.06.2026 21:00:00 +02:00,358.72,3797.83,3439.12
17.06.2026 22:00:00 +02:00,495.07,3724.12,3229.05
17.06.2026 23:00:00 +02:00,436.11,3671.45,3235.34
18.06.2026 00:00:00 +02:00,529.89,3401.02,2871.13
18.06.2026 01:00:00 +02:00,414.21,2680.57,2266.36
18.06.2026 02:00:00 +02:00,465.52,2207.68,1742.16
18.06.2026 03:00:00 +02:00,445.39,2180.30,1734.91
18.06.2026 04:00:00 +02:00,439.06,2138.74,1699.67
18.06.2026 05:00:00 +02:00,376.48,2617.42,2240.94
18.06.2026 06:00:00 +02:00,257.87,3187.79,2929.92
18.06.2026 07:00:00 +02:00,224.80,2777.36,2552.56
18.06.2026 08:00:00 +02:00,435.86,1829.77,1393.91
18.06.2026 09:00:00 +02:00,1308.55,1786.09,477.54
18.06.2026 10:00:00 +02:00,2585.76,1789.62,-796.14
18.06.2026 11:00:00 +02:00,3288.23,1782.05,-1506.18
18.06.2026 12:00:00 +02:00,3458.95,1805.12,-1653.83
18.06.2026 13:00:00 +02:00,3300.76,1793.51,-1507.25
18.06.2026 14:00:00 +02:00,3254.05,1769.81,-1484.24
18.06.2026 15:00:00 +02:00,2981.60,1892.59,-1089.00
18.06.2026 16:00:00 +02:00,1974.75,1483.94,-490.81
18.06.2026 17:00:00 +02:00,905.54,1766.54,861.01
18.06.2026 18:00:00 +02:00,523.46,3110.26,2586.80
18.06.2026 19:00:00 +02:00,166.30,3714.62,3548.32
18.06.2026 20:00:00 +02:00,336.82,3660.90,3324.08
18.06.2026 21:00:00 +02:00,200.05,3886.01,3685.96
18.06.2026 22:00:00 +02:00,299.32,3686.92,3387.60
18.06.2026 23:00:00 +02:00,489.56,3579.64,3090.08
19.06.2026 00:00:00 +02:00,606.02,3776.46,3170.45
19.06.2026 01:00:00 +02:00,983.90,3816.45,2832.55
19.06.2026 02:00:00 +02:00,1162.94,3661.38,2498.44
19.06.2026 03:00:00 +02:00,1145.62,3493.22,2347.61
19.06.2026 04:00:00 +02:00,1058.09,3304.71,2246.62
19.06.2026 05:00:00 +02:00,922.03,3245.23,2323.20
19.06.2026 06:00:00 +02:00,396.03,3490.79,3094.77
19.06.2026 07:00:00 +02:00,722.66,3013.94,2291.28
19.06.2026 08:00:00 +02:00,1195.04,2248.41,1053.37
19.06.2026 09:00:00 +02:00,1436.11,1769.71,333.60
19.06.2026 10:00:00 +02:00,2206.53,1672.17,-534.35
19.06.2026 11:00:00 +02:00,3274.16,1719.97,-1554.19
19.06.2026 12:00:00 +02:00,3597.28,1662.25,-1935.02
19.06.2026 13:00:00 +02:00,3525.41,1665.59,-1859.82
19.06.2026 14:00:00 +02:00,3374.59,1731.68,-1642.91
19.06.2026 15:00:00 +02:00,2538.48,1803.63,-734.85
19.06.2026 16:00:00 +02:00,1575.99,2010.18,434.19
19.06.2026 17:00:00 +02:00,1135.45,3258.50,2123.05
19.06.2026 18:00:00 +02:00,917.94,4242.86,3324.92
19.06.2026 19:00:00 +02:00,207.65,4941.40,4733.76
19.06.2026 20:00:00 +02:00,167.07,5023.56,4856.49
19.06.2026 21:00:00 +02:00,234.63,4844.92,4610.29
19.06.2026 22:00:00 +02:00,290.59,4477.32,4186.73
19.06.2026 23:00:00 +02:00,610.23,4389.63,3779.40
20.06.2026 00:00:00 +02:00,901.92,4157.39,3255.47
20.06.2026 01:00:00 +02:00,947.29,3891.64,2944.35
20.06.2026 02:00:00 +02:00,1250.45,3713.38,2462.93
20.06.2026 03:00:00 +02:00,1366.34,2967.21,1600.87
20.06.2026 04:00:00 +02:00,1455.58,2853.79,1398.21
20.06.2026 05:00:00 +02:00,1391.70,2900.24,1508.54
20.06.2026 06:00:00 +02:00,1030.30,2983.45,1953.15
20.06.2026 07:00:00 +02:00,1091.58,2404.59,1313.02
20.06.2026 08:00:00 +02:00,1758.41,1714.40,-44.01
20.06.2026 09:00:00 +02:00,2513.00,1536.55,-976.44
20.06.2026 10:00:00 +02:00,3203.99,1596.06,-1607.93
20.06.2026 11:00:00 +02:00,3330.83,1521.38,-1809.45
20.06.2026 12:00:00 +02:00,3348.00,1504.82,-1843.18
20.06.2026 13:00:00 +02:00,3378.57,1498.13,-1880.45
20.06.2026 14:00:00 +02:00,3268.36,1576.35,-1692.00
20.06.2026 15:00:00 +02:00,3173.75,1487.47,-1686.27
20.06.2026 16:00:00 +02:00,3027.00,1553.04,-1473.96
20.06.2026 17:00:00 +02:00,1744.12,1701.61,-42.51
20.06.2026 18:00:00 +02:00,1186.03,3519.61,2333.58
20.06.2026 19:00:00 +02:00,865.40,4222.05,3356.65
20.06.2026 20:00:00 +02:00,998.77,4209.18,3210.41
20.06.2026 21:00:00 +02:00,948.73,4162.64,3213.91
20.06.2026 22:00:00 +02:00,1345.15,4191.24,2846.09
20.06.2026 23:00:00 +02:00,1327.50,4259.14,2931.65
21.06.2026 00:00:00 +02:00,1461.63,4276.46,2814.83
21.06.2026 01:00:00 +02:00,1295.79,4237.34,2941.55
21.06.2026 02:00:00 +02:00,1138.20,4258.88,3120.69
21.06.2026 03:00:00 +02:00,1169.23,4092.53,2923.30
21.06.2026 04:00:00 +02:00,940.67,3875.56,2934.90
21.06.2026 05:00:00 +02:00,1009.98,3042.19,2032.21
21.06.2026 06:00:00 +02:00,913.95,2334.89,1420.93
21.06.2026 07:00:00 +02:00,937.17,1995.16,1057.99
21.06.2026 08:00:00 +02:00,1562.39,1612.69,50.30
21.06.2026 09:00:00 +02:00,2886.76,1534.07,-1352.69
21.06.2026 10:00:00 +02:00,3534.40,1480.06,-2054.34
21.06.2026 11:00:00 +02:00,3443.66,1490.15,-1953.51
21.06.2026 12:00:00 +02:00,3394.27,1486.64,-1907.63
21.06.2026 13:00:00 +02:00,3443.80,1471.90,-1971.90
21.06.2026 14:00:00 +02:00,3486.66,1483.80,-2002.86
21.06.2026 15:00:00 +02:00,3350.99,1480.70,-1870.29
21.06.2026 16:00:00 +02:00,2667.55,1654.07,-1013.48
21.06.2026 17:00:00 +02:00,1077.97,2137.26,1059.30
21.06.2026 18:00:00 +02:00,708.72,3241.06,2532.34
21.06.2026 19:00:00 +02:00,484.84,3890.04,3405.20
21.06.2026 20:00:00 +02:00,58.76,4205.98,4147.22
21.06.2026 21:00:00 +02:00,59.01,4164.48,4105.47
21.06.2026 22:00:00 +02:00,281.01,3947.45,3666.44
21.06.2026 23:00:00 +02:00,696.60,3786.82,3090.22
22.06.2026 00:00:00 +02:00,837.09,3112.64,2275.55
22.06.2026 01:00:00 +02:00,766.57,2514.22,1747.65
22.06.2026 02:00:00 +02:00,803.07,2522.46,1719.39
22.06.2026 03:00:00 +02:00,742.25,2382.66,1640.41
22.06.2026 04:00:00 +02:00,718.69,2243.86,1525.17
22.06.2026 05:00:00 +02:00,665.66,2365.47,1699.81
22.06.2026 06:00:00 +02:00,454.39,2990.47,2536.08
22.06.2026 07:00:00 +02:00,493.14,3259.89,2766.75
22.06.2026 08:00:00 +02:00,635.75,2519.87,1884.12
22.06.2026 09:00:00 +02:00,1089.89,1613.60,523.71
22.06.2026 10:00:00 +02:00,2221.87,1501.43,-720.44
22.06.2026 11:00:00 +02:00,2888.10,1466.58,-1421.52
22.06.2026 12:00:00 +02:00,3192.90,1449.47,-1743.42
22.06.2026 13:00:00 +02:00,3221.46,1448.65,-1772.80
22.06.2026 14:00:00 +02:00,3137.97,1448.17,-1689.79
22.06.2026 15:00:00 +02:00,2884.84,1448.35,-1436.49
22.06.2026 16:00:00 +02:00,2156.67,1433.60,-723.07
22.06.2026 17:00:00 +02:00,1028.75,1913.77,885.02
22.06.2026 18:00:00 +02:00,944.29,3159.00,2214.70
22.06.2026 19:00:00 +02:00,186.55,2908.47,2721.92
22.06.2026 20:00:00 +02:00,129.59,4106.35,3976.76
22.06.2026 21:00:00 +02:00,2.58,4268.36,4265.79
22.06.2026 22:00:00 +02:00,218.36,4210.10,3991.74
22.06.2026 23:00:00 +02:00,763.00,4183.97,3420.97
23.06.2026 00:00:00 +02:00,939.10,3499.42,2560.32
23.06.2026 01:00:00 +02:00,590.39,3042.54,2452.14
23.06.2026 02:00:00 +02:00,658.65,3346.55,2687.91
23.06.2026 03:00:00 +02:00,440.36,3017.18,2576.82
23.06.2026 04:00:00 +02:00,140.75,3070.38,2929.63
23.06.2026 05:00:00 +02:00,57.70,3222.78,3165.09
23.06.2026 06:00:00 +02:00,15.51,3545.73,3530.23
23.06.2026 07:00:00 +02:00,12.65,3596.27,3583.62
23.06.2026 08:00:00 +02:00,295.71,2921.95,2626.23
23.06.2026 09:00:00 +02:00,931.25,1753.46,822.21
23.06.2026 10:00:00 +02:00,1764.23,1498.38,-265.85
23.06.2026 11:00:00 +02:00,2158.40,1476.08,-682.32
23.06.2026 12:00:00 +02:00,2321.16,1465.80,-855.35
23.06.2026 13:00:00 +02:00,2154.11,1470.87,-683.25
23.06.2026 14:00:00 +02:00,2170.35,1690.69,-479.66
23.06.2026 15:00:00 +02:00,1763.92,1694.36,-69.56
23.06.2026 16:00:00 +02:00,1055.58,1497.98,442.40
23.06.2026 17:00:00 +02:00,663.01,2650.61,1987.60
23.06.2026 18:00:00 +02:00,67.99,4017.24,3949.26
23.06.2026 19:00:00 +02:00,6.25,4342.71,4336.46
23.06.2026 20:00:00 +02:00,0.00,4801.44,4801.44
23.06.2026 21:00:00 +02:00,0.00,4674.61,4674.61
23.06.2026 22:00:00 +02:00,10.80,4648.65,4637.85
23.06.2026 23:00:00 +02:00,16.63,4432.59,4415.96
24.06.2026 00:00:00 +02:00,144.97,4378.74,4233.77
24.06.2026 01:00:00 +02:00,383.83,4167.55,3783.71
24.06.2026 02:00:00 +02:00,590.07,3810.09,3220.02
24.06.2026 03:00:00 +02:00,574.65,3731.25,3156.60
24.06.2026 04:00:00 +02:00,653.32,3852.14,3198.82
24.06.2026 05:00:00 +02:00,554.23,3600.82,3046.59
24.06.2026 06:00:00 +02:00,397.12,3514.28,3117.16
24.06.2026 07:00:00 +02:00,11.83,3550.28,3538.46
24.06.2026 08:00:00 +02:00,0.00,3519.94,3519.94
24.06.2026 09:00:00 +02:00,368.23,2547.58,2179.35
24.06.2026 10:00:00 +02:00,1163.95,2006.77,842.81
24.06.2026 11:00:00 +02:00,1689.70,1883.65,193.95
24.06.2026 12:00:00 +02:00,1888.62,1784.29,-104.34
24.06.2026 13:00:00 +02:00,1788.71,1790.55,1.84
24.06.2026 14:00:00 +02:00,1594.90,1860.52,265.61
24.06.2026 15:00:00 +02:00,1326.34,2046.89,720.55
24.06.2026 16:00:00 +02:00,887.22,2445.04,1557.82
24.06.2026 17:00:00 +02:00,411.24,3660.11,3248.87
24.06.2026 18:00:00 +02:00,53.12,4920.08,4866.96
24.06.2026 19:00:00 +02:00,155.87,5145.77,4989.90
24.06.2026 20:00:00 +02:00,123.48,5322.27,5198.79
24.06.2026 21:00:00 +02:00,129.63,5320.83,5191.21
24.06.2026 22:00:00 +02:00,43.54,5123.53,5080.00
24.06.2026 23:00:00 +02:00,30.48,5088.03,5057.55
25.06.2026 00:00:00 +02:00,66.92,5096.96,5030.05
25.06.2026 01:00:00 +02:00,258.25,5082.02,4823.77
25.06.2026 02:00:00 +02:00,214.53,5061.30,4846.77
25.06.2026 03:00:00 +02:00,243.46,5007.28,4763.82
25.06.2026 04:00:00 +02:00,103.95,4394.06,4290.11
25.06.2026 05:00:00 +02:00,14.45,4301.99,4287.54
25.06.2026 06:00:00 +02:00,0.00,4553.04,4553.04
25.06.2026 07:00:00 +02:00,0.00,4802.66,4802.66
25.06.2026 08:00:00 +02:00,58.98,3587.83,3528.85
25.06.2026 09:00:00 +02:00,814.10,2483.65,1669.56
25.06.2026 10:00:00 +02:00,1247.24,2199.46,952.22
25.06.2026 11:00:00 +02:00,2061.33,2088.53,27.21
25.06.2026 12:00:00 +02:00,3082.38,2063.85,-1018.52
25.06.2026 13:00:00 +02:00,3124.53,1883.03,-1241.50
25.06.2026 14:00:00 +02:00,2930.96,1936.61,-994.35
25.06.2026 15:00:00 +02:00,1930.71,2115.64,184.93
25.06.2026 16:00:00 +02:00,967.81,2421.34,1453.54
25.06.2026 17:00:00 +02:00,126.85,3375.45,3248.60
25.06.2026 18:00:00 +02:00,0.00,5092.66,5092.66
25.06.2026 19:00:00 +02:00,0.00,6232.42,6232.42
25.06.2026 20:00:00 +02:00,0.00,6412.75,6412.75
25.06.2026 21:00:00 +02:00,0.00,6648.29,6648.29
25.06.2026 22:00:00 +02:00,0.00,6397.82,6397.82
25.06.2026 23:00:00 +02:00,0.00,5975.17,5975.17
26.06.2026 00:00:00 +02:00,0.00,5315.69,5315.69
26.06.2026 01:00:00 +02:00,0.00,4570.57,4570.57
26.06.2026 02:00:00 +02:00,0.00,4055.95,4055.95
26.06.2026 03:00:00 +02:00,0.00,3818.61,3818.61
26.06.2026 04:00:00 +02:00,0.00,4024.80,4024.80
26.06.2026 05:00:00 +02:00,0.00,3962.87,3962.87
26.06.2026 06:00:00 +02:00,0.00,4824.46,4824.46
26.06.2026 07:00:00 +02:00,0.00,4976.14,4976.14
26.06.2026 08:00:00 +02:00,0.00,3774.14,3774.14
26.06.2026 09:00:00 +02:00,220.54,2804.07,2583.53
26.06.2026 10:00:00 +02:00,1244.54,2346.62,1102.08
26.06.2026 11:00:00 +02:00,2221.92,2170.61,-51.32
26.06.2026 12:00:00 +02:00,2894.38,2138.81,-755.57
26.06.2026 13:00:00 +02:00,3554.33,2076.47,-1477.86
26.06.2026 14:00:00 +02:00,3109.25,2067.09,-1042.16
26.06.2026 15:00:00 +02:00,2019.00,2199.33,180.33
26.06.2026 16:00:00 +02:00,1554.34,2482.07,927.73
26.06.2026 17:00:00 +02:00,829.91,3632.46,2802.55
26.06.2026 18:00:00 +02:00,57.92,5056.07,4998.14
26.06.2026 19:00:00 +02:00,0.00,5902.20,5902.20
26.06.2026 20:00:00 +02:00,0.00,6051.63,6051.63
26.06.2026 21:00:00 +02:00,0.00,6287.81,6287.81
26.06.2026 22:00:00 +02:00,0.00,6086.68,6086.68
26.06.2026 23:00:00 +02:00,0.00,5586.57,5586.57
27.06.2026 00:00:00 +02:00,360.61,5004.23,4643.62
27.06.2026 01:00:00 +02:00,618.51,4820.53,4202.02
27.06.2026 02:00:00 +02:00,1028.90,4940.95,3912.05
27.06.2026 03:00:00 +02:00,1175.85,4798.33,3622.48
27.06.2026 04:00:00 +02:00,1154.45,4694.29,3539.83
27.06.2026 05:00:00 +02:00,1220.08,4601.39,3381.31
27.06.2026 06:00:00 +02:00,958.23,4380.05,3421.82
27.06.2026 07:00:00 +02:00,762.51,4018.55,3256.04
27.06.2026 08:00:00 +02:00,1063.65,3316.93,2253.28
27.06.2026 09:00:00 +02:00,1516.57,2160.19,643.62
27.06.2026 10:00:00 +02:00,2505.02,1862.74,-642.28
27.06.2026 11:00:00 +02:00,3187.38,1732.43,-1454.95
27.06.2026 12:00:00 +02:00,3272.75,1576.11,-1696.64
27.06.2026 13:00:00 +02:00,3226.67,1420.83,-1805.84
27.06.2026 14:00:00 +02:00,3271.18,1207.58,-2063.60
27.06.2026 15:00:00 +02:00,3031.09,1384.61,-1646.49
27.06.2026 16:00:00 +02:00,1677.86,1314.79,-363.07
27.06.2026 17:00:00 +02:00,703.75,2384.85,1681.10
27.06.2026 18:00:00 +02:00,12.44,4382.88,4370.44
27.06.2026 19:00:00 +02:00,0.00,6094.15,6094.15
27.06.2026 20:00:00 +02:00,0.00,6313.79,6313.79
27.06.2026 21:00:00 +02:00,0.00,6143.27,6143.27
27.06.2026 22:00:00 +02:00,0.00,6319.98,6319.98
27.06.2026 23:00:00 +02:00,0.00,6276.22,6276.22
28.06.2026 00:00:00 +02:00,0.00,4893.15,4893.15
28.06.2026 01:00:00 +02:00,23.69,4458.55,4434.87
28.06.2026 02:00:00 +02:00,8.69,4398.13,4389.44
28.06.2026 03:00:00 +02:00,233.77,3865.30,3631.54
28.06.2026 04:00:00 +02:00,447.83,3960.47,3512.64
28.06.2026 05:00:00 +02:00,996.00,4032.86,3036.86
28.06.2026 06:00:00 +02:00,1496.64,3877.90,2381.26
28.06.2026 07:00:00 +02:00,1229.46,2832.45,1602.99
28.06.2026 08:00:00 +02:00,1321.34,966.29,-355.05
28.06.2026 09:00:00 +02:00,2140.17,718.72,-1421.44
28.06.2026 10:00:00 +02:00,3367.54,1050.75,-2316.79
28.06.2026 11:00:00 +02:00,3719.68,1167.71,-2551.97
28.06.2026 12:00:00 +02:00,3241.43,912.23,-2329.20
28.06.2026 13:00:00 +02:00,3063.35,574.41,-2488.95
28.06.2026 14:00:00 +02:00,3154.17,318.69,-2835.48
28.06.2026 15:00:00 +02:00,3161.01,298.74,-2862.27
28.06.2026 16:00:00 +02:00,2698.19,264.88,-2433.31
28.06.2026 17:00:00 +02:00,894.40,462.61,-431.79
28.06.2026 18:00:00 +02:00,1.73,2232.49,2230.76
28.06.2026 19:00:00 +02:00,0.00,4595.89,4595.89
28.06.2026 20:00:00 +02:00,0.00,5237.49,5237.49
28.06.2026 21:00:00 +02:00,0.00,5759.61,5759.61
28.06.2026 22:00:00 +02:00,0.00,5568.85,5568.85
28.06.2026 23:00:00 +02:00,0.00,5158.27,5158.27
29.06.2026 00:00:00 +02:00,0.00,5645.86,5645.86
29.06.2026 01:00:00 +02:00,0.00,4510.14,4510.14
29.06.2026 02:00:00 +02:00,0.00,4274.28,4274.28
29.06.2026 03:00:00 +02:00,0.00,4128.15,4128.15
29.06.2026 04:00:00 +02:00,0.00,4384.77,4384.77
29.06.2026 05:00:00 +02:00,0.00,4348.70,4348.70
29.06.2026 06:00:00 +02:00,0.00,5233.54,5233.54
29.06.2026 07:00:00 +02:00,0.00,5738.19,5738.19
29.06.2026 08:00:00 +02:00,0.00,5860.02,5860.02
29.06.2026 09:00:00 +02:00,0.00,4343.09,4343.09
29.06.2026 10:00:00 +02:00,443.92,2693.56,2249.64
29.06.2026 11:00:00 +02:00,594.66,1881.83,1287.18
29.06.2026 12:00:00 +02:00,352.55,1980.80,1628.24
29.06.2026 13:00:00 +02:00,860.51,1945.50,1085.00
29.06.2026 14:00:00 +02:00,1055.06,2183.36,1128.30
29.06.2026 15:00:00 +02:00,634.64,2027.40,1392.76
29.06.2026 16:00:00 +02:00,630.83,2562.01,1931.18
29.06.2026 17:00:00 +02:00,622.52,3303.30,2680.78
29.06.2026 18:00:00 +02:00,214.03,4678.26,4464.24
29.06.2026 19:00:00 +02:00,0.00,5513.16,5513.16
29.06.2026 20:00:00 +02:00,0.00,6241.35,6241.35
29.06.2026 21:00:00 +02:00,0.00,6534.74,6534.74
29.06.2026 22:00:00 +02:00,0.00,6577.50,6577.50
29.06.2026 23:00:00 +02:00,0.00,6392.37,6392.37
30.06.2026 00:00:00 +02:00,21.62,4964.30,4942.68
30.06.2026 01:00:00 +02:00,96.02,4626.10,4530.08
30.06.2026 02:00:00 +02:00,0.00,4409.29,4409.29
30.06.2026 03:00:00 +02:00,9.90,4038.25,4028.36
30.06.2026 04:00:00 +02:00,0.00,4154.86,4154.86
30.06.2026 05:00:00 +02:00,0.34,4189.35,4189.02
30.06.2026 06:00:00 +02:00,0.00,5086.82,5086.82
30.06.2026 07:00:00 +02:00,0.00,5595.19,5595.19
30.06.2026 08:00:00 +02:00,0.00,5058.01,5058.01
30.06.2026 09:00:00 +02:00,15.24,3593.43,3578.19
30.06.2026 10:00:00 +02:00,17.04,2942.17,2925.13
30.06.2026 11:00:00 +02:00,45.69,2222.12,2176.44
30.06.2026 12:00:00 +02:00,392.70,1711.95,1319.25
30.06.2026 13:00:00 +02:00,629.94,1788.07,1158.13
30.06.2026 14:00:00 +02:00,144.52,1925.10,1780.58
30.06.2026 15:00:00 +02:00,0.00,2595.01,2595.01
30.06.2026 16:00:00 +02:00,0.00,3479.88,3479.88
30.06.2026 17:00:00 +02:00,0.00,4707.09,4707.09
30.06.2026 18:00:00 +02:00,0.00,5732.42,5732.42
30.06.2026 19:00:00 +02:00,0.00,6595.71,6595.71
30.06.2026 20:00:00 +02:00,0.00,6648.33,6648.33
30.06.2026 21:00:00 +02:00,0.00,6599.61,6599.61
30.06.2026 22:00:00 +02:00,0.00,6501.07,6501.07
30.06.2026 23:00:00 +02:00,0.00,6380.65,6380.65
01.07.2026 00:00:00 +02:00,0.00,6360.73,6360.73
01.07.2026 01:00:00 +02:00,0.00,6331.14,6331.14
01.07.2026 02:00:00 +02:00,0.00,5924.31,5924.31
01.07.2026 03:00:00 +02:00,0.00,5639.56,5639.56
01.07.2026 04:00:00 +02:00,0.00,5487.16,5487.16
01.07.2026 05:00:00 +02:00,0.00,5247.73,5247.73
01.07.2026 06:00:00 +02:00,0.00,5652.88,5652.88
01.07.2026 07:00:00 +02:00,0.00,6188.54,6188.54
01.07.2026 08:00:00 +02:00,0.00,6857.07,6857.07
01.07.2026 09:00:00 +02:00,0.00,6165.75,6165.75
01.07.2026 10:00:00 +02:00,0.00,5154.01,5154.01
01.07.2026 11:00:00 +02:00,81.80,4493.18,4411.39
01.07.2026 12:00:00 +02:00,89.09,3950.27,3861.18
01.07.2026 13:00:00 +02:00,398.54,4019.30,3620.76
01.07.2026 14:00:00 +02:00,709.10,4032.63,3323.53
01.07.2026 15:00:00 +02:00,608.45,3516.70,2908.25
01.07.2026 16:00:00 +02:00,383.26,3188.51,2805.25
01.07.2026 17:00:00 +02:00,0.00,3157.47,3157.47
01.07.2026 18:00:00 +02:00,0.00,4849.60,4849.60
01.07.2026 19:00:00 +02:00,0.00,5646.57,5646.57
01.07.2026 20:00:00 +02:00,13.85,5501.36,5487.51
01.07.2026 21:00:00 +02:00,77.13,5145.83,5068.70
01.07.2026 22:00:00 +02:00,436.39,5181.06,4744.67
01.07.2026 23:00:00 +02:00,848.92,5236.46,4387.55
02.07.2026 00:00:00 +02:00,533.67,5309.04,4775.37
02.07.2026 01:00:00 +02:00,945.83,5079.05,4133.23
02.07.2026 02:00:00 +02:00,1377.40,5107.29,3729.89
02.07.2026 03:00:00 +02:00,1397.21,5268.66,3871.45
02.07.2026 04:00:00 +02:00,1397.13,5213.45,3816.32
02.07.2026 05:00:00 +02:00,1389.58,5267.54,3877.96
02.07.2026 06:00:00 +02:00,1206.52,5325.08,4118.56
02.07.2026 07:00:00 +02:00,1197.65,5044.91,3847.25
02.07.2026 08:00:00 +02:00,1228.60,2820.89,1592.29
02.07.2026 09:00:00 +02:00,2455.92,727.59,-1728.33
02.07.2026 10:00:00 +02:00,3214.59,1215.15,-1999.44
02.07.2026 11:00:00 +02:00,4166.63,970.74,-3195.89
02.07.2026 12:00:00 +02:00,4262.24,1135.99,-3126.25
02.07.2026 13:00:00 +02:00,4299.03,994.41,-3304.62
02.07.2026 14:00:00 +02:00,4332.20,797.95,-3534.25
02.07.2026 15:00:00 +02:00,3373.96,662.78,-2711.18
02.07.2026 16:00:00 +02:00,3508.64,504.34,-3004.30
02.07.2026 17:00:00 +02:00,3212.80,612.03,-2600.78
02.07.2026 18:00:00 +02:00,3154.33,1052.48,-2101.85
02.07.2026 19:00:00 +02:00,2514.24,2213.42,-300.82
02.07.2026 20:00:00 +02:00,2305.05,3293.27,988.22
02.07.2026 21:00:00 +02:00,1772.76,3374.54,1601.78
02.07.2026 22:00:00 +02:00,1870.46,3379.38,1508.92
02.07.2026 23:00:00 +02:00,1922.76,3452.54,1529.78
03.07.2026 00:00:00 +02:00,1524.21,2676.72,1152.51
03.07.2026 01:00:00 +02:00,1606.46,2249.59,643.13
03.07.2026 02:00:00 +02:00,1638.09,2225.26,587.17
03.07.2026 03:00:00 +02:00,1640.91,2258.93,618.03
03.07.2026 04:00:00 +02:00,2086.62,2641.70,555.07
03.07.2026 05:00:00 +02:00,2181.61,2781.03,599.43
03.07.2026 06:00:00 +02:00,2109.48,2775.65,666.17
03.07.2026 07:00:00 +02:00,2387.85,3077.63,689.78
03.07.2026 08:00:00 +02:00,2754.48,2172.82,-581.66
03.07.2026 09:00:00 +02:00,3647.54,2132.81,-1514.73
03.07.2026 10:00:00 +02:00,3813.04,2015.86,-1797.18
03.07.2026 11:00:00 +02:00,3834.96,1942.37,-1892.59
03.07.2026 12:00:00 +02:00,3889.80,1896.08,-1993.72
03.07.2026 13:00:00 +02:00,4037.34,1789.35,-2247.99
03.07.2026 14:00:00 +02:00,3937.21,1794.45,-2142.76
03.07.2026 15:00:00 +02:00,4103.89,1793.36,-2310.52
03.07.2026 16:00:00 +02:00,4200.74,1840.69,-2360.05
03.07.2026 17:00:00 +02:00,4305.50,1880.92,-2424.57
03.07.2026 18:00:00 +02:00,3824.26,2011.81,-1812.45
03.07.2026 19:00:00 +02:00,2344.69,2960.63,615.94
03.07.2026 20:00:00 +02:00,1717.22,3772.71,2055.49
03.07.2026 21:00:00 +02:00,1323.34,3598.07,2274.74
03.07.2026 22:00:00 +02:00,1308.59,3526.74,2218.15
03.07.2026 23:00:00 +02:00,1335.04,3171.47,1836.43
04.07.2026 00:00:00 +02:00,2060.87,3293.86,1232.99
04.07.2026 01:00:00 +02:00,2389.18,3258.47,869.29
04.07.2026 02:00:00 +02:00,2368.73,2933.93,565.20
04.07.2026 03:00:00 +02:00,2320.50,3160.16,839.66
04.07.2026 04:00:00 +02:00,1864.53,2902.33,1037.80
04.07.2026 05:00:00 +02:00,1759.51,2383.13,623.62
04.07.2026 06:00:00 +02:00,1391.32,2078.44,687.13
04.07.2026 07:00:00 +02:00,1630.92,1519.33,-111.59
04.07.2026 08:00:00 +02:00,2735.16,505.90,-2229.25
04.07.2026 09:00:00 +02:00,3860.14,385.12,-3475.02
04.07.2026 10:00:00 +02:00,4336.96,442.15,-3894.81
04.07.2026 11:00:00 +02:00,4585.91,445.75,-4140.16
04.07.2026 12:00:00 +02:00,4487.92,449.78,-4038.14
04.07.2026 13:00:00 +02:00,4033.74,401.36,-3632.38
04.07.2026 14:00:00 +02:00,3575.89,388.30,-3187.59
04.07.2026 15:00:00 +02:00,3650.58,468.34,-3182.24
04.07.2026 16:00:00 +02:00,4030.85,684.92,-3345.92
04.07.2026 17:00:00 +02:00,3835.48,541.24,-3294.24
04.07.2026 18:00:00 +02:00,2490.94,782.94,-1708.00
04.07.2026 19:00:00 +02:00,1217.08,2347.71,1130.63
04.07.2026 20:00:00 +02:00,402.76,3631.11,3228.35
04.07.2026 21:00:00 +02:00,173.47,4311.95,4138.48
04.07.2026 22:00:00 +02:00,84.00,4153.93,4069.93
04.07.2026 23:00:00 +02:00,475.58,4199.43,3723.85
05.07.2026 00:00:00 +02:00,1313.82,3468.97,2155.15
05.07.2026 01:00:00 +02:00,1270.93,2773.25,1502.32
05.07.2026 02:00:00 +02:00,1456.66,2767.47,1310.81
05.07.2026 03:00:00 +02:00,1498.98,3041.45,1542.47
05.07.2026 04:00:00 +02:00,1200.41,2603.84,1403.44
05.07.2026 05:00:00 +02:00,1697.05,2974.63,1277.58
05.07.2026 06:00:00 +02:00,2275.14,2939.53,664.40
05.07.2026 07:00:00 +02:00,2225.94,2552.99,327.05
05.07.2026 08:00:00 +02:00,3083.46,1840.12,-1243.35
05.07.2026 09:00:00 +02:00,3744.08,1614.24,-2129.83
05.07.2026 10:00:00 +02:00,3886.07,1598.35,-2287.72
05.07.2026 11:00:00 +02:00,4015.25,1583.57,-2431.68
05.07.2026 12:00:00 +02:00,4083.98,1602.72,-2481.25
05.07.2026 13:00:00 +02:00,4136.02,1639.71,-2496.31
05.07.2026 14:00:00 +02:00,3924.02,1675.78,-2248.23
05.07.2026 15:00:00 +02:00,4042.34,1699.96,-2342.38
05.07.2026 16:00:00 +02:00,3891.82,1761.39,-2130.44
05.07.2026 17:00:00 +02:00,3747.45,1844.01,-1903.44
05.07.2026 18:00:00 +02:00,3006.54,1758.99,-1247.55
05.07.2026 19:00:00 +02:00,2514.62,2749.68,235.07
05.07.2026 20:00:00 +02:00,1353.80,3144.26,1790.46
05.07.2026 21:00:00 +02:00,849.00,3817.85,2968.85
05.07.2026 22:00:00 +02:00,692.13,4264.87,3572.74
05.07.2026 23:00:00 +02:00,893.88,4099.03,3205.16
06.07.2026 00:00:00 +02:00,771.73,4225.23,3453.50
06.07.2026 01:00:00 +02:00,800.70,3929.58,3128.88
06.07.2026 02:00:00 +02:00,887.77,3927.85,3040.08
06.07.2026 03:00:00 +02:00,992.65,3553.37,2560.72
06.07.2026 04:00:00 +02:00,1052.64,3695.61,2642.97
06.07.2026 05:00:00 +02:00,964.83,3736.05,2771.22
06.07.2026 06:00:00 +02:00,0.00,4641.17,4641.17
06.07.2026 07:00:00 +02:00,16.98,4578.02,4561.04
06.07.2026 08:00:00 +02:00,478.20,4127.51,3649.31
06.07.2026 09:00:00 +02:00,1640.32,2464.20,823.88
06.07.2026 10:00:00 +02:00,2407.89,1043.79,-1364.10
06.07.2026 11:00:00 +02:00,3921.89,965.50,-2956.39
06.07.2026 12:00:00 +02:00,4150.47,1027.62,-3122.85
06.07.2026 13:00:00 +02:00,4282.63,921.55,-3361.08
06.07.2026 14:00:00 +02:00,4220.01,1012.47,-3207.54
06.07.2026 15:00:00 +02:00,4206.05,932.00,-3274.05
06.07.2026 16:00:00 +02:00,3684.96,945.86,-2739.10
06.07.2026 17:00:00 +02:00,3049.74,1016.37,-2033.37
06.07.2026 18:00:00 +02:00,1812.05,1847.61,35.56
06.07.2026 19:00:00 +02:00,980.20,3735.66,2755.46
06.07.2026 20:00:00 +02:00,14.69,5388.92,5374.22
06.07.2026 21:00:00 +02:00,0.00,5747.16,5747.16
06.07.2026 22:00:00 +02:00,43.00,4985.38,4942.39
06.07.2026 23:00:00 +02:00,996.90,4079.85,3082.95
07.07.2026 00:00:00 +02:00,1409.38,3899.35,2489.97
07.07.2026 01:00:00 +02:00,1372.85,3654.72,2281.87
07.07.2026 02:00:00 +02:00,1402.46,3145.84,1743.38
07.07.2026 03:00:00 +02:00,1335.87,2696.52,1360.66
07.07.2026 04:00:00 +02:00,1227.53,2658.70,1431.17
07.07.2026 05:00:00 +02:00,1052.37,2938.05,1885.68
07.07.2026 06:00:00 +02:00,0.00,3886.96,3886.96
07.07.2026 07:00:00 +02:00,0.09,4019.38,4019.29
07.07.2026 08:00:00 +02:00,290.82,3857.04,3566.22
07.07.2026 09:00:00 +02:00,956.62,2408.20,1451.59
07.07.2026 10:00:00 +02:00,3061.90,1779.50,-1282.40
07.07.2026 11:00:00 +02:00,3482.64,1610.05,-1872.60
07.07.2026 12:00:00 +02:00,3723.30,1623.59,-2099.72
07.07.2026 13:00:00 +02:00,3547.80,1637.12,-1910.68
07.07.2026 14:00:00 +02:00,3711.42,1608.18,-2103.24
07.07.2026 15:00:00 +02:00,3556.70,1659.38,-1897.31
07.07.2026 16:00:00 +02:00,3612.50,1652.16,-1960.35
07.07.2026 17:00:00 +02:00,3827.12,1763.64,-2063.49
07.07.2026 18:00:00 +02:00,2590.76,1966.84,-623.93
07.07.2026 19:00:00 +02:00,1240.84,2505.81,1264.97
07.07.2026 20:00:00 +02:00,1501.93,3380.83,1878.90
07.07.2026 21:00:00 +02:00,1298.45,3398.06,2099.61
07.07.2026 22:00:00 +02:00,1387.79,2915.10,1527.31
07.07.2026 23:00:00 +02:00,1590.50,2889.37,1298.87
08.07.2026 00:00:00 +02:00,1170.00,2849.52,1679.52
08.07.2026 01:00:00 +02:00,1196.01,3041.53,1845.52
08.07.2026 02:00:00 +02:00,1145.42,2808.77,1663.35
08.07.2026 03:00:00 +02:00,1174.86,2752.43,1577.56
08.07.2026 04:00:00 +02:00,1253.93,2873.02,1619.09
08.07.2026 05:00:00 +02:00,1221.29,3590.98,2369.69
08.07.2026 06:00:00 +02:00,1160.85,3919.48,2758.63
08.07.2026 07:00:00 +02:00,1077.61,3428.48,2350.87
08.07.2026 08:00:00 +02:00,1298.92,2503.01,1204.09
08.07.2026 09:00:00 +02:00,1954.08,1996.87,42.79
08.07.2026 10:00:00 +02:00,2833.17,1890.83,-942.34
08.07.2026 11:00:00 +02:00,3188.98,1831.48,-1357.50
08.07.2026 12:00:00 +02:00,2755.30,1950.00,-805.30
08.07.2026 13:00:00 +02:00,2840.75,1958.13,-882.61
08.07.2026 14:00:00 +02:00,3318.89,1903.59,-1415.30
08.07.2026 15:00:00 +02:00,3373.38,1949.03,-1424.36
08.07.2026 16:00:00 +02:00,3267.70,1998.76,-1268.94
08.07.2026 17:00:00 +02:00,2520.74,2058.10,-462.64
08.07.2026 18:00:00 +02:00,1060.63,2610.46,1549.83
08.07.2026 19:00:00 +02:00,759.72,4400.46,3640.74
08.07.2026 20:00:00 +02:00,0.00,5153.95,5153.95
08.07.2026 21:00:00 +02:00,0.00,5311.91,5311.91
08.07.2026 22:00:00 +02:00,91.05,4909.80,4818.76
08.07.2026 23:00:00 +02:00,495.75,4762.60,4266.84
09.07.2026 00:00:00 +02:00,456.45,4592.67,4136.22
09.07.2026 01:00:00 +02:00,946.73,4619.61,3672.88
09.07.2026 02:00:00 +02:00,1337.70,4360.99,3023.28
09.07.2026 03:00:00 +02:00,1293.84,4360.56,3066.71
09.07.2026 04:00:00 +02:00,1107.70,4527.36,3419.66
09.07.2026 05:00:00 +02:00,407.46,4855.81,4448.35
09.07.2026 06:00:00 +02:00,0.00,6010.22,6010.22
09.07.2026 07:00:00 +02:00,0.00,6358.90,6358.90
09.07.2026 08:00:00 +02:00,112.34,5219.23,5106.89
09.07.2026 09:00:00 +02:00,1193.61,3902.57,2708.96
09.07.2026 10:00:00 +02:00,1372.55,2210.09,837.55
09.07.2026 11:00:00 +02:00,2600.28,1793.27,-807.02
09.07.2026 12:00:00 +02:00,3403.49,1909.79,-1493.70
09.07.2026 13:00:00 +02:00,3952.96,1909.84,-2043.12
09.07.2026 14:00:00 +02:00,4098.67,1891.32,-2207.36
09.07.2026 15:00:00 +02:00,3875.95,1965.44,-1910.52
09.07.2026 16:00:00 +02:00,2587.84,1931.74,-656.10
09.07.2026 17:00:00 +02:00,1045.45,2685.02,1639.57
09.07.2026 18:00:00 +02:00,362.44,4989.87,4627.43
09.07.2026 19:00:00 +02:00,0.00,6896.32,6896.32
09.07.2026 20:00:00 +02:00,0.00,6994.67,6994.67
09.07.2026 21:00:00 +02:00,0.00,6819.14,6819.14
09.07.2026 22:00:00 +02:00,0.00,7103.32,7103.32
09.07.2026 23:00:00 +02:00,0.00,7338.88,7338.88
10.07.2026 00:00:00 +02:00,0.00,7295.88,7295.88
10.07.2026 01:00:00 +02:00,0.00,6796.93,6796.93
10.07.2026 02:00:00 +02:00,0.00,6147.77,6147.77
10.07.2026 03:00:00 +02:00,0.00,5872.00,5872.00
10.07.2026 04:00:00 +02:00,0.00,5991.15,5991.15
10.07.2026 05:00:00 +02:00,0.00,6075.01,6075.01
10.07.2026 06:00:00 +02:00,0.00,5958.88,5958.88
10.07.2026 07:00:00 +02:00,0.00,5747.20,5747.20
10.07.2026 08:00:00 +02:00,247.17,4495.72,4248.55
10.07.2026 09:00:00 +02:00,870.96,3539.06,2668.10
10.07.2026 10:00:00 +02:00,1680.64,2064.28,383.64
10.07.2026 11:00:00 +02:00,3519.74,1913.04,-1606.70
10.07.2026 12:00:00 +02:00,3909.30,1843.22,-2066.08
10.07.2026 13:00:00 +02:00,3828.60,2032.10,-1796.50
10.07.2026 14:00:00 +02:00,3789.26,1986.47,-1802.79
10.07.2026 15:00:00 +02:00,3797.86,2014.97,-1782.89
10.07.2026 16:00:00 +02:00,2552.37,2098.41,-453.96
10.07.2026 17:00:00 +02:00,661.17,2697.63,2036.46
10.07.2026 18:00:00 +02:00,0.00,4876.11,4876.11
10.07.2026 19:00:00 +02:00,0.00,6811.97,6811.97
10.07.2026 20:00:00 +02:00,0.00,7111.94,7111.94
10.07.2026 21:00:00 +02:00,0.00,7027.20,7027.20
10.07.2026 22:00:00 +02:00,0.00,6880.25,6880.25
10.07.2026 23:00:00 +02:00,0.00,6605.68,6605.68
11.07.2026 00:00:00 +02:00,0.00,6833.16,6833.16
11.07.2026 01:00:00 +02:00,0.00,6591.75,6591.75
11.07.2026 02:00:00 +02:00,0.00,5799.58,5799.58
11.07.2026 03:00:00 +02:00,0.00,5655.34,5655.34
11.07.2026 04:00:00 +02:00,0.00,5554.89,5554.89
11.07.2026 05:00:00 +02:00,0.00,5155.49,5155.49
11.07.2026 06:00:00 +02:00,300.86,4884.02,4583.15
11.07.2026 07:00:00 +02:00,980.77,4002.67,3021.90
11.07.2026 08:00:00 +02:00,988.02,2876.20,1888.18
11.07.2026 09:00:00 +02:00,3041.14,2039.98,-1001.16
11.07.2026 10:00:00 +02:00,3900.55,1842.90,-2057.65
11.07.2026 11:00:00 +02:00,4037.53,1657.29,-2380.24
11.07.2026 12:00:00 +02:00,4276.90,1642.62,-2634.28
11.07.2026 13:00:00 +02:00,4415.23,1741.51,-2673.72
11.07.2026 14:00:00 +02:00,4473.84,1774.76,-2699.08
11.07.2026 15:00:00 +02:00,4398.94,1833.66,-2565.29
11.07.2026 16:00:00 +02:00,4323.04,1872.40,-2450.64
11.07.2026 17:00:00 +02:00,3042.76,2077.18,-965.58
11.07.2026 18:00:00 +02:00,932.38,3286.85,2354.47
11.07.2026 19:00:00 +02:00,25.41,5595.34,5569.93
11.07.2026 20:00:00 +02:00,0.00,6851.08,6851.08
11.07.2026 21:00:00 +02:00,0.00,6836.30,6836.30
11.07.2026 22:00:00 +02:00,0.00,6585.74,6585.74
11.07.2026 23:00:00 +02:00,9.90,5581.03,5571.13
12.07.2026 00:00:00 +02:00,1279.20,4641.02,3361.81
12.07.2026 01:00:00 +02:00,1301.11,4704.71,3403.60
12.07.2026 02:00:00 +02:00,1372.10,4405.62,3033.51
12.07.2026 03:00:00 +02:00,1443.95,4289.04,2845.09
12.07.2026 04:00:00 +02:00,1523.84,4318.85,2795.01
12.07.2026 05:00:00 +02:00,1367.03,4065.46,2698.42
12.07.2026 06:00:00 +02:00,1098.74,3017.48,1918.74
12.07.2026 07:00:00 +02:00,1310.95,1699.49,388.53
12.07.2026 08:00:00 +02:00,2760.10,1224.60,-1535.49
12.07.2026 09:00:00 +02:00,3582.00,932.26,-2649.74
12.07.2026 10:00:00 +02:00,3332.22,486.25,-2845.97
12.07.2026 11:00:00 +02:00,3312.02,435.83,-2876.19
12.07.2026 12:00:00 +02:00,3454.84,441.34,-3013.50
12.07.2026 13:00:00 +02:00,3900.63,373.06,-3527.58
12.07.2026 14:00:00 +02:00,4062.23,446.78,-3615.45
12.07.2026 15:00:00 +02:00,4093.31,388.30,-3705.01
12.07.2026 16:00:00 +02:00,3919.15,352.69,-3566.46
12.07.2026 17:00:00 +02:00,3465.63,290.93,-3174.70
12.07.2026 18:00:00 +02:00,1250.68,445.66,-805.02
12.07.2026 19:00:00 +02:00,16.37,2935.91,2919.53
12.07.2026 20:00:00 +02:00,0.00,5011.52,5011.52
12.07.2026 21:00:00 +02:00,0.00,5564.19,5564.19
12.07.2026 22:00:00 +02:00,5.51,5552.25,5546.74
12.07.2026 23:00:00 +02:00,37.24,4609.82,4572.59
13.07.2026 00:00:00 +02:00,579.59,4257.84,3678.25
13.07.2026 01:00:00 +02:00,550.64,3890.46,3339.82
13.07.2026 02:00:00 +02:00,724.52,3606.74,2882.22
13.07.2026 03:00:00 +02:00,456.54,3731.23,3274.69
13.07.2026 04:00:00 +02:00,199.99,3679.55,3479.57
13.07.2026 05:00:00 +02:00,0.79,4029.42,4028.63
13.07.2026 06:00:00 +02:00,0.41,4563.60,4563.19
13.07.2026 07:00:00 +02:00,24.06,4062.21,4038.15
13.07.2026 08:00:00 +02:00,8.68,3442.58,3433.89
13.07.2026 09:00:00 +02:00,335.13,2001.41,1666.28
13.07.2026 10:00:00 +02:00,2072.51,1643.62,-428.89
13.07.2026 11:00:00 +02:00,3077.67,1490.62,-1587.05
13.07.2026 12:00:00 +02:00,3246.55,1620.37,-1626.18
13.07.2026 13:00:00 +02:00,3281.59,1672.82,-1608.77
13.07.2026 14:00:00 +02:00,3206.07,1212.08,-1993.99
13.07.2026 15:00:00 +02:00,2800.96,726.94,-2074.02
13.07.2026 16:00:00 +02:00,1730.19,284.12,-1446.06
13.07.2026 17:00:00 +02:00,1022.29,1661.72,639.43
13.07.2026 18:00:00 +02:00,162.62,4173.49,4010.87
13.07.2026 19:00:00 +02:00,0.00,6064.62,6064.62
13.07.2026 20:00:00 +02:00,0.00,6300.21,6300.21
13.07.2026 21:00:00 +02:00,0.00,6258.04,6258.04
13.07.2026 22:00:00 +02:00,0.00,6163.54,6163.54
13.07.2026 23:00:00 +02:00,277.99,4936.61,4658.62
14.07.2026 00:00:00 +02:00,850.99,4501.35,3650.36
14.07.2026 01:00:00 +02:00,1268.27,4440.32,3172.05
14.07.2026 02:00:00 +02:00,1036.86,4396.03,3359.17
14.07.2026 03:00:00 +02:00,1140.09,4551.63,3411.53
14.07.2026 04:00:00 +02:00,991.71,4615.66,3623.95
14.07.2026 05:00:00 +02:00,914.79,4697.68,3782.89
14.07.2026 06:00:00 +02:00,0.00,4922.99,4922.99
14.07.2026 07:00:00 +02:00,0.00,5314.23,5314.23
14.07.2026 08:00:00 +02:00,290.42,4144.60,3854.17
14.07.2026 09:00:00 +02:00,771.44,2495.87,1724.42
14.07.2026 10:00:00 +02:00,1935.68,1757.68,-177.99
14.07.2026 11:00:00 +02:00,2961.72,1646.96,-1314.76
14.07.2026 12:00:00 +02:00,3744.75,1584.05,-2160.70
14.07.2026 13:00:00 +02:00,3892.58,1657.07,-2235.51
14.07.2026 14:00:00 +02:00,3855.53,1627.58,-2227.95
14.07.2026 15:00:00 +02:00,3519.43,1553.77,-1965.66
14.07.2026 16:00:00 +02:00,2733.85,1386.40,-1347.45
14.07.2026 17:00:00 +02:00,784.23,1691.13,906.90
14.07.2026 18:00:00 +02:00,14.87,3639.63,3624.77
14.07.2026 19:00:00 +02:00,0.00,5857.73,5857.73
14.07.2026 20:00:00 +02:00,0.00,6084.96,6084.96
14.07.2026 21:00:00 +02:00,0.00,6123.08,6123.08
14.07.2026 22:00:00 +02:00,0.00,6265.62,6265.62
14.07.2026 23:00:00 +02:00,0.00,5911.60,5911.60
15.07.2026 00:00:00 +02:00,0.00,5477.60,5477.60
15.07.2026 01:00:00 +02:00,40.41,4484.79,4444.38
15.07.2026 02:00:00 +02:00,526.64,4285.15,3758.51
15.07.2026 03:00:00 +02:00,865.55,4275.76,3410.20
15.07.2026 04:00:00 +02:00,306.25,4264.10,3957.85
15.07.2026 05:00:00 +02:00,0.00,4695.09,4695.09
15.07.2026 06:00:00 +02:00,0.00,5240.95,5240.95
15.07.2026 07:00:00 +02:00,0.00,5897.26,5897.26
15.07.2026 08:00:00 +02:00,15.17,5000.39,4985.21
15.07.2026 09:00:00 +02:00,404.28,3049.73,2645.45
15.07.2026 10:00:00 +02:00,1550.15,1642.00,91.85
15.07.2026 11:00:00 +02:00,2886.58,1467.13,-1419.44
15.07.2026 12:00:00 +02:00,3588.15,1457.00,-2131.15
15.07.2026 13:00:00 +02:00,3686.28,1446.51,-2239.76
15.07.2026 14:00:00 +02:00,3517.97,1451.96,-2066.01
15.07.2026 15:00:00 +02:00,3178.31,1456.17,-1722.14
15.07.2026 16:00:00 +02:00,2227.54,1555.21,-672.34
15.07.2026 17:00:00 +02:00,619.21,2280.01,1660.80
15.07.2026 18:00:00 +02:00,158.75,3945.32,3786.57
15.07.2026 19:00:00 +02:00,14.58,5672.24,5657.66
15.07.2026 20:00:00 +02:00,0.00,6205.87,6205.87
15.07.2026 21:00:00 +02:00,0.00,6282.55,6282.55
15.07.2026 22:00:00 +02:00,0.21,6104.07,6103.86
15.07.2026 23:00:00 +02:00,0.00,5997.32,5997.32
16.07.2026 00:00:00 +02:00,48.88,5190.14,5141.26
16.07.2026 01:00:00 +02:00,69.56,4867.60,4798.04
16.07.2026 02:00:00 +02:00,3.68,4879.10,4875.42
16.07.2026 03:00:00 +02:00,289.39,4817.99,4528.60
16.07.2026 04:00:00 +02:00,435.41,4731.93,4296.52
16.07.2026 05:00:00 +02:00,38.34,5012.74,4974.40
16.07.2026 06:00:00 +02:00,53.47,5158.43,5104.96
16.07.2026 07:00:00 +02:00,207.99,4865.80,4657.81
16.07.2026 08:00:00 +02:00,844.92,4452.00,3607.08
16.07.2026 09:00:00 +02:00,1471.46,4179.23,2707.77
16.07.2026 10:00:00 +02:00,1836.96,2549.06,712.11
16.07.2026 11:00:00 +02:00,2564.42,1801.82,-762.61
16.07.2026 12:00:00 +02:00,3150.24,1730.56,-1419.68
16.07.2026 13:00:00 +02:00,2943.34,1809.49,-1133.85
16.07.2026 14:00:00 +02:00,2605.87,1838.33,-767.55
16.07.2026 15:00:00 +02:00,1783.59,1845.73,62.14
16.07.2026 16:00:00 +02:00,663.86,2158.22,1494.36
16.07.2026 17:00:00 +02:00,240.52,3723.87,3483.35
16.07.2026 18:00:00 +02:00,63.42,5201.37,5137.95
16.07.2026 19:00:00 +02:00,0.00,5867.49,5867.49
16.07.2026 20:00:00 +02:00,0.00,6381.78,6381.78
16.07.2026 21:00:00 +02:00,89.15,5311.51,5222.35
16.07.2026 22:00:00 +02:00,111.08,5405.51,5294.43
16.07.2026 23:00:00 +02:00,132.47,5208.88,5076.41
17.07.2026 00:00:00 +02:00,73.86,4754.42,4680.57
17.07.2026 01:00:00 +02:00,529.00,4521.22,3992.21
17.07.2026 02:00:00 +02:00,1152.46,4631.67,3479.22
17.07.2026 03:00:00 +02:00,1649.58,4573.21,2923.62
17.07.2026 04:00:00 +02:00,1313.83,4590.14,3276.31
17.07.2026 05:00:00 +02:00,987.77,4472.71,3484.94
17.07.2026 06:00:00 +02:00,571.22,4310.47,3739.25
17.07.2026 07:00:00 +02:00,813.62,4159.56,3345.94
17.07.2026 08:00:00 +02:00,1417.75,4087.18,2669.44
17.07.2026 09:00:00 +02:00,1818.70,3450.49,1631.79
17.07.2026 10:00:00 +02:00,1875.58,2424.25,548.67
17.07.2026 11:00:00 +02:00,2360.04,1608.26,-751.78
17.07.2026 12:00:00 +02:00,3223.31,1647.93,-1575.38
17.07.2026 13:00:00 +02:00,3076.06,1678.00,-1398.06
17.07.2026 14:00:00 +02:00,3303.94,1669.89,-1634.05
17.07.2026 15:00:00 +02:00,3164.22,1746.45,-1417.77
17.07.2026 16:00:00 +02:00,2591.58,1795.88,-795.70
17.07.2026 17:00:00 +02:00,1583.84,2364.69,780.85
17.07.2026 18:00:00 +02:00,1002.72,3360.35,2357.63
17.07.2026 19:00:00 +02:00,780.11,4433.71,3653.60
17.07.2026 20:00:00 +02:00,665.02,4699.82,4034.80
17.07.2026 21:00:00 +02:00,355.30,4823.90,4468.60
17.07.2026 22:00:00 +02:00,542.65,4902.06,4359.41
17.07.2026 23:00:00 +02:00,996.50,4837.55,3841.05
18.07.2026 00:00:00 +02:00,915.76,4926.95,4011.19
18.07.2026 01:00:00 +02:00,1282.86,4878.10,3595.23
18.07.2026 02:00:00 +02:00,1511.26,4849.97,3338.71
18.07.2026 03:00:00 +02:00,1539.63,4495.76,2956.13
18.07.2026 04:00:00 +02:00,1499.89,4266.33,2766.44
18.07.2026 05:00:00 +02:00,1570.57,3404.89,1834.32
18.07.2026 06:00:00 +02:00,1535.05,3022.91,1487.86
18.07.2026 07:00:00 +02:00,1472.91,2630.06,1157.15
18.07.2026 08:00:00 +02:00,2690.97,2134.75,-556.21
18.07.2026 09:00:00 +02:00,3736.82,1893.00,-1843.83
18.07.2026 10:00:00 +02:00,4016.38,1679.10,-2337.29
18.07.2026 11:00:00 +02:00,4191.63,1614.28,-2577.36
18.07.2026 12:00:00 +02:00,4273.55,1619.02,-2654.53
18.07.2026 13:00:00 +02:00,4392.07,1588.11,-2803.97
18.07.2026 14:00:00 +02:00,4304.74,1592.41,-2712.33
18.07.2026 15:00:00 +02:00,4210.19,1707.46,-2502.73
18.07.2026 16:00:00 +02:00,4028.90,1633.92,-2394.98
18.07.2026 17:00:00 +02:00,3809.23,1435.78,-2373.46
18.07.2026 18:00:00 +02:00,3257.68,1779.32,-1478.36
18.07.2026 19:00:00 +02:00,1994.92,1889.99,-104.92
18.07.2026 20:00:00 +02:00,1279.39,2942.01,1662.62
18.07.2026 21:00:00 +02:00,1450.48,3593.82,2143.34
18.07.2026 22:00:00 +02:00,1699.82,3780.34,2080.52
18.07.2026 23:00:00 +02:00,1477.62,3769.90,2292.28
19.07.2026 00:00:00 +02:00,1466.07,3434.05,1967.98
19.07.2026 01:00:00 +02:00,1600.44,3001.13,1400.70
19.07.2026 02:00:00 +02:00,1662.92,1965.40,302.49
19.07.2026 03:00:00 +02:00,1753.92,1534.75,-219.17
19.07.2026 04:00:00 +02:00,2497.41,1903.05,-594.36
19.07.2026 05:00:00 +02:00,2454.39,1716.13,-738.26
19.07.2026 06:00:00 +02:00,2741.91,1131.65,-1610.26
19.07.2026 07:00:00 +02:00,3374.30,1098.69,-2275.61
19.07.2026 08:00:00 +02:00,3975.88,1330.28,-2645.59
19.07.2026 09:00:00 +02:00,4171.87,1486.85,-2685.03
19.07.2026 10:00:00 +02:00,4255.28,1491.49,-2763.79
19.07.2026 11:00:00 +02:00,4346.00,1491.28,-2854.72
19.07.2026 12:00:00 +02:00,3741.25,1491.75,-2249.50
19.07.2026 13:00:00 +02:00,3791.55,1477.53,-2314.03
19.07.2026 14:00:00 +02:00,3582.24,1135.45,-2446.79
19.07.2026 15:00:00 +02:00,3773.25,792.83,-2980.43
19.07.2026 16:00:00 +02:00,3868.83,694.81,-3174.02
19.07.2026 17:00:00 +02:00,3550.49,1129.00,-2421.49
19.07.2026 18:00:00 +02:00,3210.04,1533.69,-1676.35
19.07.2026 19:00:00 +02:00,2321.47,1737.31,-584.15
19.07.2026 20:00:00 +02:00,1537.63,2731.88,1194.25
19.07.2026 21:00:00 +02:00,1620.70,3273.79,1653.08
19.07.2026 22:00:00 +02:00,1490.48,3319.75,1829.27
19.07.2026 23:00:00 +02:00,1355.51,2760.64,1405.13
20.07.2026 00:00:00 +02:00,1381.03,3007.09,1626.07
20.07.2026 01:00:00 +02:00,1380.66,2772.55,1391.89
20.07.2026 02:00:00 +02:00,1276.81,2295.49,1018.67
20.07.2026 03:00:00 +02:00,1364.12,2259.46,895.33
20.07.2026 04:00:00 +02:00,1470.41,2332.72,862.31
20.07.2026 05:00:00 +02:00,1449.14,3382.91,1933.77
20.07.2026 06:00:00 +02:00,1489.69,4061.85,2572.16
20.07.2026 07:00:00 +02:00,1397.49,3133.08,1735.59
20.07.2026 08:00:00 +02:00,2241.34,1661.43,-579.90
20.07.2026 09:00:00 +02:00,3961.75,1557.66,-2404.09
20.07.2026 10:00:00 +02:00,4170.32,1560.60,-2609.72
20.07.2026 11:00:00 +02:00,4222.08,1685.68,-2536.40
20.07.2026 12:00:00 +02:00,4313.86,1790.85,-2523.01
20.07.2026 13:00:00 +02:00,4198.28,1757.83,-2440.45
20.07.2026 14:00:00 +02:00,4113.75,1726.55,-2387.20
20.07.2026 15:00:00 +02:00,3908.92,1715.34,-2193.58
20.07.2026 16:00:00 +02:00,4132.00,1605.77,-2526.23
20.07.2026 17:00:00 +02:00,3824.05,1520.20,-2303.85
20.07.2026 18:00:00 +02:00,2246.67,1662.35,-584.31
20.07.2026 19:00:00 +02:00,817.27,3236.66,2419.39
20.07.2026 20:00:00 +02:00,495.63,4211.10,3715.47
20.07.2026 21:00:00 +02:00,683.97,4255.23,3571.26
20.07.2026 22:00:00 +02:00,938.57,4138.92,3200.36
20.07.2026 23:00:00 +02:00,1299.99,4160.51,2860.53
21.07.2026 00:00:00 +02:00,1335.14,4107.93,2772.79
21.07.2026 01:00:00 +02:00,1308.29,4185.21,2876.92
21.07.2026 02:00:00 +02:00,1257.57,4263.43,3005.86
21.07.2026 03:00:00 +02:00,1402.52,3900.97,2498.45
21.07.2026 04:00:00 +02:00,1444.07,4228.04,2783.98
21.07.2026 05:00:00 +02:00,1401.56,4466.48,3064.92
21.07.2026 06:00:00 +02:00,1365.99,4651.90,3285.91
21.07.2026 07:00:00 +02:00,1116.11,4558.26,3442.16
21.07.2026 08:00:00 +02:00,1165.12,3118.32,1953.20
21.07.2026 09:00:00 +02:00,2451.59,2092.18,-359.40
21.07.2026 10:00:00 +02:00,3936.96,1855.52,-2081.45
21.07.2026 11:00:00 +02:00,4253.98,1770.59,-2483.39
21.07.2026 12:00:00 +02:00,4337.90,1748.36,-2589.54
21.07.2026 13:00:00 +02:00,4144.19,1836.60,-2307.59
21.07.2026 14:00:00 +02:00,4044.56,1883.34,-2161.22
21.07.2026 15:00:00 +02:00,3880.96,1890.65,-1990.31
21.07.2026 16:00:00 +02:00,3863.40,1893.51,-1969.89
21.07.2026 17:00:00 +02:00,3326.53,1938.37,-1388.16
21.07.2026 18:00:00 +02:00,1274.68,2656.64,1381.97
21.07.2026 19:00:00 +02:00,697.26,3871.47,3174.21
21.07.2026 20:00:00 +02:00,110.52,4487.81,4377.29
21.07.2026 21:00:00 +02:00,110.14,4656.16,4546.02
21.07.2026 22:00:00 +02:00,978.42,4528.53,3550.11
21.07.2026 23:00:00 +02:00,1543.51,4415.10,2871.59
22.07.2026 00:00:00 +02:00,1430.80,4549.46,3118.66
22.07.2026 01:00:00 +02:00,1580.45,4691.52,3111.07
22.07.2026 02:00:00 +02:00,1546.33,4414.64,2868.30
22.07.2026 03:00:00 +02:00,1547.75,3776.61,2228.86
22.07.2026 04:00:00 +02:00,1448.43,3155.95,1707.52
22.07.2026 05:00:00 +02:00,1336.07,2785.35,1449.28
22.07.2026 06:00:00 +02:00,1506.68,2632.26,1125.58
22.07.2026 07:00:00 +02:00,1612.14,2504.70,892.56
22.07.2026 08:00:00 +02:00,2222.47,2195.85,-26.62
22.07.2026 09:00:00 +02:00,3959.26,1902.70,-2056.56
22.07.2026 10:00:00 +02:00,4207.91,1928.27,-2279.64
22.07.2026 11:00:00 +02:00,4518.93,1971.43,-2547.51
22.07.2026 12:00:00 +02:00,4285.10,1987.76,-2297.33
22.07.2026 13:00:00 +02:00,4216.65,1990.90,-2225.75
22.07.2026 14:00:00 +02:00,4174.90,1980.27,-2194.63
22.07.2026 15:00:00 +02:00,4033.55,2026.17,-2007.38
22.07.2026 16:00:00 +02:00,4211.45,1964.95,-2246.50
22.07.2026 17:00:00 +02:00,3877.37,1883.86,-1993.51
22.07.2026 18:00:00 +02:00,3017.72,2129.52,-888.20
22.07.2026 19:00:00 +02:00,1593.10,2433.84,840.74
22.07.2026 20:00:00 +02:00,1335.51,3145.70,1810.20
22.07.2026 21:00:00 +02:00,1463.44,3619.46,2156.02
22.07.2026 22:00:00 +02:00,1765.10,3516.43,1751.33
22.07.2026 23:00:00 +02:00,1573.84,3074.52,1500.68
23.07.2026 00:00:00 +02:00,1492.08,3533.72,2041.64
23.07.2026 01:00:00 +02:00,1528.43,3318.47,1790.04
23.07.2026 02:00:00 +02:00,1565.22,3194.47,1629.25
23.07.2026 03:00:00 +02:00,1570.11,2869.11,1299.00
23.07.2026 04:00:00 +02:00,1588.57,3138.99,1550.42
23.07.2026 05:00:00 +02:00,1533.84,3814.21,2280.37
23.07.2026 06:00:00 +02:00,1366.94,4450.64,3083.70
23.07.2026 07:00:00 +02:00,1397.95,4639.28,3241.33
23.07.2026 08:00:00 +02:00,1437.39,4086.51,2649.12
23.07.2026 09:00:00 +02:00,1511.85,2374.44,862.59
23.07.2026 10:00:00 +02:00,2807.58,2113.87,-693.71
23.07.2026 11:00:00 +02:00,3659.76,1791.00,-1868.76
23.07.2026 12:00:00 +02:00,3865.79,1799.40,-2066.39
23.07.2026 13:00:00 +02:00,4058.53,1947.42,-2111.11
23.07.2026 14:00:00 +02:00,3988.45,2109.09,-1879.36
23.07.2026 15:00:00 +02:00,3888.27,2176.80,-1711.47
23.07.2026 16:00:00 +02:00,4131.13,2030.79,-2100.34
23.07.2026 17:00:00 +02:00,3248.97,1945.80,-1303.18
23.07.2026 18:00:00 +02:00,967.79,2805.53,1837.74
23.07.2026 19:00:00 +02:00,19.81,4720.51,4700.70
23.07.2026 20:00:00 +02:00,0.00,5885.85,5885.85
23.07.2026 21:00:00 +02:00,0.00,6008.99,6008.99
23.07.2026 22:00:00 +02:00,0.00,5783.18,5783.18
23.07.2026 23:00:00 +02:00,57.55,5450.76,5393.21
24.07.2026 00:00:00 +02:00,801.18,4963.60,4162.42
24.07.2026 01:00:00 +02:00,1039.73,4842.70,3802.96
24.07.2026 02:00:00 +02:00,1294.40,4807.19,3512.78
24.07.2026 03:00:00 +02:00,1423.80,4966.45,3542.65
24.07.2026 04:00:00 +02:00,1304.61,5025.59,3720.98
24.07.2026 05:00:00 +02:00,1334.55,4963.86,3629.31
24.07.2026 06:00:00 +02:00,1192.86,5006.30,3813.44
24.07.2026 07:00:00 +02:00,1197.37,5169.02,3971.66
24.07.2026 08:00:00 +02:00,1268.22,4517.50,3249.27
24.07.2026 09:00:00 +02:00,1452.70,2348.16,895.46
24.07.2026 10:00:00 +02:00,2998.25,1848.95,-1149.30
24.07.2026 11:00:00 +02:00,3888.22,1696.11,-2192.11
24.07.2026 12:00:00 +02:00,4070.21,1388.08,-2682.13
24.07.2026 13:00:00 +02:00,4181.72,1234.19,-2947.53
24.07.2026 14:00:00 +02:00,4092.00,757.55,-3334.45
24.07.2026 15:00:00 +02:00,3992.37,470.79,-3521.58
24.07.2026 16:00:00 +02:00,3738.37,622.44,-3115.93
24.07.2026 17:00:00 +02:00,2160.64,1657.92,-502.72
24.07.2026 18:00:00 +02:00,1536.03,3670.78,2134.75
24.07.2026 19:00:00 +02:00,1394.38,4657.80,3263.42
24.07.2026 20:00:00 +02:00,1379.89,4622.49,3242.60
24.07.2026 21:00:00 +02:00,1336.82,4831.43,3494.61
24.07.2026 22:00:00 +02:00,1295.95,4669.35,3373.41
24.07.2026 23:00:00 +02:00,1344.25,4692.65,3348.40
25.07.2026 00:00:00 +02:00,1442.99,4651.32,3208.33
25.07.2026 01:00:00 +02:00,1445.04,4708.36,3263.32
25.07.2026 02:00:00 +02:00,1611.76,4660.13,3048.36
25.07.2026 03:00:00 +02:00,1731.09,4764.35,3033.26
25.07.2026 04:00:00 +02:00,1624.94,4118.66,2493.72
25.07.2026 05:00:00 +02:00,1647.75,3789.32,2141.57
25.07.2026 06:00:00 +02:00,1612.68,2861.95,1249.26
25.07.2026 07:00:00 +02:00,1461.93,1238.10,-223.84
25.07.2026 08:00:00 +02:00,2259.54,432.20,-1827.35
25.07.2026 09:00:00 +02:00,3652.40,70.43,-3581.97
25.07.2026 10:00:00 +02:00,3934.29,200.56,-3733.73
25.07.2026 11:00:00 +02:00,4145.14,163.02,-3982.12
25.07.2026 12:00:00 +02:00,4329.81,210.25,-4119.57
25.07.2026 13:00:00 +02:00,4511.12,179.51,-4331.61
25.07.2026 14:00:00 +02:00,4298.83,244.86,-4053.97
25.07.2026 15:00:00 +02:00,4366.08,248.65,-4117.43
25.07.2026 16:00:00 +02:00,4030.21,126.10,-3904.11
25.07.2026 17:00:00 +02:00,3423.82,253.25,-3170.58
25.07.2026 18:00:00 +02:00,2067.01,906.51,-1160.50
25.07.2026 19:00:00 +02:00,1487.91,2739.19,1251.28
25.07.2026 20:00:00 +02:00,1560.80,4015.47,2454.66
25.07.2026 21:00:00 +02:00,1540.99,4268.34,2727.35
25.07.2026 22:00:00 +02:00,1748.14,4135.34,2387.20
25.07.2026 23:00:00 +02:00,1643.85,4252.13,2608.28
26.07.2026 00:00:00 +02:00,2049.20,3942.90,1893.70
26.07.2026 01:00:00 +02:00,2188.86,4016.58,1827.72
26.07.2026 02:00:00 +02:00,2242.02,4025.97,1783.95
26.07.2026 03:00:00 +02:00,2123.09,3969.36,1846.27
26.07.2026 04:00:00 +02:00,2275.27,3444.17,1168.90
26.07.2026 05:00:00 +02:00,2204.07,2752.16,548.08
26.07.2026 06:00:00 +02:00,2352.68,1093.48,-1259.19
26.07.2026 07:00:00 +02:00,2418.83,220.72,-2198.11
26.07.2026 08:00:00 +02:00,2727.55,69.06,-2658.49
26.07.2026 09:00:00 +02:00,3539.92,474.07,-3065.85
26.07.2026 10:00:00 +02:00,3901.75,186.84,-3714.91
26.07.2026 11:00:00 +02:00,4273.48,10.31,-4263.16
26.07.2026 12:00:00 +02:00,4375.83,2.04,-4373.79
26.07.2026 13:00:00 +02:00,4524.97,1.47,-4523.50
26.07.2026 14:00:00 +02:00,4622.16,0.00,-4622.16
26.07.2026 15:00:00 +02:00,4845.76,14.67,-4831.09
26.07.2026 16:00:00 +02:00,4592.17,35.21,-4556.96
26.07.2026 17:00:00 +02:00,3794.46,280.21,-3514.26
26.07.2026 18:00:00 +02:00,1908.10,301.80,-1606.30
26.07.2026 19:00:00 +02:00,930.49,1231.85,301.36
26.07.2026 20:00:00 +02:00,1454.16,2434.35,980.19
26.07.2026 21:00:00 +02:00,1443.68,3050.29,1606.61
26.07.2026 22:00:00 +02:00,1568.98,2308.61,739.63
26.07.2026 23:00:00 +02:00,2074.66,1968.57,-106.09
27.07.2026 00:00:00 +02:00,2948.20,1517.33,-1430.87
27.07.2026 01:00:00 +02:00,2883.53,1583.80,-1299.73
27.07.2026 02:00:00 +02:00,2691.60,1810.14,-881.47
27.07.2026 03:00:00 +02:00,2328.08,1944.46,-383.62
27.07.2026 04:00:00 +02:00,2157.78,1984.95,-172.83
27.07.2026 05:00:00 +02:00,1993.74,1934.36,-59.38
27.07.2026 06:00:00 +02:00,1656.24,1843.82,187.58
27.07.2026 07:00:00 +02:00,1890.84,1790.82,-100.02
27.07.2026 08:00:00 +02:00,2462.69,1715.29,-747.40
27.07.2026 09:00:00 +02:00,2981.12,1720.92,-1260.20
27.07.2026 10:00:00 +02:00,2968.76,1810.49,-1158.27
27.07.2026 11:00:00 +02:00,3936.37,1816.61,-2119.77
27.07.2026 12:00:00 +02:00,4057.24,1834.58,-2222.66
27.07.2026 13:00:00 +02:00,3924.95,1789.53,-2135.42
27.07.2026 14:00:00 +02:00,3994.82,1804.93,-2189.88
27.07.2026 15:00:00 +02:00,4021.58,1789.90,-2231.68
27.07.2026 16:00:00 +02:00,3766.26,1817.32,-1948.95
27.07.2026 17:00:00 +02:00,3140.79,1874.85,-1265.94
27.07.2026 18:00:00 +02:00,2009.79,2034.80,25.01
27.07.2026 19:00:00 +02:00,1524.20,3175.23,1651.03
27.07.2026 20:00:00 +02:00,1431.92,3959.54,2527.62
27.07.2026 21:00:00 +02:00,1471.92,4572.46,3100.54
27.07.2026 22:00:00 +02:00,1613.32,4722.38,3109.06
27.07.2026 23:00:00 +02:00,1557.80,4663.97,3106.17
28.07.2026 00:00:00 +02:00,1881.40,4569.83,2688.43
28.07.2026 01:00:00 +02:00,1947.25,4485.96,2538.71
28.07.2026 02:00:00 +02:00,2004.01,4564.55,2560.55
28.07.2026 03:00:00 +02:00,2053.95,4407.94,2354.00
28.07.2026 04:00:00 +02:00,1994.17,4186.40,2192.23
28.07.2026 05:00:00 +02:00,2004.53,4083.15,2078.63
28.07.2026 06:00:00 +02:00,1810.95,4424.71,2613.77
28.07.2026 07:00:00 +02:00,1652.60,4481.73,2829.13
28.07.2026 08:00:00 +02:00,1561.66,3199.95,1638.29
28.07.2026 09:00:00 +02:00,2917.73,1868.36,-1049.38
28.07.2026 10:00:00 +02:00,4393.44,1643.06,-2750.38
28.07.2026 11:00:00 +02:00,4709.33,1508.41,-3200.92
28.07.2026 12:00:00 +02:00,4568.66,1470.17,-3098.50
28.07.2026 13:00:00 +02:00,4366.12,1481.23,-2884.89
28.07.2026 14:00:00 +02:00,4456.21,1435.25,-3020.95
28.07.2026 15:00:00 +02:00,4235.29,1028.34,-3206.94
28.07.2026 16:00:00 +02:00,4071.60,632.92,-3438.68
28.07.2026 17:00:00 +02:00,2728.65,1273.33,-1455.32
28.07.2026 18:00:00 +02:00,1464.63,3383.40,1918.77
28.07.2026 19:00:00 +02:00,1426.75,4399.09,2972.34
28.07.2026 20:00:00 +02:00,1231.54,4736.94,3505.40
28.07.2026 21:00:00 +02:00,1215.26,4525.38,3310.12
28.07.2026 22:00:00 +02:00,1416.89,4354.98,2938.09
28.07.2026 23:00:00 +02:00,1481.96,4319.55,2837.58
29.07.2026 00:00:00 +02:00,1378.40,4570.48,3192.08
29.07.2026 01:00:00 +02:00,1272.27,4577.27,3304.99
29.07.2026 02:00:00 +02:00,1376.30,4304.33,2928.03
29.07.2026 03:00:00 +02:00,1424.48,4166.73,2742.25
29.07.2026 04:00:00 +02:00,1530.69,4227.06,2696.37
29.07.2026 05:00:00 +02:00,1277.46,4576.51,3299.05
29.07.2026 06:00:00 +02:00,1501.66,4565.95,3064.30
29.07.2026 07:00:00 +02:00,1428.72,4410.54,2981.82
29.07.2026 08:00:00 +02:00,1422.31,3617.70,2195.38
29.07.2026 09:00:00 +02:00,2336.21,1805.09,-531.12
29.07.2026 10:00:00 +02:00,4016.37,1654.21,-2362.16
29.07.2026 11:00:00 +02:00,4420.38,1692.77,-2727.61
29.07.2026 12:00:00 +02:00,4335.66,1677.17,-2658.48
29.07.2026 13:00:00 +02:00,4502.83,1646.45,-2856.39
29.07.2026 14:00:00 +02:00,4554.04,1708.47,-2845.57
29.07.2026 15:00:00 +02:00,4190.92,1720.37,-2470.54
29.07.2026 16:00:00 +02:00,3543.98,1658.50,-1885.48
29.07.2026 17:00:00 +02:00,1646.50,2056.34,409.84
29.07.2026 18:00:00 +02:00,1443.18,4060.96,2617.78
29.07.2026 19:00:00 +02:00,1025.54,4587.65,3562.11
29.07.2026 20:00:00 +02:00,1036.28,4596.97,3560.69
29.07.2026 21:00:00 +02:00,1172.02,4634.75,3462.73
29.07.2026 22:00:00 +02:00,1348.34,4500.43,3152.09
29.07.2026 23:00:00 +02:00,1423.75,4131.19,2707.44
30.07.2026 00:00:00 +02:00,1518.29,4071.23,2552.94
30.07.2026 01:00:00 +02:00,1661.80,4209.57,2547.78
30.07.2026 02:00:00 +02:00,1586.38,4206.28,2619.91
30.07.2026 03:00:00 +02:00,1542.72,3962.82,2420.10
30.07.2026 04:00:00 +02:00,1733.19,3418.79,1685.60
30.07.2026 05:00:00 +02:00,1804.06,3827.92,2023.86
30.07.2026 06:00:00 +02:00,1641.58,4217.33,2575.75
30.07.2026 07:00:00 +02:00,1206.91,4113.74,2906.84
30.07.2026 08:00:00 +02:00,1306.27,2836.74,1530.48
30.07.2026 09:00:00 +02:00,2100.79,1801.28,-299.51
30.07.2026 10:00:00 +02:00,3783.86,1774.72,-2009.14
30.07.2026 11:00:00 +02:00,4097.43,1683.02,-2414.41
30.07.2026 12:00:00 +02:00,4216.66,1682.90,-2533.76
30.07.2026 13:00:00 +02:00,4279.11,1669.20,-2609.91
30.07.2026 14:00:00 +02:00,4274.98,1632.63,-2642.35
30.07.2026 15:00:00 +02:00,4013.02,1613.04,-2399.98
30.07.2026 16:00:00 +02:00,2945.12,1416.47,-1528.65
30.07.2026 17:00:00 +02:00,1439.60,2175.37,735.77
30.07.2026 18:00:00 +02:00,1434.42,3826.17,2391.75
30.07.2026 19:00:00 +02:00,951.08,4742.12,3791.04
30.07.2026 20:00:00 +02:00,1117.38,4861.03,3743.65
30.07.2026 21:00:00 +02:00,1247.79,4645.45,3397.66
30.07.2026 22:00:00 +02:00,1381.29,4632.75,3251.47
30.07.2026 23:00:00 +02:00,1433.36,4646.97,3213.60
31.07.2026 00:00:00 +02:00,1678.45,4448.77,2770.32
31.07.2026 01:00:00 +02:00,1514.77,4285.02,2770.26
31.07.2026 02:00:00 +02:00,1496.95,4377.09,2880.14
31.07.2026 03:00:00 +02:00,1561.25,4461.82,2900.57
31.07.2026 04:00:00 +02:00,1577.08,4372.34,2795.26
31.07.2026 05:00:00 +02:00,1410.07,4775.37,3365.29
31.07.2026 06:00:00 +02:00,1256.06,4860.79,3604.73
31.07.2026 07:00:00 +02:00,1225.36,4987.58,3762.22
31.07.2026 08:00:00 +02:00,1229.77,4734.20,3504.43
31.07.2026 09:00:00 +02:00,1277.18,2953.91,1676.73
31.07.2026 10:00:00 +02:00,2098.16,1952.24,-145.92
31.07.2026 11:00:00 +02:00,3566.73,1987.32,-1579.41
31.07.2026 12:00:00 +02:00,3814.11,1970.30,-1843.81
31.07.2026 13:00:00 +02:00,3955.05,1852.72,-2102.33
31.07.2026 14:00:00 +02:00,3751.09,2015.39,-1735.69
31.07.2026 15:00:00 +02:00,3026.13,2057.04,-969.09
31.07.2026 16:00:00 +02:00,1806.74,2323.83,517.09
31.07.2026 17:00:00 +02:00,1268.27,4074.26,2805.98
31.07.2026 18:00:00 +02:00,1030.20,4932.50,3902.30
31.07.2026 19:00:00 +02:00,1045.62,4821.99,3776.38
31.07.2026 20:00:00 +02:00,1032.44,4992.99,3960.55
31.07.2026 21:00:00 +02:00,1066.90,5076.23,4009.33
31.07.2026 22:00:00 +02:00,1118.02,4944.14,3826.12
31.07.2026 23:00:00 +02:00,1163.63,4933.67,3770.04
01.08.2026 00:00:00 +02:00,1219.29,4980.50,3761.21
01.08.2026 01:00:00 +02:00,1150.62,5056.15,3905.53
01.08.2026 02:00:00 +02:00,1104.15,4961.43,3857.28
01.08.2026 03:00:00 +02:00,1185.06,5022.02,3836.96
01.08.2026 04:00:00 +02:00,1203.47,5107.64,3904.17
01.08.2026 05:00:00 +02:00,1182.99,5082.33,3899.34
01.08.2026 06:00:00 +02:00,1182.15,5143.50,3961.35
01.08.2026 07:00:00 +02:00,1035.11,4883.79,3848.68
01.08.2026 08:00:00 +02:00,1003.08,4316.10,3313.02
01.08.2026 09:00:00 +02:00,1210.11,3089.33,1879.22
01.08.2026 10:00:00 +02:00,2081.56,2214.62,133.05
01.08.2026 11:00:00 +02:00,2851.11,1612.48,-1238.64
01.08.2026 12:00:00 +02:00,3406.32,1401.93,-2004.39
01.08.2026 13:00:00 +02:00,3671.04,1453.49,-2217.55
01.08.2026 14:00:00 +02:00,3814.67,1481.55,-2333.11
01.08.2026 15:00:00 +02:00,3799.14,916.72,-2882.42
01.08.2026 16:00:00 +02:00,3425.32,922.70,-2502.62
01.08.2026 17:00:00 +02:00,2128.12,1404.62,-723.50
01.08.2026 18:00:00 +02:00,1142.12,3629.25,2487.14
01.08.2026 19:00:00 +02:00,1030.74,4818.90,3788.16
01.08.2026 20:00:00 +02:00,1006.99,4850.61,3843.61
01.08.2026 21:00:00 +02:00,1162.15,4894.26,3732.11
01.08.2026 22:00:00 +02:00,1214.76,4731.41,3516.64
01.08.2026 23:00:00 +02:00,1365.32,4659.93,3294.61
02.08.2026 00:00:00 +02:00,1588.43,4537.10,2948.67
02.08.2026 01:00:00 +02:00,1330.55,4456.63,3126.08
02.08.2026 02:00:00 +02:00,1133.72,4471.07,3337.35
02.08.2026 03:00:00 +02:00,1215.76,4596.32,3380.56
02.08.2026 04:00:00 +02:00,1132.08,4444.42,3312.34
02.08.2026 05:00:00 +02:00,1095.92,4562.29,3466.37
02.08.2026 06:00:00 +02:00,1131.91,4137.61,3005.70
02.08.2026 07:00:00 +02:00,1051.80,3769.40,2717.61
02.08.2026 08:00:00 +02:00,1470.11,2505.57,1035.46
02.08.2026 09:00:00 +02:00,3297.20,2103.97,-1193.23
02.08.2026 10:00:00 +02:00,4274.13,1816.54,-2457.59
02.08.2026 11:00:00 +02:00,4430.11,1567.62,-2862.49
02.08.2026 12:00:00 +02:00,4491.73,1508.64,-2983.09
02.08.2026 13:00:00 +02:00,4457.75,1546.90,-2910.85
02.08.2026 14:00:00 +02:00,4338.59,1492.73,-2845.85
02.08.2026 15:00:00 +02:00,4355.17,1681.68,-2673.48
02.08.2026 16:00:00 +02:00,3913.98,1825.06,-2088.92
02.08.2026 17:00:00 +02:00,2904.28,1903.69,-1000.58
02.08.2026 18:00:00 +02:00,1515.11,3245.95,1730.84
02.08.2026 19:00:00 +02:00,1194.77,4718.14,3523.36
02.08.2026 20:00:00 +02:00,1165.13,5123.59,3958.46
02.08.2026 21:00:00 +02:00,1175.69,5122.20,3946.51
02.08.2026 22:00:00 +02:00,1201.02,5130.48,3929.46
02.08.2026 23:00:00 +02:00,1281.57,4389.38,3107.81
03.08.2026 00:00:00 +02:00,1124.45,3752.93,2628.47
03.08.2026 01:00:00 +02:00,1097.87,3725.57,2627.70
03.08.2026 02:00:00 +02:00,1146.12,3902.78,2756.66
03.08.2026 03:00:00 +02:00,1219.15,3558.94,2339.79
03.08.2026 04:00:00 +02:00,1168.48,3728.51,2560.03
03.08.2026 05:00:00 +02:00,1115.31,4049.14,2933.84
03.08.2026 06:00:00 +02:00,1191.69,4697.93,3506.24
03.08.2026 07:00:00 +02:00,1159.24,4669.22,3509.98
03.08.2026 08:00:00 +02:00,1221.26,3847.54,2626.28
03.08.2026 09:00:00 +02:00,1387.45,2441.51,1054.06
03.08.2026 10:00:00 +02:00,2672.95,2173.25,-499.71
03.08.2026 11:00:00 +02:00,3877.91,2101.13,-1776.78
03.08.2026 12:00:00 +02:00,4270.39,1918.07,-2352.32
03.08.2026 13:00:00 +02:00,4136.04,2048.38,-2087.66
03.08.2026 14:00:00 +02:00,3942.95,1979.04,-1963.91
03.08.2026 15:00:00 +02:00,3431.07,1935.04,-1496.03
03.08.2026 16:00:00 +02:00,2571.37,2008.68,-562.69
03.08.2026 17:00:00 +02:00,1215.89,2844.71,1628.83
03.08.2026 18:00:00 +02:00,1259.52,4302.50,3042.98
03.08.2026 19:00:00 +02:00,226.13,4999.80,4773.67
03.08.2026 20:00:00 +02:00,143.10,4926.32,4783.22
03.08.2026 21:00:00 +02:00,218.72,4862.39,4643.67
03.08.2026 22:00:00 +02:00,942.26,4863.79,3921.53
03.08.2026 23:00:00 +02:00,1060.40,4581.66,3521.26
04.08.2026 00:00:00 +02:00,1147.36,4151.41,3004.05
04.08.2026 01:00:00 +02:00,1159.05,3692.88,2533.83
04.08.2026 02:00:00 +02:00,1141.06,3406.65,2265.58
04.08.2026 03:00:00 +02:00,1135.86,3221.61,2085.75
04.08.2026 04:00:00 +02:00,1120.38,3420.24,2299.87
04.08.2026 05:00:00 +02:00,1070.63,4257.30,3186.66
04.08.2026 06:00:00 +02:00,1049.85,4495.92,3446.07
04.08.2026 07:00:00 +02:00,1052.85,4752.47,3699.62
04.08.2026 08:00:00 +02:00,1205.08,4369.00,3163.92
04.08.2026 09:00:00 +02:00,1016.33,2735.12,1718.79
04.08.2026 10:00:00 +02:00,2519.56,1846.50,-673.06
04.08.2026 11:00:00 +02:00,3865.91,1755.10,-2110.81
04.08.2026 12:00:00 +02:00,4262.99,1707.92,-2555.07
04.08.2026 13:00:00 +02:00,4366.33,1622.81,-2743.52
04.08.2026 14:00:00 +02:00,4314.71,1527.28,-2787.43
04.08.2026 15:00:00 +02:00,3824.45,1793.58,-2030.88
04.08.2026 16:00:00 +02:00,2503.30,1496.91,-1006.39
04.08.2026 17:00:00 +02:00,1353.10,2768.24,1415.14
04.08.2026 18:00:00 +02:00,1265.99,4157.96,2891.97
04.08.2026 19:00:00 +02:00,430.44,4599.60,4169.16
04.08.2026 20:00:00 +02:00,814.33,4674.49,3860.17
04.08.2026 21:00:00 +02:00,1132.48,4703.71,3571.23
04.08.2026 22:00:00 +02:00,1273.97,4742.92,3468.95
04.08.2026 23:00:00 +02:00,1193.15,4703.00,3509.85
05.08.2026 00:00:00 +02:00,1268.02,4652.46,3384.44
05.08.2026 01:00:00 +02:00,1264.87,4709.86,3444.99
05.08.2026 02:00:00 +02:00,1183.10,4339.47,3156.37
05.08.2026 03:00:00 +02:00,1202.36,3930.11,2727.75
05.08.2026 04:00:00 +02:00,1404.20,4062.93,2658.73
05.08.2026 05:00:00 +02:00,1344.90,3754.90,2410.01
05.08.2026 06:00:00 +02:00,1361.78,3529.12,2167.33
05.08.2026 07:00:00 +02:00,1251.70,3700.72,2449.03
05.08.2026 08:00:00 +02:00,1180.35,2143.10,962.75
05.08.2026 09:00:00 +02:00,2058.66,573.56,-1485.10
05.08.2026 10:00:00 +02:00,3919.09,462.01,-3457.08
05.08.2026 11:00:00 +02:00,4642.69,575.53,-4067.15
05.08.2026 12:00:00 +02:00,5183.68,588.89,-4594.80
05.08.2026 13:00:00 +02:00,5139.06,588.14,-4550.92
05.08.2026 14:00:00 +02:00,5172.83,580.69,-4592.14
05.08.2026 15:00:00 +02:00,5126.73,559.48,-4567.25
05.08.2026 16:00:00 +02:00,5104.43,553.89,-4550.54
05.08.2026 17:00:00 +02:00,3881.66,421.46,-3460.20
05.08.2026 18:00:00 +02:00,2319.46,1260.85,-1058.61
05.08.2026 19:00:00 +02:00,1320.37,2523.91,1203.54
05.08.2026 20:00:00 +02:00,1151.83,3676.32,2524.49
05.08.2026 21:00:00 +02:00,1219.26,4385.08,3165.82
05.08.2026 22:00:00 +02:00,1139.53,5006.24,3866.71
05.08.2026 23:00:00 +02:00,1102.84,4884.73,3781.88
06.08.2026 00:00:00 +02:00,1187.84,4381.59,3193.76
06.08.2026 01:00:00 +02:00,1119.28,3826.51,2707.22
06.08.2026 02:00:00 +02:00,1186.26,3202.35,2016.09
06.08.2026 03:00:00 +02:00,1458.20,2777.18,1318.99
06.08.2026 04:00:00 +02:00,1673.65,2342.35,668.70
06.08.2026 05:00:00 +02:00,1246.67,2609.57,1362.90
06.08.2026 06:00:00 +02:00,1326.19,2959.17,1632.98
06.08.2026 07:00:00 +02:00,1380.37,2734.87,1354.50
06.08.2026 08:00:00 +02:00,1858.57,2027.20,168.63
06.08.2026 09:00:00 +02:00,3154.81,923.23,-2231.58
06.08.2026 10:00:00 +02:00,3794.96,533.23,-3261.74
06.08.2026 11:00:00 +02:00,3871.37,972.27,-2899.10
06.08.2026 12:00:00 +02:00,4043.92,1292.71,-2751.21
06.08.2026 13:00:00 +02:00,4258.99,1651.73,-2607.26
06.08.2026 14:00:00 +02:00,4310.55,1625.44,-2685.11
06.08.2026 15:00:00 +02:00,4216.54,1668.34,-2548.20
06.08.2026 16:00:00 +02:00,4222.72,1753.59,-2469.12
06.08.2026 17:00:00 +02:00,3812.43,1857.95,-1954.48
06.08.2026 18:00:00 +02:00,2778.50,1967.59,-810.91
06.08.2026 19:00:00 +02:00,1747.23,2812.04,1064.81
06.08.2026 20:00:00 +02:00,1503.10,3283.16,1780.06
06.08.2026 21:00:00 +02:00,1452.62,3723.30,2270.68
06.08.2026 22:00:00 +02:00,1465.85,3891.65,2425.80
06.08.2026 23:00:00 +02:00,1419.42,3856.78,2437.36
07.08.2026 00:00:00 +02:00,1669.74,3831.25,2161.51
07.08.2026 01:00:00 +02:00,1714.40,3756.36,2041.96
07.08.2026 02:00:00 +02:00,1782.43,3395.87,1613.43
07.08.2026 03:00:00 +02:00,1710.77,3164.57,1453.80
07.08.2026 04:00:00 +02:00,1652.46,2881.08,1228.62
07.08.2026 05:00:00 +02:00,1731.29,3366.52,1635.23
07.08.2026 06:00:00 +02:00,1506.61,3935.78,2429.17
07.08.2026 07:00:00 +02:00,1445.81,3993.72,2547.91
07.08.2026 08:00:00 +02:00,1632.07,3252.90,1620.84
07.08.2026 09:00:00 +02:00,1916.85,1922.77,5.92
07.08.2026 10:00:00 +02:00,3097.62,1090.21,-2007.41
07.08.2026 11:00:00 +02:00,3547.54,602.23,-2945.31
07.08.2026 12:00:00 +02:00,4020.69,356.62,-3664.07
07.08.2026 13:00:00 +02:00,4029.08,355.03,-3674.04
07.08.2026 14:00:00 +02:00,3924.04,377.15,-3546.90
07.08.2026 15:00:00 +02:00,3799.83,431.04,-3368.79
07.08.2026 16:00:00 +02:00,3180.60,389.62,-2790.98
07.08.2026 17:00:00 +02:00,1815.99,743.15,-1072.84
07.08.2026 18:00:00 +02:00,1347.90,2570.12,1222.22
07.08.2026 19:00:00 +02:00,1312.85,3837.50,2524.65
07.08.2026 20:00:00 +02:00,1262.90,4683.52,3420.62
07.08.2026 21:00:00 +02:00,1168.17,4817.89,3649.72
07.08.2026 22:00:00 +02:00,1331.29,4784.20,3452.91
07.08.2026 23:00:00 +02:00,1377.57,4849.90,3472.33
08.08.2026 00:00:00 +02:00,1690.43,4311.65,2621.22
08.08.2026 01:00:00 +02:00,1662.58,3934.09,2271.51
08.08.2026 02:00:00 +02:00,1784.84,3655.41,1870.58
08.08.2026 03:00:00 +02:00,1837.66,3344.74,1507.09
08.08.2026 04:00:00 +02:00,1816.29,3442.77,1626.49
08.08.2026 05:00:00 +02:00,1799.24,3514.01,1714.77
08.08.2026 06:00:00 +02:00,1728.30,3514.53,1786.23
08.08.2026 07:00:00 +02:00,1638.66,3297.38,1658.71
08.08.2026 08:00:00 +02:00,1710.54,2149.98,439.43
08.08.2026 09:00:00 +02:00,2978.13,1118.72,-1859.40
08.08.2026 10:00:00 +02:00,3690.53,682.98,-3007.55
08.08.2026 11:00:00 +02:00,4174.94,234.76,-3940.18
08.08.2026 12:00:00 +02:00,4415.10,71.60,-4343.50
08.08.2026 13:00:00 +02:00,4930.11,0.00,-4930.11
08.08.2026 14:00:00 +02:00,5228.46,2.90,-5225.56
08.08.2026 15:00:00 +02:00,4718.10,76.56,-4641.55
08.08.2026 16:00:00 +02:00,4089.96,135.94,-3954.03
08.08.2026 17:00:00 +02:00,2965.86,705.96,-2259.91
08.08.2026 18:00:00 +02:00,1444.99,2463.56,1018.57
08.08.2026 19:00:00 +02:00,1315.28,3949.60,2634.32
08.08.2026 20:00:00 +02:00,1413.17,4494.70,3081.53
08.08.2026 21:00:00 +02:00,1388.69,4905.19,3516.50
08.08.2026 22:00:00 +02:00,1475.80,4966.22,3490.42
08.08.2026 23:00:00 +02:00,1502.27,4745.89,3243.63
09.08.2026 00:00:00 +02:00,1342.70,4299.66,2956.96
09.08.2026 01:00:00 +02:00,1523.12,4144.91,2621.79
09.08.2026 02:00:00 +02:00,1546.14,3966.56,2420.42
09.08.2026 03:00:00 +02:00,1503.30,4101.17,2597.87
09.08.2026 04:00:00 +02:00,1424.17,4197.56,2773.39
09.08.2026 05:00:00 +02:00,1219.35,4317.20,3097.85
09.08.2026 06:00:00 +02:00,1486.74,3980.46,2493.71
09.08.2026 07:00:00 +02:00,1397.30,3444.25,2046.95
09.08.2026 08:00:00 +02:00,1429.71,2230.42,800.70
09.08.2026 09:00:00 +02:00,3396.26,1935.57,-1460.70
09.08.2026 10:00:00 +02:00,4183.52,1555.38,-2628.14
09.08.2026 11:00:00 +02:00,4586.31,1471.30,-3115.01
09.08.2026 12:00:00 +02:00,4749.99,1478.29,-3271.70
09.08.2026 13:00:00 +02:00,5063.58,1458.72,-3604.86
09.08.2026 14:00:00 +02:00,5093.72,1415.86,-3677.86
09.08.2026 15:00:00 +02:00,4813.30,1148.56,-3664.74
09.08.2026 16:00:00 +02:00,3937.28,1327.62,-2609.66
09.08.2026 17:00:00 +02:00,2668.89,1955.38,-713.51
09.08.2026 18:00:00 +02:00,1545.33,3434.60,1889.27
09.08.2026 19:00:00 +02:00,1334.88,4363.63,3028.75
09.08.2026 20:00:00 +02:00,1538.49,4448.50,2910.01
09.08.2026 21:00:00 +02:00,1656.55,4451.79,2795.24
09.08.2026 22:00:00 +02:00,1817.18,4229.86,2412.68
09.08.2026 23:00:00 +02:00,1961.66,4005.36,2043.70
10.08.2026 00:00:00 +02:00,2439.32,3125.83,686.51
10.08.2026 01:00:00 +02:00,2456.26,2858.43,402.17
10.08.2026 02:00:00 +02:00,2267.92,2797.38,529.46
10.08.2026 03:00:00 +02:00,2038.79,3052.03,1013.24
10.08.2026 04:00:00 +02:00,1879.13,3264.86,1385.73
10.08.2026 05:00:00 +02:00,1930.88,3771.16,1840.28
10.08.2026 06:00:00 +02:00,1874.98,4450.75,2575.77
10.08.2026 07:00:00 +02:00,1563.15,4508.28,2945.13
10.08.2026 08:00:00 +02:00,1418.54,4499.71,3081.18
10.08.2026 09:00:00 +02:00,1357.21,2939.96,1582.75
10.08.2026 10:00:00 +02:00,1826.65,1823.40,-3.25
10.08.2026 11:00:00 +02:00,3067.58,1703.45,-1364.12
10.08.2026 12:00:00 +02:00,3785.43,1787.97,-1997.46
10.08.2026 13:00:00 +02:00,3991.25,1864.95,-2126.30
10.08.2026 14:00:00 +02:00,4003.27,1907.44,-2095.83
10.08.2026 15:00:00 +02:00,3826.57,2043.16,-1783.40
10.08.2026 16:00:00 +02:00,3398.90,2106.80,-1292.09
10.08.2026 17:00:00 +02:00,2234.76,2171.13,-63.63
10.08.2026 18:00:00 +02:00,1832.38,2536.73,704.34
10.08.2026 19:00:00 +02:00,1433.61,3156.87,1723.26
10.08.2026 20:00:00 +02:00,1306.40,3850.41,2544.01
10.08.2026 21:00:00 +02:00,1486.63,3839.24,2352.61
10.08.2026 22:00:00 +02:00,1567.30,3820.44,2253.14
10.08.2026 23:00:00 +02:00,1634.36,3448.71,1814.35
11.08.2026 00:00:00 +02:00,1728.17,2957.60,1229.43
11.08.2026 01:00:00 +02:00,1693.05,2944.67,1251.62
11.08.2026 02:00:00 +02:00,1779.78,2834.17,1054.38
11.08.2026 03:00:00 +02:00,1833.85,3060.75,1226.90
11.08.2026 04:00:00 +02:00,1711.20,3316.20,1605.00
11.08.2026 05:00:00 +02:00,1554.64,3543.72,1989.08
11.08.2026 06:00:00 +02:00,1210.54,3707.74,2497.20
11.08.2026 07:00:00 +02:00,1124.08,3705.12,2581.03
11.08.2026 08:00:00 +02:00,1455.29,2324.11,868.82
11.08.2026 09:00:00 +02:00,1948.10,1668.93,-279.18
11.08.2026 10:00:00 +02:00,3485.38,1514.15,-1971.23
11.08.2026 11:00:00 +02:00,4121.86,1497.67,-2624.19
11.08.2026 12:00:00 +02:00,4084.15,1449.68,-2634.47
11.08.2026 13:00:00 +02:00,3896.11,1455.82,-2440.29
11.08.2026 14:00:00 +02:00,3910.37,1474.14,-2436.24
11.08.2026 15:00:00 +02:00,4032.62,1499.26,-2533.37
11.08.2026 16:00:00 +02:00,3714.97,1510.48,-2204.49
11.08.2026 17:00:00 +02:00,2016.25,1651.62,-364.64
11.08.2026 18:00:00 +02:00,1251.77,3187.72,1935.95
11.08.2026 19:00:00 +02:00,1189.68,4021.36,2831.68
11.08.2026 20:00:00 +02:00,1027.82,4314.89,3287.07
11.08.2026 21:00:00 +02:00,898.22,4338.12,3439.90
11.08.2026 22:00:00 +02:00,969.83,4167.78,3197.94
11.08.2026 23:00:00 +02:00,1177.53,4199.10,3021.57
12.08.2026 00:00:00 +02:00,1224.05,3822.59,2598.54
12.08.2026 01:00:00 +02:00,1304.71,3322.46,2017.75
12.08.2026 02:00:00 +02:00,1261.87,2989.00,1727.13
12.08.2026 03:00:00 +02:00,1234.07,2919.64,1685.56
12.08.2026 04:00:00 +02:00,1233.76,3004.05,1770.29
12.08.2026 05:00:00 +02:00,1265.61,3549.41,2283.80
12.08.2026 06:00:00 +02:00,1096.85,4222.54,3125.69
12.08.2026 07:00:00 +02:00,1152.26,4118.13,2965.87
12.08.2026 08:00:00 +02:00,1154.70,2899.99,1745.29
12.08.2026 09:00:00 +02:00,1989.89,1673.63,-316.25
12.08.2026 10:00:00 +02:00,3891.98,1529.46,-2362.53
12.08.2026 11:00:00 +02:00,4370.64,1537.65,-2832.99
12.08.2026 12:00:00 +02:00,4479.70,1542.43,-2937.27
12.08.2026 13:00:00 +02:00,4481.88,1539.79,-2942.09
12.08.2026 14:00:00 +02:00,4409.66,1542.47,-2867.19
12.08.2026 15:00:00 +02:00,4348.53,1486.07,-2862.45
12.08.2026 16:00:00 +02:00,3312.08,1065.75,-2246.32
12.08.2026 17:00:00 +02:00,1279.01,1961.57,682.57
12.08.2026 18:00:00 +02:00,583.65,3280.50,2696.85
12.08.2026 19:00:00 +02:00,517.27,4014.25,3496.98
12.08.2026 20:00:00 +02:00,522.22,3909.51,3387.29
12.08.2026 21:00:00 +02:00,301.13,3229.84,2928.71
12.08.2026 22:00:00 +02:00,615.09,3572.18,2957.10
12.08.2026 23:00:00 +02:00,770.46,3428.73,2658.27
13.08.2026 00:00:00 +02:00,669.98,3407.62,2737.64
13.08.2026 01:00:00 +02:00,760.32,3140.72,2380.39
13.08.2026 02:00:00 +02:00,828.79,3043.08,2214.29
13.08.2026 03:00:00 +02:00,943.56,3113.32,2169.77
13.08.2026 04:00:00 +02:00,930.24,3166.77,2236.52
13.08.2026 05:00:00 +02:00,997.32,3949.30,2951.98
13.08.2026 06:00:00 +02:00,679.15,4359.57,3680.43
13.08.2026 07:00:00 +02:00,901.72,4025.31,3123.58
13.08.2026 08:00:00 +02:00,781.81,3069.13,2287.32
13.08.2026 09:00:00 +02:00,1396.28,1799.56,403.28
13.08.2026 10:00:00 +02:00,2777.96,1513.42,-1264.54
13.08.2026 11:00:00 +02:00,4123.84,1499.31,-2624.52
13.08.2026 12:00:00 +02:00,4268.57,1499.12,-2769.45
13.08.2026 13:00:00 +02:00,4287.97,1499.03,-2788.94
13.08.2026 14:00:00 +02:00,4253.05,1499.12,-2753.94
13.08.2026 15:00:00 +02:00,3879.51,1499.20,-2380.31
13.08.2026 16:00:00 +02:00,2674.99,1502.60,-1172.39
13.08.2026 17:00:00 +02:00,937.84,2224.59,1286.75
13.08.2026 18:00:00 +02:00,242.28,3743.43,3501.16
13.08.2026 19:00:00 +02:00,135.91,4229.46,4093.55
13.08.2026 20:00:00 +02:00,139.48,4318.92,4179.44
13.08.2026 21:00:00 +02:00,184.40,4372.53,4188.14
13.08.2026 22:00:00 +02:00,746.14,4319.67,3573.54
13.08.2026 23:00:00 +02:00,1023.81,4183.87,3160.06
14.08.2026 00:00:00 +02:00,1177.15,3236.81,2059.67
14.08.2026 01:00:00 +02:00,1205.48,3154.98,1949.50
14.08.2026 02:00:00 +02:00,1142.26,2931.51,1789.25
14.08.2026 03:00:00 +02:00,1196.26,2843.25,1646.99
14.08.2026 04:00:00 +02:00,1155.25,2878.42,1723.16
14.08.2026 05:00:00 +02:00,1213.05,3297.76,2084.72
14.08.2026 06:00:00 +02:00,1310.73,4171.74,2861.00
14.08.2026 07:00:00 +02:00,1217.08,3751.50,2534.42
14.08.2026 08:00:00 +02:00,1108.93,2635.57,1526.63
14.08.2026 09:00:00 +02:00,1458.62,1652.22,193.60
14.08.2026 10:00:00 +02:00,2926.95,1447.95,-1479.00
14.08.2026 11:00:00 +02:00,4050.91,1447.90,-2603.01
14.08.2026 12:00:00 +02:00,4016.60,1462.11,-2554.49
14.08.2026 13:00:00 +02:00,4286.55,1481.20,-2805.34
14.08.2026 14:00:00 +02:00,4333.27,1456.08,-2877.19
14.08.2026 15:00:00 +02:00,3910.74,1450.70,-2460.05
14.08.2026 16:00:00 +02:00,3076.30,1576.72,-1499.59
14.08.2026 17:00:00 +02:00,1360.40,2532.60,1172.20
14.08.2026 18:00:00 +02:00,999.60,4458.78,3459.18
14.08.2026 19:00:00 +02:00,830.53,4998.30,4167.77
14.08.2026 20:00:00 +02:00,724.59,4897.89,4173.30
14.08.2026 21:00:00 +02:00,1036.88,4827.96,3791.08
14.08.2026 22:00:00 +02:00,1078.27,4690.88,3612.61
14.08.2026 23:00:00 +02:00,1188.62,4689.81,3501.19
15.08.2026 00:00:00 +02:00,1209.84,4861.55,3651.71
15.08.2026 01:00:00 +02:00,1296.04,4591.67,3295.63
15.08.2026 02:00:00 +02:00,1253.12,4603.88,3350.76
15.08.2026 03:00:00 +02:00,1251.98,4515.96,3263.98
15.08.2026 04:00:00 +02:00,1262.16,4314.63,3052.47
15.08.2026 05:00:00 +02:00,1218.08,4611.15,3393.07
15.08.2026 06:00:00 +02:00,1264.46,4827.08,3562.61
15.08.2026 07:00:00 +02:00,1232.35,4513.42,3281.06
15.08.2026 08:00:00 +02:00,1213.70,4006.96,2793.26
15.08.2026 09:00:00 +02:00,1279.22,2794.35,1515.13
15.08.2026 10:00:00 +02:00,3077.70,2227.12,-850.58
15.08.2026 11:00:00 +02:00,4061.31,2227.16,-1834.14
15.08.2026 12:00:00 +02:00,4046.31,2239.90,-1806.42
15.08.2026 13:00:00 +02:00,4057.60,2206.32,-1851.28
15.08.2026 14:00:00 +02:00,4071.89,2196.43,-1875.45
15.08.2026 15:00:00 +02:00,3331.30,2252.33,-1078.97
15.08.2026 16:00:00 +02:00,2266.96,2382.56,115.60
15.08.2026 17:00:00 +02:00,1532.44,2977.75,1445.31
15.08.2026 18:00:00 +02:00,1396.99,4221.22,2824.23
15.08.2026 19:00:00 +02:00,1324.77,4643.50,3318.73
15.08.2026 20:00:00 +02:00,1444.01,4532.46,3088.45
15.08.2026 21:00:00 +02:00,1493.67,4753.61,3259.94
15.08.2026 22:00:00 +02:00,1267.47,4864.84,3597.38
15.08.2026 23:00:00 +02:00,1487.41,4880.24,3392.84
16.08.2026 00:00:00 +02:00,1430.07,4699.37,3269.30
16.08.2026 01:00:00 +02:00,1474.19,4667.54,3193.35
16.08.2026 02:00:00 +02:00,1625.45,4760.72,3135.26
16.08.2026 03:00:00 +02:00,1508.37,4628.62,3120.25
16.08.2026 04:00:00 +02:00,1549.55,4574.40,3024.84
16.08.2026 05:00:00 +02:00,1577.77,4623.71,3045.94
16.08.2026 06:00:00 +02:00,1405.17,4526.21,3121.04
16.08.2026 07:00:00 +02:00,1335.06,4161.50,2826.44
16.08.2026 08:00:00 +02:00,1395.67,3676.15,2280.47
16.08.2026 09:00:00 +02:00,1753.99,2439.88,685.89
16.08.2026 10:00:00 +02:00,3262.85,2181.90,-1080.95
16.08.2026 11:00:00 +02:00,3973.98,2149.88,-1824.09
16.08.2026 12:00:00 +02:00,4272.14,2119.72,-2152.42
16.08.2026 13:00:00 +02:00,4223.05,2111.11,-2111.94
16.08.2026 14:00:00 +02:00,4212.06,2114.14,-2097.93
16.08.2026 15:00:00 +02:00,3842.77,2241.99,-1600.78
16.08.2026 16:00:00 +02:00,2029.70,2389.15,359.45
16.08.2026 17:00:00 +02:00,1448.42,3614.90,2166.49
16.08.2026 18:00:00 +02:00,1386.17,4747.74,3361.57
16.08.2026 19:00:00 +02:00,1290.02,4907.35,3617.33
16.08.2026 20:00:00 +02:00,1402.17,4682.13,3279.97
16.08.2026 21:00:00 +02:00,1408.58,4839.41,3430.82
16.08.2026 22:00:00 +02:00,1307.59,4861.37,3553.78
16.08.2026 23:00:00 +02:00,1270.37,4756.23,3485.86
17.08.2026 00:00:00 +02:00,1317.65,4672.79,3355.14
17.08.2026 01:00:00 +02:00,1258.23,4671.33,3413.10
17.08.2026 02:00:00 +02:00,1267.40,4624.72,3357.32
17.08.2026 03:00:00 +02:00,1263.41,4759.18,3495.77
17.08.2026 04:00:00 +02:00,1288.73,4667.72,3378.99
17.08.2026 05:00:00 +02:00,1264.18,4820.59,3556.40
17.08.2026 06:00:00 +02:00,1257.65,4732.27,3474.63
17.08.2026 07:00:00 +02:00,880.51,4798.00,3917.49
17.08.2026 08:00:00 +02:00,889.74,4558.34,3668.60
17.08.2026 09:00:00 +02:00,1520.28,4602.87,3082.59
17.08.2026 10:00:00 +02:00,1572.16,4393.56,2821.40
17.08.2026 11:00:00 +02:00,1813.77,3750.63,1936.86
17.08.2026 12:00:00 +02:00,1877.27,2957.68,1080.41
17.08.2026 13:00:00 +02:00,2143.74,2659.42,515.67
17.08.2026 14:00:00 +02:00,2059.40,2471.78,412.39
17.08.2026 15:00:00 +02:00,2075.96,2885.33,809.37
17.08.2026 16:00:00 +02:00,1953.97,2879.45,925.48
17.08.2026 17:00:00 +02:00,1597.26,3467.11,1869.85
17.08.2026 18:00:00 +02:00,1401.40,4463.55,3062.15
17.08.2026 19:00:00 +02:00,1027.52,4622.56,3595.04
17.08.2026 20:00:00 +02:00,802.32,4360.96,3558.63
17.08.2026 21:00:00 +02:00,964.62,4455.60,3490.98
17.08.2026 22:00:00 +02:00,1733.14,5040.97,3307.84
17.08.2026 23:00:00 +02:00,1532.29,4970.97,3438.68
18.08.2026 00:00:00 +02:00,1682.70,4134.45,2451.74
18.08.2026 01:00:00 +02:00,1683.48,3427.52,1744.04
18.08.2026 02:00:00 +02:00,1636.84,3296.89,1660.05
18.08.2026 03:00:00 +02:00,1636.91,3305.99,1669.08
18.08.2026 04:00:00 +02:00,1845.99,3408.57,1562.58
18.08.2026 05:00:00 +02:00,1723.19,3562.41,1839.22
18.08.2026 06:00:00 +02:00,1525.65,3563.21,2037.56
18.08.2026 07:00:00 +02:00,1744.99,3924.69,2179.71
18.08.2026 08:00:00 +02:00,1858.42,3581.90,1723.48
18.08.2026 09:00:00 +02:00,1855.38,2844.78,989.40
18.08.2026 10:00:00 +02:00,2166.75,1755.82,-410.93
18.08.2026 11:00:00 +02:00,2230.94,1568.77,-662.17
18.08.2026 12:00:00 +02:00,2225.58,1358.24,-867.34
18.08.2026 13:00:00 +02:00,2461.06,1391.67,-1069.39
18.08.2026 14:00:00 +02:00,1681.33,704.93,-976.40
18.08.2026 15:00:00 +02:00,1313.46,539.54,-773.92
18.08.2026 16:00:00 +02:00,1262.05,774.34,-487.71
18.08.2026 17:00:00 +02:00,1233.72,2192.53,958.81
18.08.2026 18:00:00 +02:00,922.27,3502.26,2580.00
18.08.2026 19:00:00 +02:00,1010.66,3943.68,2933.02
18.08.2026 20:00:00 +02:00,1095.27,4047.37,2952.11
18.08.2026 21:00:00 +02:00,1260.93,3930.94,2670.01
18.08.2026 22:00:00 +02:00,1159.21,4201.59,3042.38
18.08.2026 23:00:00 +02:00,918.30,3764.36,2846.06
19.08.2026 00:00:00 +02:00,986.80,3594.88,2608.08
19.08.2026 01:00:00 +02:00,1146.77,3227.24,2080.46
19.08.2026 02:00:00 +02:00,1048.08,3055.15,2007.07
19.08.2026 03:00:00 +02:00,1034.33,2815.90,1781.57
19.08.2026 04:00:00 +02:00,1094.60,2641.22,1546.62
19.08.2026 05:00:00 +02:00,851.45,2886.15,2034.70
19.08.2026 06:00:00 +02:00,679.19,3354.65,2675.45
19.08.2026 07:00:00 +02:00,250.64,3531.67,3281.03
19.08.2026 08:00:00 +02:00,0.00,3653.54,3653.54
19.08.2026 09:00:00 +02:00,185.50,2395.42,2209.92
19.08.2026 10:00:00 +02:00,980.53,1584.28,603.74
19.08.2026 11:00:00 +02:00,1915.38,1497.03,-418.36
19.08.2026 12:00:00 +02:00,2747.43,1815.60,-931.83
19.08.2026 13:00:00 +02:00,3118.38,1834.24,-1284.14
19.08.2026 14:00:00 +02:00,2722.05,1868.91,-853.14
19.08.2026 15:00:00 +02:00,2406.70,1865.40,-541.30
19.08.2026 16:00:00 +02:00,1358.48,1831.63,473.14
19.08.2026 17:00:00 +02:00,107.87,2346.88,2239.01
19.08.2026 18:00:00 +02:00,79.92,3583.63,3503.71
19.08.2026 19:00:00 +02:00,3.10,4273.71,4270.61
19.08.2026 20:00:00 +02:00,2.26,4109.44,4107.18
19.08.2026 21:00:00 +02:00,26.69,4184.36,4157.67
19.08.2026 22:00:00 +02:00,14.66,4373.51,4358.86
19.08.2026 23:00:00 +02:00,534.02,3844.72,3310.70
20.08.2026 00:00:00 +02:00,832.17,3579.72,2747.55
20.08.2026 01:00:00 +02:00,958.22,2873.02,1914.80
20.08.2026 02:00:00 +02:00,913.09,2506.83,1593.75
20.08.2026 03:00:00 +02:00,791.84,2041.28,1249.44
20.08.2026 04:00:00 +02:00,852.42,2063.28,1210.86
20.08.2026 05:00:00 +02:00,573.68,2723.37,2149.68
20.08.2026 06:00:00 +02:00,173.60,3676.84,3503.24
20.08.2026 07:00:00 +02:00,52.45,3796.28,3743.83
20.08.2026 08:00:00 +02:00,103.76,3014.50,2910.74
20.08.2026 09:00:00 +02:00,682.79,1879.58,1196.79
20.08.2026 10:00:00 +02:00,2355.34,1682.41,-672.93
20.08.2026 11:00:00 +02:00,3433.36,1908.08,-1525.28
20.08.2026 12:00:00 +02:00,3707.95,1909.81,-1798.14
20.08.2026 13:00:00 +02:00,3758.26,1923.05,-1835.22
20.08.2026 14:00:00 +02:00,3861.11,1865.08,-1996.03
20.08.2026 15:00:00 +02:00,3625.71,1874.96,-1750.75
20.08.2026 16:00:00 +02:00,2962.68,1735.32,-1227.36
20.08.2026 17:00:00 +02:00,1369.49,1606.54,237.05
20.08.2026 18:00:00 +02:00,505.74,2888.51,2382.77
20.08.2026 19:00:00 +02:00,118.24,4311.56,4193.32
20.08.2026 20:00:00 +02:00,259.00,4750.05,4491.05
20.08.2026 21:00:00 +02:00,336.25,4754.18,4417.92
20.08.2026 22:00:00 +02:00,750.12,4403.46,3653.34
20.08.2026 23:00:00 +02:00,927.38,3942.50,3015.13
21.08.2026 00:00:00 +02:00,951.82,3855.24,2903.41
21.08.2026 01:00:00 +02:00,873.77,3541.26,2667.48
21.08.2026 02:00:00 +02:00,911.08,3268.57,2357.50
21.08.2026 03:00:00 +02:00,934.19,3165.05,2230.86
21.08.2026 04:00:00 +02:00,752.52,3121.43,2368.91
21.08.2026 05:00:00 +02:00,671.04,3560.49,2889.45
21.08.2026 06:00:00 +02:00,301.54,4006.19,3704.65
21.08.2026 07:00:00 +02:00,23.90,4304.00,4280.09
21.08.2026 08:00:00 +02:00,8.83,3876.65,3867.82
21.08.2026 09:00:00 +02:00,442.14,2590.02,2147.88
21.08.2026 10:00:00 +02:00,1039.01,1353.38,314.36
21.08.2026 11:00:00 +02:00,1338.02,1082.24,-255.77
21.08.2026 12:00:00 +02:00,1463.83,1333.82,-130.01
21.08.2026 13:00:00 +02:00,1628.43,1500.00,-128.42
21.08.2026 14:00:00 +02:00,1484.82,1564.85,80.03
21.08.2026 15:00:00 +02:00,1315.82,1826.56,510.75
21.08.2026 16:00:00 +02:00,1125.87,2370.26,1244.39
21.08.2026 17:00:00 +02:00,861.01,3508.76,2647.75
21.08.2026 18:00:00 +02:00,316.71,4436.00,4119.30
21.08.2026 19:00:00 +02:00,44.51,4898.25,4853.75
21.08.2026 20:00:00 +02:00,181.12,5117.78,4936.66
21.08.2026 21:00:00 +02:00,457.00,5089.97,4632.96
21.08.2026 22:00:00 +02:00,613.76,5053.38,4439.62
21.08.2026 23:00:00 +02:00,784.15,4903.75,4119.60
22.08.2026 00:00:00 +02:00,869.77,4737.65,3867.87
22.08.2026 01:00:00 +02:00,780.76,4590.82,3810.06
22.08.2026 02:00:00 +02:00,667.89,4622.69,3954.79
22.08.2026 03:00:00 +02:00,666.71,4433.18,3766.47
22.08.2026 04:00:00 +02:00,755.35,4177.24,3421.89
22.08.2026 05:00:00 +02:00,823.92,4098.19,3274.27
22.08.2026 06:00:00 +02:00,884.57,3997.61,3113.04
22.08.2026 07:00:00 +02:00,896.94,2983.92,2086.98
22.08.2026 08:00:00 +02:00,1794.15,2285.22,491.07
22.08.2026 09:00:00 +02:00,3449.87,2106.99,-1342.88
22.08.2026 10:00:00 +02:00,4146.12,1982.14,-2163.98
22.08.2026 11:00:00 +02:00,4138.78,2139.23,-1999.56
22.08.2026 12:00:00 +02:00,4236.42,2098.09,-2138.33
22.08.2026 13:00:00 +02:00,4232.28,2137.16,-2095.11
22.08.2026 14:00:00 +02:00,4299.61,2073.50,-2226.11
22.08.2026 15:00:00 +02:00,4379.74,2000.02,-2379.72
22.08.2026 16:00:00 +02:00,4383.97,1844.16,-2539.81
22.08.2026 17:00:00 +02:00,4213.57,1954.34,-2259.23
22.08.2026 18:00:00 +02:00,3277.48,2051.96,-1225.52
22.08.2026 19:00:00 +02:00,1864.74,2423.17,558.42
22.08.2026 20:00:00 +02:00,1324.77,2729.13,1404.36
22.08.2026 21:00:00 +02:00,1359.12,2450.89,1091.77
22.08.2026 22:00:00 +02:00,1567.81,2045.10,477.29
22.08.2026 23:00:00 +02:00,2171.08,1463.94,-707.15
23.08.2026 00:00:00 +02:00,2595.56,1449.62,-1145.94
23.08.2026 01:00:00 +02:00,2692.69,1458.12,-1234.57
23.08.2026 02:00:00 +02:00,2842.30,1450.27,-1392.04
23.08.2026 03:00:00 +02:00,2824.95,1448.74,-1376.21
23.08.2026 04:00:00 +02:00,2918.58,1448.59,-1469.99
23.08.2026 05:00:00 +02:00,2852.36,1448.76,-1403.59
23.08.2026 06:00:00 +02:00,3081.80,1448.44,-1633.36
23.08.2026 07:00:00 +02:00,3310.34,1453.61,-1856.73
23.08.2026 08:00:00 +02:00,4669.50,1449.59,-3219.91
23.08.2026 09:00:00 +02:00,4896.73,1448.17,-3448.56
23.08.2026 10:00:00 +02:00,5058.46,1448.39,-3610.07
23.08.2026 11:00:00 +02:00,5266.52,1448.14,-3818.38
23.08.2026 12:00:00 +02:00,5111.32,1448.19,-3663.12
23.08.2026 13:00:00 +02:00,5171.80,1448.41,-3723.39
23.08.2026 14:00:00 +02:00,5366.77,1448.81,-3917.96
23.08.2026 15:00:00 +02:00,5458.07,1449.08,-4008.98
23.08.2026 16:00:00 +02:00,5069.14,1454.78,-3614.37
23.08.2026 17:00:00 +02:00,4270.69,1459.27,-2811.42
23.08.2026 18:00:00 +02:00,1991.60,2005.33,13.73
23.08.2026 19:00:00 +02:00,1493.39,3431.33,1937.94
23.08.2026 20:00:00 +02:00,1396.87,4153.60,2756.73
23.08.2026 21:00:00 +02:00,1466.37,4166.64,2700.27
23.08.2026 22:00:00 +02:00,1491.20,4088.23,2597.03
23.08.2026 23:00:00 +02:00,1588.69,3720.39,2131.70
24.08.2026 00:00:00 +02:00,1653.12,3366.74,1713.62
24.08.2026 01:00:00 +02:00,1518.39,3010.77,1492.38
24.08.2026 02:00:00 +02:00,1579.87,2758.36,1178.49
24.08.2026 03:00:00 +02:00,1549.59,2842.14,1292.56
24.08.2026 04:00:00 +02:00,1610.89,2845.62,1234.72
24.08.2026 05:00:00 +02:00,1391.71,3346.09,1954.38
24.08.2026 06:00:00 +02:00,1213.12,3135.63,1922.51
24.08.2026 07:00:00 +02:00,819.07,3220.50,2401.42
24.08.2026 08:00:00 +02:00,366.62,2434.28,2067.66
24.08.2026 09:00:00 +02:00,1567.30,537.49,-1029.81
24.08.2026 10:00:00 +02:00,3832.26,6.15,-3826.11
24.08.2026 11:00:00 +02:00,4421.73,18.53,-4403.20
24.08.2026 12:00:00 +02:00,4335.72,53.91,-4281.81
24.08.2026 13:00:00 +02:00,4312.89,72.08,-4240.81
24.08.2026 14:00:00 +02:00,4320.68,26.32,-4294.36
24.08.2026 15:00:00 +02:00,4147.58,12.91,-4134.68
24.08.2026 16:00:00 +02:00,3595.54,213.47,-3382.07
24.08.2026 17:00:00 +02:00,1289.65,777.52,-512.13
24.08.2026 18:00:00 +02:00,354.44,2209.95,1855.50
24.08.2026 19:00:00 +02:00,200.13,3562.78,3362.65
24.08.2026 20:00:00 +02:00,215.25,3658.48,3443.23
24.08.2026 21:00:00 +02:00,287.57,3321.46,3033.89
24.08.2026 22:00:00 +02:00,715.96,2730.28,2014.32
24.08.2026 23:00:00 +02:00,1030.87,1822.79,791.92
25.08.2026 00:00:00 +02:00,566.73,1408.53,841.80
25.08.2026 01:00:00 +02:00,662.65,1315.54,652.88
25.08.2026 02:00:00 +02:00,587.67,892.81,305.13
25.08.2026 03:00:00 +02:00,552.13,863.26,311.13
25.08.2026 04:00:00 +02:00,528.82,997.35,468.53
25.08.2026 05:00:00 +02:00,518.66,1105.39,586.73
25.08.2026 06:00:00 +02:00,588.34,2403.06,1814.73
25.08.2026 07:00:00 +02:00,412.25,2571.45,2159.20
25.08.2026 08:00:00 +02:00,137.81,1436.80,1298.99
25.08.2026 09:00:00 +02:00,1440.91,329.55,-1111.35
25.08.2026 10:00:00 +02:00,2696.26,364.65,-2331.62
25.08.2026 11:00:00 +02:00,3755.26,243.29,-3511.96
25.08.2026 12:00:00 +02:00,4018.31,261.23,-3757.08
25.08.2026 13:00:00 +02:00,4034.71,247.81,-3786.90
25.08.2026 14:00:00 +02:00,3955.97,274.02,-3681.95
25.08.2026 15:00:00 +02:00,3497.02,294.14,-3202.88
25.08.2026 16:00:00 +02:00,2652.62,454.50,-2198.12
25.08.2026 17:00:00 +02:00,876.58,868.36,-8.23
25.08.2026 18:00:00 +02:00,46.22,2198.50,2152.29
25.08.2026 19:00:00 +02:00,53.57,3401.76,3348.20
25.08.2026 20:00:00 +02:00,64.57,3355.16,3290.59
25.08.2026 21:00:00 +02:00,63.47,2844.56,2781.09
25.08.2026 22:00:00 +02:00,62.97,1781.24,1718.27
25.08.2026 23:00:00 +02:00,28.16,1192.55,1164.38
26.08.2026 00:00:00 +02:00,10.86,1471.84,1460.98
26.08.2026 01:00:00 +02:00,32.62,1310.85,1278.23
26.08.2026 02:00:00 +02:00,8.60,1059.02,1050.42
26.08.2026 03:00:00 +02:00,15.15,1003.42,988.27
26.08.2026 04:00:00 +02:00,0.00,1293.31,1293.31
26.08.2026 05:00:00 +02:00,15.72,1793.88,1778.16
26.08.2026 06:00:00 +02:00,6.62,3482.84,3476.22
26.08.2026 07:00:00 +02:00,19.57,3842.40,3822.83
26.08.2026 08:00:00 +02:00,56.83,2967.36,2910.53
26.08.2026 09:00:00 +02:00,301.80,1631.23,1329.43
26.08.2026 10:00:00 +02:00,1845.76,834.81,-1010.95
26.08.2026 11:00:00 +02:00,2703.12,927.98,-1775.14
26.08.2026 12:00:00 +02:00,3021.87,601.59,-2420.28
26.08.2026 13:00:00 +02:00,3339.48,553.32,-2786.16
26.08.2026 14:00:00 +02:00,3399.28,451.15,-2948.13
26.08.2026 15:00:00 +02:00,2930.82,658.83,-2271.99
26.08.2026 16:00:00 +02:00,2700.14,669.84,-2030.30
26.08.2026 17:00:00 +02:00,884.64,1136.14,251.50
26.08.2026 18:00:00 +02:00,41.63,2108.51,2066.89
26.08.2026 19:00:00 +02:00,85.82,3054.05,2968.23
26.08.2026 20:00:00 +02:00,71.56,3027.71,2956.15
26.08.2026 21:00:00 +02:00,89.19,2568.60,2479.41
26.08.2026 22:00:00 +02:00,104.03,1288.04,1184.01
26.08.2026 23:00:00 +02:00,177.28,705.53,528.25
27.08.2026 00:00:00 +02:00,116.68,756.05,639.37
27.08.2026 01:00:00 +02:00,84.81,695.43,610.62
27.08.2026 02:00:00 +02:00,179.35,657.42,478.06
27.08.2026 03:00:00 +02:00,153.57,700.82,547.25
27.08.2026 04:00:00 +02:00,70.46,724.81,654.35
27.08.2026 05:00:00 +02:00,97.50,1026.28,928.79
27.08.2026 06:00:00 +02:00,49.94,2036.71,1986.77
27.08.2026 07:00:00 +02:00,133.72,1958.55,1824.83
27.08.2026 08:00:00 +02:00,485.35,1067.40,582.05
27.08.2026 09:00:00 +02:00,2132.77,314.56,-1818.21
27.08.2026 10:00:00 +02:00,3639.56,142.37,-3497.19
27.08.2026 11:00:00 +02:00,4075.47,53.35,-4022.12
27.08.2026 12:00:00 +02:00,4092.75,120.50,-3972.25
27.08.2026 13:00:00 +02:00,3943.48,166.70,-3776.78
27.08.2026 14:00:00 +02:00,3892.96,121.81,-3771.14
27.08.2026 15:00:00 +02:00,3919.40,47.57,-3871.83
27.08.2026 16:00:00 +02:00,2955.08,333.90,-2621.17
27.08.2026 17:00:00 +02:00,1123.00,612.40,-510.60
27.08.2026 18:00:00 +02:00,433.96,938.07,504.10
27.08.2026 19:00:00 +02:00,132.31,922.23,789.92
27.08.2026 20:00:00 +02:00,176.26,1295.04,1118.78
27.08.2026 21:00:00 +02:00,484.96,622.63,137.66
27.08.2026 22:00:00 +02:00,1158.76,397.45,-761.31
27.08.2026 23:00:00 +02:00,1834.01,52.80,-1781.20
28.08.2026 00:00:00 +02:00,2031.10,14.52,-2016.59
28.08.2026 01:00:00 +02:00,1620.39,103.68,-1516.70
28.08.2026 02:00:00 +02:00,1422.78,394.12,-1028.66
28.08.2026 03:00:00 +02:00,1496.31,453.15,-1043.16
28.08.2026 04:00:00 +02:00,1387.85,548.75,-839.10
28.08.2026 05:00:00 +02:00,1283.12,1104.20,-178.92
28.08.2026 06:00:00 +02:00,1123.05,1496.54,373.50
28.08.2026 07:00:00 +02:00,930.75,2096.65,1165.90
28.08.2026 08:00:00 +02:00,799.68,2189.51,1389.83
28.08.2026 09:00:00 +02:00,1060.21,2113.35,1053.14
28.08.2026 10:00:00 +02:00,1203.86,1754.45,550.59
28.08.2026 11:00:00 +02:00,1268.93,1013.31,-255.62
28.08.2026 12:00:00 +02:00,1918.32,1225.95,-692.37
28.08.2026 13:00:00 +02:00,2343.37,479.17,-1864.20
28.08.2026 14:00:00 +02:00,2465.13,290.72,-2174.42
28.08.2026 15:00:00 +02:00,2135.62,397.73,-1737.89
28.08.2026 16:00:00 +02:00,1801.10,492.16,-1308.93
28.08.2026 17:00:00 +02:00,1422.54,1689.23,266.69
28.08.2026 18:00:00 +02:00,1535.62,2711.74,1176.12
28.08.2026 19:00:00 +02:00,1568.75,2943.48,1374.73
28.08.2026 20:00:00 +02:00,1511.28,2759.21,1247.93
28.08.2026 21:00:00 +02:00,1644.13,2606.44,962.31
28.08.2026 22:00:00 +02:00,1587.26,2275.78,688.53
28.08.2026 23:00:00 +02:00,1522.01,1051.98,-470.03
29.08.2026 00:00:00 +02:00,1681.51,327.50,-1354.01
29.08.2026 01:00:00 +02:00,2406.03,0.00,-2406.03
29.08.2026 02:00:00 +02:00,3253.76,0.00,-3253.76
29.08.2026 03:00:00 +02:00,3143.79,0.01,-3143.77
29.08.2026 04:00:00 +02:00,2994.18,2.60,-2991.58
29.08.2026 05:00:00 +02:00,2997.80,2.55,-2995.25
29.08.2026 06:00:00 +02:00,2559.79,8.14,-2551.65
29.08.2026 07:00:00 +02:00,2836.37,30.72,-2805.65
29.08.2026 08:00:00 +02:00,3094.85,49.90,-3044.95
29.08.2026 09:00:00 +02:00,3287.75,49.19,-3238.56
29.08.2026 10:00:00 +02:00,3609.21,43.12,-3566.09
29.08.2026 11:00:00 +02:00,3719.21,39.39,-3679.81
29.08.2026 12:00:00 +02:00,3685.41,37.68,-3647.73
29.08.2026 13:00:00 +02:00,4060.38,46.69,-4013.69
29.08.2026 14:00:00 +02:00,4095.00,48.71,-4046.29
29.08.2026 15:00:00 +02:00,4201.80,46.13,-4155.66
29.08.2026 16:00:00 +02:00,4075.41,44.87,-4030.53
29.08.2026 17:00:00 +02:00,2711.78,69.13,-2642.65
29.08.2026 18:00:00 +02:00,1658.17,1402.06,-256.10
29.08.2026 19:00:00 +02:00,1400.12,2582.93,1182.81
29.08.2026 20:00:00 +02:00,1356.24,2668.55,1312.31
29.08.2026 21:00:00 +02:00,1337.80,2637.88,1300.07
29.08.2026 22:00:00 +02:00,1276.36,2060.82,784.46
29.08.2026 23:00:00 +02:00,1518.32,732.06,-786.26
30.08.2026 00:00:00 +02:00,2590.74,272.99,-2317.75
30.08.2026 01:00:00 +02:00,3439.19,314.08,-3125.11
30.08.2026 02:00:00 +02:00,3947.25,287.20,-3660.05
30.08.2026 03:00:00 +02:00,4052.40,266.74,-3785.66
30.08.2026 04:00:00 +02:00,4073.15,280.69,-3792.46
30.08.2026 05:00:00 +02:00,4075.66,187.24,-3888.42
30.08.2026 06:00:00 +02:00,3809.86,176.01,-3633.85
30.08.2026 07:00:00 +02:00,3770.89,128.36,-3642.53
30.08.2026 08:00:00 +02:00,4003.34,155.69,-3847.65
30.08.2026 09:00:00 +02:00,4101.18,330.53,-3770.65
30.08.2026 10:00:00 +02:00,4149.18,361.38,-3787.79
30.08.2026 11:00:00 +02:00,4166.85,374.19,-3792.66
30.08.2026 12:00:00 +02:00,4279.47,375.28,-3904.19
30.08.2026 13:00:00 +02:00,4186.34,301.52,-3884.82
30.08.2026 14:00:00 +02:00,4326.59,282.67,-4043.91
30.08.2026 15:00:00 +02:00,4292.27,454.00,-3838.26
30.08.2026 16:00:00 +02:00,4022.61,335.73,-3686.88
30.08.2026 17:00:00 +02:00,2829.58,267.15,-2562.43
30.08.2026 18:00:00 +02:00,1378.66,1274.98,-103.68
30.08.2026 19:00:00 +02:00,1209.57,2495.05,1285.47
30.08.2026 20:00:00 +02:00,1231.85,3123.59,1891.74
30.08.2026 21:00:00 +02:00,1278.77,3107.86,1829.09
30.08.2026 22:00:00 +02:00,1532.16,2888.80,1356.64
30.08.2026 23:00:00 +02:00,1458.49,3109.22,1650.73
31.08.2026 00:00:00 +02:00,1281.90,3273.42,1991.52
31.08.2026 01:00:00 +02:00,1323.48,2970.85,1647.37
31.08.2026 02:00:00 +02:00,1225.92,2309.22,1083.30
31.08.2026 03:00:00 +02:00,1252.73,2019.84,767.11
31.08.2026 04:00:00 +02:00,1253.19,1740.04,486.85
31.08.2026 05:00:00 +02:00,1072.87,1484.73,411.86
31.08.2026 06:00:00 +02:00,859.55,1951.71,1092.16
31.08.2026 07:00:00 +02:00,782.76,2848.94,2066.18
31.08.2026 08:00:00 +02:00,677.47,1687.60,1010.13
31.08.2026 09:00:00 +02:00,1534.33,640.49,-893.84
31.08.2026 10:00:00 +02:00,2811.45,426.15,-2385.30
31.08.2026 11:00:00 +02:00,3000.39,439.13,-2561.26
31.08.2026 12:00:00 +02:00,3206.59,426.80,-2779.79
31.08.2026 13:00:00 +02:00,3136.51,467.67,-2668.84
31.08.2026 14:00:00 +02:00,2859.92,439.43,-2420.49
31.08.2026 15:00:00 +02:00,2534.08,468.43,-2065.66
31.08.2026 16:00:00 +02:00,1866.47,761.38,-1105.10
31.08.2026 17:00:00 +02:00,1495.90,886.13,-609.77
31.08.2026 18:00:00 +02:00,479.80,1536.97,1057.17
31.08.2026 19:00:00 +02:00,555.12,3031.41,2476.29
31.08.2026 20:00:00 +02:00,304.60,3269.90,2965.30
31.08.2026 21:00:00 +02:00,356.85,3229.02,2872.18
31.08.2026 22:00:00 +02:00,278.39,3295.30,3016.91
31.08.2026 23:00:00 +02:00,819.20,2572.15,1752.95
01.09.2026 00:00:00 +02:00,1140.00,1976.03,836.03
01.09.2026 01:00:00 +02:00,1145.86,1823.22,677.36
01.09.2026 02:00:00 +02:00,1168.70,1869.46,700.76
01.09.2026 03:00:00 +02:00,1185.81,2030.77,844.96
01.09.2026 04:00:00 +02:00,1171.35,2327.05,1155.70
01.09.2026 05:00:00 +02:00,814.23,2634.83,1820.60
01.09.2026 06:00:00 +02:00,27.74,3215.29,3187.55
01.09.2026 07:00:00 +02:00,2.99,3016.97,3013.98
01.09.2026 08:00:00 +02:00,0.00,2368.16,2368.16
01.09.2026 09:00:00 +02:00,519.65,928.59,408.94
01.09.2026 10:00:00 +02:00,2655.36,301.63,-2353.73
01.09.2026 11:00:00 +02:00,3641.29,236.62,-3404.67
01.09.2026 12:00:00 +02:00,3412.79,294.30,-3118.49
01.09.2026 13:00:00 +02:00,3503.32,283.78,-3219.54
01.09.2026 14:00:00 +02:00,3269.44,223.45,-3045.99
01.09.2026 15:00:00 +02:00,3275.52,159.31,-3116.20
01.09.2026 16:00:00 +02:00,3077.68,145.06,-2932.62
01.09.2026 17:00:00 +02:00,961.91,610.66,-351.25
01.09.2026 18:00:00 +02:00,0.00,2462.99,2462.99
01.09.2026 19:00:00 +02:00,0.00,2721.69,2721.69
01.09.2026 20:00:00 +02:00,0.00,2725.56,2725.56
01.09.2026 21:00:00 +02:00,115.43,2268.90,2153.47
01.09.2026 22:00:00 +02:00,567.70,2086.31,1518.61
01.09.2026 23:00:00 +02:00,962.53,2027.61,1065.08
02.09.2026 00:00:00 +02:00,1199.78,1761.19,561.41
02.09.2026 01:00:00 +02:00,1205.41,1836.29,630.88
02.09.2026 02:00:00 +02:00,1192.29,1924.53,732.24
02.09.2026 03:00:00 +02:00,1152.73,1925.45,772.72
02.09.2026 04:00:00 +02:00,1180.98,1949.17,768.18
02.09.2026 05:00:00 +02:00,1224.37,1833.61,609.23
02.09.2026 06:00:00 +02:00,651.10,2017.29,1366.19
02.09.2026 07:00:00 +02:00,367.64,2247.53,1879.89
02.09.2026 08:00:00 +02:00,304.91,2100.87,1795.96
02.09.2026 09:00:00 +02:00,756.24,1401.10,644.87
02.09.2026 10:00:00 +02:00,1590.24,737.23,-853.01
02.09.2026 11:00:00 +02:00,2592.75,316.21,-2276.54
02.09.2026 12:00:00 +02:00,3459.44,310.96,-3148.48
02.09.2026 13:00:00 +02:00,3703.10,381.92,-3321.18
02.09.2026 14:00:00 +02:00,3649.83,405.14,-3244.69
02.09.2026 15:00:00 +02:00,3261.92,383.76,-2878.16
02.09.2026 16:00:00 +02:00,1811.61,645.86,-1165.75
02.09.2026 17:00:00 +02:00,1283.33,1331.51,48.18
02.09.2026 18:00:00 +02:00,980.07,2247.38,1267.30
02.09.2026 19:00:00 +02:00,595.09,2283.29,1688.20
02.09.2026 20:00:00 +02:00,670.68,2304.83,1634.15
02.09.2026 21:00:00 +02:00,902.25,2323.49,1421.23
02.09.2026 22:00:00 +02:00,1181.93,2250.34,1068.41
02.09.2026 23:00:00 +02:00,1040.86,2227.94,1187.08
03.09.2026 00:00:00 +02:00,951.78,1939.86,988.08
03.09.2026 01:00:00 +02:00,939.06,2106.43,1167.37
03.09.2026 02:00:00 +02:00,977.95,1649.08,671.13
03.09.2026 03:00:00 +02:00,913.57,1273.39,359.81
03.09.2026 04:00:00 +02:00,972.20,1199.70,227.49
03.09.2026 05:00:00 +02:00,903.08,1444.56,541.47
03.09.2026 06:00:00 +02:00,952.58,2097.08,1144.50
03.09.2026 07:00:00 +02:00,505.35,1749.61,1244.26
03.09.2026 08:00:00 +02:00,403.43,1410.08,1006.66
03.09.2026 09:00:00 +02:00,1271.89,491.90,-779.98
03.09.2026 10:00:00 +02:00,2722.44,212.54,-2509.90
03.09.2026 11:00:00 +02:00,3022.73,140.66,-2882.07
03.09.2026 12:00:00 +02:00,3307.97,125.74,-3182.23
03.09.2026 13:00:00 +02:00,3262.15,253.55,-3008.61
03.09.2026 14:00:00 +02:00,3139.12,199.41,-2939.71
03.09.2026 15:00:00 +02:00,3156.52,171.36,-2985.16
03.09.2026 16:00:00 +02:00,3201.80,262.10,-2939.70
03.09.2026 17:00:00 +02:00,2019.63,304.59,-1715.03
03.09.2026 18:00:00 +02:00,407.62,685.14,277.52
03.09.2026 19:00:00 +02:00,105.73,1730.73,1625.00
03.09.2026 20:00:00 +02:00,193.42,1914.21,1720.79
03.09.2026 21:00:00 +02:00,196.14,1602.18,1406.04
03.09.2026 22:00:00 +02:00,720.44,1245.26,524.82
03.09.2026 23:00:00 +02:00,863.72,782.71,-81.02
04.09.2026 00:00:00 +02:00,1090.20,295.16,-795.04
04.09.2026 01:00:00 +02:00,1048.08,401.00,-647.09
04.09.2026 02:00:00 +02:00,984.35,724.65,-259.70
04.09.2026 03:00:00 +02:00,1136.58,745.01,-391.57
04.09.2026 04:00:00 +02:00,1339.48,674.69,-664.79
04.09.2026 05:00:00 +02:00,1144.79,450.44,-694.35
04.09.2026 06:00:00 +02:00,908.40,863.09,-45.31
04.09.2026 07:00:00 +02:00,831.26,1068.34,237.08
04.09.2026 08:00:00 +02:00,774.20,720.02,-54.18
04.09.2026 09:00:00 +02:00,1461.73,421.68,-1040.06
04.09.2026 10:00:00 +02:00,2795.94,233.85,-2562.09
04.09.2026 11:00:00 +02:00,3207.86,200.53,-3007.33
04.09.2026 12:00:00 +02:00,3060.51,150.28,-2910.23
04.09.2026 13:00:00 +02:00,3340.63,198.67,-3141.96
04.09.2026 14:00:00 +02:00,3435.07,192.33,-3242.74
04.09.2026 15:00:00 +02:00,3158.67,178.74,-2979.93
04.09.2026 16:00:00 +02:00,3610.39,201.01,-3409.38
04.09.2026 17:00:00 +02:00,3282.96,180.31,-3102.65
04.09.2026 18:00:00 +02:00,2492.89,222.86,-2270.03
04.09.2026 19:00:00 +02:00,2340.02,437.95,-1902.06
04.09.2026 20:00:00 +02:00,2463.69,933.20,-1530.49
04.09.2026 21:00:00 +02:00,3088.81,1472.93,-1615.88
04.09.2026 22:00:00 +02:00,3214.53,1654.41,-1560.12
04.09.2026 23:00:00 +02:00,3262.13,1177.37,-2084.77
05.09.2026 00:00:00 +02:00,3002.50,578.59,-2423.91
05.09.2026 01:00:00 +02:00,2812.03,267.99,-2544.05
05.09.2026 02:00:00 +02:00,2611.13,258.73,-2352.40
05.09.2026 03:00:00 +02:00,2433.43,315.82,-2117.61
05.09.2026 04:00:00 +02:00,2350.00,334.87,-2015.13
05.09.2026 05:00:00 +02:00,2515.77,321.77,-2194.00
05.09.2026 06:00:00 +02:00,2254.81,376.04,-1878.77
05.09.2026 07:00:00 +02:00,2370.33,372.80,-1997.53
05.09.2026 08:00:00 +02:00,2889.36,272.21,-2617.16
05.09.2026 09:00:00 +02:00,2852.28,230.61,-2621.67
05.09.2026 10:00:00 +02:00,3323.68,468.19,-2855.49
05.09.2026 11:00:00 +02:00,3191.62,188.94,-3002.67
05.09.2026 12:00:00 +02:00,3075.88,226.05,-2849.83
05.09.2026 13:00:00 +02:00,3104.00,349.03,-2754.96
05.09.2026 14:00:00 +02:00,2987.08,192.69,-2794.39
05.09.2026 15:00:00 +02:00,3115.92,190.59,-2925.33
05.09.2026 16:00:00 +02:00,3131.45,180.02,-2951.43
05.09.2026 17:00:00 +02:00,3340.68,596.96,-2743.72
05.09.2026 18:00:00 +02:00,2704.41,1083.92,-1620.49
05.09.2026 19:00:00 +02:00,2305.75,1486.56,-819.19
05.09.2026 20:00:00 +02:00,2059.19,1510.74,-548.45
05.09.2026 21:00:00 +02:00,2021.85,1519.33,-502.52
05.09.2026 22:00:00 +02:00,2128.48,1527.88,-600.60
05.09.2026 23:00:00 +02:00,2015.04,1577.05,-437.99
06.09.2026 00:00:00 +02:00,2217.39,1560.29,-657.10
06.09.2026 01:00:00 +02:00,1894.04,1541.93,-352.11
06.09.2026 02:00:00 +02:00,1839.11,1523.16,-315.95
06.09.2026 03:00:00 +02:00,1748.95,1500.20,-248.75
06.09.2026 04:00:00 +02:00,1733.97,1641.84,-92.13
06.09.2026 05:00:00 +02:00,1538.16,1594.92,56.76
06.09.2026 06:00:00 +02:00,1456.33,1288.77,-167.56
06.09.2026 07:00:00 +02:00,1766.13,895.89,-870.25
06.09.2026 08:00:00 +02:00,2287.41,245.49,-2041.92
06.09.2026 09:00:00 +02:00,3656.95,87.10,-3569.85
06.09.2026 10:00:00 +02:00,4327.11,105.92,-4221.19
06.09.2026 11:00:00 +02:00,4577.57,65.13,-4512.44
06.09.2026 12:00:00 +02:00,4598.06,34.91,-4563.15
06.09.2026 13:00:00 +02:00,4425.19,28.90,-4396.29
06.09.2026 14:00:00 +02:00,4345.22,47.99,-4297.23
06.09.2026 15:00:00 +02:00,4582.07,79.44,-4502.62
06.09.2026 16:00:00 +02:00,4110.73,84.04,-4026.70
06.09.2026 17:00:00 +02:00,2121.46,223.25,-1898.22
06.09.2026 18:00:00 +02:00,803.19,2361.70,1558.51
06.09.2026 19:00:00 +02:00,489.99,3182.16,2692.17
06.09.2026 20:00:00 +02:00,781.40,3535.71,2754.30
06.09.2026 21:00:00 +02:00,645.58,3500.62,2855.04
06.09.2026 22:00:00 +02:00,734.65,3496.66,2762.01
06.09.2026 23:00:00 +02:00,955.37,3548.80,2593.43
07.09.2026 00:00:00 +02:00,1046.17,3619.51,2573.34
07.09.2026 01:00:00 +02:00,1117.86,3770.88,2653.02
07.09.2026 02:00:00 +02:00,1180.77,3916.71,2735.95
07.09.2026 03:00:00 +02:00,1344.43,3909.66,2565.22
07.09.2026 04:00:00 +02:00,1199.38,3845.08,2645.71
07.09.2026 05:00:00 +02:00,737.66,3862.82,3125.16
07.09.2026 06:00:00 +02:00,224.86,3427.35,3202.49
07.09.2026 07:00:00 +02:00,176.48,3428.60,3252.12
07.09.2026 08:00:00 +02:00,55.54,3378.23,3322.69
07.09.2026 09:00:00 +02:00,177.22,2976.78,2799.57
07.09.2026 10:00:00 +02:00,701.58,1941.44,1239.86
07.09.2026 11:00:00 +02:00,1533.27,1387.83,-145.44
07.09.2026 12:00:00 +02:00,2163.44,833.02,-1330.42
07.09.2026 13:00:00 +02:00,2061.09,407.91,-1653.18
07.09.2026 14:00:00 +02:00,2316.51,414.22,-1902.29
07.09.2026 15:00:00 +02:00,2160.48,351.67,-1808.81
07.09.2026 16:00:00 +02:00,1813.15,713.65,-1099.51
07.09.2026 17:00:00 +02:00,786.50,1480.95,694.44
07.09.2026 18:00:00 +02:00,711.20,2745.55,2034.35
07.09.2026 19:00:00 +02:00,654.06,3067.79,2413.72
07.09.2026 20:00:00 +02:00,705.64,3052.99,2347.34
07.09.2026 21:00:00 +02:00,733.46,2727.72,1994.26
07.09.2026 22:00:00 +02:00,818.91,2602.27,1783.36
07.09.2026 23:00:00 +02:00,717.48,2576.26,1858.78
08.09.2026 00:00:00 +02:00,1024.59,2412.12,1387.53
08.09.2026 01:00:00 +02:00,883.50,2026.29,1142.80
08.09.2026 02:00:00 +02:00,960.61,1527.74,567.13
08.09.2026 03:00:00 +02:00,714.24,1490.60,776.36
08.09.2026 04:00:00 +02:00,753.80,1442.55,688.75
08.09.2026 05:00:00 +02:00,916.41,1455.82,539.41
08.09.2026 06:00:00 +02:00,574.89,1603.91,1029.02
08.09.2026 07:00:00 +02:00,630.54,2213.12,1582.58
08.09.2026 08:00:00 +02:00,590.53,2696.75,2106.21
08.09.2026 09:00:00 +02:00,873.65,1548.62,674.97
08.09.2026 10:00:00 +02:00,1801.54,858.04,-943.50
08.09.2026 11:00:00 +02:00,2370.58,668.84,-1701.74
08.09.2026 12:00:00 +02:00,2874.82,189.06,-2685.77
08.09.2026 13:00:00 +02:00,3756.40,156.97,-3599.43
08.09.2026 14:00:00 +02:00,3907.11,139.39,-3767.72
08.09.2026 15:00:00 +02:00,3822.42,115.86,-3706.56
08.09.2026 16:00:00 +02:00,2746.11,29.31,-2716.80
08.09.2026 17:00:00 +02:00,346.87,485.40,138.53
08.09.2026 18:00:00 +02:00,73.30,1999.97,1926.67
08.09.2026 19:00:00 +02:00,77.92,2641.08,2563.16
08.09.2026 20:00:00 +02:00,361.14,3086.50,2725.36
08.09.2026 21:00:00 +02:00,362.78,2953.17,2590.39
08.09.2026 22:00:00 +02:00,422.90,2928.04,2505.13
08.09.2026 23:00:00 +02:00,321.16,2161.94,1840.78
09.09.2026 00:00:00 +02:00,515.59,1342.72,827.14
09.09.2026 01:00:00 +02:00,497.97,1057.02,559.05
09.09.2026 02:00:00 +02:00,346.20,867.08,520.88
09.09.2026 03:00:00 +02:00,439.94,747.58,307.63
09.09.2026 04:00:00 +02:00,263.40,960.40,697.00
09.09.2026 05:00:00 +02:00,283.43,1483.14,1199.71
09.09.2026 06:00:00 +02:00,15.16,2959.52,2944.36
09.09.2026 07:00:00 +02:00,0.00,3387.68,3387.68
09.09.2026 08:00:00 +02:00,2.13,3398.77,3396.63
09.09.2026 09:00:00 +02:00,440.17,1953.15,1512.99
09.09.2026 10:00:00 +02:00,1880.37,1579.22,-301.15
09.09.2026 11:00:00 +02:00,2520.95,1620.82,-900.13
09.09.2026 12:00:00 +02:00,2130.81,1651.79,-479.02
09.09.2026 13:00:00 +02:00,2214.87,1605.50,-609.37
09.09.2026 14:00:00 +02:00,2336.75,1619.33,-717.42
09.09.2026 15:00:00 +02:00,2421.38,1663.17,-758.21
09.09.2026 16:00:00 +02:00,2338.02,1755.86,-582.16
09.09.2026 17:00:00 +02:00,1105.08,1983.72,878.64
09.09.2026 18:00:00 +02:00,169.57,3205.58,3036.02
09.09.2026 19:00:00 +02:00,281.63,4065.99,3784.36
09.09.2026 20:00:00 +02:00,400.74,4007.93,3607.19
09.09.2026 21:00:00 +02:00,405.30,3651.33,3246.03
09.09.2026 22:00:00 +02:00,554.46,2983.19,2428.73
09.09.2026 23:00:00 +02:00,567.51,2788.92,2221.41
10.09.2026 00:00:00 +02:00,655.62,2591.07,1935.46
10.09.2026 01:00:00 +02:00,731.25,2603.50,1872.26
10.09.2026 02:00:00 +02:00,943.47,2569.24,1625.77
10.09.2026 03:00:00 +02:00,917.48,2788.36,1870.88
10.09.2026 04:00:00 +02:00,783.96,3293.17,2509.21
10.09.2026 05:00:00 +02:00,719.79,4087.26,3367.47
10.09.2026 06:00:00 +02:00,691.58,4039.35,3347.76
10.09.2026 07:00:00 +02:00,646.77,4031.29,3384.52
10.09.2026 08:00:00 +02:00,373.66,4109.02,3735.36
10.09.2026 09:00:00 +02:00,450.92,3274.27,2823.35
10.09.2026 10:00:00 +02:00,1297.63,1942.40,644.77
10.09.2026 11:00:00 +02:00,2789.75,1834.25,-955.50
10.09.2026 12:00:00 +02:00,2975.00,1343.61,-1631.38
10.09.2026 13:00:00 +02:00,2881.13,1405.19,-1475.94
10.09.2026 14:00:00 +02:00,2906.64,929.90,-1976.74
10.09.2026 15:00:00 +02:00,2568.76,506.69,-2062.08
10.09.2026 16:00:00 +02:00,1074.82,1138.23,63.41
10.09.2026 17:00:00 +02:00,373.84,3224.68,2850.83
10.09.2026 18:00:00 +02:00,178.95,4457.98,4279.04
10.09.2026 19:00:00 +02:00,148.64,4409.16,4260.52
10.09.2026 20:00:00 +02:00,213.90,4198.12,3984.23
10.09.2026 21:00:00 +02:00,155.93,4217.25,4061.32
10.09.2026 22:00:00 +02:00,322.56,3758.95,3436.39
10.09.2026 23:00:00 +02:00,398.17,3781.96,3383.79
11.09.2026 00:00:00 +02:00,428.06,3414.74,2986.69
11.09.2026 01:00:00 +02:00,343.60,3532.58,3188.97
11.09.2026 02:00:00 +02:00,227.65,3211.25,2983.60
11.09.2026 03:00:00 +02:00,277.67,2921.58,2643.90
11.09.2026 04:00:00 +02:00,219.34,3157.92,2938.58
11.09.2026 05:00:00 +02:00,121.75,3581.12,3459.37
11.09.2026 06:00:00 +02:00,15.60,4338.59,4322.99
11.09.2026 07:00:00 +02:00,8.51,4528.14,4519.63
11.09.2026 08:00:00 +02:00,93.12,4559.96,4466.84
11.09.2026 09:00:00 +02:00,100.70,4202.96,4102.25
11.09.2026 10:00:00 +02:00,357.09,2675.25,2318.17
11.09.2026 11:00:00 +02:00,1256.80,1877.50,620.70
11.09.2026 12:00:00 +02:00,2194.09,1760.28,-433.82
11.09.2026 13:00:00 +02:00,2177.24,1820.91,-356.32
11.09.2026 14:00:00 +02:00,1523.11,1786.81,263.70
11.09.2026 15:00:00 +02:00,1193.85,2443.04,1249.20
11.09.2026 16:00:00 +02:00,213.72,3637.32,3423.60
11.09.2026 17:00:00 +02:00,150.90,3855.93,3705.03
11.09.2026 18:00:00 +02:00,58.73,4032.55,3973.83
11.09.2026 19:00:00 +02:00,34.31,4030.80,3996.48
11.09.2026 20:00:00 +02:00,178.05,3994.83,3816.79
11.09.2026 21:00:00 +02:00,254.74,3925.68,3670.94
11.09.2026 22:00:00 +02:00,322.70,3863.02,3540.31
11.09.2026 23:00:00 +02:00,225.63,3903.87,3678.24
12.09.2026 00:00:00 +02:00,502.04,3795.02,3292.98
12.09.2026 01:00:00 +02:00,514.92,3762.30,3247.38
12.09.2026 02:00:00 +02:00,528.62,3758.06,3229.44
12.09.2026 03:00:00 +02:00,543.95,3688.30,3144.35
12.09.2026 04:00:00 +02:00,445.48,3244.75,2799.28
12.09.2026 05:00:00 +02:00,414.38,2760.69,2346.31
12.09.2026 06:00:00 +02:00,362.71,2636.27,2273.56
12.09.2026 07:00:00 +02:00,260.24,2526.18,2265.94
12.09.2026 08:00:00 +02:00,612.68,2094.94,1482.26
12.09.2026 09:00:00 +02:00,1388.93,782.42,-606.51
12.09.2026 10:00:00 +02:00,3345.31,422.25,-2923.06
12.09.2026 11:00:00 +02:00,3670.36,462.00,-3208.36
12.09.2026 12:00:00 +02:00,3741.02,533.56,-3207.46
12.09.2026 13:00:00 +02:00,3600.67,669.54,-2931.12
12.09.2026 14:00:00 +02:00,3408.62,726.27,-2682.35
12.09.2026 15:00:00 +02:00,3696.03,624.00,-3072.03
12.09.2026 16:00:00 +02:00,2766.29,433.30,-2332.99
12.09.2026 17:00:00 +02:00,1387.15,745.27,-641.89
12.09.2026 18:00:00 +02:00,324.94,1949.88,1624.94
12.09.2026 19:00:00 +02:00,510.99,3129.79,2618.80
12.09.2026 20:00:00 +02:00,616.38,3702.97,3086.59
12.09.2026 21:00:00 +02:00,469.50,4011.52,3542.02
12.09.2026 22:00:00 +02:00,695.26,3772.86,3077.60
12.09.2026 23:00:00 +02:00,882.35,3454.47,2572.12
13.09.2026 00:00:00 +02:00,926.27,2719.20,1792.92
13.09.2026 01:00:00 +02:00,959.86,2158.12,1198.27
13.09.2026 02:00:00 +02:00,1135.48,2265.50,1130.01
13.09.2026 03:00:00 +02:00,852.32,1882.56,1030.24
13.09.2026 04:00:00 +02:00,791.88,1977.41,1185.53
13.09.2026 05:00:00 +02:00,787.63,2311.08,1523.45
13.09.2026 06:00:00 +02:00,767.97,2691.24,1923.27
13.09.2026 07:00:00 +02:00,602.33,3142.98,2540.66
13.09.2026 08:00:00 +02:00,455.07,2536.74,2081.67
13.09.2026 09:00:00 +02:00,1371.05,2215.29,844.24
13.09.2026 10:00:00 +02:00,2242.78,2368.89,126.11
13.09.2026 11:00:00 +02:00,2503.06,2345.39,-157.67
13.09.2026 12:00:00 +02:00,2764.36,2337.52,-426.85
13.09.2026 13:00:00 +02:00,2766.92,2258.98,-507.94
13.09.2026 14:00:00 +02:00,2626.14,1944.40,-681.74
13.09.2026 15:00:00 +02:00,2062.16,1811.90,-250.26
13.09.2026 16:00:00 +02:00,800.22,2017.30,1217.07
13.09.2026 17:00:00 +02:00,38.19,4436.06,4397.87
13.09.2026 18:00:00 +02:00,0.00,5692.45,5692.45
13.09.2026 19:00:00 +02:00,0.00,5701.91,5701.91
13.09.2026 20:00:00 +02:00,0.00,5528.44,5528.44
13.09.2026 21:00:00 +02:00,5.84,5146.69,5140.85
13.09.2026 22:00:00 +02:00,84.79,5024.30,4939.51
13.09.2026 23:00:00 +02:00,178.75,4797.79,4619.04
14.09.2026 00:00:00 +02:00,454.43,3621.89,3167.46
14.09.2026 01:00:00 +02:00,594.24,2958.96,2364.72
14.09.2026 02:00:00 +02:00,491.69,2808.66,2316.97
14.09.2026 03:00:00 +02:00,350.48,2850.74,2500.26
14.09.2026 04:00:00 +02:00,517.70,3055.61,2537.91
14.09.2026 05:00:00 +02:00,309.33,3580.57,3271.24
14.09.2026 06:00:00 +02:00,319.64,4084.22,3764.57
14.09.2026 07:00:00 +02:00,215.21,4216.92,4001.71
14.09.2026 08:00:00 +02:00,127.22,4153.88,4026.66
14.09.2026 09:00:00 +02:00,95.52,4335.27,4239.75
14.09.2026 10:00:00 +02:00,479.02,3383.35,2904.33
14.09.2026 11:00:00 +02:00,547.75,2467.92,1920.17
14.09.2026 12:00:00 +02:00,763.52,1807.18,1043.65
14.09.2026 13:00:00 +02:00,1300.89,1590.43,289.54
14.09.2026 14:00:00 +02:00,1165.19,1463.66,298.47
14.09.2026 15:00:00 +02:00,808.37,1444.76,636.39
14.09.2026 16:00:00 +02:00,394.41,1716.80,1322.39
14.09.2026 17:00:00 +02:00,136.10,3372.02,3235.92
14.09.2026 18:00:00 +02:00,150.05,4223.81,4073.76
14.09.2026 19:00:00 +02:00,176.82,4236.51,4059.70
14.09.2026 20:00:00 +02:00,288.01,3917.15,3629.14
14.09.2026 21:00:00 +02:00,332.03,4210.80,3878.77
14.09.2026 22:00:00 +02:00,376.63,4076.91,3700.28
14.09.2026 23:00:00 +02:00,341.87,4052.09,3710.22
15.09.2026 00:00:00 +02:00,329.12,3842.37,3513.25
15.09.2026 01:00:00 +02:00,278.58,3650.01,3371.42
15.09.2026 02:00:00 +02:00,392.83,3283.63,2890.81
15.09.2026 03:00:00 +02:00,303.33,3044.10,2740.77
15.09.2026 04:00:00 +02:00,250.53,2799.95,2549.42
15.09.2026 05:00:00 +02:00,294.69,3050.02,2755.33
15.09.2026 06:00:00 +02:00,208.12,4210.76,4002.64
15.09.2026 07:00:00 +02:00,129.00,4928.51,4799.52
15.09.2026 08:00:00 +02:00,110.69,4713.83,4603.14
15.09.2026 09:00:00 +02:00,250.57,2848.17,2597.60
15.09.2026 10:00:00 +02:00,2069.06,1646.22,-422.85
15.09.2026 11:00:00 +02:00,3350.10,1529.18,-1820.92
15.09.2026 12:00:00 +02:00,2901.93,1525.00,-1376.92
15.09.2026 13:00:00 +02:00,2745.87,1507.13,-1238.75
15.09.2026 14:00:00 +02:00,2724.95,1517.06,-1207.89
15.09.2026 15:00:00 +02:00,2624.32,1074.22,-1550.10
15.09.2026 16:00:00 +02:00,1472.57,922.13,-550.44
15.09.2026 17:00:00 +02:00,510.46,2995.91,2485.45
15.09.2026 18:00:00 +02:00,334.52,4517.55,4183.04
15.09.2026 19:00:00 +02:00,390.55,4574.06,4183.51
15.09.2026 20:00:00 +02:00,627.62,4452.07,3824.45
15.09.2026 21:00:00 +02:00,407.32,4321.06,3913.75
15.09.2026 22:00:00 +02:00,868.69,3792.68,2923.99
15.09.2026 23:00:00 +02:00,746.75,3029.02,2282.27
16.09.2026 00:00:00 +02:00,719.60,2648.62,1929.02
16.09.2026 01:00:00 +02:00,848.83,2506.84,1658.01
16.09.2026 02:00:00 +02:00,828.62,2451.58,1622.97
16.09.2026 03:00:00 +02:00,732.52,2507.02,1774.50
16.09.2026 04:00:00 +02:00,829.14,2409.82,1580.68
16.09.2026 05:00:00 +02:00,805.73,3043.86,2238.12
16.09.2026 06:00:00 +02:00,934.35,3842.81,2908.46
16.09.2026 07:00:00 +02:00,1006.97,4333.34,3326.37
16.09.2026 08:00:00 +02:00,955.96,4247.97,3292.01
16.09.2026 09:00:00 +02:00,1015.08,3418.31,2403.23
16.09.2026 10:00:00 +02:00,1158.66,2603.32,1444.66
16.09.2026 11:00:00 +02:00,1897.40,2059.75,162.35
16.09.2026 12:00:00 +02:00,2521.27,1752.88,-768.39
16.09.2026 13:00:00 +02:00,2835.87,1487.92,-1347.95
16.09.2026 14:00:00 +02:00,2475.15,1581.08,-894.08
16.09.2026 15:00:00 +02:00,2011.50,1826.47,-185.04
16.09.2026 16:00:00 +02:00,1149.37,2364.82,1215.45
16.09.2026 17:00:00 +02:00,922.61,3725.49,2802.88
16.09.2026 18:00:00 +02:00,1063.90,4345.70,3281.80
16.09.2026 19:00:00 +02:00,834.20,4369.89,3535.69
16.09.2026 20:00:00 +02:00,934.47,4281.06,3346.59
16.09.2026 21:00:00 +02:00,848.50,4145.36,3296.86
16.09.2026 22:00:00 +02:00,823.15,3434.09,2610.94
16.09.2026 23:00:00 +02:00,592.30,2549.82,1957.51
17.09.2026 00:00:00 +02:00,935.34,2880.81,1945.47
17.09.2026 01:00:00 +02:00,784.24,2308.66,1524.42
17.09.2026 02:00:00 +02:00,1108.43,2018.76,910.33
17.09.2026 03:00:00 +02:00,1299.17,2041.88,742.71
17.09.2026 04:00:00 +02:00,1454.82,2309.38,854.57
17.09.2026 05:00:00 +02:00,1658.05,2514.49,856.43
17.09.2026 06:00:00 +02:00,1198.86,2557.26,1358.40
17.09.2026 07:00:00 +02:00,708.07,2740.74,2032.67
17.09.2026 08:00:00 +02:00,347.68,2605.00,2257.32
17.09.2026 09:00:00 +02:00,1195.42,936.80,-258.62
17.09.2026 10:00:00 +02:00,3497.15,214.89,-3282.26
17.09.2026 11:00:00 +02:00,4198.29,202.32,-3995.97
17.09.2026 12:00:00 +02:00,4189.85,227.94,-3961.91
17.09.2026 13:00:00 +02:00,4065.52,209.31,-3856.21
17.09.2026 14:00:00 +02:00,4103.15,181.16,-3921.99
17.09.2026 15:00:00 +02:00,4050.08,223.11,-3826.96
17.09.2026 16:00:00 +02:00,4288.73,459.00,-3829.73
17.09.2026 17:00:00 +02:00,2140.50,898.77,-1241.73
17.09.2026 18:00:00 +02:00,1121.08,2169.95,1048.87
17.09.2026 19:00:00 +02:00,406.01,3105.31,2699.29
17.09.2026 20:00:00 +02:00,477.80,3368.86,2891.06
17.09.2026 21:00:00 +02:00,474.65,3310.30,2835.64
17.09.2026 22:00:00 +02:00,597.41,2668.24,2070.83
17.09.2026 23:00:00 +02:00,575.38,1923.88,1348.50
18.09.2026 00:00:00 +02:00,1051.36,1479.66,428.30
18.09.2026 01:00:00 +02:00,1392.10,1726.85,334.75
18.09.2026 02:00:00 +02:00,1570.63,1913.47,342.85
18.09.2026 03:00:00 +02:00,1301.58,1787.51,485.92
18.09.2026 04:00:00 +02:00,1518.98,2087.65,568.67
18.09.2026 05:00:00 +02:00,1431.59,2571.68,1140.09
18.09.2026 06:00:00 +02:00,736.85,2607.90,1871.05
18.09.2026 07:00:00 +02:00,400.61,2401.34,2000.73
18.09.2026 08:00:00 +02:00,234.61,2889.55,2654.94
18.09.2026 09:00:00 +02:00,752.48,1633.48,881.00
18.09.2026 10:00:00 +02:00,2619.07,555.88,-2063.19
18.09.2026 11:00:00 +02:00,3711.61,364.87,-3346.75
18.09.2026 12:00:00 +02:00,3833.72,578.78,-3254.94
18.09.2026 13:00:00 +02:00,3945.46,623.98,-3321.48
18.09.2026 14:00:00 +02:00,4096.61,924.37,-3172.24
18.09.2026 15:00:00 +02:00,3822.25,891.49,-2930.76
18.09.2026 16:00:00 +02:00,3484.12,662.81,-2821.31
18.09.2026 17:00:00 +02:00,2520.66,866.92,-1653.74
18.09.2026 18:00:00 +02:00,1044.72,1644.67,599.95
18.09.2026 19:00:00 +02:00,1262.16,2668.52,1406.36
18.09.2026 20:00:00 +02:00,1307.05,3108.59,1801.53
18.09.2026 21:00:00 +02:00,1233.97,2285.64,1051.67
18.09.2026 22:00:00 +02:00,1277.33,1146.33,-131.00
18.09.2026 23:00:00 +02:00,1678.61,1018.25,-660.36
19.09.2026 00:00:00 +02:00,1988.79,1157.55,-831.23
19.09.2026 01:00:00 +02:00,2401.51,1328.96,-1072.55
19.09.2026 02:00:00 +02:00,2345.46,833.59,-1511.87
19.09.2026 03:00:00 +02:00,2673.92,914.37,-1759.56
19.09.2026 04:00:00 +02:00,2609.92,731.37,-1878.55
19.09.2026 05:00:00 +02:00,2798.07,1117.32,-1680.75
19.09.2026 06:00:00 +02:00,2634.50,769.32,-1865.18
19.09.2026 07:00:00 +02:00,2810.99,626.50,-2184.49
19.09.2026 08:00:00 +02:00,3142.79,644.13,-2498.66
19.09.2026 09:00:00 +02:00,3846.36,421.71,-3424.66
19.09.2026 10:00:00 +02:00,4472.73,335.59,-4137.14
19.09.2026 11:00:00 +02:00,4550.78,515.54,-4035.24
19.09.2026 12:00:00 +02:00,4648.54,481.30,-4167.24
19.09.2026 13:00:00 +02:00,4362.42,461.41,-3901.00
19.09.2026 14:00:00 +02:00,4207.17,510.96,-3696.21
19.09.2026 15:00:00 +02:00,4222.09,538.50,-3683.59
19.09.2026 16:00:00 +02:00,3839.76,353.15,-3486.61
19.09.2026 17:00:00 +02:00,3390.89,500.21,-2890.68
19.09.2026 18:00:00 +02:00,2026.83,998.28,-1028.55
19.09.2026 19:00:00 +02:00,1718.71,1210.10,-508.61
19.09.2026 20:00:00 +02:00,1806.52,1331.46,-475.06
19.09.2026 21:00:00 +02:00,2034.79,1781.03,-253.76
19.09.2026 22:00:00 +02:00,1690.55,1241.29,-449.26
19.09.2026 23:00:00 +02:00,1758.29,865.79,-892.50
20.09.2026 00:00:00 +02:00,1963.02,601.76,-1361.26
20.09.2026 01:00:00 +02:00,1264.29,725.33,-538.96
20.09.2026 02:00:00 +02:00,1408.72,886.68,-522.03
20.09.2026 03:00:00 +02:00,1299.20,715.86,-583.34
20.09.2026 04:00:00 +02:00,1782.25,600.41,-1181.84
20.09.2026 05:00:00 +02:00,1944.50,645.33,-1299.17
20.09.2026 06:00:00 +02:00,2280.00,802.15,-1477.85
20.09.2026 07:00:00 +02:00,2566.77,898.45,-1668.32
20.09.2026 08:00:00 +02:00,2463.15,645.24,-1817.91
20.09.2026 09:00:00 +02:00,3634.95,481.35,-3153.60
20.09.2026 10:00:00 +02:00,4316.77,297.44,-4019.33
20.09.2026 11:00:00 +02:00,4091.83,78.60,-4013.22
20.09.2026 12:00:00 +02:00,3823.86,164.40,-3659.46
20.09.2026 13:00:00 +02:00,3562.79,0.00,-3562.79
20.09.2026 14:00:00 +02:00,3565.76,0.00,-3565.76
20.09.2026 15:00:00 +02:00,3806.88,400.00,-3406.88
20.09.2026 16:00:00 +02:00,3367.48,914.75,-2452.73
20.09.2026 17:00:00 +02:00,3073.87,1875.82,-1198.05
20.09.2026 18:00:00 +02:00,1993.03,2575.89,582.86
20.09.2026 19:00:00 +02:00,1734.95,2513.74,778.79
20.09.2026 20:00:00 +02:00,1923.59,2445.03,521.43
20.09.2026 21:00:00 +02:00,2023.55,2467.31,443.76
20.09.2026 22:00:00 +02:00,1879.00,2369.02,490.01
20.09.2026 23:00:00 +02:00,1783.33,2306.81,523.48
