Time(Local),Import,Export,Flow from NO
01.01.2025 00:00:00 +01:00,0.00,0.00,0.00
01.01.2025 01:00:00 +01:00,6182.72,75.20,-6107.52
01.01.2025 02:00:00 +01:00,5333.30,53.48,-5279.83
01.01.2025 03:00:00 +01:00,5270.82,0.00,-5270.82
01.01.2025 04:00:00 +01:00,4677.57,7.98,-4669.59
01.01.2025 05:00:00 +01:00,5034.35,0.60,-5033.75
01.01.2025 06:00:00 +01:00,6475.29,2.21,-6473.08
01.01.2025 07:00:00 +01:00,7052.41,0.00,-7052.41
01.01.2025 08:00:00 +01:00,6765.14,1.28,-6763.86
01.01.2025 09:00:00 +01:00,6179.85,57.17,-6122.68
01.01.2025 10:00:00 +01:00,6013.14,500.08,-5513.06
01.01.2025 11:00:00 +01:00,5658.50,967.20,-4691.30
01.01.2025 12:00:00 +01:00,5281.56,1405.70,-3875.86
01.01.2025 13:00:00 +01:00,5145.56,1493.92,-3651.64
01.01.2025 14:00:00 +01:00,5659.49,1447.47,-4212.02
01.01.2025 15:00:00 +01:00,6021.50,1553.95,-4467.55
01.01.2025 16:00:00 +01:00,6310.84,1887.78,-4423.05
01.01.2025 17:00:00 +01:00,6089.11,2103.62,-3985.48
01.01.2025 18:00:00 +01:00,6171.58,2103.68,-4067.90
01.01.2025 19:00:00 +01:00,6228.27,2089.15,-4139.12
01.01.2025 20:00:00 +01:00,6138.32,2076.01,-4062.31
01.01.2025 21:00:00 +01:00,5920.86,1857.24,-4063.63
01.01.2025 22:00:00 +01:00,5427.04,2102.87,-3324.17
01.01.2025 23:00:00 +01:00,5536.12,2012.52,-3523.59
02.01.2025 00:00:00 +01:00,4911.42,2148.26,-2763.16
02.01.2025 01:00:00 +01:00,4930.80,2078.84,-2851.96
02.01.2025 02:00:00 +01:00,5051.14,2146.68,-2904.47
02.01.2025 03:00:00 +01:00,4794.56,2125.01,-2669.56
02.01.2025 04:00:00 +01:00,3165.42,2155.32,-1010.10
02.01.2025 05:00:00 +01:00,1058.08,2325.06,1266.98
02.01.2025 06:00:00 +01:00,261.58,3502.04,3240.46
02.01.2025 07:00:00 +01:00,238.94,3856.33,3617.38
02.01.2025 08:00:00 +01:00,567.91,4269.36,3701.44
02.01.2025 09:00:00 +01:00,243.41,4985.74,4742.34
02.01.2025 10:00:00 +01:00,331.16,5012.65,4681.49
02.01.2025 11:00:00 +01:00,464.59,4998.60,4534.02
02.01.2025 12:00:00 +01:00,247.68,4969.19,4721.51
02.01.2025 13:00:00 +01:00,163.54,5000.75,4837.21
02.01.2025 14:00:00 +01:00,180.68,5091.90,4911.22
02.01.2025 15:00:00 +01:00,202.17,5424.74,5222.56
02.01.2025 16:00:00 +01:00,311.44,5201.69,4890.25
02.01.2025 17:00:00 +01:00,505.59,4913.10,4407.50
02.01.2025 18:00:00 +01:00,663.78,4880.98,4217.20
02.01.2025 19:00:00 +01:00,144.18,4859.17,4715.00
02.01.2025 20:00:00 +01:00,119.06,4582.14,4463.08
02.01.2025 21:00:00 +01:00,72.52,4562.86,4490.34
02.01.2025 22:00:00 +01:00,76.51,4820.61,4744.10
02.01.2025 23:00:00 +01:00,0.00,5114.46,5114.46
03.01.2025 00:00:00 +01:00,12.30,5337.47,5325.17
03.01.2025 01:00:00 +01:00,255.53,5127.96,4872.42
03.01.2025 02:00:00 +01:00,670.38,4967.50,4297.13
03.01.2025 03:00:00 +01:00,842.07,4543.19,3701.12
03.01.2025 04:00:00 +01:00,957.58,4053.60,3096.02
03.01.2025 05:00:00 +01:00,657.24,3961.28,3304.04
03.01.2025 06:00:00 +01:00,170.99,4086.00,3915.00
03.01.2025 07:00:00 +01:00,0.00,4475.26,4475.26
03.01.2025 08:00:00 +01:00,0.78,4637.26,4636.48
03.01.2025 09:00:00 +01:00,217.36,3791.54,3574.18
03.01.2025 10:00:00 +01:00,188.90,4169.19,3980.30
03.01.2025 11:00:00 +01:00,316.96,4415.48,4098.52
03.01.2025 12:00:00 +01:00,145.95,4348.94,4202.99
03.01.2025 13:00:00 +01:00,326.64,4154.38,3827.74
03.01.2025 14:00:00 +01:00,824.42,4517.14,3692.72
03.01.2025 15:00:00 +01:00,648.72,4662.10,4013.39
03.01.2025 16:00:00 +01:00,621.46,4006.05,3384.60
03.01.2025 17:00:00 +01:00,1059.76,4693.56,3633.80
03.01.2025 18:00:00 +01:00,971.18,4884.31,3913.12
03.01.2025 19:00:00 +01:00,651.74,4413.75,3762.01
03.01.2025 20:00:00 +01:00,384.14,4297.26,3913.11
03.01.2025 21:00:00 +01:00,255.38,4451.23,4195.86
03.01.2025 22:00:00 +01:00,200.80,5048.60,4847.80
03.01.2025 23:00:00 +01:00,117.51,5372.53,5255.02
04.01.2025 00:00:00 +01:00,22.00,5401.81,5379.80
04.01.2025 01:00:00 +01:00,29.28,5371.54,5342.26
04.01.2025 02:00:00 +01:00,39.34,5082.94,5043.60
04.01.2025 03:00:00 +01:00,50.34,5093.74,5043.39
04.01.2025 04:00:00 +01:00,10.53,5395.77,5385.24
04.01.2025 05:00:00 +01:00,13.46,5410.71,5397.24
04.01.2025 06:00:00 +01:00,37.58,5368.34,5330.75
04.01.2025 07:00:00 +01:00,249.98,4905.11,4655.12
04.01.2025 08:00:00 +01:00,541.56,4881.72,4340.16
04.01.2025 09:00:00 +01:00,400.08,4893.65,4493.57
04.01.2025 10:00:00 +01:00,362.76,5060.60,4697.84
04.01.2025 11:00:00 +01:00,437.54,4911.31,4473.76
04.01.2025 12:00:00 +01:00,678.24,5150.32,4472.08
04.01.2025 13:00:00 +01:00,279.93,5192.72,4912.79
04.01.2025 14:00:00 +01:00,69.29,5180.78,5111.48
04.01.2025 15:00:00 +01:00,292.16,5032.33,4740.16
04.01.2025 16:00:00 +01:00,432.27,5421.43,4989.16
04.01.2025 17:00:00 +01:00,471.23,5443.76,4972.53
04.01.2025 18:00:00 +01:00,42.84,5299.58,5256.74
04.01.2025 19:00:00 +01:00,40.42,5295.74,5255.32
04.01.2025 20:00:00 +01:00,1.70,5388.75,5387.05
04.01.2025 21:00:00 +01:00,1.71,5982.38,5980.67
04.01.2025 22:00:00 +01:00,0.00,6111.40,6111.40
04.01.2025 23:00:00 +01:00,0.00,6350.29,6350.29
05.01.2025 00:00:00 +01:00,0.00,6058.10,6058.10
05.01.2025 01:00:00 +01:00,0.00,6253.52,6253.52
05.01.2025 02:00:00 +01:00,0.00,6322.02,6322.02
05.01.2025 03:00:00 +01:00,0.00,6596.20,6596.20
05.01.2025 04:00:00 +01:00,0.00,6846.68,6846.68
05.01.2025 05:00:00 +01:00,0.00,6839.68,6839.68
05.01.2025 06:00:00 +01:00,0.00,6531.58,6531.58
05.01.2025 07:00:00 +01:00,0.00,6225.54,6225.54
05.01.2025 08:00:00 +01:00,0.00,5998.29,5998.29
05.01.2025 09:00:00 +01:00,0.00,5896.94,5896.94
05.01.2025 10:00:00 +01:00,0.00,5655.53,5655.53
05.01.2025 11:00:00 +01:00,0.00,5824.06,5824.06
05.01.2025 12:00:00 +01:00,0.00,5638.33,5638.33
05.01.2025 13:00:00 +01:00,0.00,5519.75,5519.75
05.01.2025 14:00:00 +01:00,0.00,5250.58,5250.58
05.01.2025 15:00:00 +01:00,0.00,5014.32,5014.32
05.01.2025 16:00:00 +01:00,0.00,5087.28,5087.28
05.01.2025 17:00:00 +01:00,0.00,5018.49,5018.49
05.01.2025 18:00:00 +01:00,0.00,5047.85,5047.85
05.01.2025 19:00:00 +01:00,11.73,4848.98,4837.24
05.01.2025 20:00:00 +01:00,51.06,4062.78,4011.72
05.01.2025 21:00:00 +01:00,3.59,3939.54,3935.95
05.01.2025 22:00:00 +01:00,301.29,3346.97,3045.68
05.01.2025 23:00:00 +01:00,1541.47,1865.25,323.78
06.01.2025 00:00:00 +01:00,2037.54,1754.37,-283.16
06.01.2025 01:00:00 +01:00,3610.42,1892.10,-1718.32
06.01.2025 02:00:00 +01:00,4296.74,2001.80,-2294.94
06.01.2025 03:00:00 +01:00,4178.51,1924.92,-2253.59
06.01.2025 04:00:00 +01:00,4249.25,1382.71,-2866.54
06.01.2025 05:00:00 +01:00,4067.44,1061.87,-3005.57
06.01.2025 06:00:00 +01:00,4060.51,1318.40,-2742.11
06.01.2025 07:00:00 +01:00,1597.02,2495.20,898.19
06.01.2025 08:00:00 +01:00,517.10,3271.65,2754.55
06.01.2025 09:00:00 +01:00,818.14,3275.03,2456.89
06.01.2025 10:00:00 +01:00,1113.26,3206.93,2093.67
06.01.2025 11:00:00 +01:00,1221.01,2995.09,1774.08
06.01.2025 12:00:00 +01:00,1758.50,2878.24,1119.75
06.01.2025 13:00:00 +01:00,2362.24,2762.38,400.13
06.01.2025 14:00:00 +01:00,2654.40,2671.38,16.98
06.01.2025 15:00:00 +01:00,2841.16,2667.57,-173.58
06.01.2025 16:00:00 +01:00,1988.97,2804.54,815.57
06.01.2025 17:00:00 +01:00,1157.54,3424.91,2267.37
06.01.2025 18:00:00 +01:00,761.92,3484.02,2722.10
06.01.2025 19:00:00 +01:00,1231.69,3256.88,2025.19
06.01.2025 20:00:00 +01:00,2028.27,2914.28,886.01
06.01.2025 21:00:00 +01:00,3514.86,2505.75,-1009.12
06.01.2025 22:00:00 +01:00,2917.23,2338.12,-579.10
06.01.2025 23:00:00 +01:00,3639.84,2404.23,-1235.61
07.01.2025 00:00:00 +01:00,3861.96,2167.85,-1694.11
07.01.2025 01:00:00 +01:00,3979.85,1900.10,-2079.75
07.01.2025 02:00:00 +01:00,3970.61,1964.41,-2006.20
07.01.2025 03:00:00 +01:00,4234.06,1991.58,-2242.47
07.01.2025 04:00:00 +01:00,3370.97,2034.52,-1336.45
07.01.2025 05:00:00 +01:00,2253.40,2193.21,-60.19
07.01.2025 06:00:00 +01:00,1244.28,2789.38,1545.10
07.01.2025 07:00:00 +01:00,587.80,3795.25,3207.44
07.01.2025 08:00:00 +01:00,548.90,3681.84,3132.94
07.01.2025 09:00:00 +01:00,610.65,3649.02,3038.38
07.01.2025 10:00:00 +01:00,470.93,3638.24,3167.31
07.01.2025 11:00:00 +01:00,997.40,3544.57,2547.18
07.01.2025 12:00:00 +01:00,1167.84,3524.36,2356.51
07.01.2025 13:00:00 +01:00,1332.94,3309.23,1976.28
07.01.2025 14:00:00 +01:00,1535.99,3143.68,1607.69
07.01.2025 15:00:00 +01:00,1716.24,3154.04,1437.80
07.01.2025 16:00:00 +01:00,1835.14,3131.76,1296.62
07.01.2025 17:00:00 +01:00,1298.47,3135.74,1837.27
07.01.2025 18:00:00 +01:00,1403.09,3125.24,1722.16
07.01.2025 19:00:00 +01:00,2139.46,3139.24,999.77
07.01.2025 20:00:00 +01:00,2947.75,3062.38,114.62
07.01.2025 21:00:00 +01:00,3015.30,3043.28,27.98
07.01.2025 22:00:00 +01:00,3155.88,3033.69,-122.19
07.01.2025 23:00:00 +01:00,3150.88,3009.98,-140.90
08.01.2025 00:00:00 +01:00,2499.64,3082.89,583.26
08.01.2025 01:00:00 +01:00,2770.08,3097.58,327.50
08.01.2025 02:00:00 +01:00,2716.58,3050.64,334.05
08.01.2025 03:00:00 +01:00,2873.12,2989.24,116.13
08.01.2025 04:00:00 +01:00,2561.02,3056.81,495.78
08.01.2025 05:00:00 +01:00,1913.91,3016.25,1102.34
08.01.2025 06:00:00 +01:00,1042.89,3331.49,2288.60
08.01.2025 07:00:00 +01:00,256.90,3768.20,3511.30
08.01.2025 08:00:00 +01:00,40.21,3589.55,3549.34
08.01.2025 09:00:00 +01:00,247.46,3490.64,3243.18
08.01.2025 10:00:00 +01:00,317.36,3694.24,3376.87
08.01.2025 11:00:00 +01:00,75.97,4073.63,3997.66
08.01.2025 12:00:00 +01:00,0.00,4290.76,4290.76
08.01.2025 13:00:00 +01:00,14.68,4103.28,4088.60
08.01.2025 14:00:00 +01:00,12.88,4251.70,4238.81
08.01.2025 15:00:00 +01:00,9.37,4632.68,4623.31
08.01.2025 16:00:00 +01:00,4.78,4943.79,4939.01
08.01.2025 17:00:00 +01:00,2.35,5357.79,5355.44
08.01.2025 18:00:00 +01:00,80.46,5406.14,5325.68
08.01.2025 19:00:00 +01:00,266.40,5433.12,5166.72
08.01.2025 20:00:00 +01:00,0.00,5298.80,5298.80
08.01.2025 21:00:00 +01:00,0.00,5528.93,5528.93
08.01.2025 22:00:00 +01:00,0.00,5630.92,5630.92
08.01.2025 23:00:00 +01:00,0.00,5781.38,5781.38
09.01.2025 00:00:00 +01:00,0.00,5606.10,5606.10
09.01.2025 01:00:00 +01:00,0.00,5843.44,5843.44
09.01.2025 02:00:00 +01:00,0.00,5771.44,5771.44
09.01.2025 03:00:00 +01:00,0.00,5902.85,5902.85
09.01.2025 04:00:00 +01:00,0.00,6449.47,6449.47
09.01.2025 05:00:00 +01:00,0.00,6663.66,6663.66
09.01.2025 06:00:00 +01:00,0.78,6211.96,6211.19
09.01.2025 07:00:00 +01:00,0.00,5185.78,5185.78
09.01.2025 08:00:00 +01:00,0.00,4354.82,4354.82
09.01.2025 09:00:00 +01:00,0.00,4695.61,4695.61
09.01.2025 10:00:00 +01:00,0.00,5128.91,5128.91
09.01.2025 11:00:00 +01:00,0.00,4551.70,4551.70
09.01.2025 12:00:00 +01:00,0.00,4405.84,4405.84
09.01.2025 13:00:00 +01:00,0.00,4345.73,4345.73
09.01.2025 14:00:00 +01:00,0.06,4577.42,4577.36
09.01.2025 15:00:00 +01:00,0.00,4841.73,4841.73
09.01.2025 16:00:00 +01:00,0.00,4338.74,4338.74
09.01.2025 17:00:00 +01:00,0.00,4768.10,4768.10
09.01.2025 18:00:00 +01:00,0.00,5269.32,5269.32
09.01.2025 19:00:00 +01:00,0.00,5760.28,5760.28
09.01.2025 20:00:00 +01:00,0.00,5163.93,5163.93
09.01.2025 21:00:00 +01:00,0.00,4970.06,4970.06
09.01.2025 22:00:00 +01:00,0.00,5724.71,5724.71
09.01.2025 23:00:00 +01:00,0.00,6286.60,6286.60
10.01.2025 00:00:00 +01:00,0.00,6470.55,6470.55
10.01.2025 01:00:00 +01:00,0.00,6901.75,6901.75
10.01.2025 02:00:00 +01:00,0.00,6884.72,6884.72
10.01.2025 03:00:00 +01:00,0.00,6647.86,6647.86
10.01.2025 04:00:00 +01:00,0.00,6548.88,6548.88
10.01.2025 05:00:00 +01:00,0.00,6255.74,6255.74
10.01.2025 06:00:00 +01:00,0.00,5805.50,5805.50
10.01.2025 07:00:00 +01:00,0.00,5627.35,5627.35
10.01.2025 08:00:00 +01:00,0.00,5018.38,5018.38
10.01.2025 09:00:00 +01:00,0.00,5406.15,5406.15
10.01.2025 10:00:00 +01:00,0.00,5540.58,5540.58
10.01.2025 11:00:00 +01:00,0.00,5185.91,5185.91
10.01.2025 12:00:00 +01:00,0.41,4510.41,4510.00
10.01.2025 13:00:00 +01:00,0.00,5472.84,5472.84
10.01.2025 14:00:00 +01:00,0.00,5183.30,5183.30
10.01.2025 15:00:00 +01:00,0.00,4886.61,4886.61
10.01.2025 16:00:00 +01:00,84.78,4431.01,4346.22
10.01.2025 17:00:00 +01:00,56.66,4696.52,4639.86
10.01.2025 18:00:00 +01:00,93.40,4876.78,4783.38
10.01.2025 19:00:00 +01:00,97.02,4981.38,4884.36
10.01.2025 20:00:00 +01:00,267.45,5032.93,4765.48
10.01.2025 21:00:00 +01:00,0.00,4626.58,4626.58
10.01.2025 22:00:00 +01:00,366.44,4130.40,3763.96
10.01.2025 23:00:00 +01:00,1251.00,4108.04,2857.03
11.01.2025 00:00:00 +01:00,1760.15,3812.92,2052.78
11.01.2025 01:00:00 +01:00,2149.81,3875.93,1726.12
11.01.2025 02:00:00 +01:00,2441.30,3714.36,1273.06
11.01.2025 03:00:00 +01:00,2647.35,3646.24,998.89
11.01.2025 04:00:00 +01:00,2811.52,3697.48,885.96
11.01.2025 05:00:00 +01:00,2709.18,3886.46,1177.28
11.01.2025 06:00:00 +01:00,2709.09,3791.26,1082.17
11.01.2025 07:00:00 +01:00,2663.68,3596.92,933.24
11.01.2025 08:00:00 +01:00,2676.84,3727.13,1050.28
11.01.2025 09:00:00 +01:00,2314.66,3367.31,1052.64
11.01.2025 10:00:00 +01:00,1963.89,3065.70,1101.81
11.01.2025 11:00:00 +01:00,1762.54,3067.11,1304.57
11.01.2025 12:00:00 +01:00,2022.54,2984.18,961.65
11.01.2025 13:00:00 +01:00,2284.60,2809.38,524.78
11.01.2025 14:00:00 +01:00,2495.65,2803.74,308.09
11.01.2025 15:00:00 +01:00,2254.88,2777.90,523.02
11.01.2025 16:00:00 +01:00,647.12,2301.71,1654.60
11.01.2025 17:00:00 +01:00,315.08,3317.20,3002.12
11.01.2025 18:00:00 +01:00,269.90,3694.42,3424.53
11.01.2025 19:00:00 +01:00,519.72,3942.68,3422.96
11.01.2025 20:00:00 +01:00,747.86,3914.78,3166.92
11.01.2025 21:00:00 +01:00,810.64,4059.76,3249.11
11.01.2025 22:00:00 +01:00,1354.14,3937.39,2583.24
11.01.2025 23:00:00 +01:00,2175.64,4217.64,2042.00
12.01.2025 00:00:00 +01:00,2501.69,3889.75,1388.06
12.01.2025 01:00:00 +01:00,2620.64,4340.70,1720.06
12.01.2025 02:00:00 +01:00,2653.92,4573.48,1919.56
12.01.2025 03:00:00 +01:00,2725.47,4426.31,1700.84
12.01.2025 04:00:00 +01:00,2563.58,4322.24,1758.65
12.01.2025 05:00:00 +01:00,2263.22,4177.13,1913.91
12.01.2025 06:00:00 +01:00,2418.24,4322.73,1904.49
12.01.2025 07:00:00 +01:00,1583.00,4421.04,2838.04
12.01.2025 08:00:00 +01:00,605.56,4873.58,4268.02
12.01.2025 09:00:00 +01:00,179.94,5106.64,4926.70
12.01.2025 10:00:00 +01:00,54.76,5087.15,5032.39
12.01.2025 11:00:00 +01:00,210.60,4875.58,4664.98
12.01.2025 12:00:00 +01:00,176.88,4932.31,4755.44
12.01.2025 13:00:00 +01:00,166.88,4884.60,4717.72
12.01.2025 14:00:00 +01:00,576.02,4482.92,3906.90
12.01.2025 15:00:00 +01:00,175.12,4509.12,4334.01
12.01.2025 16:00:00 +01:00,0.00,5258.44,5258.44
12.01.2025 17:00:00 +01:00,0.00,5482.18,5482.18
12.01.2025 18:00:00 +01:00,0.00,5364.05,5364.05
12.01.2025 19:00:00 +01:00,0.00,5253.33,5253.33
12.01.2025 20:00:00 +01:00,0.48,4971.72,4971.24
12.01.2025 21:00:00 +01:00,0.00,5316.25,5316.25
12.01.2025 22:00:00 +01:00,0.00,6161.64,6161.64
12.01.2025 23:00:00 +01:00,0.00,6588.74,6588.74
13.01.2025 00:00:00 +01:00,0.00,6008.78,6008.78
13.01.2025 01:00:00 +01:00,144.56,5318.81,5174.25
13.01.2025 02:00:00 +01:00,683.09,4786.74,4103.64
13.01.2025 03:00:00 +01:00,991.87,4694.85,3702.98
13.01.2025 04:00:00 +01:00,1112.34,4848.54,3736.20
13.01.2025 05:00:00 +01:00,668.24,4691.73,4023.48
13.01.2025 06:00:00 +01:00,171.74,5154.48,4982.75
13.01.2025 07:00:00 +01:00,42.00,5551.64,5509.64
13.01.2025 08:00:00 +01:00,222.88,5480.65,5257.77
13.01.2025 09:00:00 +01:00,254.47,5541.82,5287.36
13.01.2025 10:00:00 +01:00,244.31,4985.62,4741.30
13.01.2025 11:00:00 +01:00,287.16,4517.07,4229.91
13.01.2025 12:00:00 +01:00,282.79,4233.28,3950.49
13.01.2025 13:00:00 +01:00,416.97,3872.72,3455.75
13.01.2025 14:00:00 +01:00,991.88,3492.42,2500.54
13.01.2025 15:00:00 +01:00,1778.37,3225.92,1447.56
13.01.2025 16:00:00 +01:00,1556.46,3177.73,1621.28
13.01.2025 17:00:00 +01:00,1090.63,3047.28,1956.65
13.01.2025 18:00:00 +01:00,1532.98,3041.86,1508.88
13.01.2025 19:00:00 +01:00,2897.12,3041.89,144.78
13.01.2025 20:00:00 +01:00,3281.77,3041.95,-239.82
13.01.2025 21:00:00 +01:00,3379.57,3041.76,-337.81
13.01.2025 22:00:00 +01:00,3240.95,3033.04,-207.91
13.01.2025 23:00:00 +01:00,2967.67,3033.26,65.58
14.01.2025 00:00:00 +01:00,2939.65,3050.99,111.34
14.01.2025 01:00:00 +01:00,2712.72,3052.25,339.53
14.01.2025 02:00:00 +01:00,2813.86,3053.20,239.34
14.01.2025 03:00:00 +01:00,3090.66,3061.44,-29.22
14.01.2025 04:00:00 +01:00,3007.96,3068.14,60.18
14.01.2025 05:00:00 +01:00,2849.96,3093.34,243.38
14.01.2025 06:00:00 +01:00,2551.65,3098.06,546.40
14.01.2025 07:00:00 +01:00,2455.72,3166.93,711.22
14.01.2025 08:00:00 +01:00,2604.21,3227.14,622.92
14.01.2025 09:00:00 +01:00,2408.66,3357.00,948.34
14.01.2025 10:00:00 +01:00,2821.98,3231.70,409.72
14.01.2025 11:00:00 +01:00,2731.88,3168.13,436.26
14.01.2025 12:00:00 +01:00,2660.29,3301.30,641.01
14.01.2025 13:00:00 +01:00,2010.78,3086.84,1076.06
14.01.2025 14:00:00 +01:00,2288.54,3134.54,846.00
14.01.2025 15:00:00 +01:00,2237.06,3077.17,840.10
14.01.2025 16:00:00 +01:00,1014.10,3183.59,2169.49
14.01.2025 17:00:00 +01:00,751.36,3445.12,2693.75
14.01.2025 18:00:00 +01:00,804.72,3291.94,2487.22
14.01.2025 19:00:00 +01:00,1532.71,3110.38,1577.67
14.01.2025 20:00:00 +01:00,1778.44,3074.91,1296.47
14.01.2025 21:00:00 +01:00,1732.79,3067.60,1334.80
14.01.2025 22:00:00 +01:00,1820.17,3212.58,1392.41
14.01.2025 23:00:00 +01:00,1954.10,3419.67,1465.57
15.01.2025 00:00:00 +01:00,1862.43,3272.08,1409.65
15.01.2025 01:00:00 +01:00,1388.60,3498.68,2110.08
15.01.2025 02:00:00 +01:00,557.86,3599.70,3041.84
15.01.2025 03:00:00 +01:00,123.81,3807.25,3683.44
15.01.2025 04:00:00 +01:00,0.00,5025.62,5025.62
15.01.2025 05:00:00 +01:00,0.00,6333.71,6333.71
15.01.2025 06:00:00 +01:00,0.00,7012.95,7012.95
15.01.2025 07:00:00 +01:00,0.00,6504.22,6504.22
15.01.2025 08:00:00 +01:00,0.00,5853.78,5853.78
15.01.2025 09:00:00 +01:00,150.80,5688.84,5538.04
15.01.2025 10:00:00 +01:00,603.28,6027.47,5424.18
15.01.2025 11:00:00 +01:00,796.87,5436.18,4639.30
15.01.2025 12:00:00 +01:00,830.43,4833.22,4002.78
15.01.2025 13:00:00 +01:00,641.23,4774.10,4132.86
15.01.2025 14:00:00 +01:00,611.69,4934.17,4322.48
15.01.2025 15:00:00 +01:00,456.14,5229.92,4773.78
15.01.2025 16:00:00 +01:00,277.06,5112.13,4835.07
15.01.2025 17:00:00 +01:00,256.56,5032.94,4776.38
15.01.2025 18:00:00 +01:00,366.05,4844.97,4478.92
15.01.2025 19:00:00 +01:00,849.66,4712.78,3863.12
15.01.2025 20:00:00 +01:00,1351.16,4709.62,3358.47
15.01.2025 21:00:00 +01:00,1534.10,3844.30,2310.20
15.01.2025 22:00:00 +01:00,2159.18,4283.16,2123.98
15.01.2025 23:00:00 +01:00,2187.86,5070.00,2882.14
16.01.2025 00:00:00 +01:00,2275.26,4640.26,2365.00
16.01.2025 01:00:00 +01:00,2440.91,5006.69,2565.78
16.01.2025 02:00:00 +01:00,2568.05,5008.06,2440.01
16.01.2025 03:00:00 +01:00,2727.25,4955.65,2228.40
16.01.2025 04:00:00 +01:00,2778.46,4933.28,2154.82
16.01.2025 05:00:00 +01:00,2784.79,4957.44,2172.65
16.01.2025 06:00:00 +01:00,2029.09,4970.50,2941.41
16.01.2025 07:00:00 +01:00,1226.81,4703.47,3476.66
16.01.2025 08:00:00 +01:00,807.18,4746.07,3938.90
16.01.2025 09:00:00 +01:00,985.26,4655.50,3670.24
16.01.2025 10:00:00 +01:00,807.82,4643.61,3835.80
16.01.2025 11:00:00 +01:00,847.68,4564.93,3717.24
16.01.2025 12:00:00 +01:00,1039.80,4481.59,3441.80
16.01.2025 13:00:00 +01:00,1315.61,4518.40,3202.79
16.01.2025 14:00:00 +01:00,1541.66,4687.99,3146.32
16.01.2025 15:00:00 +01:00,942.19,4739.52,3797.34
16.01.2025 16:00:00 +01:00,718.52,4794.80,4076.28
16.01.2025 17:00:00 +01:00,348.10,4783.12,4435.02
16.01.2025 18:00:00 +01:00,705.48,4742.88,4037.39
16.01.2025 19:00:00 +01:00,1404.31,4644.69,3240.38
16.01.2025 20:00:00 +01:00,1834.44,4600.38,2765.94
16.01.2025 21:00:00 +01:00,2318.47,4407.28,2088.81
16.01.2025 22:00:00 +01:00,2503.49,4285.50,1782.02
16.01.2025 23:00:00 +01:00,2822.76,4258.51,1435.76
17.01.2025 00:00:00 +01:00,2579.44,4221.78,1642.34
17.01.2025 01:00:00 +01:00,2498.94,4258.68,1759.74
17.01.2025 02:00:00 +01:00,2893.70,4374.39,1480.69
17.01.2025 03:00:00 +01:00,2724.40,4312.39,1587.99
17.01.2025 04:00:00 +01:00,2500.17,4306.20,1806.04
17.01.2025 05:00:00 +01:00,2162.02,4333.79,2171.78
17.01.2025 06:00:00 +01:00,2035.40,4452.86,2417.46
17.01.2025 07:00:00 +01:00,1170.16,4506.51,3336.35
17.01.2025 08:00:00 +01:00,709.88,4545.40,3835.52
17.01.2025 09:00:00 +01:00,929.36,4244.88,3315.52
17.01.2025 10:00:00 +01:00,940.60,4184.47,3243.87
17.01.2025 11:00:00 +01:00,817.50,4163.44,3345.94
17.01.2025 12:00:00 +01:00,1822.60,4111.19,2288.58
17.01.2025 13:00:00 +01:00,2568.65,4048.21,1479.56
17.01.2025 14:00:00 +01:00,2590.22,4160.12,1569.90
17.01.2025 15:00:00 +01:00,2395.28,4208.87,1813.59
17.01.2025 16:00:00 +01:00,2230.97,4215.63,1984.66
17.01.2025 17:00:00 +01:00,2098.60,4181.58,2082.97
17.01.2025 18:00:00 +01:00,2467.57,4190.36,1722.78
17.01.2025 19:00:00 +01:00,2235.56,4190.33,1954.77
17.01.2025 20:00:00 +01:00,2210.59,4412.28,2201.69
17.01.2025 21:00:00 +01:00,2350.14,4415.32,2065.18
17.01.2025 22:00:00 +01:00,1978.47,4219.31,2240.84
17.01.2025 23:00:00 +01:00,2023.66,4426.26,2402.60
18.01.2025 00:00:00 +01:00,2107.58,4630.31,2522.72
18.01.2025 01:00:00 +01:00,1872.17,4679.39,2807.22
18.01.2025 02:00:00 +01:00,1925.84,4618.36,2692.52
18.01.2025 03:00:00 +01:00,1882.44,4584.55,2702.11
18.01.2025 04:00:00 +01:00,2347.31,4630.49,2283.18
18.01.2025 05:00:00 +01:00,2651.88,4545.16,1893.28
18.01.2025 06:00:00 +01:00,2865.36,4582.81,1717.45
18.01.2025 07:00:00 +01:00,1658.26,4610.79,2952.53
18.01.2025 08:00:00 +01:00,580.43,4633.14,4052.72
18.01.2025 09:00:00 +01:00,133.93,4901.86,4767.92
18.01.2025 10:00:00 +01:00,7.19,5635.61,5628.42
18.01.2025 11:00:00 +01:00,0.00,5926.26,5926.26
18.01.2025 12:00:00 +01:00,0.00,5896.37,5896.37
18.01.2025 13:00:00 +01:00,0.00,5686.60,5686.60
18.01.2025 14:00:00 +01:00,6.25,5788.94,5782.70
18.01.2025 15:00:00 +01:00,29.66,6075.01,6045.34
18.01.2025 16:00:00 +01:00,0.00,6434.06,6434.06
18.01.2025 17:00:00 +01:00,0.00,6046.19,6046.19
18.01.2025 18:00:00 +01:00,0.00,5335.35,5335.35
18.01.2025 19:00:00 +01:00,159.62,4923.44,4763.83
18.01.2025 20:00:00 +01:00,414.29,4786.72,4372.44
18.01.2025 21:00:00 +01:00,894.18,4749.24,3855.06
18.01.2025 22:00:00 +01:00,1424.68,4712.14,3287.45
18.01.2025 23:00:00 +01:00,1726.30,4707.44,2981.13
19.01.2025 00:00:00 +01:00,2446.99,4985.03,2538.04
19.01.2025 01:00:00 +01:00,2559.29,4907.37,2348.08
19.01.2025 02:00:00 +01:00,2873.56,4953.69,2080.14
19.01.2025 03:00:00 +01:00,3004.92,5007.31,2002.39
19.01.2025 04:00:00 +01:00,3473.10,5098.74,1625.64
19.01.2025 05:00:00 +01:00,3208.78,5104.90,1896.12
19.01.2025 06:00:00 +01:00,2782.73,5104.12,2321.39
19.01.2025 07:00:00 +01:00,1900.95,5101.22,3200.27
19.01.2025 08:00:00 +01:00,1259.61,5052.03,3792.42
19.01.2025 09:00:00 +01:00,516.28,5234.05,4717.76
19.01.2025 10:00:00 +01:00,326.61,5254.89,4928.28
19.01.2025 11:00:00 +01:00,575.10,5118.79,4543.68
19.01.2025 12:00:00 +01:00,378.20,5084.86,4706.66
19.01.2025 13:00:00 +01:00,200.20,5088.83,4888.64
19.01.2025 14:00:00 +01:00,62.28,5430.90,5368.62
19.01.2025 15:00:00 +01:00,2.44,5787.40,5784.96
19.01.2025 16:00:00 +01:00,0.00,6797.10,6797.10
19.01.2025 17:00:00 +01:00,0.00,7490.65,7490.65
19.01.2025 18:00:00 +01:00,0.00,7652.12,7652.12
19.01.2025 19:00:00 +01:00,0.00,7832.68,7832.68
19.01.2025 20:00:00 +01:00,0.00,7889.74,7889.74
19.01.2025 21:00:00 +01:00,0.00,7955.58,7955.58
19.01.2025 22:00:00 +01:00,0.00,7390.16,7390.16
19.01.2025 23:00:00 +01:00,0.00,6881.59,6881.59
20.01.2025 00:00:00 +01:00,0.00,6274.03,6274.03
20.01.2025 01:00:00 +01:00,0.00,6122.10,6122.10
20.01.2025 02:00:00 +01:00,0.00,5920.77,5920.77
20.01.2025 03:00:00 +01:00,0.00,5762.93,5762.93
20.01.2025 04:00:00 +01:00,4.28,6148.35,6144.07
20.01.2025 05:00:00 +01:00,10.32,6795.04,6784.72
20.01.2025 06:00:00 +01:00,0.00,7446.71,7446.71
20.01.2025 07:00:00 +01:00,2.96,6188.24,6185.28
20.01.2025 08:00:00 +01:00,196.06,4718.95,4522.89
20.01.2025 09:00:00 +01:00,245.73,4956.86,4711.12
20.01.2025 10:00:00 +01:00,240.22,4947.95,4707.72
20.01.2025 11:00:00 +01:00,301.87,4701.74,4399.86
20.01.2025 12:00:00 +01:00,459.65,4811.03,4351.38
20.01.2025 13:00:00 +01:00,442.96,4550.14,4107.18
20.01.2025 14:00:00 +01:00,1008.83,4807.00,3798.17
20.01.2025 15:00:00 +01:00,1528.82,4932.37,3403.55
20.01.2025 16:00:00 +01:00,242.90,4920.50,4677.60
20.01.2025 17:00:00 +01:00,51.84,5301.40,5249.55
20.01.2025 18:00:00 +01:00,0.00,5344.47,5344.47
20.01.2025 19:00:00 +01:00,0.00,5568.73,5568.73
20.01.2025 20:00:00 +01:00,0.00,5965.08,5965.08
20.01.2025 21:00:00 +01:00,0.00,6213.47,6213.47
20.01.2025 22:00:00 +01:00,0.00,5750.54,5750.54
20.01.2025 23:00:00 +01:00,78.94,4960.96,4882.02
21.01.2025 00:00:00 +01:00,280.50,5104.28,4823.78
21.01.2025 01:00:00 +01:00,481.07,5464.05,4982.98
21.01.2025 02:00:00 +01:00,462.01,5413.48,4951.47
21.01.2025 03:00:00 +01:00,335.62,5496.18,5160.56
21.01.2025 04:00:00 +01:00,176.51,5704.22,5527.71
21.01.2025 05:00:00 +01:00,8.47,6220.93,6212.46
21.01.2025 06:00:00 +01:00,8.54,6643.28,6634.75
21.01.2025 07:00:00 +01:00,19.89,6254.98,6235.09
21.01.2025 08:00:00 +01:00,26.03,5451.80,5425.77
21.01.2025 09:00:00 +01:00,34.96,5415.74,5380.78
21.01.2025 10:00:00 +01:00,32.29,5507.86,5475.56
21.01.2025 11:00:00 +01:00,23.99,5868.40,5844.41
21.01.2025 12:00:00 +01:00,23.86,5822.02,5798.16
21.01.2025 13:00:00 +01:00,19.92,6144.95,6125.02
21.01.2025 14:00:00 +01:00,13.60,6203.70,6190.10
21.01.2025 15:00:00 +01:00,8.99,6075.91,6066.92
21.01.2025 16:00:00 +01:00,2.04,5326.20,5324.16
21.01.2025 17:00:00 +01:00,0.00,5381.49,5381.49
21.01.2025 18:00:00 +01:00,0.00,5509.56,5509.56
21.01.2025 19:00:00 +01:00,0.00,6030.62,6030.62
21.01.2025 20:00:00 +01:00,0.00,6038.06,6038.06
21.01.2025 21:00:00 +01:00,0.00,5990.82,5990.82
21.01.2025 22:00:00 +01:00,0.00,5298.01,5298.01
21.01.2025 23:00:00 +01:00,0.00,5314.94,5314.94
22.01.2025 00:00:00 +01:00,0.00,5411.54,5411.54
22.01.2025 01:00:00 +01:00,0.00,5642.62,5642.62
22.01.2025 02:00:00 +01:00,0.00,6020.15,6020.15
22.01.2025 03:00:00 +01:00,0.00,6199.25,6199.25
22.01.2025 04:00:00 +01:00,0.00,6082.25,6082.25
22.01.2025 05:00:00 +01:00,0.00,6098.87,6098.87
22.01.2025 06:00:00 +01:00,0.00,5867.94,5867.94
22.01.2025 07:00:00 +01:00,4.81,5087.32,5082.51
22.01.2025 08:00:00 +01:00,1.07,4934.86,4933.79
22.01.2025 09:00:00 +01:00,0.00,5630.41,5630.41
22.01.2025 10:00:00 +01:00,0.00,4866.10,4866.10
22.01.2025 11:00:00 +01:00,0.00,4892.28,4892.28
22.01.2025 12:00:00 +01:00,0.00,5126.60,5126.60
22.01.2025 13:00:00 +01:00,0.63,4853.75,4853.12
22.01.2025 14:00:00 +01:00,0.00,4819.34,4819.34
22.01.2025 15:00:00 +01:00,0.00,4919.16,4919.16
22.01.2025 16:00:00 +01:00,0.00,4893.90,4893.90
22.01.2025 17:00:00 +01:00,0.00,4933.28,4933.28
22.01.2025 18:00:00 +01:00,0.00,5184.18,5184.18
22.01.2025 19:00:00 +01:00,0.00,5233.39,5233.39
22.01.2025 20:00:00 +01:00,0.00,5687.84,5687.84
22.01.2025 21:00:00 +01:00,0.00,5795.24,5795.24
22.01.2025 22:00:00 +01:00,0.00,5828.60,5828.60
22.01.2025 23:00:00 +01:00,0.00,6326.62,6326.62
23.01.2025 00:00:00 +01:00,0.00,6309.35,6309.35
23.01.2025 01:00:00 +01:00,0.00,6485.32,6485.32
23.01.2025 02:00:00 +01:00,0.00,6195.76,6195.76
23.01.2025 03:00:00 +01:00,0.00,6068.61,6068.61
23.01.2025 04:00:00 +01:00,0.00,6008.38,6008.38
23.01.2025 05:00:00 +01:00,0.00,5886.62,5886.62
23.01.2025 06:00:00 +01:00,0.00,5860.32,5860.32
23.01.2025 07:00:00 +01:00,0.00,4702.79,4702.79
23.01.2025 08:00:00 +01:00,9.88,4071.40,4061.53
23.01.2025 09:00:00 +01:00,0.00,4660.57,4660.57
23.01.2025 10:00:00 +01:00,0.00,5076.54,5076.54
23.01.2025 11:00:00 +01:00,0.00,5369.12,5369.12
23.01.2025 12:00:00 +01:00,0.00,4741.64,4741.64
23.01.2025 13:00:00 +01:00,23.96,4553.32,4529.36
23.01.2025 14:00:00 +01:00,0.00,5050.77,5050.77
23.01.2025 15:00:00 +01:00,0.00,5383.77,5383.77
23.01.2025 16:00:00 +01:00,0.00,5616.34,5616.34
23.01.2025 17:00:00 +01:00,0.00,5754.52,5754.52
23.01.2025 18:00:00 +01:00,0.00,6101.63,6101.63
23.01.2025 19:00:00 +01:00,0.00,5759.36,5759.36
23.01.2025 20:00:00 +01:00,0.00,5447.84,5447.84
23.01.2025 21:00:00 +01:00,0.00,5564.41,5564.41
23.01.2025 22:00:00 +01:00,0.00,5125.38,5125.38
23.01.2025 23:00:00 +01:00,35.14,4674.60,4639.46
24.01.2025 00:00:00 +01:00,300.93,5373.08,5072.15
24.01.2025 01:00:00 +01:00,405.72,4710.83,4305.11
24.01.2025 02:00:00 +01:00,634.81,3753.58,3118.76
24.01.2025 03:00:00 +01:00,923.36,3338.78,2415.42
24.01.2025 04:00:00 +01:00,920.06,3086.52,2166.46
24.01.2025 05:00:00 +01:00,197.10,3446.08,3248.98
24.01.2025 06:00:00 +01:00,0.00,5507.61,5507.61
24.01.2025 07:00:00 +01:00,0.00,5572.58,5572.58
24.01.2025 08:00:00 +01:00,4.04,4983.00,4978.96
24.01.2025 09:00:00 +01:00,0.00,4852.74,4852.74
24.01.2025 10:00:00 +01:00,0.00,4982.75,4982.75
24.01.2025 11:00:00 +01:00,0.00,5022.04,5022.04
24.01.2025 12:00:00 +01:00,0.00,4096.14,4096.14
24.01.2025 13:00:00 +01:00,2.26,3236.14,3233.88
24.01.2025 14:00:00 +01:00,388.78,2998.91,2610.13
24.01.2025 15:00:00 +01:00,4.57,3652.63,3648.06
24.01.2025 16:00:00 +01:00,28.12,4209.68,4181.56
24.01.2025 17:00:00 +01:00,272.00,4449.19,4177.19
24.01.2025 18:00:00 +01:00,749.24,4094.61,3345.38
24.01.2025 19:00:00 +01:00,1628.60,3773.20,2144.60
24.01.2025 20:00:00 +01:00,2611.98,3456.59,844.62
24.01.2025 21:00:00 +01:00,2727.69,3013.06,285.36
24.01.2025 22:00:00 +01:00,2393.16,3024.90,631.74
24.01.2025 23:00:00 +01:00,2267.23,2871.42,604.19
25.01.2025 00:00:00 +01:00,1867.42,3145.60,1278.18
25.01.2025 01:00:00 +01:00,2506.26,3322.34,816.09
25.01.2025 02:00:00 +01:00,2872.93,3302.01,429.08
25.01.2025 03:00:00 +01:00,3051.64,3214.44,162.80
25.01.2025 04:00:00 +01:00,2523.35,3176.02,652.68
25.01.2025 05:00:00 +01:00,2504.82,3623.96,1119.14
25.01.2025 06:00:00 +01:00,2572.62,4047.09,1474.47
25.01.2025 07:00:00 +01:00,2594.67,4307.70,1713.03
25.01.2025 08:00:00 +01:00,2593.77,4424.95,1831.18
25.01.2025 09:00:00 +01:00,2189.97,4594.02,2404.04
25.01.2025 10:00:00 +01:00,2114.10,4594.54,2480.44
25.01.2025 11:00:00 +01:00,1920.71,3912.47,1991.76
25.01.2025 12:00:00 +01:00,1959.04,3985.49,2026.45
25.01.2025 13:00:00 +01:00,2236.52,4412.29,2175.77
25.01.2025 14:00:00 +01:00,2007.05,4794.82,2787.77
25.01.2025 15:00:00 +01:00,1503.08,4895.88,3392.80
25.01.2025 16:00:00 +01:00,868.39,4766.71,3898.32
25.01.2025 17:00:00 +01:00,1269.19,5006.74,3737.55
25.01.2025 18:00:00 +01:00,1780.16,4710.54,2930.37
25.01.2025 19:00:00 +01:00,2277.99,4450.11,2172.12
25.01.2025 20:00:00 +01:00,2798.30,4668.93,1870.63
25.01.2025 21:00:00 +01:00,2676.47,4670.92,1994.46
25.01.2025 22:00:00 +01:00,2414.59,4617.65,2203.06
25.01.2025 23:00:00 +01:00,2458.04,4912.56,2454.52
26.01.2025 00:00:00 +01:00,2584.16,4669.71,2085.55
26.01.2025 01:00:00 +01:00,2993.01,4902.10,1909.09
26.01.2025 02:00:00 +01:00,2818.14,5110.94,2292.80
26.01.2025 03:00:00 +01:00,2502.80,5123.97,2621.17
26.01.2025 04:00:00 +01:00,2483.38,5121.19,2637.81
26.01.2025 05:00:00 +01:00,2507.53,5131.31,2623.78
26.01.2025 06:00:00 +01:00,2247.06,5128.90,2881.84
26.01.2025 07:00:00 +01:00,1525.36,5030.06,3504.70
26.01.2025 08:00:00 +01:00,1084.30,4999.58,3915.28
26.01.2025 09:00:00 +01:00,515.48,5153.08,4637.60
26.01.2025 10:00:00 +01:00,93.19,5838.44,5745.25
26.01.2025 11:00:00 +01:00,0.00,6844.18,6844.18
26.01.2025 12:00:00 +01:00,0.00,6660.45,6660.45
26.01.2025 13:00:00 +01:00,0.00,6875.86,6875.86
26.01.2025 14:00:00 +01:00,0.00,6784.02,6784.02
26.01.2025 15:00:00 +01:00,0.00,6287.80,6287.80
26.01.2025 16:00:00 +01:00,0.00,6484.65,6484.65
26.01.2025 17:00:00 +01:00,24.89,6442.86,6417.98
26.01.2025 18:00:00 +01:00,7.29,6589.45,6582.16
26.01.2025 19:00:00 +01:00,0.00,6756.99,6756.99
26.01.2025 20:00:00 +01:00,0.00,6445.83,6445.83
26.01.2025 21:00:00 +01:00,0.00,6367.37,6367.37
26.01.2025 22:00:00 +01:00,0.00,5800.24,5800.24
26.01.2025 23:00:00 +01:00,618.13,4477.00,3858.87
27.01.2025 00:00:00 +01:00,46.86,4618.70,4571.83
27.01.2025 01:00:00 +01:00,737.83,2906.94,2169.11
27.01.2025 02:00:00 +01:00,3054.68,1603.78,-1450.90
27.01.2025 03:00:00 +01:00,4155.26,1450.40,-2704.86
27.01.2025 04:00:00 +01:00,4200.68,1450.99,-2749.70
27.01.2025 05:00:00 +01:00,3082.24,1522.65,-1559.60
27.01.2025 06:00:00 +01:00,872.37,2727.10,1854.72
27.01.2025 07:00:00 +01:00,27.99,5357.12,5329.14
27.01.2025 08:00:00 +01:00,7.60,5738.54,5730.93
27.01.2025 09:00:00 +01:00,13.70,5533.28,5519.58
27.01.2025 10:00:00 +01:00,16.22,4265.46,4249.24
27.01.2025 11:00:00 +01:00,93.36,3345.80,3252.44
27.01.2025 12:00:00 +01:00,740.11,3354.46,2614.35
27.01.2025 13:00:00 +01:00,1221.93,3544.84,2322.92
27.01.2025 14:00:00 +01:00,828.57,3674.93,2846.36
27.01.2025 15:00:00 +01:00,26.03,3986.92,3960.89
27.01.2025 16:00:00 +01:00,0.94,4851.55,4850.61
27.01.2025 17:00:00 +01:00,0.00,5943.18,5943.18
27.01.2025 18:00:00 +01:00,0.00,6026.77,6026.77
27.01.2025 19:00:00 +01:00,0.00,4773.54,4773.54
27.01.2025 20:00:00 +01:00,167.64,3830.02,3662.37
27.01.2025 21:00:00 +01:00,468.44,3784.95,3316.51
27.01.2025 22:00:00 +01:00,599.54,3774.62,3175.08
27.01.2025 23:00:00 +01:00,884.65,3798.14,2913.50
28.01.2025 00:00:00 +01:00,1689.88,4104.43,2414.55
28.01.2025 01:00:00 +01:00,2009.19,3963.60,1954.41
28.01.2025 02:00:00 +01:00,1899.90,4097.54,2197.65
28.01.2025 03:00:00 +01:00,2162.37,3980.64,1818.27
28.01.2025 04:00:00 +01:00,1142.52,3319.05,2176.53
28.01.2025 05:00:00 +01:00,361.62,3037.64,2676.03
28.01.2025 06:00:00 +01:00,350.18,3307.12,2956.94
28.01.2025 07:00:00 +01:00,324.63,4211.70,3887.07
28.01.2025 08:00:00 +01:00,648.57,4838.28,4189.72
28.01.2025 09:00:00 +01:00,860.50,4772.87,3912.36
28.01.2025 10:00:00 +01:00,587.49,4606.34,4018.85
28.01.2025 11:00:00 +01:00,166.17,4239.61,4073.44
28.01.2025 12:00:00 +01:00,467.42,4338.13,3870.72
28.01.2025 13:00:00 +01:00,397.80,4512.38,4114.58
28.01.2025 14:00:00 +01:00,296.67,4384.26,4087.58
28.01.2025 15:00:00 +01:00,0.00,4602.74,4602.74
28.01.2025 16:00:00 +01:00,78.30,4538.53,4460.24
28.01.2025 17:00:00 +01:00,0.00,5068.84,5068.84
28.01.2025 18:00:00 +01:00,0.00,5410.60,5410.60
28.01.2025 19:00:00 +01:00,0.00,5303.91,5303.91
28.01.2025 20:00:00 +01:00,0.00,5690.60,5690.60
28.01.2025 21:00:00 +01:00,0.00,5823.02,5823.02
28.01.2025 22:00:00 +01:00,0.00,5536.00,5536.00
28.01.2025 23:00:00 +01:00,4.52,5186.62,5182.10
29.01.2025 00:00:00 +01:00,6.30,5224.92,5218.62
29.01.2025 01:00:00 +01:00,237.74,4924.40,4686.66
29.01.2025 02:00:00 +01:00,495.13,4847.20,4352.08
29.01.2025 03:00:00 +01:00,362.10,4884.90,4522.79
29.01.2025 04:00:00 +01:00,241.85,4993.76,4751.90
29.01.2025 05:00:00 +01:00,1.78,5398.27,5396.50
29.01.2025 06:00:00 +01:00,0.00,5969.08,5969.08
29.01.2025 07:00:00 +01:00,0.00,5778.52,5778.52
29.01.2025 08:00:00 +01:00,0.00,5375.26,5375.26
29.01.2025 09:00:00 +01:00,0.00,5659.98,5659.98
29.01.2025 10:00:00 +01:00,0.00,5077.04,5077.04
29.01.2025 11:00:00 +01:00,0.00,5047.25,5047.25
29.01.2025 12:00:00 +01:00,0.00,4453.62,4453.62
29.01.2025 13:00:00 +01:00,2.56,4371.90,4369.34
29.01.2025 14:00:00 +01:00,0.00,4634.73,4634.73
29.01.2025 15:00:00 +01:00,0.00,5351.20,5351.20
29.01.2025 16:00:00 +01:00,0.00,5297.57,5297.57
29.01.2025 17:00:00 +01:00,29.56,5356.56,5327.00
29.01.2025 18:00:00 +01:00,0.00,5489.18,5489.18
29.01.2025 19:00:00 +01:00,0.00,5658.40,5658.40
29.01.2025 20:00:00 +01:00,15.44,5018.38,5002.94
29.01.2025 21:00:00 +01:00,7.64,5236.28,5228.65
29.01.2025 22:00:00 +01:00,193.54,5007.28,4813.74
29.01.2025 23:00:00 +01:00,668.47,4574.11,3905.64
30.01.2025 00:00:00 +01:00,705.80,4593.21,3887.41
30.01.2025 01:00:00 +01:00,1129.41,4604.75,3475.34
30.01.2025 02:00:00 +01:00,1799.89,4500.78,2700.90
30.01.2025 03:00:00 +01:00,2252.44,4470.28,2217.84
30.01.2025 04:00:00 +01:00,2372.81,4360.25,1987.44
30.01.2025 05:00:00 +01:00,2367.18,4337.44,1970.26
30.01.2025 06:00:00 +01:00,1111.17,3760.40,2649.23
30.01.2025 07:00:00 +01:00,171.57,3823.56,3651.99
30.01.2025 08:00:00 +01:00,221.26,3713.84,3492.58
30.01.2025 09:00:00 +01:00,386.58,3679.61,3293.03
30.01.2025 10:00:00 +01:00,438.62,3637.36,3198.74
30.01.2025 11:00:00 +01:00,431.92,3786.19,3354.27
30.01.2025 12:00:00 +01:00,513.14,3780.90,3267.76
30.01.2025 13:00:00 +01:00,343.25,3740.94,3397.70
30.01.2025 14:00:00 +01:00,336.14,3964.43,3628.29
30.01.2025 15:00:00 +01:00,325.44,3904.59,3579.16
30.01.2025 16:00:00 +01:00,151.27,4153.12,4001.84
30.01.2025 17:00:00 +01:00,100.71,4328.14,4227.43
30.01.2025 18:00:00 +01:00,124.92,4268.39,4143.46
30.01.2025 19:00:00 +01:00,129.79,4411.10,4281.31
30.01.2025 20:00:00 +01:00,136.37,4147.16,4010.80
30.01.2025 21:00:00 +01:00,221.88,3913.67,3691.79
30.01.2025 22:00:00 +01:00,1027.21,4125.77,3098.56
30.01.2025 23:00:00 +01:00,1305.04,4150.57,2845.52
31.01.2025 00:00:00 +01:00,1012.64,4872.07,3859.42
31.01.2025 01:00:00 +01:00,856.83,5221.38,4364.55
31.01.2025 02:00:00 +01:00,779.16,5217.23,4438.07
31.01.2025 03:00:00 +01:00,807.50,5133.90,4326.40
31.01.2025 04:00:00 +01:00,729.52,5016.04,4286.53
31.01.2025 05:00:00 +01:00,226.08,5174.68,4948.61
31.01.2025 06:00:00 +01:00,0.00,5359.93,5359.93
31.01.2025 07:00:00 +01:00,4.64,4450.16,4445.52
31.01.2025 08:00:00 +01:00,467.95,4440.78,3972.83
31.01.2025 09:00:00 +01:00,786.78,4321.79,3535.02
31.01.2025 10:00:00 +01:00,497.33,4336.28,3838.95
31.01.2025 11:00:00 +01:00,227.40,4360.88,4133.48
31.01.2025 12:00:00 +01:00,158.97,4571.91,4412.94
31.01.2025 13:00:00 +01:00,52.87,4642.04,4589.17
31.01.2025 14:00:00 +01:00,184.80,4682.53,4497.73
31.01.2025 15:00:00 +01:00,178.18,4869.89,4691.71
31.01.2025 16:00:00 +01:00,176.63,4628.44,4451.81
31.01.2025 17:00:00 +01:00,17.52,4830.14,4812.62
31.01.2025 18:00:00 +01:00,116.62,5076.27,4959.65
31.01.2025 19:00:00 +01:00,311.12,4879.95,4568.84
31.01.2025 20:00:00 +01:00,556.81,4425.92,3869.11
31.01.2025 21:00:00 +01:00,997.98,4559.52,3561.54
31.01.2025 22:00:00 +01:00,1205.40,4505.04,3299.64
31.01.2025 23:00:00 +01:00,1232.18,4456.85,3224.67
01.02.2025 00:00:00 +01:00,565.90,4686.20,4120.30
01.02.2025 01:00:00 +01:00,624.58,4735.15,4110.58
01.02.2025 02:00:00 +01:00,981.53,4758.94,3777.41
01.02.2025 03:00:00 +01:00,1327.00,4767.22,3440.23
01.02.2025 04:00:00 +01:00,1423.68,4911.97,3488.29
01.02.2025 05:00:00 +01:00,1256.70,5022.90,3766.19
01.02.2025 06:00:00 +01:00,1182.40,5080.70,3898.30
01.02.2025 07:00:00 +01:00,458.55,4853.79,4395.24
01.02.2025 08:00:00 +01:00,500.91,4957.00,4456.10
01.02.2025 09:00:00 +01:00,357.68,4505.30,4147.63
01.02.2025 10:00:00 +01:00,421.72,4542.48,4120.76
01.02.2025 11:00:00 +01:00,347.41,4657.32,4309.91
01.02.2025 12:00:00 +01:00,321.42,5071.90,4750.48
01.02.2025 13:00:00 +01:00,460.41,5096.52,4636.12
01.02.2025 14:00:00 +01:00,301.72,5430.63,5128.91
01.02.2025 15:00:00 +01:00,176.22,5263.86,5087.64
01.02.2025 16:00:00 +01:00,279.74,4887.98,4608.24
01.02.2025 17:00:00 +01:00,629.59,4662.92,4033.32
01.02.2025 18:00:00 +01:00,694.42,5029.02,4334.60
01.02.2025 19:00:00 +01:00,194.19,5203.62,5009.44
01.02.2025 20:00:00 +01:00,269.17,5163.23,4894.06
01.02.2025 21:00:00 +01:00,194.02,5320.31,5126.28
01.02.2025 22:00:00 +01:00,161.76,5407.90,5246.14
01.02.2025 23:00:00 +01:00,136.30,5549.05,5412.75
02.02.2025 00:00:00 +01:00,31.09,5476.75,5445.66
02.02.2025 01:00:00 +01:00,0.00,5844.52,5844.52
02.02.2025 02:00:00 +01:00,0.00,5962.54,5962.54
02.02.2025 03:00:00 +01:00,0.00,6139.58,6139.58
02.02.2025 04:00:00 +01:00,0.00,6115.95,6115.95
02.02.2025 05:00:00 +01:00,0.00,6315.74,6315.74
02.02.2025 06:00:00 +01:00,0.00,5890.74,5890.74
02.02.2025 07:00:00 +01:00,0.00,6339.46,6339.46
02.02.2025 08:00:00 +01:00,0.00,6014.97,6014.97
02.02.2025 09:00:00 +01:00,0.00,6010.62,6010.62
02.02.2025 10:00:00 +01:00,0.00,6091.84,6091.84
02.02.2025 11:00:00 +01:00,0.00,6127.45,6127.45
02.02.2025 12:00:00 +01:00,0.00,6300.48,6300.48
02.02.2025 13:00:00 +01:00,0.00,6786.52,6786.52
02.02.2025 14:00:00 +01:00,0.00,6666.39,6666.39
02.02.2025 15:00:00 +01:00,0.00,5722.89,5722.89
02.02.2025 16:00:00 +01:00,0.00,5455.72,5455.72
02.02.2025 17:00:00 +01:00,0.00,5574.05,5574.05
02.02.2025 18:00:00 +01:00,0.00,5648.18,5648.18
02.02.2025 19:00:00 +01:00,0.00,4974.20,4974.20
02.02.2025 20:00:00 +01:00,0.00,5077.18,5077.18
02.02.2025 21:00:00 +01:00,0.00,5776.86,5776.86
02.02.2025 22:00:00 +01:00,8.46,5710.16,5701.70
02.02.2025 23:00:00 +01:00,11.76,5201.80,5190.04
03.02.2025 00:00:00 +01:00,0.00,5709.55,5709.55
03.02.2025 01:00:00 +01:00,0.00,5896.96,5896.96
03.02.2025 02:00:00 +01:00,0.00,5808.65,5808.65
03.02.2025 03:00:00 +01:00,0.00,5881.32,5881.32
03.02.2025 04:00:00 +01:00,0.00,5908.78,5908.78
03.02.2025 05:00:00 +01:00,0.00,6309.81,6309.81
03.02.2025 06:00:00 +01:00,0.00,6067.82,6067.82
03.02.2025 07:00:00 +01:00,19.01,4937.78,4918.77
03.02.2025 08:00:00 +01:00,25.13,4417.31,4392.18
03.02.2025 09:00:00 +01:00,0.00,4619.40,4619.40
03.02.2025 10:00:00 +01:00,29.53,5083.74,5054.21
03.02.2025 11:00:00 +01:00,0.00,5613.63,5613.63
03.02.2025 12:00:00 +01:00,0.00,5725.24,5725.24
03.02.2025 13:00:00 +01:00,0.00,5405.18,5405.18
03.02.2025 14:00:00 +01:00,20.40,5262.71,5242.31
03.02.2025 15:00:00 +01:00,51.64,4882.95,4831.32
03.02.2025 16:00:00 +01:00,0.00,5003.74,5003.74
03.02.2025 17:00:00 +01:00,67.17,4942.84,4875.66
03.02.2025 18:00:00 +01:00,43.31,5508.94,5465.63
03.02.2025 19:00:00 +01:00,37.85,5441.74,5403.89
03.02.2025 20:00:00 +01:00,7.20,5528.48,5521.28
03.02.2025 21:00:00 +01:00,0.62,6219.87,6219.25
03.02.2025 22:00:00 +01:00,0.00,6991.55,6991.55
03.02.2025 23:00:00 +01:00,0.00,7302.13,7302.13
04.02.2025 00:00:00 +01:00,0.00,7435.12,7435.12
04.02.2025 01:00:00 +01:00,0.00,7350.92,7350.92
04.02.2025 02:00:00 +01:00,0.00,7628.76,7628.76
04.02.2025 03:00:00 +01:00,0.00,7593.66,7593.66
04.02.2025 04:00:00 +01:00,0.00,7279.89,7279.89
04.02.2025 05:00:00 +01:00,0.00,7477.59,7477.59
04.02.2025 06:00:00 +01:00,0.00,7597.07,7597.07
04.02.2025 07:00:00 +01:00,0.00,6843.99,6843.99
04.02.2025 08:00:00 +01:00,0.00,6394.06,6394.06
04.02.2025 09:00:00 +01:00,0.00,6892.38,6892.38
04.02.2025 10:00:00 +01:00,0.00,7142.74,7142.74
04.02.2025 11:00:00 +01:00,0.00,7546.28,7546.28
04.02.2025 12:00:00 +01:00,0.00,7283.46,7283.46
04.02.2025 13:00:00 +01:00,0.00,7229.99,7229.99
04.02.2025 14:00:00 +01:00,0.00,6704.47,6704.47
04.02.2025 15:00:00 +01:00,0.00,6150.19,6150.19
04.02.2025 16:00:00 +01:00,0.00,6308.95,6308.95
04.02.2025 17:00:00 +01:00,0.00,6244.95,6244.95
04.02.2025 18:00:00 +01:00,0.00,5330.67,5330.67
04.02.2025 19:00:00 +01:00,45.12,4345.92,4300.80
04.02.2025 20:00:00 +01:00,250.72,3589.23,3338.52
04.02.2025 21:00:00 +01:00,711.31,3553.80,2842.49
04.02.2025 22:00:00 +01:00,1306.64,3421.54,2114.90
04.02.2025 23:00:00 +01:00,1642.06,3266.48,1624.42
05.02.2025 00:00:00 +01:00,1910.15,3541.29,1631.14
05.02.2025 01:00:00 +01:00,2324.29,3499.67,1175.38
05.02.2025 02:00:00 +01:00,2748.08,3640.48,892.41
05.02.2025 03:00:00 +01:00,3057.54,3513.88,456.34
05.02.2025 04:00:00 +01:00,2938.01,3398.82,460.82
05.02.2025 05:00:00 +01:00,2674.33,3317.96,643.63
05.02.2025 06:00:00 +01:00,1708.70,3639.16,1930.46
05.02.2025 07:00:00 +01:00,672.97,3763.37,3090.40
05.02.2025 08:00:00 +01:00,531.00,3621.30,3090.29
05.02.2025 09:00:00 +01:00,390.95,3707.84,3316.89
05.02.2025 10:00:00 +01:00,355.04,3607.90,3252.86
05.02.2025 11:00:00 +01:00,676.68,3701.69,3025.01
05.02.2025 12:00:00 +01:00,1110.07,3702.64,2592.57
05.02.2025 13:00:00 +01:00,1357.04,3789.38,2432.34
05.02.2025 14:00:00 +01:00,1640.68,3928.95,2288.28
05.02.2025 15:00:00 +01:00,1416.54,4327.94,2911.40
05.02.2025 16:00:00 +01:00,1169.03,4788.32,3619.29
05.02.2025 17:00:00 +01:00,268.11,5043.16,4775.06
05.02.2025 18:00:00 +01:00,389.73,5049.22,4659.49
05.02.2025 19:00:00 +01:00,750.80,4997.54,4246.73
05.02.2025 20:00:00 +01:00,821.98,4862.72,4040.73
05.02.2025 21:00:00 +01:00,1043.75,4801.59,3757.84
05.02.2025 22:00:00 +01:00,1451.83,4857.22,3405.38
05.02.2025 23:00:00 +01:00,1222.25,4826.81,3604.56
06.02.2025 00:00:00 +01:00,1347.35,5142.32,3794.97
06.02.2025 01:00:00 +01:00,1181.67,5173.88,3992.21
06.02.2025 02:00:00 +01:00,960.25,5179.36,4219.12
06.02.2025 03:00:00 +01:00,645.03,5004.28,4359.25
06.02.2025 04:00:00 +01:00,426.00,5225.56,4799.56
06.02.2025 05:00:00 +01:00,25.28,5490.14,5464.86
06.02.2025 06:00:00 +01:00,0.00,5438.24,5438.24
06.02.2025 07:00:00 +01:00,0.00,5222.54,5222.54
06.02.2025 08:00:00 +01:00,0.00,5295.97,5295.97
06.02.2025 09:00:00 +01:00,0.00,5593.80,5593.80
06.02.2025 10:00:00 +01:00,0.00,5854.49,5854.49
06.02.2025 11:00:00 +01:00,0.00,6141.94,6141.94
06.02.2025 12:00:00 +01:00,0.00,5386.38,5386.38
06.02.2025 13:00:00 +01:00,93.30,4780.53,4687.23
06.02.2025 14:00:00 +01:00,302.27,4660.66,4358.39
06.02.2025 15:00:00 +01:00,295.55,4754.61,4459.06
06.02.2025 16:00:00 +01:00,152.70,4911.78,4759.08
06.02.2025 17:00:00 +01:00,166.82,4899.52,4732.71
06.02.2025 18:00:00 +01:00,285.53,4877.26,4591.73
06.02.2025 19:00:00 +01:00,177.77,5213.65,5035.88
06.02.2025 20:00:00 +01:00,53.62,5189.02,5135.41
06.02.2025 21:00:00 +01:00,28.88,5324.24,5295.36
06.02.2025 22:00:00 +01:00,478.31,5426.51,4948.20
06.02.2025 23:00:00 +01:00,800.38,5331.71,4531.32
07.02.2025 00:00:00 +01:00,1133.96,4737.53,3603.58
07.02.2025 01:00:00 +01:00,1082.71,4827.77,3745.06
07.02.2025 02:00:00 +01:00,1242.96,4463.71,3220.76
07.02.2025 03:00:00 +01:00,1384.08,4473.24,3089.16
07.02.2025 04:00:00 +01:00,1288.24,4644.25,3356.01
07.02.2025 05:00:00 +01:00,582.55,4651.23,4068.68
07.02.2025 06:00:00 +01:00,268.78,5081.66,4812.88
07.02.2025 07:00:00 +01:00,852.88,4647.39,3794.51
07.02.2025 08:00:00 +01:00,673.11,4170.84,3497.73
07.02.2025 09:00:00 +01:00,274.00,4139.75,3865.74
07.02.2025 10:00:00 +01:00,42.54,4527.27,4484.74
07.02.2025 11:00:00 +01:00,0.00,5105.06,5105.06
07.02.2025 12:00:00 +01:00,0.00,4854.16,4854.16
07.02.2025 13:00:00 +01:00,74.10,4218.02,4143.92
07.02.2025 14:00:00 +01:00,34.28,3964.64,3930.35
07.02.2025 15:00:00 +01:00,1.34,3956.28,3954.94
07.02.2025 16:00:00 +01:00,1.87,3913.29,3911.42
07.02.2025 17:00:00 +01:00,0.00,4675.52,4675.52
07.02.2025 18:00:00 +01:00,0.22,4462.82,4462.60
07.02.2025 19:00:00 +01:00,0.00,4519.11,4519.11
07.02.2025 20:00:00 +01:00,170.72,3707.68,3536.96
07.02.2025 21:00:00 +01:00,548.29,3412.66,2864.37
07.02.2025 22:00:00 +01:00,913.92,3426.32,2512.39
07.02.2025 23:00:00 +01:00,1262.13,3473.16,2211.03
08.02.2025 00:00:00 +01:00,1256.10,3643.50,2387.39
08.02.2025 01:00:00 +01:00,1296.82,3589.88,2293.06
08.02.2025 02:00:00 +01:00,1704.58,3523.33,1818.74
08.02.2025 03:00:00 +01:00,2261.35,3351.71,1090.36
08.02.2025 04:00:00 +01:00,2305.70,3328.82,1023.12
08.02.2025 05:00:00 +01:00,2293.33,3344.82,1051.49
08.02.2025 06:00:00 +01:00,2198.99,3574.09,1375.10
08.02.2025 07:00:00 +01:00,2013.97,3555.55,1541.58
08.02.2025 08:00:00 +01:00,1406.23,3498.69,2092.46
08.02.2025 09:00:00 +01:00,818.28,3808.20,2989.91
08.02.2025 10:00:00 +01:00,357.85,3631.38,3273.53
08.02.2025 11:00:00 +01:00,387.01,3239.58,2852.57
08.02.2025 12:00:00 +01:00,342.26,2832.03,2489.77
08.02.2025 13:00:00 +01:00,404.44,2972.61,2568.17
08.02.2025 14:00:00 +01:00,589.28,3775.23,3185.94
08.02.2025 15:00:00 +01:00,212.52,4575.98,4363.46
08.02.2025 16:00:00 +01:00,29.21,5094.41,5065.20
08.02.2025 17:00:00 +01:00,0.66,5633.52,5632.86
08.02.2025 18:00:00 +01:00,0.00,5512.66,5512.66
08.02.2025 19:00:00 +01:00,0.00,5306.54,5306.54
08.02.2025 20:00:00 +01:00,118.07,5339.39,5221.32
08.02.2025 21:00:00 +01:00,466.08,5487.06,5020.98
08.02.2025 22:00:00 +01:00,449.56,5232.96,4783.40
08.02.2025 23:00:00 +01:00,460.06,5188.58,4728.52
09.02.2025 00:00:00 +01:00,6.76,4961.24,4954.48
09.02.2025 01:00:00 +01:00,132.59,4768.18,4635.59
09.02.2025 02:00:00 +01:00,226.06,4952.52,4726.46
09.02.2025 03:00:00 +01:00,360.36,5273.21,4912.84
09.02.2025 04:00:00 +01:00,325.32,5264.99,4939.68
09.02.2025 05:00:00 +01:00,0.00,5451.89,5451.89
09.02.2025 06:00:00 +01:00,0.00,5741.69,5741.69
09.02.2025 07:00:00 +01:00,0.00,5940.74,5940.74
09.02.2025 08:00:00 +01:00,0.00,6058.38,6058.38
09.02.2025 09:00:00 +01:00,0.00,5667.71,5667.71
09.02.2025 10:00:00 +01:00,0.00,5472.09,5472.09
09.02.2025 11:00:00 +01:00,0.00,5583.78,5583.78
09.02.2025 12:00:00 +01:00,0.00,6146.79,6146.79
09.02.2025 13:00:00 +01:00,0.00,6276.73,6276.73
09.02.2025 14:00:00 +01:00,0.00,5961.06,5961.06
09.02.2025 15:00:00 +01:00,0.00,5461.43,5461.43
09.02.2025 16:00:00 +01:00,0.00,4981.49,4981.49
09.02.2025 17:00:00 +01:00,0.00,5054.08,5054.08
09.02.2025 18:00:00 +01:00,365.06,4122.83,3757.77
09.02.2025 19:00:00 +01:00,1027.94,3934.37,2906.43
09.02.2025 20:00:00 +01:00,1307.96,3837.97,2530.02
09.02.2025 21:00:00 +01:00,1076.21,3986.82,2910.61
09.02.2025 22:00:00 +01:00,1410.71,3704.79,2294.08
09.02.2025 23:00:00 +01:00,1466.02,3494.42,2028.41
10.02.2025 00:00:00 +01:00,1139.94,3396.29,2256.35
10.02.2025 01:00:00 +01:00,1105.52,3399.12,2293.60
10.02.2025 02:00:00 +01:00,1327.96,3262.44,1934.48
10.02.2025 03:00:00 +01:00,1474.11,3208.00,1733.88
10.02.2025 04:00:00 +01:00,1395.02,3172.23,1777.21
10.02.2025 05:00:00 +01:00,1191.22,3273.40,2082.18
10.02.2025 06:00:00 +01:00,836.84,3843.57,3006.74
10.02.2025 07:00:00 +01:00,818.50,4057.17,3238.68
10.02.2025 08:00:00 +01:00,668.55,4144.92,3476.38
10.02.2025 09:00:00 +01:00,376.24,4163.19,3786.95
10.02.2025 10:00:00 +01:00,389.60,4254.06,3864.46
10.02.2025 11:00:00 +01:00,304.48,4651.10,4346.62
10.02.2025 12:00:00 +01:00,0.00,4429.74,4429.74
10.02.2025 13:00:00 +01:00,352.68,4530.75,4178.07
10.02.2025 14:00:00 +01:00,43.90,4322.67,4278.77
10.02.2025 15:00:00 +01:00,253.51,4519.33,4265.82
10.02.2025 16:00:00 +01:00,263.90,4483.88,4219.98
10.02.2025 17:00:00 +01:00,0.00,4693.41,4693.41
10.02.2025 18:00:00 +01:00,129.68,4263.60,4133.92
10.02.2025 19:00:00 +01:00,682.50,3883.24,3200.73
10.02.2025 20:00:00 +01:00,1467.09,3816.34,2349.25
10.02.2025 21:00:00 +01:00,1905.66,3587.08,1681.42
10.02.2025 22:00:00 +01:00,1837.66,3113.94,1276.28
10.02.2025 23:00:00 +01:00,1971.81,3044.74,1072.93
11.02.2025 00:00:00 +01:00,2698.26,3046.80,348.54
11.02.2025 01:00:00 +01:00,3002.67,3081.41,78.74
11.02.2025 02:00:00 +01:00,3177.56,3051.15,-126.40
11.02.2025 03:00:00 +01:00,3370.82,3056.16,-314.66
11.02.2025 04:00:00 +01:00,2914.72,3066.74,152.02
11.02.2025 05:00:00 +01:00,2374.25,3072.01,697.76
11.02.2025 06:00:00 +01:00,1512.34,3085.90,1573.56
11.02.2025 07:00:00 +01:00,776.68,3299.34,2522.66
11.02.2025 08:00:00 +01:00,523.20,3507.38,2984.18
11.02.2025 09:00:00 +01:00,137.91,3320.30,3182.40
11.02.2025 10:00:00 +01:00,105.95,3347.03,3241.08
11.02.2025 11:00:00 +01:00,0.00,3391.12,3391.12
11.02.2025 12:00:00 +01:00,13.09,3156.17,3143.08
11.02.2025 13:00:00 +01:00,305.00,2888.91,2583.91
11.02.2025 14:00:00 +01:00,706.77,2806.63,2099.86
11.02.2025 15:00:00 +01:00,587.88,2810.20,2222.32
11.02.2025 16:00:00 +01:00,222.52,3010.11,2787.58
11.02.2025 17:00:00 +01:00,224.77,3998.83,3774.06
11.02.2025 18:00:00 +01:00,176.54,3988.73,3812.19
11.02.2025 19:00:00 +01:00,191.26,4280.18,4088.92
11.02.2025 20:00:00 +01:00,261.12,3717.58,3456.46
11.02.2025 21:00:00 +01:00,217.00,3339.15,3122.14
11.02.2025 22:00:00 +01:00,363.57,3349.48,2985.91
11.02.2025 23:00:00 +01:00,258.53,3206.37,2947.84
12.02.2025 00:00:00 +01:00,426.01,3252.32,2826.32
12.02.2025 01:00:00 +01:00,571.19,3430.40,2859.22
12.02.2025 02:00:00 +01:00,277.79,3565.72,3287.93
12.02.2025 03:00:00 +01:00,473.58,3480.43,3006.86
12.02.2025 04:00:00 +01:00,928.95,3769.88,2840.94
12.02.2025 05:00:00 +01:00,683.73,3878.08,3194.35
12.02.2025 06:00:00 +01:00,727.55,4521.60,3794.04
12.02.2025 07:00:00 +01:00,1167.54,4626.82,3459.28
12.02.2025 08:00:00 +01:00,1200.60,4404.38,3203.78
12.02.2025 09:00:00 +01:00,785.62,4412.65,3627.03
12.02.2025 10:00:00 +01:00,300.29,4373.30,4073.01
12.02.2025 11:00:00 +01:00,74.40,4567.94,4493.54
12.02.2025 12:00:00 +01:00,0.00,4911.08,4911.08
12.02.2025 13:00:00 +01:00,0.00,5230.97,5230.97
12.02.2025 14:00:00 +01:00,0.00,5399.57,5399.57
12.02.2025 15:00:00 +01:00,0.00,5442.20,5442.20
12.02.2025 16:00:00 +01:00,0.00,4629.54,4629.54
12.02.2025 17:00:00 +01:00,0.00,4344.97,4344.97
12.02.2025 18:00:00 +01:00,43.88,4106.38,4062.49
12.02.2025 19:00:00 +01:00,114.63,3956.91,3842.28
12.02.2025 20:00:00 +01:00,78.33,4179.22,4100.88
12.02.2025 21:00:00 +01:00,22.16,4582.41,4560.24
12.02.2025 22:00:00 +01:00,17.87,4835.26,4817.40
12.02.2025 23:00:00 +01:00,0.00,5410.66,5410.66
13.02.2025 00:00:00 +01:00,65.63,5432.82,5367.19
13.02.2025 01:00:00 +01:00,26.54,5398.49,5371.95
13.02.2025 02:00:00 +01:00,129.88,5201.37,5071.48
13.02.2025 03:00:00 +01:00,44.93,5331.78,5286.85
13.02.2025 04:00:00 +01:00,91.33,5453.32,5361.99
13.02.2025 05:00:00 +01:00,11.16,5589.86,5578.70
13.02.2025 06:00:00 +01:00,0.14,5550.21,5550.07
13.02.2025 07:00:00 +01:00,270.31,4515.35,4245.04
13.02.2025 08:00:00 +01:00,269.79,4444.83,4175.04
13.02.2025 09:00:00 +01:00,188.60,4834.39,4645.78
13.02.2025 10:00:00 +01:00,129.34,5264.94,5135.60
13.02.2025 11:00:00 +01:00,49.36,5624.31,5574.96
13.02.2025 12:00:00 +01:00,1.84,5638.21,5636.37
13.02.2025 13:00:00 +01:00,0.00,6095.83,6095.83
13.02.2025 14:00:00 +01:00,0.00,6116.96,6116.96
13.02.2025 15:00:00 +01:00,0.00,6042.62,6042.62
13.02.2025 16:00:00 +01:00,0.00,5834.12,5834.12
13.02.2025 17:00:00 +01:00,16.95,5380.02,5363.06
13.02.2025 18:00:00 +01:00,37.22,5153.38,5116.16
13.02.2025 19:00:00 +01:00,45.38,5086.77,5041.39
13.02.2025 20:00:00 +01:00,10.31,5250.83,5240.52
13.02.2025 21:00:00 +01:00,34.61,5124.51,5089.90
13.02.2025 22:00:00 +01:00,183.57,5094.26,4910.70
13.02.2025 23:00:00 +01:00,1.92,5265.03,5263.12
14.02.2025 00:00:00 +01:00,95.62,5038.37,4942.75
14.02.2025 01:00:00 +01:00,80.29,5208.20,5127.91
14.02.2025 02:00:00 +01:00,88.61,5199.63,5111.02
14.02.2025 03:00:00 +01:00,110.00,5077.91,4967.91
14.02.2025 04:00:00 +01:00,165.54,4795.98,4630.45
14.02.2025 05:00:00 +01:00,18.11,4785.62,4767.51
14.02.2025 06:00:00 +01:00,21.61,4205.52,4183.90
14.02.2025 07:00:00 +01:00,579.64,3667.95,3088.32
14.02.2025 08:00:00 +01:00,796.74,3385.46,2588.73
14.02.2025 09:00:00 +01:00,709.10,3657.48,2948.38
14.02.2025 10:00:00 +01:00,279.97,3830.72,3550.74
14.02.2025 11:00:00 +01:00,199.64,3886.74,3687.10
14.02.2025 12:00:00 +01:00,88.06,3906.59,3818.54
14.02.2025 13:00:00 +01:00,148.99,4266.26,4117.26
14.02.2025 14:00:00 +01:00,220.54,4411.65,4191.10
14.02.2025 15:00:00 +01:00,480.44,4642.37,4161.93
14.02.2025 16:00:00 +01:00,832.42,4063.96,3231.55
14.02.2025 17:00:00 +01:00,908.10,3946.70,3038.60
14.02.2025 18:00:00 +01:00,588.99,4150.28,3561.29
14.02.2025 19:00:00 +01:00,89.80,4141.52,4051.72
14.02.2025 20:00:00 +01:00,0.00,4720.40,4720.40
14.02.2025 21:00:00 +01:00,0.54,5305.19,5304.65
14.02.2025 22:00:00 +01:00,4.49,5739.53,5735.04
14.02.2025 23:00:00 +01:00,0.00,5944.19,5944.19
15.02.2025 00:00:00 +01:00,0.00,6508.67,6508.67
15.02.2025 01:00:00 +01:00,0.00,6516.96,6516.96
15.02.2025 02:00:00 +01:00,0.00,6412.22,6412.22
15.02.2025 03:00:00 +01:00,0.00,6343.12,6343.12
15.02.2025 04:00:00 +01:00,0.00,6253.93,6253.93
15.02.2025 05:00:00 +01:00,0.00,6116.98,6116.98
15.02.2025 06:00:00 +01:00,0.00,5827.48,5827.48
15.02.2025 07:00:00 +01:00,56.22,5493.70,5437.48
15.02.2025 08:00:00 +01:00,425.98,5050.89,4624.91
15.02.2025 09:00:00 +01:00,151.95,4904.32,4752.38
15.02.2025 10:00:00 +01:00,219.48,4928.92,4709.43
15.02.2025 11:00:00 +01:00,169.06,5088.13,4919.07
15.02.2025 12:00:00 +01:00,151.53,5204.33,5052.80
15.02.2025 13:00:00 +01:00,214.87,5075.94,4861.08
15.02.2025 14:00:00 +01:00,185.18,5242.28,5057.10
15.02.2025 15:00:00 +01:00,220.04,5312.37,5092.33
15.02.2025 16:00:00 +01:00,355.09,5225.92,4870.83
15.02.2025 17:00:00 +01:00,287.40,5252.76,4965.36
15.02.2025 18:00:00 +01:00,494.07,5135.18,4641.12
15.02.2025 19:00:00 +01:00,424.89,5128.21,4703.32
15.02.2025 20:00:00 +01:00,466.68,5002.06,4535.38
15.02.2025 21:00:00 +01:00,777.37,5134.81,4357.44
15.02.2025 22:00:00 +01:00,677.72,5200.18,4522.46
15.02.2025 23:00:00 +01:00,601.32,5279.12,4677.80
16.02.2025 00:00:00 +01:00,568.94,5228.14,4659.20
16.02.2025 01:00:00 +01:00,87.37,4898.23,4810.86
16.02.2025 02:00:00 +01:00,179.97,5186.83,5006.86
16.02.2025 03:00:00 +01:00,195.62,5369.66,5174.05
16.02.2025 04:00:00 +01:00,55.34,5399.92,5344.58
16.02.2025 05:00:00 +01:00,223.46,5327.18,5103.72
16.02.2025 06:00:00 +01:00,429.99,5218.12,4788.12
16.02.2025 07:00:00 +01:00,39.91,4944.11,4904.20
16.02.2025 08:00:00 +01:00,0.02,4589.68,4589.66
16.02.2025 09:00:00 +01:00,15.87,4523.00,4507.13
16.02.2025 10:00:00 +01:00,0.00,4401.40,4401.40
16.02.2025 11:00:00 +01:00,0.00,4426.95,4426.95
16.02.2025 12:00:00 +01:00,18.23,3850.88,3832.65
16.02.2025 13:00:00 +01:00,319.58,4156.18,3836.60
16.02.2025 14:00:00 +01:00,483.62,4394.74,3911.13
16.02.2025 15:00:00 +01:00,57.92,4319.36,4261.44
16.02.2025 16:00:00 +01:00,0.00,5047.14,5047.14
16.02.2025 17:00:00 +01:00,169.02,5046.62,4877.60
16.02.2025 18:00:00 +01:00,411.35,4959.00,4547.65
16.02.2025 19:00:00 +01:00,231.81,4784.49,4552.68
16.02.2025 20:00:00 +01:00,61.86,4912.63,4850.77
16.02.2025 21:00:00 +01:00,279.93,5034.36,4754.43
16.02.2025 22:00:00 +01:00,613.66,5157.05,4543.40
16.02.2025 23:00:00 +01:00,188.42,5055.66,4867.24
17.02.2025 00:00:00 +01:00,322.32,4932.59,4610.27
17.02.2025 01:00:00 +01:00,192.61,5051.91,4859.30
17.02.2025 02:00:00 +01:00,278.86,5160.05,4881.18
17.02.2025 03:00:00 +01:00,358.56,5236.58,4878.02
17.02.2025 04:00:00 +01:00,326.34,5210.40,4884.06
17.02.2025 05:00:00 +01:00,395.76,4833.62,4437.86
17.02.2025 06:00:00 +01:00,195.61,4074.21,3878.60
17.02.2025 07:00:00 +01:00,209.85,3834.16,3624.31
17.02.2025 08:00:00 +01:00,511.26,4007.09,3495.83
17.02.2025 09:00:00 +01:00,617.36,4491.92,3874.56
17.02.2025 10:00:00 +01:00,734.08,5012.82,4278.74
17.02.2025 11:00:00 +01:00,964.48,4830.59,3866.12
17.02.2025 12:00:00 +01:00,1246.20,4539.33,3293.13
17.02.2025 13:00:00 +01:00,760.03,4177.48,3417.45
17.02.2025 14:00:00 +01:00,294.66,4695.88,4401.22
17.02.2025 15:00:00 +01:00,44.80,4592.14,4547.34
17.02.2025 16:00:00 +01:00,26.52,4150.47,4123.95
17.02.2025 17:00:00 +01:00,101.70,4023.01,3921.31
17.02.2025 18:00:00 +01:00,420.61,3813.25,3392.64
17.02.2025 19:00:00 +01:00,231.30,4358.24,4126.94
17.02.2025 20:00:00 +01:00,149.62,4550.32,4400.70
17.02.2025 21:00:00 +01:00,6.78,4611.51,4604.73
17.02.2025 22:00:00 +01:00,37.14,4899.03,4861.89
17.02.2025 23:00:00 +01:00,0.00,5340.44,5340.44
18.02.2025 00:00:00 +01:00,7.59,5795.02,5787.43
18.02.2025 01:00:00 +01:00,18.66,5829.54,5810.88
18.02.2025 02:00:00 +01:00,91.56,5667.22,5575.65
18.02.2025 03:00:00 +01:00,162.48,5298.50,5136.03
18.02.2025 04:00:00 +01:00,172.05,5292.80,5120.75
18.02.2025 05:00:00 +01:00,83.41,5244.19,5160.78
18.02.2025 06:00:00 +01:00,210.06,4568.00,4357.94
18.02.2025 07:00:00 +01:00,708.70,4073.43,3364.74
18.02.2025 08:00:00 +01:00,720.76,3315.65,2594.89
18.02.2025 09:00:00 +01:00,450.58,3272.29,2821.70
18.02.2025 10:00:00 +01:00,474.26,3678.21,3203.95
18.02.2025 11:00:00 +01:00,529.26,3899.82,3370.56
18.02.2025 12:00:00 +01:00,651.35,3703.59,3052.24
18.02.2025 13:00:00 +01:00,449.34,3560.44,3111.10
18.02.2025 14:00:00 +01:00,280.70,4176.96,3896.26
18.02.2025 15:00:00 +01:00,358.20,4369.99,4011.79
18.02.2025 16:00:00 +01:00,427.22,4010.47,3583.25
18.02.2025 17:00:00 +01:00,486.80,3720.21,3233.41
18.02.2025 18:00:00 +01:00,404.57,3645.63,3241.06
18.02.2025 19:00:00 +01:00,445.88,3894.28,3448.41
18.02.2025 20:00:00 +01:00,472.38,3952.10,3479.73
18.02.2025 21:00:00 +01:00,368.43,4334.58,3966.15
18.02.2025 22:00:00 +01:00,272.98,4633.71,4360.73
18.02.2025 23:00:00 +01:00,303.92,4789.54,4485.62
19.02.2025 00:00:00 +01:00,152.85,5006.12,4853.27
19.02.2025 01:00:00 +01:00,192.97,5358.65,5165.68
19.02.2025 02:00:00 +01:00,275.50,5125.48,4849.98
19.02.2025 03:00:00 +01:00,307.84,5191.13,4883.29
19.02.2025 04:00:00 +01:00,187.16,5376.29,5189.12
19.02.2025 05:00:00 +01:00,219.09,5248.26,5029.18
19.02.2025 06:00:00 +01:00,355.65,4274.02,3918.37
19.02.2025 07:00:00 +01:00,389.52,3598.52,3209.01
19.02.2025 08:00:00 +01:00,691.68,3451.42,2759.75
19.02.2025 09:00:00 +01:00,1155.98,3821.77,2665.78
19.02.2025 10:00:00 +01:00,1112.63,4081.48,2968.85
19.02.2025 11:00:00 +01:00,1314.60,3686.81,2372.20
19.02.2025 12:00:00 +01:00,1189.38,3480.03,2290.64
19.02.2025 13:00:00 +01:00,808.60,3917.94,3109.34
19.02.2025 14:00:00 +01:00,220.73,4171.19,3950.46
19.02.2025 15:00:00 +01:00,227.30,4972.87,4745.57
19.02.2025 16:00:00 +01:00,140.68,5421.34,5280.66
19.02.2025 17:00:00 +01:00,91.18,5677.49,5586.32
19.02.2025 18:00:00 +01:00,20.32,5640.94,5620.63
19.02.2025 19:00:00 +01:00,37.76,5472.94,5435.18
19.02.2025 20:00:00 +01:00,91.76,5088.68,4996.92
19.02.2025 21:00:00 +01:00,12.64,5217.52,5204.87
19.02.2025 22:00:00 +01:00,0.00,5453.54,5453.54
19.02.2025 23:00:00 +01:00,0.00,5554.56,5554.56
20.02.2025 00:00:00 +01:00,0.00,5083.24,5083.24
20.02.2025 01:00:00 +01:00,83.67,4538.86,4455.19
20.02.2025 02:00:00 +01:00,185.64,4435.28,4249.65
20.02.2025 03:00:00 +01:00,467.45,4617.22,4149.77
20.02.2025 04:00:00 +01:00,816.95,4648.07,3831.12
20.02.2025 05:00:00 +01:00,523.96,4896.98,4373.03
20.02.2025 06:00:00 +01:00,48.88,4998.26,4949.39
20.02.2025 07:00:00 +01:00,70.10,4939.93,4869.84
20.02.2025 08:00:00 +01:00,0.00,5292.86,5292.86
20.02.2025 09:00:00 +01:00,78.57,4549.28,4470.71
20.02.2025 10:00:00 +01:00,395.12,4345.16,3950.04
20.02.2025 11:00:00 +01:00,1285.48,3936.74,2651.26
20.02.2025 12:00:00 +01:00,2069.38,3683.08,1613.70
20.02.2025 13:00:00 +01:00,2129.58,3888.79,1759.21
20.02.2025 14:00:00 +01:00,1629.95,4276.72,2646.77
20.02.2025 15:00:00 +01:00,1197.90,4576.18,3378.28
20.02.2025 16:00:00 +01:00,1095.22,5107.44,4012.22
20.02.2025 17:00:00 +01:00,798.82,4929.25,4130.43
20.02.2025 18:00:00 +01:00,871.97,4559.20,3687.23
20.02.2025 19:00:00 +01:00,1566.08,3839.68,2273.60
20.02.2025 20:00:00 +01:00,2537.73,3706.15,1168.42
20.02.2025 21:00:00 +01:00,2994.44,3429.61,435.17
20.02.2025 22:00:00 +01:00,2955.15,3211.21,256.06
20.02.2025 23:00:00 +01:00,2963.58,2981.41,17.83
21.02.2025 00:00:00 +01:00,2858.88,2926.36,67.48
21.02.2025 01:00:00 +01:00,2821.50,3116.53,295.03
21.02.2025 02:00:00 +01:00,2434.44,3128.55,694.11
21.02.2025 03:00:00 +01:00,2396.77,2861.05,464.28
21.02.2025 04:00:00 +01:00,1843.24,2809.51,966.27
21.02.2025 05:00:00 +01:00,1829.96,3348.35,1518.39
21.02.2025 06:00:00 +01:00,294.50,4297.84,4003.34
21.02.2025 07:00:00 +01:00,0.00,5873.06,5873.06
21.02.2025 08:00:00 +01:00,0.00,5740.41,5740.41
21.02.2025 09:00:00 +01:00,0.00,5507.62,5507.62
21.02.2025 10:00:00 +01:00,0.00,5349.94,5349.94
21.02.2025 11:00:00 +01:00,0.00,5136.30,5136.30
21.02.2025 12:00:00 +01:00,0.00,4667.55,4667.55
21.02.2025 13:00:00 +01:00,0.00,4441.95,4441.95
21.02.2025 14:00:00 +01:00,0.00,4984.58,4984.58
21.02.2025 15:00:00 +01:00,0.00,6369.75,6369.75
21.02.2025 16:00:00 +01:00,0.00,6473.54,6473.54
21.02.2025 17:00:00 +01:00,0.00,6749.01,6749.01
21.02.2025 18:00:00 +01:00,0.00,6096.80,6096.80
21.02.2025 19:00:00 +01:00,170.50,5030.86,4860.36
21.02.2025 20:00:00 +01:00,1182.86,4490.09,3307.22
21.02.2025 21:00:00 +01:00,1753.34,4227.04,2473.70
21.02.2025 22:00:00 +01:00,2454.88,4016.98,1562.10
21.02.2025 23:00:00 +01:00,2689.60,3795.58,1105.98
22.02.2025 00:00:00 +01:00,2507.93,3697.72,1189.79
22.02.2025 01:00:00 +01:00,2735.63,3565.48,829.84
22.02.2025 02:00:00 +01:00,2451.96,3209.42,757.46
22.02.2025 03:00:00 +01:00,2641.28,2571.08,-70.20
22.02.2025 04:00:00 +01:00,2592.89,2530.22,-62.68
22.02.2025 05:00:00 +01:00,2294.60,3143.26,848.66
22.02.2025 06:00:00 +01:00,2744.50,3804.14,1059.64
22.02.2025 07:00:00 +01:00,2725.28,3941.68,1216.39
22.02.2025 08:00:00 +01:00,2321.82,4019.84,1698.02
22.02.2025 09:00:00 +01:00,1949.20,3968.79,2019.59
22.02.2025 10:00:00 +01:00,2213.07,3803.34,1590.27
22.02.2025 11:00:00 +01:00,2695.25,3847.42,1152.16
22.02.2025 12:00:00 +01:00,2702.00,3884.67,1182.68
22.02.2025 13:00:00 +01:00,2507.13,4004.22,1497.08
22.02.2025 14:00:00 +01:00,2021.06,4681.86,2660.80
22.02.2025 15:00:00 +01:00,1935.49,4992.60,3057.11
22.02.2025 16:00:00 +01:00,1523.42,5055.78,3532.37
22.02.2025 17:00:00 +01:00,945.13,4943.11,3997.98
22.02.2025 18:00:00 +01:00,1273.61,4827.00,3553.39
22.02.2025 19:00:00 +01:00,1761.52,4777.66,3016.13
22.02.2025 20:00:00 +01:00,2031.65,4695.76,2664.10
22.02.2025 21:00:00 +01:00,2171.58,4793.33,2621.74
22.02.2025 22:00:00 +01:00,2144.07,4782.40,2638.33
22.02.2025 23:00:00 +01:00,2534.40,4725.99,2191.60
23.02.2025 00:00:00 +01:00,2330.54,4718.16,2387.62
23.02.2025 01:00:00 +01:00,1838.69,4696.23,2857.54
23.02.2025 02:00:00 +01:00,1788.73,4703.68,2914.94
23.02.2025 03:00:00 +01:00,1839.52,4702.73,2863.20
23.02.2025 04:00:00 +01:00,1895.71,4719.95,2824.24
23.02.2025 05:00:00 +01:00,1717.78,4869.88,3152.09
23.02.2025 06:00:00 +01:00,1466.28,5069.87,3603.59
23.02.2025 07:00:00 +01:00,1107.72,5307.84,4200.13
23.02.2025 08:00:00 +01:00,804.47,5234.44,4429.97
23.02.2025 09:00:00 +01:00,515.65,5269.26,4753.61
23.02.2025 10:00:00 +01:00,209.39,5127.62,4918.23
23.02.2025 11:00:00 +01:00,48.94,4106.15,4057.21
23.02.2025 12:00:00 +01:00,358.65,2642.94,2284.29
23.02.2025 13:00:00 +01:00,1474.26,1884.89,410.63
23.02.2025 14:00:00 +01:00,1417.36,1619.98,202.62
23.02.2025 15:00:00 +01:00,560.41,2826.46,2266.04
23.02.2025 16:00:00 +01:00,0.00,5308.56,5308.56
23.02.2025 17:00:00 +01:00,0.00,6749.00,6749.00
23.02.2025 18:00:00 +01:00,0.00,6755.92,6755.92
23.02.2025 19:00:00 +01:00,0.00,6709.61,6709.61
23.02.2025 20:00:00 +01:00,0.00,5856.30,5856.30
23.02.2025 21:00:00 +01:00,239.56,5181.07,4941.51
23.02.2025 22:00:00 +01:00,1080.40,4722.74,3642.34
23.02.2025 23:00:00 +01:00,2087.36,4436.38,2349.03
24.02.2025 00:00:00 +01:00,2519.74,3097.64,577.90
24.02.2025 01:00:00 +01:00,2546.56,2037.32,-509.24
24.02.2025 02:00:00 +01:00,2551.38,1557.96,-993.42
24.02.2025 03:00:00 +01:00,2234.97,1321.90,-913.07
24.02.2025 04:00:00 +01:00,2514.41,1141.05,-1373.36
24.02.2025 05:00:00 +01:00,2615.48,1397.58,-1217.89
24.02.2025 06:00:00 +01:00,3092.06,2047.38,-1044.68
24.02.2025 07:00:00 +01:00,2796.14,2799.40,3.25
24.02.2025 08:00:00 +01:00,2940.81,3019.08,78.27
24.02.2025 09:00:00 +01:00,2974.74,3195.77,221.02
24.02.2025 10:00:00 +01:00,3364.54,2671.54,-693.00
24.02.2025 11:00:00 +01:00,3682.74,2572.62,-1110.11
24.02.2025 12:00:00 +01:00,3616.89,2681.81,-935.08
24.02.2025 13:00:00 +01:00,3107.38,3049.43,-57.95
24.02.2025 14:00:00 +01:00,2680.51,3284.02,603.51
24.02.2025 15:00:00 +01:00,2507.08,3401.96,894.88
24.02.2025 16:00:00 +01:00,2534.46,3648.80,1114.34
24.02.2025 17:00:00 +01:00,1687.38,3984.36,2296.98
24.02.2025 18:00:00 +01:00,1738.77,4189.10,2450.32
24.02.2025 19:00:00 +01:00,2230.78,4398.96,2168.18
24.02.2025 20:00:00 +01:00,2537.51,4427.18,1889.67
24.02.2025 21:00:00 +01:00,2538.14,4433.10,1894.96
24.02.2025 22:00:00 +01:00,2740.96,4427.62,1686.65
24.02.2025 23:00:00 +01:00,2815.13,4443.00,1627.87
25.02.2025 00:00:00 +01:00,2279.42,4858.52,2579.11
25.02.2025 01:00:00 +01:00,2063.44,4917.09,2853.65
25.02.2025 02:00:00 +01:00,2105.45,4993.19,2887.74
25.02.2025 03:00:00 +01:00,1934.60,4993.09,3058.49
25.02.2025 04:00:00 +01:00,1939.29,4985.04,3045.74
25.02.2025 05:00:00 +01:00,1293.30,5054.81,3761.52
25.02.2025 06:00:00 +01:00,502.14,5093.14,4590.99
25.02.2025 07:00:00 +01:00,246.10,4953.14,4707.04
25.02.2025 08:00:00 +01:00,106.26,5135.65,5029.39
25.02.2025 09:00:00 +01:00,2.49,5570.49,5568.00
25.02.2025 10:00:00 +01:00,0.00,5535.88,5535.88
25.02.2025 11:00:00 +01:00,0.00,5373.26,5373.26
25.02.2025 12:00:00 +01:00,0.00,5360.30,5360.30
25.02.2025 13:00:00 +01:00,0.00,5443.18,5443.18
25.02.2025 14:00:00 +01:00,0.00,5760.24,5760.24
25.02.2025 15:00:00 +01:00,0.00,5767.53,5767.53
25.02.2025 16:00:00 +01:00,0.00,6271.19,6271.19
25.02.2025 17:00:00 +01:00,0.00,7113.03,7113.03
25.02.2025 18:00:00 +01:00,0.00,6730.98,6730.98
25.02.2025 19:00:00 +01:00,0.00,6257.56,6257.56
25.02.2025 20:00:00 +01:00,46.63,5371.92,5325.28
25.02.2025 21:00:00 +01:00,442.83,5190.94,4748.11
25.02.2025 22:00:00 +01:00,984.29,5115.93,4131.64
25.02.2025 23:00:00 +01:00,1204.50,5114.12,3909.62
26.02.2025 00:00:00 +01:00,1441.29,5090.77,3649.48
26.02.2025 01:00:00 +01:00,1292.53,5149.66,3857.13
26.02.2025 02:00:00 +01:00,1449.92,5161.84,3711.92
26.02.2025 03:00:00 +01:00,1442.03,5212.47,3770.44
26.02.2025 04:00:00 +01:00,1356.52,5218.64,3862.12
26.02.2025 05:00:00 +01:00,1068.02,5194.84,4126.82
26.02.2025 06:00:00 +01:00,315.95,5217.00,4901.05
26.02.2025 07:00:00 +01:00,0.00,6002.05,6002.05
26.02.2025 08:00:00 +01:00,0.00,6401.87,6401.87
26.02.2025 09:00:00 +01:00,0.00,6424.29,6424.29
26.02.2025 10:00:00 +01:00,0.00,6464.87,6464.87
26.02.2025 11:00:00 +01:00,0.00,6320.67,6320.67
26.02.2025 12:00:00 +01:00,0.00,6289.76,6289.76
26.02.2025 13:00:00 +01:00,0.00,5635.12,5635.12
26.02.2025 14:00:00 +01:00,0.00,5801.96,5801.96
26.02.2025 15:00:00 +01:00,0.00,6271.50,6271.50
26.02.2025 16:00:00 +01:00,0.00,6646.62,6646.62
26.02.2025 17:00:00 +01:00,0.00,6677.46,6677.46
26.02.2025 18:00:00 +01:00,0.00,6481.56,6481.56
26.02.2025 19:00:00 +01:00,0.00,6298.01,6298.01
26.02.2025 20:00:00 +01:00,0.00,5666.79,5666.79
26.02.2025 21:00:00 +01:00,35.80,5229.53,5193.72
26.02.2025 22:00:00 +01:00,238.06,5178.94,4940.88
26.02.2025 23:00:00 +01:00,446.14,5114.70,4668.55
27.02.2025 00:00:00 +01:00,647.24,5052.39,4405.16
27.02.2025 01:00:00 +01:00,970.59,4995.88,4025.30
27.02.2025 02:00:00 +01:00,841.23,5029.26,4188.04
27.02.2025 03:00:00 +01:00,627.06,5043.25,4416.18
27.02.2025 04:00:00 +01:00,428.30,5061.44,4633.13
27.02.2025 05:00:00 +01:00,124.25,5085.79,4961.54
27.02.2025 06:00:00 +01:00,25.64,5653.92,5628.28
27.02.2025 07:00:00 +01:00,48.76,5925.57,5876.81
27.02.2025 08:00:00 +01:00,14.94,6180.67,6165.73
27.02.2025 09:00:00 +01:00,0.00,6690.50,6690.50
27.02.2025 10:00:00 +01:00,0.00,6707.04,6707.04
27.02.2025 11:00:00 +01:00,0.00,6726.12,6726.12
27.02.2025 12:00:00 +01:00,0.00,6321.92,6321.92
27.02.2025 13:00:00 +01:00,0.00,6287.34,6287.34
27.02.2025 14:00:00 +01:00,0.00,6453.19,6453.19
27.02.2025 15:00:00 +01:00,0.00,6521.28,6521.28
27.02.2025 16:00:00 +01:00,0.00,6692.87,6692.87
27.02.2025 17:00:00 +01:00,0.00,7090.20,7090.20
27.02.2025 18:00:00 +01:00,0.00,6872.37,6872.37
27.02.2025 19:00:00 +01:00,0.00,6416.86,6416.86
27.02.2025 20:00:00 +01:00,0.00,5977.85,5977.85
27.02.2025 21:00:00 +01:00,0.00,5646.08,5646.08
27.02.2025 22:00:00 +01:00,50.82,5259.14,5208.32
27.02.2025 23:00:00 +01:00,200.28,5153.26,4952.97
28.02.2025 00:00:00 +01:00,142.64,5312.41,5169.78
28.02.2025 01:00:00 +01:00,261.19,5270.06,5008.86
28.02.2025 02:00:00 +01:00,193.10,5435.42,5242.32
28.02.2025 03:00:00 +01:00,258.48,5261.89,5003.41
28.02.2025 04:00:00 +01:00,146.59,5261.28,5114.70
28.02.2025 05:00:00 +01:00,3.67,5763.07,5759.40
28.02.2025 06:00:00 +01:00,11.86,6394.02,6382.17
28.02.2025 07:00:00 +01:00,12.30,6735.73,6723.43
28.02.2025 08:00:00 +01:00,14.57,6513.99,6499.42
28.02.2025 09:00:00 +01:00,25.97,6440.99,6415.02
28.02.2025 10:00:00 +01:00,15.71,6617.23,6601.52
28.02.2025 11:00:00 +01:00,13.30,6589.97,6576.67
28.02.2025 12:00:00 +01:00,11.31,6505.54,6494.23
28.02.2025 13:00:00 +01:00,6.82,6186.86,6180.04
28.02.2025 14:00:00 +01:00,6.18,6284.76,6278.58
28.02.2025 15:00:00 +01:00,3.88,6483.71,6479.84
28.02.2025 16:00:00 +01:00,18.37,6359.60,6341.22
28.02.2025 17:00:00 +01:00,15.50,6929.99,6914.48
28.02.2025 18:00:00 +01:00,13.92,7103.31,7089.39
28.02.2025 19:00:00 +01:00,10.40,6985.02,6974.63
28.02.2025 20:00:00 +01:00,7.00,6491.07,6484.08
28.02.2025 21:00:00 +01:00,0.12,6253.36,6253.24
28.02.2025 22:00:00 +01:00,6.15,5597.07,5590.92
28.02.2025 23:00:00 +01:00,11.69,5448.06,5436.36
01.03.2025 00:00:00 +01:00,85.88,5420.08,5334.20
01.03.2025 01:00:00 +01:00,544.66,5354.80,4810.15
01.03.2025 02:00:00 +01:00,616.81,5488.35,4871.54
01.03.2025 03:00:00 +01:00,564.96,5532.94,4967.98
01.03.2025 04:00:00 +01:00,463.35,5545.18,5081.83
01.03.2025 05:00:00 +01:00,477.66,5503.29,5025.63
01.03.2025 06:00:00 +01:00,305.35,5516.04,5210.70
01.03.2025 07:00:00 +01:00,142.32,5613.79,5471.47
01.03.2025 08:00:00 +01:00,0.00,6196.02,6196.02
01.03.2025 09:00:00 +01:00,0.00,6326.92,6326.92
01.03.2025 10:00:00 +01:00,23.10,5814.02,5790.93
01.03.2025 11:00:00 +01:00,263.66,5730.25,5466.59
01.03.2025 12:00:00 +01:00,537.49,5451.18,4913.69
01.03.2025 13:00:00 +01:00,1088.15,5155.18,4067.03
01.03.2025 14:00:00 +01:00,1241.81,5141.97,3900.16
01.03.2025 15:00:00 +01:00,1507.43,5139.38,3631.95
01.03.2025 16:00:00 +01:00,1418.92,5284.08,3865.16
01.03.2025 17:00:00 +01:00,736.03,5441.42,4705.39
01.03.2025 18:00:00 +01:00,913.35,5396.31,4482.96
01.03.2025 19:00:00 +01:00,1637.03,5192.39,3555.36
01.03.2025 20:00:00 +01:00,2185.92,5171.34,2985.42
01.03.2025 21:00:00 +01:00,2647.26,5171.36,2524.10
01.03.2025 22:00:00 +01:00,2588.87,5163.61,2574.74
01.03.2025 23:00:00 +01:00,2492.15,5148.06,2655.91
02.03.2025 00:00:00 +01:00,2555.90,4856.50,2300.60
02.03.2025 01:00:00 +01:00,2520.34,4834.34,2314.01
02.03.2025 02:00:00 +01:00,2645.59,4832.09,2186.50
02.03.2025 03:00:00 +01:00,2806.75,4813.65,2006.90
02.03.2025 04:00:00 +01:00,2846.98,4795.39,1948.42
02.03.2025 05:00:00 +01:00,2763.55,4793.53,2029.98
02.03.2025 06:00:00 +01:00,3058.40,4791.53,1733.13
02.03.2025 07:00:00 +01:00,2988.59,4781.12,1792.53
02.03.2025 08:00:00 +01:00,2753.05,4773.52,2020.46
02.03.2025 09:00:00 +01:00,3050.15,4755.32,1705.17
02.03.2025 10:00:00 +01:00,3050.54,4257.19,1206.66
02.03.2025 11:00:00 +01:00,3337.73,3272.06,-65.68
02.03.2025 12:00:00 +01:00,3261.48,2634.92,-626.57
02.03.2025 13:00:00 +01:00,3490.88,2277.38,-1213.49
02.03.2025 14:00:00 +01:00,2551.36,2513.61,-37.74
02.03.2025 15:00:00 +01:00,2062.16,3645.11,1582.95
02.03.2025 16:00:00 +01:00,2094.66,4825.35,2730.70
02.03.2025 17:00:00 +01:00,2265.03,4893.59,2628.56
02.03.2025 18:00:00 +01:00,2315.20,5090.02,2774.82
02.03.2025 19:00:00 +01:00,2610.84,4924.88,2314.04
02.03.2025 20:00:00 +01:00,2343.86,4933.27,2589.41
02.03.2025 21:00:00 +01:00,2468.66,5045.27,2576.61
02.03.2025 22:00:00 +01:00,2645.62,4907.68,2262.07
02.03.2025 23:00:00 +01:00,2362.22,4783.89,2421.68
03.03.2025 00:00:00 +01:00,2357.89,4557.30,2199.41
03.03.2025 01:00:00 +01:00,2326.16,4553.32,2227.16
03.03.2025 02:00:00 +01:00,2555.28,4435.46,1880.18
03.03.2025 03:00:00 +01:00,2418.16,4225.12,1806.96
03.03.2025 04:00:00 +01:00,2213.48,4203.96,1990.47
03.03.2025 05:00:00 +01:00,2283.15,4219.02,1935.87
03.03.2025 06:00:00 +01:00,2307.71,4347.72,2040.01
03.03.2025 07:00:00 +01:00,2623.26,4621.01,1997.74
03.03.2025 08:00:00 +01:00,2402.39,4452.22,2049.83
03.03.2025 09:00:00 +01:00,2413.42,4194.80,1781.38
03.03.2025 10:00:00 +01:00,2424.09,3322.88,898.79
03.03.2025 11:00:00 +01:00,2537.48,2210.10,-327.38
03.03.2025 12:00:00 +01:00,2798.14,1835.56,-962.58
03.03.2025 13:00:00 +01:00,2716.66,2176.20,-540.46
03.03.2025 14:00:00 +01:00,2516.08,3351.60,835.52
03.03.2025 15:00:00 +01:00,2147.86,4422.42,2274.56
03.03.2025 16:00:00 +01:00,2289.84,4631.67,2341.83
03.03.2025 17:00:00 +01:00,2234.29,4611.17,2376.88
03.03.2025 18:00:00 +01:00,1859.80,4774.06,2914.26
03.03.2025 19:00:00 +01:00,2333.92,4723.65,2389.73
03.03.2025 20:00:00 +01:00,2748.76,4601.90,1853.14
03.03.2025 21:00:00 +01:00,2608.80,4489.20,1880.40
03.03.2025 22:00:00 +01:00,2813.46,4471.40,1657.94
03.03.2025 23:00:00 +01:00,2881.96,4490.74,1608.78
04.03.2025 00:00:00 +01:00,2878.86,4666.50,1787.65
04.03.2025 01:00:00 +01:00,2751.24,4649.56,1898.32
04.03.2025 02:00:00 +01:00,2682.16,4651.15,1968.98
04.03.2025 03:00:00 +01:00,2790.68,4735.35,1944.67
04.03.2025 04:00:00 +01:00,2875.67,4802.06,1926.39
04.03.2025 05:00:00 +01:00,2257.51,4810.29,2552.78
04.03.2025 06:00:00 +01:00,2222.05,4818.16,2596.10
04.03.2025 07:00:00 +01:00,2086.04,4708.07,2622.03
04.03.2025 08:00:00 +01:00,2485.84,4398.16,1912.32
04.03.2025 09:00:00 +01:00,2916.92,3883.94,967.02
04.03.2025 10:00:00 +01:00,3211.56,2869.64,-341.92
04.03.2025 11:00:00 +01:00,2909.72,2108.47,-801.25
04.03.2025 12:00:00 +01:00,2719.17,1098.79,-1620.38
04.03.2025 13:00:00 +01:00,2543.88,824.49,-1719.39
04.03.2025 14:00:00 +01:00,2581.48,1933.50,-647.98
04.03.2025 15:00:00 +01:00,2619.78,2528.46,-91.32
04.03.2025 16:00:00 +01:00,2867.64,2741.42,-126.21
04.03.2025 17:00:00 +01:00,2000.14,3138.82,1138.68
04.03.2025 18:00:00 +01:00,2322.83,3486.20,1163.37
04.03.2025 19:00:00 +01:00,2741.02,3291.97,550.95
04.03.2025 20:00:00 +01:00,3007.58,3088.55,80.96
04.03.2025 21:00:00 +01:00,2799.17,2915.44,116.28
04.03.2025 22:00:00 +01:00,2545.11,2826.88,281.76
04.03.2025 23:00:00 +01:00,2414.66,2621.70,207.04
05.03.2025 00:00:00 +01:00,2602.12,2083.42,-518.70
05.03.2025 01:00:00 +01:00,3030.02,2034.68,-995.34
05.03.2025 02:00:00 +01:00,2931.12,2034.52,-896.60
05.03.2025 03:00:00 +01:00,2772.05,2034.52,-737.52
05.03.2025 04:00:00 +01:00,3013.55,2034.62,-978.94
05.03.2025 05:00:00 +01:00,2675.10,2085.74,-589.37
05.03.2025 06:00:00 +01:00,2643.33,2166.76,-476.57
05.03.2025 07:00:00 +01:00,3063.59,2036.32,-1027.28
05.03.2025 08:00:00 +01:00,3092.89,2020.39,-1072.50
05.03.2025 09:00:00 +01:00,3564.61,1662.12,-1902.49
05.03.2025 10:00:00 +01:00,3254.18,807.28,-2446.90
05.03.2025 11:00:00 +01:00,4386.90,711.97,-3674.93
05.03.2025 12:00:00 +01:00,4883.40,711.88,-4171.52
05.03.2025 13:00:00 +01:00,4221.54,712.04,-3509.49
05.03.2025 14:00:00 +01:00,3094.98,862.89,-2232.08
05.03.2025 15:00:00 +01:00,3235.89,1706.65,-1529.24
05.03.2025 16:00:00 +01:00,3262.07,2244.44,-1017.63
05.03.2025 17:00:00 +01:00,2472.86,2598.94,126.08
05.03.2025 18:00:00 +01:00,2586.87,2872.77,285.90
05.03.2025 19:00:00 +01:00,2702.90,2817.05,114.15
05.03.2025 20:00:00 +01:00,2543.52,2772.70,229.18
05.03.2025 21:00:00 +01:00,2872.44,2790.31,-82.14
05.03.2025 22:00:00 +01:00,2495.56,2897.50,401.94
05.03.2025 23:00:00 +01:00,2493.84,2920.80,426.96
06.03.2025 00:00:00 +01:00,2408.96,3011.07,602.12
06.03.2025 01:00:00 +01:00,2449.85,3285.76,835.91
06.03.2025 02:00:00 +01:00,2154.80,3263.26,1108.46
06.03.2025 03:00:00 +01:00,2450.66,3192.25,741.58
06.03.2025 04:00:00 +01:00,2504.86,3304.30,799.44
06.03.2025 05:00:00 +01:00,2842.52,3363.38,520.86
06.03.2025 06:00:00 +01:00,3127.28,3380.15,252.87
06.03.2025 07:00:00 +01:00,2367.82,3632.43,1264.60
06.03.2025 08:00:00 +01:00,2835.12,3477.38,642.27
06.03.2025 09:00:00 +01:00,3280.56,3059.28,-221.28
06.03.2025 10:00:00 +01:00,2889.64,2374.28,-515.36
06.03.2025 11:00:00 +01:00,3329.50,1848.22,-1481.29
06.03.2025 12:00:00 +01:00,3210.72,1365.04,-1845.68
06.03.2025 13:00:00 +01:00,2704.86,1677.38,-1027.48
06.03.2025 14:00:00 +01:00,2799.62,2084.77,-714.86
06.03.2025 15:00:00 +01:00,2425.63,2730.70,305.07
06.03.2025 16:00:00 +01:00,1639.66,3289.78,1650.12
06.03.2025 17:00:00 +01:00,878.19,3748.36,2870.17
06.03.2025 18:00:00 +01:00,1057.46,3648.86,2591.40
06.03.2025 19:00:00 +01:00,1045.78,3432.36,2386.58
06.03.2025 20:00:00 +01:00,1311.44,3378.34,2066.90
06.03.2025 21:00:00 +01:00,1494.79,3365.59,1870.80
06.03.2025 22:00:00 +01:00,2085.98,3457.08,1371.10
06.03.2025 23:00:00 +01:00,2361.80,3521.36,1159.56
07.03.2025 00:00:00 +01:00,2071.66,3502.48,1430.82
07.03.2025 01:00:00 +01:00,2216.48,3431.55,1215.07
07.03.2025 02:00:00 +01:00,1901.73,3371.35,1469.62
07.03.2025 03:00:00 +01:00,1519.55,3387.60,1868.05
07.03.2025 04:00:00 +01:00,1196.19,3406.36,2210.18
07.03.2025 05:00:00 +01:00,561.78,3556.46,2994.68
07.03.2025 06:00:00 +01:00,24.82,3753.78,3728.96
07.03.2025 07:00:00 +01:00,0.00,4581.24,4581.24
07.03.2025 08:00:00 +01:00,8.52,4240.93,4232.41
07.03.2025 09:00:00 +01:00,0.00,3959.99,3959.99
07.03.2025 10:00:00 +01:00,246.27,3156.80,2910.53
07.03.2025 11:00:00 +01:00,752.32,2268.29,1515.97
07.03.2025 12:00:00 +01:00,2406.56,1655.84,-750.72
07.03.2025 13:00:00 +01:00,2676.86,2122.37,-554.50
07.03.2025 14:00:00 +01:00,1529.92,2476.73,946.81
07.03.2025 15:00:00 +01:00,999.53,3269.57,2270.04
07.03.2025 16:00:00 +01:00,618.91,3449.04,2830.13
07.03.2025 17:00:00 +01:00,239.75,3573.69,3333.94
07.03.2025 18:00:00 +01:00,199.95,3494.41,3294.46
07.03.2025 19:00:00 +01:00,720.36,3637.52,2917.16
07.03.2025 20:00:00 +01:00,728.80,3650.18,2921.39
07.03.2025 21:00:00 +01:00,1167.00,3686.58,2519.59
07.03.2025 22:00:00 +01:00,1399.65,3540.36,2140.72
07.03.2025 23:00:00 +01:00,1639.42,3754.69,2115.27
08.03.2025 00:00:00 +01:00,1463.68,3511.42,2047.74
08.03.2025 01:00:00 +01:00,1537.29,3660.42,2123.12
08.03.2025 02:00:00 +01:00,1407.41,3629.25,2221.84
08.03.2025 03:00:00 +01:00,1389.34,3538.18,2148.84
08.03.2025 04:00:00 +01:00,1580.16,3655.46,2075.30
08.03.2025 05:00:00 +01:00,1066.48,3528.31,2461.83
08.03.2025 06:00:00 +01:00,964.68,3274.36,2309.68
08.03.2025 07:00:00 +01:00,382.92,3078.90,2695.98
08.03.2025 08:00:00 +01:00,348.40,3165.92,2817.52
08.03.2025 09:00:00 +01:00,783.10,2191.27,1408.16
08.03.2025 10:00:00 +01:00,3488.96,1810.08,-1678.88
08.03.2025 11:00:00 +01:00,3834.65,1337.54,-2497.11
08.03.2025 12:00:00 +01:00,3700.16,1215.56,-2484.60
08.03.2025 13:00:00 +01:00,3663.86,1487.57,-2176.29
08.03.2025 14:00:00 +01:00,2906.36,1690.04,-1216.32
08.03.2025 15:00:00 +01:00,321.56,3147.03,2825.47
08.03.2025 16:00:00 +01:00,4.75,4209.44,4204.69
08.03.2025 17:00:00 +01:00,10.38,4939.81,4929.44
08.03.2025 18:00:00 +01:00,14.16,5216.14,5201.98
08.03.2025 19:00:00 +01:00,16.94,5200.24,5183.31
08.03.2025 20:00:00 +01:00,15.67,5146.59,5130.92
08.03.2025 21:00:00 +01:00,17.59,4633.05,4615.46
08.03.2025 22:00:00 +01:00,9.64,4469.06,4459.42
08.03.2025 23:00:00 +01:00,14.27,4444.00,4429.74
09.03.2025 00:00:00 +01:00,18.82,4243.86,4225.04
09.03.2025 01:00:00 +01:00,8.28,4117.73,4109.46
09.03.2025 02:00:00 +01:00,0.59,4127.51,4126.92
09.03.2025 03:00:00 +01:00,110.42,3988.78,3878.36
09.03.2025 04:00:00 +01:00,79.77,4012.24,3932.48
09.03.2025 05:00:00 +01:00,0.00,4181.84,4181.84
09.03.2025 06:00:00 +01:00,23.51,3588.29,3564.78
09.03.2025 07:00:00 +01:00,0.00,3724.34,3724.34
09.03.2025 08:00:00 +01:00,45.25,2506.62,2461.36
09.03.2025 09:00:00 +01:00,1345.15,1622.92,277.77
09.03.2025 10:00:00 +01:00,2975.30,1394.88,-1580.42
09.03.2025 11:00:00 +01:00,2866.31,1426.90,-1439.42
09.03.2025 12:00:00 +01:00,2865.74,1359.00,-1506.74
09.03.2025 13:00:00 +01:00,2884.14,1490.32,-1393.82
09.03.2025 14:00:00 +01:00,2689.54,1690.06,-999.48
09.03.2025 15:00:00 +01:00,1192.87,2424.42,1231.55
09.03.2025 16:00:00 +01:00,0.00,4020.14,4020.14
09.03.2025 17:00:00 +01:00,1.31,5048.97,5047.66
09.03.2025 18:00:00 +01:00,5.65,5461.03,5455.38
09.03.2025 19:00:00 +01:00,17.31,5342.55,5325.24
09.03.2025 20:00:00 +01:00,61.54,5006.40,4944.87
09.03.2025 21:00:00 +01:00,2.60,4921.77,4919.18
09.03.2025 22:00:00 +01:00,54.11,4566.66,4512.55
09.03.2025 23:00:00 +01:00,45.76,4466.93,4421.17
10.03.2025 00:00:00 +01:00,0.00,4567.46,4567.46
10.03.2025 01:00:00 +01:00,0.00,4400.16,4400.16
10.03.2025 02:00:00 +01:00,0.00,4166.06,4166.06
10.03.2025 03:00:00 +01:00,1.08,4130.92,4129.84
10.03.2025 04:00:00 +01:00,0.00,4350.94,4350.94
10.03.2025 05:00:00 +01:00,0.45,4850.48,4850.03
10.03.2025 06:00:00 +01:00,36.89,4913.47,4876.58
10.03.2025 07:00:00 +01:00,100.55,5004.07,4903.52
10.03.2025 08:00:00 +01:00,41.95,4643.10,4601.15
10.03.2025 09:00:00 +01:00,29.94,4554.97,4525.03
10.03.2025 10:00:00 +01:00,6.36,4728.94,4722.58
10.03.2025 11:00:00 +01:00,0.00,4751.52,4751.52
10.03.2025 12:00:00 +01:00,0.00,4850.31,4850.31
10.03.2025 13:00:00 +01:00,0.00,4682.63,4682.63
10.03.2025 14:00:00 +01:00,0.00,4415.60,4415.60
10.03.2025 15:00:00 +01:00,0.00,4578.58,4578.58
10.03.2025 16:00:00 +01:00,0.00,4524.72,4524.72
10.03.2025 17:00:00 +01:00,0.00,4588.10,4588.10
10.03.2025 18:00:00 +01:00,6.97,4441.99,4435.02
10.03.2025 19:00:00 +01:00,50.62,4309.99,4259.38
10.03.2025 20:00:00 +01:00,0.00,4595.20,4595.20
10.03.2025 21:00:00 +01:00,0.71,4469.64,4468.93
10.03.2025 22:00:00 +01:00,0.00,4392.85,4392.85
10.03.2025 23:00:00 +01:00,0.00,4143.57,4143.57
11.03.2025 00:00:00 +01:00,30.72,3951.84,3921.12
11.03.2025 01:00:00 +01:00,0.00,4265.45,4265.45
11.03.2025 02:00:00 +01:00,2.92,4062.48,4059.56
11.03.2025 03:00:00 +01:00,0.00,4239.29,4239.29
11.03.2025 04:00:00 +01:00,0.00,4311.00,4311.00
11.03.2025 05:00:00 +01:00,0.00,4690.67,4690.67
11.03.2025 06:00:00 +01:00,42.94,4902.63,4859.70
11.03.2025 07:00:00 +01:00,3.82,5007.68,5003.86
11.03.2025 08:00:00 +01:00,0.00,4565.80,4565.80
11.03.2025 09:00:00 +01:00,0.00,4828.48,4828.48
11.03.2025 10:00:00 +01:00,0.00,4950.88,4950.88
11.03.2025 11:00:00 +01:00,0.28,4867.35,4867.07
11.03.2025 12:00:00 +01:00,0.00,4281.56,4281.56
11.03.2025 13:00:00 +01:00,0.00,4146.59,4146.59
11.03.2025 14:00:00 +01:00,0.00,4493.40,4493.40
11.03.2025 15:00:00 +01:00,0.00,5145.81,5145.81
11.03.2025 16:00:00 +01:00,0.00,5290.96,5290.96
11.03.2025 17:00:00 +01:00,0.00,4986.62,4986.62
11.03.2025 18:00:00 +01:00,0.00,5370.12,5370.12
11.03.2025 19:00:00 +01:00,0.00,5088.41,5088.41
11.03.2025 20:00:00 +01:00,1.36,5171.12,5169.77
11.03.2025 21:00:00 +01:00,0.00,5298.24,5298.24
11.03.2025 22:00:00 +01:00,0.00,5168.02,5168.02
11.03.2025 23:00:00 +01:00,0.00,5565.67,5565.67
12.03.2025 00:00:00 +01:00,0.00,5811.87,5811.87
12.03.2025 01:00:00 +01:00,0.00,5781.99,5781.99
12.03.2025 02:00:00 +01:00,0.00,5618.35,5618.35
12.03.2025 03:00:00 +01:00,0.00,5753.69,5753.69
12.03.2025 04:00:00 +01:00,0.00,5576.76,5576.76
12.03.2025 05:00:00 +01:00,0.00,5773.17,5773.17
12.03.2025 06:00:00 +01:00,0.00,5626.62,5626.62
12.03.2025 07:00:00 +01:00,0.00,5249.34,5249.34
12.03.2025 08:00:00 +01:00,0.00,4921.36,4921.36
12.03.2025 09:00:00 +01:00,0.00,5263.62,5263.62
12.03.2025 10:00:00 +01:00,0.00,5190.47,5190.47
12.03.2025 11:00:00 +01:00,42.34,4963.21,4920.87
12.03.2025 12:00:00 +01:00,0.00,5370.42,5370.42
12.03.2025 13:00:00 +01:00,0.00,5426.32,5426.32
12.03.2025 14:00:00 +01:00,0.00,5082.31,5082.31
12.03.2025 15:00:00 +01:00,0.00,5327.28,5327.28
12.03.2025 16:00:00 +01:00,0.00,5189.20,5189.20
12.03.2025 17:00:00 +01:00,0.00,4915.18,4915.18
12.03.2025 18:00:00 +01:00,0.00,5025.37,5025.37
12.03.2025 19:00:00 +01:00,0.00,5192.38,5192.38
12.03.2025 20:00:00 +01:00,0.00,5475.52,5475.52
12.03.2025 21:00:00 +01:00,0.00,5573.22,5573.22
12.03.2025 22:00:00 +01:00,0.00,5811.58,5811.58
12.03.2025 23:00:00 +01:00,0.00,5857.15,5857.15
13.03.2025 00:00:00 +01:00,0.00,5801.21,5801.21
13.03.2025 01:00:00 +01:00,0.00,6001.27,6001.27
13.03.2025 02:00:00 +01:00,0.00,6002.00,6002.00
13.03.2025 03:00:00 +01:00,0.00,6100.76,6100.76
13.03.2025 04:00:00 +01:00,0.00,6019.52,6019.52
13.03.2025 05:00:00 +01:00,0.00,5898.94,5898.94
13.03.2025 06:00:00 +01:00,0.00,5497.62,5497.62
13.03.2025 07:00:00 +01:00,0.00,4850.60,4850.60
13.03.2025 08:00:00 +01:00,0.00,4614.53,4614.53
13.03.2025 09:00:00 +01:00,0.00,4792.00,4792.00
13.03.2025 10:00:00 +01:00,0.00,5032.66,5032.66
13.03.2025 11:00:00 +01:00,0.00,5227.11,5227.11
13.03.2025 12:00:00 +01:00,0.00,5303.63,5303.63
13.03.2025 13:00:00 +01:00,0.00,5504.37,5504.37
13.03.2025 14:00:00 +01:00,0.00,5482.71,5482.71
13.03.2025 15:00:00 +01:00,0.00,5389.09,5389.09
13.03.2025 16:00:00 +01:00,0.00,5532.38,5532.38
13.03.2025 17:00:00 +01:00,0.00,5689.80,5689.80
13.03.2025 18:00:00 +01:00,0.00,5208.85,5208.85
13.03.2025 19:00:00 +01:00,0.00,5164.87,5164.87
13.03.2025 20:00:00 +01:00,0.00,5167.09,5167.09
13.03.2025 21:00:00 +01:00,0.00,5406.27,5406.27
13.03.2025 22:00:00 +01:00,0.00,5676.73,5676.73
13.03.2025 23:00:00 +01:00,0.00,5888.72,5888.72
14.03.2025 00:00:00 +01:00,116.38,4528.74,4412.36
14.03.2025 01:00:00 +01:00,45.78,4747.66,4701.88
14.03.2025 02:00:00 +01:00,0.00,5002.19,5002.19
14.03.2025 03:00:00 +01:00,3.01,5080.22,5077.22
14.03.2025 04:00:00 +01:00,0.32,4750.21,4749.90
14.03.2025 05:00:00 +01:00,22.88,4989.69,4966.81
14.03.2025 06:00:00 +01:00,87.08,4543.99,4456.91
14.03.2025 07:00:00 +01:00,46.00,4245.92,4199.92
14.03.2025 08:00:00 +01:00,103.84,4281.89,4178.05
14.03.2025 09:00:00 +01:00,203.86,4862.47,4658.61
14.03.2025 10:00:00 +01:00,183.72,4950.65,4766.93
14.03.2025 11:00:00 +01:00,24.61,5344.71,5320.10
14.03.2025 12:00:00 +01:00,0.00,5503.64,5503.64
14.03.2025 13:00:00 +01:00,7.73,5085.82,5078.09
14.03.2025 14:00:00 +01:00,10.07,5628.68,5618.61
14.03.2025 15:00:00 +01:00,0.00,5794.36,5794.36
14.03.2025 16:00:00 +01:00,5.63,5580.10,5574.47
14.03.2025 17:00:00 +01:00,107.98,5210.78,5102.80
14.03.2025 18:00:00 +01:00,87.90,5350.62,5262.72
14.03.2025 19:00:00 +01:00,193.99,5448.43,5254.44
14.03.2025 20:00:00 +01:00,182.10,5331.86,5149.77
14.03.2025 21:00:00 +01:00,16.73,5397.27,5380.54
14.03.2025 22:00:00 +01:00,0.00,6078.30,6078.30
14.03.2025 23:00:00 +01:00,0.00,6589.42,6589.42
15.03.2025 00:00:00 +01:00,0.00,6646.66,6646.66
15.03.2025 01:00:00 +01:00,0.00,6468.44,6468.44
15.03.2025 02:00:00 +01:00,0.00,6272.46,6272.46
15.03.2025 03:00:00 +01:00,0.00,6112.73,6112.73
15.03.2025 04:00:00 +01:00,0.00,6011.99,6011.99
15.03.2025 05:00:00 +01:00,0.00,6003.29,6003.29
15.03.2025 06:00:00 +01:00,0.00,5758.22,5758.22
15.03.2025 07:00:00 +01:00,0.00,5676.28,5676.28
15.03.2025 08:00:00 +01:00,371.22,4882.76,4511.54
15.03.2025 09:00:00 +01:00,598.55,4873.42,4274.87
15.03.2025 10:00:00 +01:00,880.92,4795.93,3915.01
15.03.2025 11:00:00 +01:00,1093.62,4632.68,3539.06
15.03.2025 12:00:00 +01:00,1368.86,4498.78,3129.92
15.03.2025 13:00:00 +01:00,1369.72,4644.34,3274.62
15.03.2025 14:00:00 +01:00,1232.48,4548.10,3315.62
15.03.2025 15:00:00 +01:00,934.24,4672.51,3738.28
15.03.2025 16:00:00 +01:00,628.62,4775.22,4146.60
15.03.2025 17:00:00 +01:00,122.02,4794.89,4672.88
15.03.2025 18:00:00 +01:00,0.00,5020.24,5020.24
15.03.2025 19:00:00 +01:00,48.86,4929.73,4880.87
15.03.2025 20:00:00 +01:00,370.00,4973.43,4603.42
15.03.2025 21:00:00 +01:00,427.96,5077.32,4649.35
15.03.2025 22:00:00 +01:00,776.93,4845.29,4068.36
15.03.2025 23:00:00 +01:00,880.43,4903.90,4023.46
16.03.2025 00:00:00 +01:00,1245.54,4761.53,3515.99
16.03.2025 01:00:00 +01:00,1302.71,4880.80,3578.09
16.03.2025 02:00:00 +01:00,1384.62,4931.98,3547.36
16.03.2025 03:00:00 +01:00,1323.20,4962.50,3639.30
16.03.2025 04:00:00 +01:00,1314.95,5001.88,3686.93
16.03.2025 05:00:00 +01:00,975.84,5041.55,4065.71
16.03.2025 06:00:00 +01:00,725.26,4851.29,4126.04
16.03.2025 07:00:00 +01:00,755.01,4732.90,3977.90
16.03.2025 08:00:00 +01:00,1047.98,3856.06,2808.08
16.03.2025 09:00:00 +01:00,1359.67,3038.83,1679.16
16.03.2025 10:00:00 +01:00,2442.32,2620.26,177.94
16.03.2025 11:00:00 +01:00,2643.96,2034.75,-609.21
16.03.2025 12:00:00 +01:00,2893.89,1421.74,-1472.16
16.03.2025 13:00:00 +01:00,2547.36,1795.24,-752.13
16.03.2025 14:00:00 +01:00,2720.68,2440.69,-280.00
16.03.2025 15:00:00 +01:00,1565.49,2792.11,1226.62
16.03.2025 16:00:00 +01:00,203.63,3331.68,3128.06
16.03.2025 17:00:00 +01:00,118.38,4069.90,3951.52
16.03.2025 18:00:00 +01:00,0.00,4899.94,4899.94
16.03.2025 19:00:00 +01:00,188.37,4483.63,4295.26
16.03.2025 20:00:00 +01:00,243.78,4318.18,4074.39
16.03.2025 21:00:00 +01:00,554.87,4419.58,3864.71
16.03.2025 22:00:00 +01:00,533.75,4367.86,3834.11
16.03.2025 23:00:00 +01:00,747.75,4360.70,3612.94
17.03.2025 00:00:00 +01:00,461.90,4641.83,4179.94
17.03.2025 01:00:00 +01:00,357.80,4655.29,4297.49
17.03.2025 02:00:00 +01:00,243.21,4774.82,4531.60
17.03.2025 03:00:00 +01:00,297.62,4776.44,4478.82
17.03.2025 04:00:00 +01:00,105.44,4547.58,4442.14
17.03.2025 05:00:00 +01:00,167.68,4506.94,4339.27
17.03.2025 06:00:00 +01:00,718.42,4358.55,3640.13
17.03.2025 07:00:00 +01:00,679.88,4076.61,3396.73
17.03.2025 08:00:00 +01:00,982.13,4000.35,3018.22
17.03.2025 09:00:00 +01:00,656.24,3913.87,3257.63
17.03.2025 10:00:00 +01:00,957.98,3416.40,2458.42
17.03.2025 11:00:00 +01:00,1337.16,2941.18,1604.02
17.03.2025 12:00:00 +01:00,2200.80,2607.73,406.93
17.03.2025 13:00:00 +01:00,1995.18,2823.58,828.40
17.03.2025 14:00:00 +01:00,997.02,3330.48,2333.47
17.03.2025 15:00:00 +01:00,727.81,3736.60,3008.79
17.03.2025 16:00:00 +01:00,533.18,3929.74,3396.55
17.03.2025 17:00:00 +01:00,99.73,4866.70,4766.97
17.03.2025 18:00:00 +01:00,72.12,5295.36,5223.24
17.03.2025 19:00:00 +01:00,128.93,5110.44,4981.50
17.03.2025 20:00:00 +01:00,763.08,3975.16,3212.08
17.03.2025 21:00:00 +01:00,684.01,3974.58,3290.58
17.03.2025 22:00:00 +01:00,922.91,4349.60,3426.69
17.03.2025 23:00:00 +01:00,1049.60,4532.19,3482.58
18.03.2025 00:00:00 +01:00,509.07,4679.25,4170.18
18.03.2025 01:00:00 +01:00,721.30,4659.01,3937.72
18.03.2025 02:00:00 +01:00,771.64,4742.91,3971.27
18.03.2025 03:00:00 +01:00,764.23,4530.08,3765.85
18.03.2025 04:00:00 +01:00,834.57,4320.37,3485.80
18.03.2025 05:00:00 +01:00,867.28,4191.22,3323.94
18.03.2025 06:00:00 +01:00,237.62,4182.29,3944.67
18.03.2025 07:00:00 +01:00,435.08,4122.01,3686.93
18.03.2025 08:00:00 +01:00,901.66,3527.58,2625.92
18.03.2025 09:00:00 +01:00,603.46,2992.55,2389.10
18.03.2025 10:00:00 +01:00,1978.11,2872.28,894.17
18.03.2025 11:00:00 +01:00,2766.18,2083.24,-682.93
18.03.2025 12:00:00 +01:00,2826.14,1719.37,-1106.78
18.03.2025 13:00:00 +01:00,2509.57,1960.66,-548.91
18.03.2025 14:00:00 +01:00,2297.47,2418.52,121.05
18.03.2025 15:00:00 +01:00,957.78,2850.70,1892.92
18.03.2025 16:00:00 +01:00,229.11,3891.22,3662.11
18.03.2025 17:00:00 +01:00,41.75,4606.18,4564.43
18.03.2025 18:00:00 +01:00,21.01,4568.66,4547.65
18.03.2025 19:00:00 +01:00,451.98,4371.82,3919.84
18.03.2025 20:00:00 +01:00,435.77,4150.96,3715.20
18.03.2025 21:00:00 +01:00,643.44,4269.55,3626.10
18.03.2025 22:00:00 +01:00,768.46,4153.48,3385.02
18.03.2025 23:00:00 +01:00,1009.61,4147.22,3137.61
19.03.2025 00:00:00 +01:00,875.87,4486.02,3610.14
19.03.2025 01:00:00 +01:00,797.20,4563.03,3765.83
19.03.2025 02:00:00 +01:00,722.90,4616.26,3893.36
19.03.2025 03:00:00 +01:00,762.75,4688.43,3925.68
19.03.2025 04:00:00 +01:00,787.80,4478.10,3690.30
19.03.2025 05:00:00 +01:00,408.94,4449.86,4040.92
19.03.2025 06:00:00 +01:00,104.50,4688.17,4583.68
19.03.2025 07:00:00 +01:00,160.59,4392.43,4231.84
19.03.2025 08:00:00 +01:00,180.37,3893.53,3713.16
19.03.2025 09:00:00 +01:00,289.07,3338.62,3049.56
19.03.2025 10:00:00 +01:00,1964.76,2129.81,165.04
19.03.2025 11:00:00 +01:00,2491.90,1431.97,-1059.93
19.03.2025 12:00:00 +01:00,3087.95,1417.25,-1670.70
19.03.2025 13:00:00 +01:00,2841.22,1259.06,-1582.15
19.03.2025 14:00:00 +01:00,2222.52,1693.39,-529.13
19.03.2025 15:00:00 +01:00,455.60,3358.13,2902.53
19.03.2025 16:00:00 +01:00,337.58,3993.38,3655.80
19.03.2025 17:00:00 +01:00,526.64,4859.42,4332.79
19.03.2025 18:00:00 +01:00,755.16,4941.57,4186.41
19.03.2025 19:00:00 +01:00,299.03,4568.64,4269.62
19.03.2025 20:00:00 +01:00,175.42,4423.82,4248.40
19.03.2025 21:00:00 +01:00,458.91,4487.63,4028.72
19.03.2025 22:00:00 +01:00,386.65,4589.03,4202.38
19.03.2025 23:00:00 +01:00,366.44,4545.33,4178.88
20.03.2025 00:00:00 +01:00,239.66,4624.82,4385.16
20.03.2025 01:00:00 +01:00,309.46,4622.24,4312.77
20.03.2025 02:00:00 +01:00,222.32,4500.66,4278.35
20.03.2025 03:00:00 +01:00,413.20,4613.23,4200.03
20.03.2025 04:00:00 +01:00,407.14,4577.22,4170.08
20.03.2025 05:00:00 +01:00,613.64,4405.43,3791.80
20.03.2025 06:00:00 +01:00,105.06,4286.46,4181.40
20.03.2025 07:00:00 +01:00,251.66,4329.56,4077.90
20.03.2025 08:00:00 +01:00,837.10,4049.94,3212.84
20.03.2025 09:00:00 +01:00,967.47,3824.36,2856.88
20.03.2025 10:00:00 +01:00,1687.82,2372.06,684.24
20.03.2025 11:00:00 +01:00,2279.21,1725.92,-553.30
20.03.2025 12:00:00 +01:00,2472.00,1263.28,-1208.73
20.03.2025 13:00:00 +01:00,2639.41,1359.76,-1279.65
20.03.2025 14:00:00 +01:00,2365.96,2217.15,-148.82
20.03.2025 15:00:00 +01:00,1049.16,3672.44,2623.28
20.03.2025 16:00:00 +01:00,745.65,4108.20,3362.54
20.03.2025 17:00:00 +01:00,293.16,5115.00,4821.84
20.03.2025 18:00:00 +01:00,276.64,5468.08,5191.44
20.03.2025 19:00:00 +01:00,289.40,5224.50,4935.10
20.03.2025 20:00:00 +01:00,329.08,4485.10,4156.02
20.03.2025 21:00:00 +01:00,551.42,4018.38,3466.96
20.03.2025 22:00:00 +01:00,1142.88,3991.40,2848.52
20.03.2025 23:00:00 +01:00,863.52,3999.12,3135.59
21.03.2025 00:00:00 +01:00,158.32,4248.87,4090.55
21.03.2025 01:00:00 +01:00,203.24,4217.02,4013.78
21.03.2025 02:00:00 +01:00,92.21,4306.50,4214.29
21.03.2025 03:00:00 +01:00,63.52,4208.20,4144.69
21.03.2025 04:00:00 +01:00,77.41,4416.84,4339.43
21.03.2025 05:00:00 +01:00,175.58,4870.57,4694.99
21.03.2025 06:00:00 +01:00,203.35,5215.94,5012.60
21.03.2025 07:00:00 +01:00,161.78,4688.64,4526.87
21.03.2025 08:00:00 +01:00,101.02,4398.36,4297.33
21.03.2025 09:00:00 +01:00,252.43,3701.02,3448.60
21.03.2025 10:00:00 +01:00,1567.44,2119.98,552.54
21.03.2025 11:00:00 +01:00,2463.33,1237.73,-1225.60
21.03.2025 12:00:00 +01:00,2744.71,1120.63,-1624.08
21.03.2025 13:00:00 +01:00,2816.88,613.77,-2203.11
21.03.2025 14:00:00 +01:00,2644.56,639.91,-2004.66
21.03.2025 15:00:00 +01:00,2630.62,853.96,-1776.67
21.03.2025 16:00:00 +01:00,1017.94,2205.68,1187.74
21.03.2025 17:00:00 +01:00,646.20,3738.96,3092.76
21.03.2025 18:00:00 +01:00,731.14,4261.87,3530.73
21.03.2025 19:00:00 +01:00,849.64,4190.05,3340.41
21.03.2025 20:00:00 +01:00,1016.89,3521.41,2504.52
21.03.2025 21:00:00 +01:00,1222.64,2605.55,1382.91
21.03.2025 22:00:00 +01:00,1731.42,1880.26,148.84
21.03.2025 23:00:00 +01:00,2533.82,1383.77,-1150.06
22.03.2025 00:00:00 +01:00,2599.71,1155.13,-1444.58
22.03.2025 01:00:00 +01:00,2947.89,817.18,-2130.71
22.03.2025 02:00:00 +01:00,3101.99,924.24,-2177.75
22.03.2025 03:00:00 +01:00,3376.44,891.00,-2485.44
22.03.2025 04:00:00 +01:00,3376.16,1195.03,-2181.13
22.03.2025 05:00:00 +01:00,2724.10,959.46,-1764.64
22.03.2025 06:00:00 +01:00,3096.92,1007.83,-2089.10
22.03.2025 07:00:00 +01:00,3231.74,1161.71,-2070.04
22.03.2025 08:00:00 +01:00,3622.67,1077.04,-2545.64
22.03.2025 09:00:00 +01:00,4159.48,1055.50,-3103.98
22.03.2025 10:00:00 +01:00,4072.77,1054.23,-3018.54
22.03.2025 11:00:00 +01:00,3733.05,1156.88,-2576.17
22.03.2025 12:00:00 +01:00,3996.77,1069.07,-2927.70
22.03.2025 13:00:00 +01:00,3797.87,1203.41,-2594.46
22.03.2025 14:00:00 +01:00,3936.42,1560.11,-2376.32
22.03.2025 15:00:00 +01:00,4083.51,1694.04,-2389.47
22.03.2025 16:00:00 +01:00,3668.30,1655.89,-2012.40
22.03.2025 17:00:00 +01:00,2161.00,1840.41,-320.59
22.03.2025 18:00:00 +01:00,2228.72,2235.00,6.28
22.03.2025 19:00:00 +01:00,2652.25,2670.18,17.92
22.03.2025 20:00:00 +01:00,3110.80,2670.90,-439.90
22.03.2025 21:00:00 +01:00,3188.12,2261.58,-926.55
22.03.2025 22:00:00 +01:00,3125.18,2175.64,-949.53
22.03.2025 23:00:00 +01:00,3080.99,1943.86,-1137.14
23.03.2025 00:00:00 +01:00,3201.20,1749.96,-1451.25
23.03.2025 01:00:00 +01:00,3481.72,1740.74,-1740.97
23.03.2025 02:00:00 +01:00,3166.14,1734.90,-1431.24
23.03.2025 03:00:00 +01:00,3157.42,1712.89,-1444.53
23.03.2025 04:00:00 +01:00,3075.68,1732.67,-1343.01
23.03.2025 05:00:00 +01:00,3204.96,1748.97,-1455.99
23.03.2025 06:00:00 +01:00,3312.88,1627.06,-1685.82
23.03.2025 07:00:00 +01:00,3570.82,1608.23,-1962.60
23.03.2025 08:00:00 +01:00,3163.38,1638.66,-1524.71
23.03.2025 09:00:00 +01:00,3136.64,1460.01,-1676.63
23.03.2025 10:00:00 +01:00,3244.58,1083.71,-2160.87
23.03.2025 11:00:00 +01:00,3180.03,1070.73,-2109.30
23.03.2025 12:00:00 +01:00,3007.82,1166.39,-1841.43
23.03.2025 13:00:00 +01:00,2656.77,1393.80,-1262.97
23.03.2025 14:00:00 +01:00,2309.97,1535.90,-774.06
23.03.2025 15:00:00 +01:00,1894.12,2085.02,190.90
23.03.2025 16:00:00 +01:00,1800.34,2979.59,1179.24
23.03.2025 17:00:00 +01:00,1111.40,4301.84,3190.44
23.03.2025 18:00:00 +01:00,951.72,4408.86,3457.13
23.03.2025 19:00:00 +01:00,1016.18,4330.79,3314.62
23.03.2025 20:00:00 +01:00,837.56,4375.50,3537.94
23.03.2025 21:00:00 +01:00,1031.36,4215.58,3184.22
23.03.2025 22:00:00 +01:00,1203.90,4339.32,3135.42
23.03.2025 23:00:00 +01:00,1039.90,4473.94,3434.05
24.03.2025 00:00:00 +01:00,890.13,4304.98,3414.85
24.03.2025 01:00:00 +01:00,866.90,4231.68,3364.78
24.03.2025 02:00:00 +01:00,828.05,4388.74,3560.70
24.03.2025 03:00:00 +01:00,610.16,4499.36,3889.20
24.03.2025 04:00:00 +01:00,322.06,4553.88,4231.82
24.03.2025 05:00:00 +01:00,8.46,4899.95,4891.49
24.03.2025 06:00:00 +01:00,28.28,4859.58,4831.30
24.03.2025 07:00:00 +01:00,5.99,4986.14,4980.16
24.03.2025 08:00:00 +01:00,0.00,4639.96,4639.96
24.03.2025 09:00:00 +01:00,38.04,4493.72,4455.68
24.03.2025 10:00:00 +01:00,44.26,3581.51,3537.26
24.03.2025 11:00:00 +01:00,101.75,3499.29,3397.54
24.03.2025 12:00:00 +01:00,12.96,4496.25,4483.29
24.03.2025 13:00:00 +01:00,18.58,4524.38,4505.80
24.03.2025 14:00:00 +01:00,149.80,4321.57,4171.77
24.03.2025 15:00:00 +01:00,0.00,4362.52,4362.52
24.03.2025 16:00:00 +01:00,9.32,5120.56,5111.24
24.03.2025 17:00:00 +01:00,47.98,5233.33,5185.36
24.03.2025 18:00:00 +01:00,74.33,5350.40,5276.07
24.03.2025 19:00:00 +01:00,150.08,5239.10,5089.02
24.03.2025 20:00:00 +01:00,167.12,4475.02,4307.90
24.03.2025 21:00:00 +01:00,67.06,4416.24,4349.17
24.03.2025 22:00:00 +01:00,548.26,4331.93,3783.67
24.03.2025 23:00:00 +01:00,919.00,4245.03,3326.02
25.03.2025 00:00:00 +01:00,1125.10,4333.38,3208.27
25.03.2025 01:00:00 +01:00,1324.33,4258.64,2934.32
25.03.2025 02:00:00 +01:00,1173.91,4238.49,3064.58
25.03.2025 03:00:00 +01:00,1170.00,4220.38,3050.38
25.03.2025 04:00:00 +01:00,914.44,4407.40,3492.96
25.03.2025 05:00:00 +01:00,692.42,4325.19,3632.76
25.03.2025 06:00:00 +01:00,60.88,4211.86,4150.98
25.03.2025 07:00:00 +01:00,33.36,4664.06,4630.70
25.03.2025 08:00:00 +01:00,193.52,4559.06,4365.55
25.03.2025 09:00:00 +01:00,1.85,4653.63,4651.78
25.03.2025 10:00:00 +01:00,0.00,4554.35,4554.35
25.03.2025 11:00:00 +01:00,8.99,4377.29,4368.30
25.03.2025 12:00:00 +01:00,8.50,3848.98,3840.47
25.03.2025 13:00:00 +01:00,24.78,3349.81,3325.03
25.03.2025 14:00:00 +01:00,22.04,3972.22,3950.18
25.03.2025 15:00:00 +01:00,0.00,4854.02,4854.02
25.03.2025 16:00:00 +01:00,254.31,4449.34,4195.03
25.03.2025 17:00:00 +01:00,458.98,4882.71,4423.74
25.03.2025 18:00:00 +01:00,479.41,5149.12,4669.72
25.03.2025 19:00:00 +01:00,570.98,4345.55,3774.57
25.03.2025 20:00:00 +01:00,586.32,4349.33,3763.02
25.03.2025 21:00:00 +01:00,262.55,4262.22,3999.66
25.03.2025 22:00:00 +01:00,91.72,4351.22,4259.50
25.03.2025 23:00:00 +01:00,44.94,4519.12,4474.18
26.03.2025 00:00:00 +01:00,206.32,4800.62,4594.30
26.03.2025 01:00:00 +01:00,274.97,4924.47,4649.50
26.03.2025 02:00:00 +01:00,242.87,5074.34,4831.47
26.03.2025 03:00:00 +01:00,352.57,4915.48,4562.91
26.03.2025 04:00:00 +01:00,393.05,4789.62,4396.57
26.03.2025 05:00:00 +01:00,422.79,4584.22,4161.43
26.03.2025 06:00:00 +01:00,605.80,4030.50,3424.70
26.03.2025 07:00:00 +01:00,386.84,4307.66,3920.82
26.03.2025 08:00:00 +01:00,387.66,4271.71,3884.05
26.03.2025 09:00:00 +01:00,713.95,4291.42,3577.47
26.03.2025 10:00:00 +01:00,710.42,4385.08,3674.66
26.03.2025 11:00:00 +01:00,576.28,4515.44,3939.17
26.03.2025 12:00:00 +01:00,561.72,4510.73,3949.00
26.03.2025 13:00:00 +01:00,684.48,4603.62,3919.14
26.03.2025 14:00:00 +01:00,593.16,4541.65,3948.49
26.03.2025 15:00:00 +01:00,355.23,4515.58,4160.35
26.03.2025 16:00:00 +01:00,251.92,4282.17,4030.26
26.03.2025 17:00:00 +01:00,296.40,4884.92,4588.52
26.03.2025 18:00:00 +01:00,417.48,5136.39,4718.91
26.03.2025 19:00:00 +01:00,362.58,5239.22,4876.64
26.03.2025 20:00:00 +01:00,417.48,4988.48,4571.00
26.03.2025 21:00:00 +01:00,137.49,4782.57,4645.08
26.03.2025 22:00:00 +01:00,49.61,4484.26,4434.66
26.03.2025 23:00:00 +01:00,116.92,4456.94,4340.02
27.03.2025 00:00:00 +01:00,310.39,4256.09,3945.70
27.03.2025 01:00:00 +01:00,600.26,4207.28,3607.02
27.03.2025 02:00:00 +01:00,810.84,4287.80,3476.96
27.03.2025 03:00:00 +01:00,898.08,4403.65,3505.57
27.03.2025 04:00:00 +01:00,926.33,4331.51,3405.18
27.03.2025 05:00:00 +01:00,807.75,4228.70,3420.95
27.03.2025 06:00:00 +01:00,258.61,4288.52,4029.90
27.03.2025 07:00:00 +01:00,81.85,4574.20,4492.36
27.03.2025 08:00:00 +01:00,126.57,4264.62,4138.04
27.03.2025 09:00:00 +01:00,312.56,3786.76,3474.20
27.03.2025 10:00:00 +01:00,655.98,2908.72,2252.74
27.03.2025 11:00:00 +01:00,1532.94,2219.92,686.98
27.03.2025 12:00:00 +01:00,2617.44,1609.84,-1007.60
27.03.2025 13:00:00 +01:00,2874.40,1615.23,-1259.17
27.03.2025 14:00:00 +01:00,1994.93,2377.01,382.08
27.03.2025 15:00:00 +01:00,821.38,3406.15,2584.77
27.03.2025 16:00:00 +01:00,736.56,3835.21,3098.65
27.03.2025 17:00:00 +01:00,484.84,4203.92,3719.08
27.03.2025 18:00:00 +01:00,409.48,4529.54,4120.06
27.03.2025 19:00:00 +01:00,402.33,4483.02,4080.68
27.03.2025 20:00:00 +01:00,691.86,4334.04,3642.19
27.03.2025 21:00:00 +01:00,974.72,4336.19,3361.47
27.03.2025 22:00:00 +01:00,1272.78,4260.76,2987.98
27.03.2025 23:00:00 +01:00,1522.40,4039.24,2516.84
28.03.2025 00:00:00 +01:00,1364.47,4070.32,2705.86
28.03.2025 01:00:00 +01:00,1642.54,3807.92,2165.38
28.03.2025 02:00:00 +01:00,1499.73,3707.59,2207.86
28.03.2025 03:00:00 +01:00,1523.62,3772.75,2249.12
28.03.2025 04:00:00 +01:00,1623.77,4420.72,2796.95
28.03.2025 05:00:00 +01:00,1363.92,4491.00,3127.08
28.03.2025 06:00:00 +01:00,1169.25,4506.94,3337.69
28.03.2025 07:00:00 +01:00,928.48,3395.25,2466.76
28.03.2025 08:00:00 +01:00,818.38,2644.10,1825.72
28.03.2025 09:00:00 +01:00,1517.30,2097.50,580.20
28.03.2025 10:00:00 +01:00,2290.53,1637.43,-653.10
28.03.2025 11:00:00 +01:00,3085.33,1168.72,-1916.61
28.03.2025 12:00:00 +01:00,3245.98,1121.97,-2124.01
28.03.2025 13:00:00 +01:00,3105.37,1156.09,-1949.28
28.03.2025 14:00:00 +01:00,2084.75,1554.72,-530.02
28.03.2025 15:00:00 +01:00,1947.49,2251.14,303.65
28.03.2025 16:00:00 +01:00,1393.39,3158.72,1765.32
28.03.2025 17:00:00 +01:00,1715.35,3974.02,2258.66
28.03.2025 18:00:00 +01:00,1219.80,4279.26,3059.46
28.03.2025 19:00:00 +01:00,1519.16,4275.76,2756.60
28.03.2025 20:00:00 +01:00,1831.06,4047.84,2216.79
28.03.2025 21:00:00 +01:00,2180.95,4008.82,1827.87
28.03.2025 22:00:00 +01:00,2337.52,4003.78,1666.26
28.03.2025 23:00:00 +01:00,2456.47,3978.05,1521.58
29.03.2025 00:00:00 +01:00,2408.96,4002.24,1593.28
29.03.2025 01:00:00 +01:00,2230.63,4001.14,1770.51
29.03.2025 02:00:00 +01:00,2042.52,4196.23,2153.70
29.03.2025 03:00:00 +01:00,2020.85,4023.78,2002.92
29.03.2025 04:00:00 +01:00,1659.95,4066.06,2406.11
29.03.2025 05:00:00 +01:00,1644.82,4046.98,2402.16
29.03.2025 06:00:00 +01:00,2001.02,4129.03,2128.02
29.03.2025 07:00:00 +01:00,2029.88,4359.55,2329.67
29.03.2025 08:00:00 +01:00,2191.78,4246.67,2054.89
29.03.2025 09:00:00 +01:00,2282.94,3995.90,1712.96
29.03.2025 10:00:00 +01:00,2171.72,2962.32,790.60
29.03.2025 11:00:00 +01:00,2013.71,2588.26,574.55
29.03.2025 12:00:00 +01:00,2252.21,2069.25,-182.96
29.03.2025 13:00:00 +01:00,2439.61,886.50,-1553.10
29.03.2025 14:00:00 +01:00,2555.86,524.64,-2031.22
29.03.2025 15:00:00 +01:00,2292.52,1232.79,-1059.73
29.03.2025 16:00:00 +01:00,1197.10,2750.80,1553.70
29.03.2025 17:00:00 +01:00,169.23,4697.19,4527.96
29.03.2025 18:00:00 +01:00,95.20,5481.54,5386.33
29.03.2025 19:00:00 +01:00,112.02,5283.52,5171.50
29.03.2025 20:00:00 +01:00,288.26,4693.36,4405.09
29.03.2025 21:00:00 +01:00,377.22,4392.70,4015.48
29.03.2025 22:00:00 +01:00,568.35,4092.77,3524.42
29.03.2025 23:00:00 +01:00,780.87,3314.16,2533.30
30.03.2025 00:00:00 +01:00,1706.15,2038.19,332.04
30.03.2025 01:00:00 +01:00,2085.17,1470.29,-614.88
30.03.2025 03:00:00 +02:00,2722.17,1045.53,-1676.64
30.03.2025 04:00:00 +02:00,2644.09,399.36,-2244.73
30.03.2025 05:00:00 +02:00,3319.63,426.25,-2893.38
30.03.2025 06:00:00 +02:00,3950.14,188.90,-3761.25
30.03.2025 07:00:00 +02:00,3480.74,124.99,-3355.76
30.03.2025 08:00:00 +02:00,3652.92,113.99,-3538.93
30.03.2025 09:00:00 +02:00,4209.46,73.81,-4135.65
30.03.2025 10:00:00 +02:00,3660.73,101.46,-3559.27
30.03.2025 11:00:00 +02:00,3643.92,109.84,-3534.08
30.03.2025 12:00:00 +02:00,3557.11,164.45,-3392.66
30.03.2025 13:00:00 +02:00,4678.52,82.61,-4595.91
30.03.2025 14:00:00 +02:00,4416.74,90.05,-4326.70
30.03.2025 15:00:00 +02:00,4075.16,148.14,-3927.02
30.03.2025 16:00:00 +02:00,3684.78,595.71,-3089.08
30.03.2025 17:00:00 +02:00,3390.34,986.25,-2404.09
30.03.2025 18:00:00 +02:00,1300.74,1288.92,-11.82
30.03.2025 19:00:00 +02:00,317.18,2145.91,1828.72
30.03.2025 20:00:00 +02:00,91.65,2158.88,2067.23
30.03.2025 21:00:00 +02:00,476.02,2118.58,1642.56
30.03.2025 22:00:00 +02:00,99.29,3242.88,3143.60
30.03.2025 23:00:00 +02:00,302.46,3353.76,3051.30
31.03.2025 00:00:00 +02:00,248.67,2902.44,2653.78
31.03.2025 01:00:00 +02:00,476.46,3072.46,2596.00
31.03.2025 02:00:00 +02:00,747.34,3461.45,2714.11
31.03.2025 03:00:00 +02:00,1330.86,3633.32,2302.47
31.03.2025 04:00:00 +02:00,1216.40,3800.07,2583.67
31.03.2025 05:00:00 +02:00,739.12,3936.28,3197.16
31.03.2025 06:00:00 +02:00,1292.62,3885.46,2592.84
31.03.2025 07:00:00 +02:00,1177.75,3775.78,2598.03
31.03.2025 08:00:00 +02:00,728.00,3843.40,3115.40
31.03.2025 09:00:00 +02:00,879.28,3914.05,3034.77
31.03.2025 10:00:00 +02:00,882.72,3929.07,3046.35
31.03.2025 11:00:00 +02:00,622.91,3700.63,3077.72
31.03.2025 12:00:00 +02:00,678.66,3273.09,2594.42
31.03.2025 13:00:00 +02:00,823.82,3383.36,2559.54
31.03.2025 14:00:00 +02:00,901.48,3500.96,2599.48
31.03.2025 15:00:00 +02:00,469.18,3442.10,2972.93
31.03.2025 16:00:00 +02:00,439.94,3382.50,2942.56
31.03.2025 17:00:00 +02:00,508.36,3633.25,3124.89
31.03.2025 18:00:00 +02:00,161.65,3933.68,3772.03
31.03.2025 19:00:00 +02:00,97.27,4257.16,4159.90
31.03.2025 20:00:00 +02:00,145.75,4100.64,3954.88
31.03.2025 21:00:00 +02:00,207.72,3966.86,3759.14
31.03.2025 22:00:00 +02:00,629.82,4091.02,3461.20
31.03.2025 23:00:00 +02:00,747.33,4398.14,3650.81
01.04.2025 00:00:00 +02:00,74.98,4689.75,4614.76
01.04.2025 01:00:00 +02:00,16.91,4623.12,4606.21
01.04.2025 02:00:00 +02:00,7.34,5303.38,5296.04
01.04.2025 03:00:00 +02:00,13.26,5582.14,5568.88
01.04.2025 04:00:00 +02:00,24.51,5703.22,5678.71
01.04.2025 05:00:00 +02:00,49.84,5840.70,5790.86
01.04.2025 06:00:00 +02:00,105.83,5639.56,5533.73
01.04.2025 07:00:00 +02:00,105.26,4897.75,4792.48
01.04.2025 08:00:00 +02:00,90.33,5110.90,5020.57
01.04.2025 09:00:00 +02:00,49.11,5121.31,5072.20
01.04.2025 10:00:00 +02:00,18.22,4480.47,4462.25
01.04.2025 11:00:00 +02:00,31.34,3510.47,3479.13
01.04.2025 12:00:00 +02:00,863.10,1374.98,511.87
01.04.2025 13:00:00 +02:00,2529.29,1081.84,-1447.45
01.04.2025 14:00:00 +02:00,2751.29,1361.66,-1389.63
01.04.2025 15:00:00 +02:00,2103.68,1049.85,-1053.83
01.04.2025 16:00:00 +02:00,109.54,1818.32,1708.78
01.04.2025 17:00:00 +02:00,24.64,4436.67,4412.03
01.04.2025 18:00:00 +02:00,73.86,5195.48,5121.61
01.04.2025 19:00:00 +02:00,32.15,5215.78,5183.63
01.04.2025 20:00:00 +02:00,22.94,5066.29,5043.35
01.04.2025 21:00:00 +02:00,1.27,5511.22,5509.95
01.04.2025 22:00:00 +02:00,4.61,5487.34,5482.73
01.04.2025 23:00:00 +02:00,0.00,5620.25,5620.25
02.04.2025 00:00:00 +02:00,126.70,5097.46,4970.76
02.04.2025 01:00:00 +02:00,131.74,4910.97,4779.23
02.04.2025 02:00:00 +02:00,56.46,4968.04,4911.58
02.04.2025 03:00:00 +02:00,53.01,5201.73,5148.72
02.04.2025 04:00:00 +02:00,37.53,5421.42,5383.89
02.04.2025 05:00:00 +02:00,15.57,5952.09,5936.52
02.04.2025 06:00:00 +02:00,37.91,5948.58,5910.67
02.04.2025 07:00:00 +02:00,106.76,5190.13,5083.36
02.04.2025 08:00:00 +02:00,61.82,4504.02,4442.21
02.04.2025 09:00:00 +02:00,111.73,4321.09,4209.36
02.04.2025 10:00:00 +02:00,974.33,2049.30,1074.96
02.04.2025 11:00:00 +02:00,2049.20,1406.67,-642.54
02.04.2025 12:00:00 +02:00,2805.56,1411.36,-1394.21
02.04.2025 13:00:00 +02:00,2675.65,1616.43,-1059.22
02.04.2025 14:00:00 +02:00,2565.12,951.90,-1613.22
02.04.2025 15:00:00 +02:00,2045.43,482.15,-1563.28
02.04.2025 16:00:00 +02:00,1994.88,708.49,-1286.40
02.04.2025 17:00:00 +02:00,931.22,1772.36,841.15
02.04.2025 18:00:00 +02:00,41.00,4310.12,4269.12
02.04.2025 19:00:00 +02:00,56.09,5205.38,5149.29
02.04.2025 20:00:00 +02:00,68.86,5343.46,5274.60
02.04.2025 21:00:00 +02:00,73.26,5221.08,5147.82
02.04.2025 22:00:00 +02:00,64.78,4803.40,4738.62
02.04.2025 23:00:00 +02:00,44.01,4387.24,4343.23
03.04.2025 00:00:00 +02:00,8.06,4490.23,4482.17
03.04.2025 01:00:00 +02:00,0.51,4833.89,4833.38
03.04.2025 02:00:00 +02:00,17.44,4851.04,4833.60
03.04.2025 03:00:00 +02:00,21.62,4926.49,4904.86
03.04.2025 04:00:00 +02:00,50.16,5034.54,4984.39
03.04.2025 05:00:00 +02:00,30.66,5511.79,5481.13
03.04.2025 06:00:00 +02:00,73.13,5654.68,5581.54
03.04.2025 07:00:00 +02:00,37.82,5502.17,5464.34
03.04.2025 08:00:00 +02:00,81.94,5433.00,5351.06
03.04.2025 09:00:00 +02:00,86.90,4554.48,4467.57
03.04.2025 10:00:00 +02:00,1329.26,2288.03,958.78
03.04.2025 11:00:00 +02:00,2141.62,1549.68,-591.94
03.04.2025 12:00:00 +02:00,2428.66,1142.50,-1286.16
03.04.2025 13:00:00 +02:00,2477.50,485.42,-1992.08
03.04.2025 14:00:00 +02:00,2883.54,516.27,-2367.27
03.04.2025 15:00:00 +02:00,2549.96,698.04,-1851.92
03.04.2025 16:00:00 +02:00,1874.17,1119.86,-754.30
03.04.2025 17:00:00 +02:00,42.62,3362.05,3319.43
03.04.2025 18:00:00 +02:00,32.93,4830.63,4797.70
03.04.2025 19:00:00 +02:00,106.14,5443.28,5337.14
03.04.2025 20:00:00 +02:00,59.43,4980.02,4920.59
03.04.2025 21:00:00 +02:00,49.13,4545.28,4496.16
03.04.2025 22:00:00 +02:00,624.18,4292.31,3668.12
03.04.2025 23:00:00 +02:00,1063.98,4138.48,3074.49
04.04.2025 00:00:00 +02:00,1063.42,4121.66,3058.24
04.04.2025 01:00:00 +02:00,1306.29,4072.90,2766.61
04.04.2025 02:00:00 +02:00,1331.20,4058.44,2727.24
04.04.2025 03:00:00 +02:00,1293.80,3962.74,2668.94
04.04.2025 04:00:00 +02:00,792.05,4187.59,3395.54
04.04.2025 05:00:00 +02:00,101.87,4562.92,4461.06
04.04.2025 06:00:00 +02:00,145.80,5131.48,4985.68
04.04.2025 07:00:00 +02:00,230.23,5222.84,4992.60
04.04.2025 08:00:00 +02:00,263.81,5119.76,4855.95
04.04.2025 09:00:00 +02:00,263.12,4003.09,3739.97
04.04.2025 10:00:00 +02:00,735.82,2696.20,1960.38
04.04.2025 11:00:00 +02:00,2309.90,1642.86,-667.04
04.04.2025 12:00:00 +02:00,2792.19,1314.43,-1477.76
04.04.2025 13:00:00 +02:00,2811.02,1206.26,-1604.75
04.04.2025 14:00:00 +02:00,3003.58,514.06,-2489.52
04.04.2025 15:00:00 +02:00,2709.61,535.03,-2174.58
04.04.2025 16:00:00 +02:00,1467.12,1332.85,-134.27
04.04.2025 17:00:00 +02:00,376.62,3015.98,2639.36
04.04.2025 18:00:00 +02:00,205.52,5072.23,4866.71
04.04.2025 19:00:00 +02:00,180.96,4908.42,4727.46
04.04.2025 20:00:00 +02:00,162.66,4399.61,4236.94
04.04.2025 21:00:00 +02:00,397.98,3956.80,3558.82
04.04.2025 22:00:00 +02:00,876.54,3553.02,2676.48
04.04.2025 23:00:00 +02:00,1778.34,3579.04,1800.70
05.04.2025 00:00:00 +02:00,2058.74,3603.72,1544.98
05.04.2025 01:00:00 +02:00,1794.80,3612.37,1817.58
05.04.2025 02:00:00 +02:00,2036.29,3550.94,1514.65
05.04.2025 03:00:00 +02:00,2022.54,3403.71,1381.17
05.04.2025 04:00:00 +02:00,2111.06,3557.71,1446.66
05.04.2025 05:00:00 +02:00,2178.80,3279.52,1100.72
05.04.2025 06:00:00 +02:00,1908.40,3088.20,1179.81
05.04.2025 07:00:00 +02:00,1026.30,3409.75,2383.46
05.04.2025 08:00:00 +02:00,1168.26,3133.42,1965.16
05.04.2025 09:00:00 +02:00,1251.30,1718.24,466.94
05.04.2025 10:00:00 +02:00,1794.71,867.16,-927.55
05.04.2025 11:00:00 +02:00,2467.36,433.57,-2033.79
05.04.2025 12:00:00 +02:00,2303.24,248.20,-2055.03
05.04.2025 13:00:00 +02:00,2870.47,324.34,-2546.13
05.04.2025 14:00:00 +02:00,3491.17,289.88,-3201.29
05.04.2025 15:00:00 +02:00,3097.04,378.01,-2719.03
05.04.2025 16:00:00 +02:00,2753.28,324.28,-2429.00
05.04.2025 17:00:00 +02:00,1726.19,314.68,-1411.50
05.04.2025 18:00:00 +02:00,293.82,2099.36,1805.54
05.04.2025 19:00:00 +02:00,34.36,3989.67,3955.31
05.04.2025 20:00:00 +02:00,40.29,4378.50,4338.22
05.04.2025 21:00:00 +02:00,125.63,4034.92,3909.29
05.04.2025 22:00:00 +02:00,172.54,3847.98,3675.44
05.04.2025 23:00:00 +02:00,270.71,3677.17,3406.46
06.04.2025 00:00:00 +02:00,284.63,3792.90,3508.28
06.04.2025 01:00:00 +02:00,0.37,3623.60,3623.22
06.04.2025 02:00:00 +02:00,6.19,3390.82,3384.63
06.04.2025 03:00:00 +02:00,0.65,3616.00,3615.34
06.04.2025 04:00:00 +02:00,0.56,3846.61,3846.06
06.04.2025 05:00:00 +02:00,3.10,4015.98,4012.88
06.04.2025 06:00:00 +02:00,15.30,4218.70,4203.40
06.04.2025 07:00:00 +02:00,92.16,3563.15,3470.99
06.04.2025 08:00:00 +02:00,1952.53,1521.94,-430.60
06.04.2025 09:00:00 +02:00,1979.84,1109.24,-870.60
06.04.2025 10:00:00 +02:00,1915.64,1236.43,-679.21
06.04.2025 11:00:00 +02:00,2054.21,1439.45,-614.76
06.04.2025 12:00:00 +02:00,2290.17,1177.46,-1112.70
06.04.2025 13:00:00 +02:00,2135.81,1194.37,-941.44
06.04.2025 14:00:00 +02:00,2283.52,1152.16,-1131.35
06.04.2025 15:00:00 +02:00,1902.79,1639.24,-263.54
06.04.2025 16:00:00 +02:00,2121.22,1219.82,-901.40
06.04.2025 17:00:00 +02:00,2309.20,1765.32,-543.88
06.04.2025 18:00:00 +02:00,49.09,3943.50,3894.41
06.04.2025 19:00:00 +02:00,242.73,4869.32,4626.59
06.04.2025 20:00:00 +02:00,85.36,5176.75,5091.39
06.04.2025 21:00:00 +02:00,62.62,4872.14,4809.53
06.04.2025 22:00:00 +02:00,21.72,4310.58,4288.87
06.04.2025 23:00:00 +02:00,18.85,3957.76,3938.91
07.04.2025 00:00:00 +02:00,264.84,3901.38,3636.54
07.04.2025 01:00:00 +02:00,388.57,3770.73,3382.16
07.04.2025 02:00:00 +02:00,433.28,3813.82,3380.54
07.04.2025 03:00:00 +02:00,252.54,3891.27,3638.73
07.04.2025 04:00:00 +02:00,171.04,3970.60,3799.57
07.04.2025 05:00:00 +02:00,181.21,4161.25,3980.04
07.04.2025 06:00:00 +02:00,220.17,4588.87,4368.70
07.04.2025 07:00:00 +02:00,216.46,3432.67,3216.21
07.04.2025 08:00:00 +02:00,210.28,3863.19,3652.92
07.04.2025 09:00:00 +02:00,268.86,3981.72,3712.85
07.04.2025 10:00:00 +02:00,265.70,3355.43,3089.73
07.04.2025 11:00:00 +02:00,984.68,1618.10,633.42
07.04.2025 12:00:00 +02:00,2585.63,1034.54,-1551.09
07.04.2025 13:00:00 +02:00,2663.56,1034.19,-1629.37
07.04.2025 14:00:00 +02:00,3254.13,1032.75,-2221.38
07.04.2025 15:00:00 +02:00,1873.76,1032.31,-841.45
07.04.2025 16:00:00 +02:00,365.71,1715.40,1349.70
07.04.2025 17:00:00 +02:00,43.91,2948.44,2904.53
07.04.2025 18:00:00 +02:00,70.88,3550.40,3479.52
07.04.2025 19:00:00 +02:00,90.56,4376.39,4285.82
07.04.2025 20:00:00 +02:00,26.18,4246.32,4220.15
07.04.2025 21:00:00 +02:00,69.55,4696.94,4627.38
07.04.2025 22:00:00 +02:00,15.75,4829.66,4813.91
07.04.2025 23:00:00 +02:00,40.38,4962.53,4922.15
08.04.2025 00:00:00 +02:00,117.78,4979.55,4861.77
08.04.2025 01:00:00 +02:00,96.56,4957.56,4861.00
08.04.2025 02:00:00 +02:00,56.11,4921.72,4865.61
08.04.2025 03:00:00 +02:00,29.09,4719.92,4690.82
08.04.2025 04:00:00 +02:00,40.10,4855.42,4815.32
08.04.2025 05:00:00 +02:00,47.14,5226.05,5178.91
08.04.2025 06:00:00 +02:00,92.26,4920.34,4828.08
08.04.2025 07:00:00 +02:00,78.52,4241.74,4163.22
08.04.2025 08:00:00 +02:00,155.81,3960.23,3804.42
08.04.2025 09:00:00 +02:00,70.82,3919.16,3848.35
08.04.2025 10:00:00 +02:00,34.04,2648.99,2614.95
08.04.2025 11:00:00 +02:00,623.97,1646.51,1022.54
08.04.2025 12:00:00 +02:00,2768.62,797.41,-1971.21
08.04.2025 13:00:00 +02:00,2410.79,789.21,-1621.58
08.04.2025 14:00:00 +02:00,2204.95,795.23,-1409.72
08.04.2025 15:00:00 +02:00,502.21,1500.26,998.06
08.04.2025 16:00:00 +02:00,103.70,2816.62,2712.92
08.04.2025 17:00:00 +02:00,50.62,3971.94,3921.33
08.04.2025 18:00:00 +02:00,45.84,4238.01,4192.17
08.04.2025 19:00:00 +02:00,89.30,4247.29,4158.00
08.04.2025 20:00:00 +02:00,58.88,4127.45,4068.57
08.04.2025 21:00:00 +02:00,8.70,3818.83,3810.13
08.04.2025 22:00:00 +02:00,27.62,3551.36,3523.74
08.04.2025 23:00:00 +02:00,73.32,3474.70,3401.38
09.04.2025 00:00:00 +02:00,477.04,2912.21,2435.17
09.04.2025 01:00:00 +02:00,652.70,2710.42,2057.72
09.04.2025 02:00:00 +02:00,862.40,3216.31,2353.91
09.04.2025 03:00:00 +02:00,746.99,3216.63,2469.64
09.04.2025 04:00:00 +02:00,650.31,3244.93,2594.62
09.04.2025 05:00:00 +02:00,471.18,3264.54,2793.36
09.04.2025 06:00:00 +02:00,109.58,3176.86,3067.28
09.04.2025 07:00:00 +02:00,58.63,3534.84,3476.20
09.04.2025 08:00:00 +02:00,84.54,3622.87,3538.33
09.04.2025 09:00:00 +02:00,15.62,3307.92,3292.30
09.04.2025 10:00:00 +02:00,567.28,2680.89,2113.61
09.04.2025 11:00:00 +02:00,586.68,2165.91,1579.22
09.04.2025 12:00:00 +02:00,2095.66,1332.73,-762.92
09.04.2025 13:00:00 +02:00,2535.04,755.62,-1779.42
09.04.2025 14:00:00 +02:00,2353.27,780.36,-1572.92
09.04.2025 15:00:00 +02:00,1632.08,1199.86,-432.21
09.04.2025 16:00:00 +02:00,1650.22,2304.44,654.22
09.04.2025 17:00:00 +02:00,875.72,2892.90,2017.18
09.04.2025 18:00:00 +02:00,470.55,2945.40,2474.85
09.04.2025 19:00:00 +02:00,327.06,3122.46,2795.40
09.04.2025 20:00:00 +02:00,265.52,3394.38,3128.86
09.04.2025 21:00:00 +02:00,317.27,3271.91,2954.64
09.04.2025 22:00:00 +02:00,465.54,3048.72,2583.18
09.04.2025 23:00:00 +02:00,749.82,3129.30,2379.48
10.04.2025 00:00:00 +02:00,947.88,3052.98,2105.10
10.04.2025 01:00:00 +02:00,800.92,3252.30,2451.39
10.04.2025 02:00:00 +02:00,875.49,3407.90,2532.41
10.04.2025 03:00:00 +02:00,658.73,3540.16,2881.43
10.04.2025 04:00:00 +02:00,269.74,3536.86,3267.12
10.04.2025 05:00:00 +02:00,134.65,4141.72,4007.07
10.04.2025 06:00:00 +02:00,276.91,4781.20,4504.28
10.04.2025 07:00:00 +02:00,301.75,4052.14,3750.40
10.04.2025 08:00:00 +02:00,269.52,4076.23,3806.72
10.04.2025 09:00:00 +02:00,244.82,4389.54,4144.72
10.04.2025 10:00:00 +02:00,278.28,2911.24,2632.97
10.04.2025 11:00:00 +02:00,316.41,2435.72,2119.31
10.04.2025 12:00:00 +02:00,1307.01,2116.04,809.03
10.04.2025 13:00:00 +02:00,2298.75,1013.95,-1284.80
10.04.2025 14:00:00 +02:00,2593.63,892.63,-1701.00
10.04.2025 15:00:00 +02:00,2529.05,832.51,-1696.54
10.04.2025 16:00:00 +02:00,1569.43,1001.09,-568.34
10.04.2025 17:00:00 +02:00,941.02,1926.95,985.93
10.04.2025 18:00:00 +02:00,582.47,2428.86,1846.39
10.04.2025 19:00:00 +02:00,492.57,2167.19,1674.62
10.04.2025 20:00:00 +02:00,921.24,1843.10,921.86
10.04.2025 21:00:00 +02:00,1303.87,1766.38,462.51
10.04.2025 22:00:00 +02:00,1562.38,1601.74,39.36
10.04.2025 23:00:00 +02:00,2135.52,1572.91,-562.61
11.04.2025 00:00:00 +02:00,2140.67,1612.27,-528.40
11.04.2025 01:00:00 +02:00,1924.06,1631.99,-292.07
11.04.2025 02:00:00 +02:00,2088.48,1844.02,-244.46
11.04.2025 03:00:00 +02:00,2100.02,2047.70,-52.32
11.04.2025 04:00:00 +02:00,2130.44,2265.00,134.55
11.04.2025 05:00:00 +02:00,1944.12,2283.42,339.30
11.04.2025 06:00:00 +02:00,1082.52,2512.08,1429.55
11.04.2025 07:00:00 +02:00,362.62,2661.14,2298.52
11.04.2025 08:00:00 +02:00,336.82,3603.12,3266.31
11.04.2025 09:00:00 +02:00,271.88,2092.06,1820.18
11.04.2025 10:00:00 +02:00,1498.34,1391.96,-106.38
11.04.2025 11:00:00 +02:00,2607.29,790.14,-1817.16
11.04.2025 12:00:00 +02:00,3172.18,832.10,-2340.08
11.04.2025 13:00:00 +02:00,2565.14,911.53,-1653.61
11.04.2025 14:00:00 +02:00,2648.27,708.84,-1939.44
11.04.2025 15:00:00 +02:00,2821.18,786.58,-2034.59
11.04.2025 16:00:00 +02:00,1978.91,1514.72,-464.19
11.04.2025 17:00:00 +02:00,384.83,3333.50,2948.66
11.04.2025 18:00:00 +02:00,310.70,5000.60,4689.89
11.04.2025 19:00:00 +02:00,395.27,4562.62,4167.35
11.04.2025 20:00:00 +02:00,373.66,4641.70,4268.04
11.04.2025 21:00:00 +02:00,359.29,4360.39,4001.10
11.04.2025 22:00:00 +02:00,490.53,3755.97,3265.44
11.04.2025 23:00:00 +02:00,733.92,3719.98,2986.06
12.04.2025 00:00:00 +02:00,1125.37,4209.31,3083.94
12.04.2025 01:00:00 +02:00,1331.65,4529.32,3197.68
12.04.2025 02:00:00 +02:00,1127.88,4511.80,3383.93
12.04.2025 03:00:00 +02:00,1399.24,4589.58,3190.34
12.04.2025 04:00:00 +02:00,1272.15,4610.98,3338.83
12.04.2025 05:00:00 +02:00,1387.40,4704.78,3317.38
12.04.2025 06:00:00 +02:00,1023.29,4737.82,3714.52
12.04.2025 07:00:00 +02:00,818.61,4801.41,3982.80
12.04.2025 08:00:00 +02:00,1095.47,4014.88,2919.42
12.04.2025 09:00:00 +02:00,1149.53,3423.54,2274.01
12.04.2025 10:00:00 +02:00,1354.17,2084.34,730.18
12.04.2025 11:00:00 +02:00,2030.99,1573.21,-457.78
12.04.2025 12:00:00 +02:00,2970.15,1748.52,-1221.62
12.04.2025 13:00:00 +02:00,2702.48,1622.83,-1079.65
12.04.2025 14:00:00 +02:00,2920.47,1523.24,-1397.23
12.04.2025 15:00:00 +02:00,2338.74,1798.46,-540.28
12.04.2025 16:00:00 +02:00,1480.60,1955.03,474.44
12.04.2025 17:00:00 +02:00,1096.73,3192.16,2095.43
12.04.2025 18:00:00 +02:00,279.70,5209.17,4929.46
12.04.2025 19:00:00 +02:00,299.82,5257.70,4957.88
12.04.2025 20:00:00 +02:00,312.42,5801.81,5489.39
12.04.2025 21:00:00 +02:00,318.67,5594.74,5276.06
12.04.2025 22:00:00 +02:00,264.10,5407.67,5143.57
12.04.2025 23:00:00 +02:00,265.00,4978.85,4713.84
13.04.2025 00:00:00 +02:00,256.54,4279.50,4022.96
13.04.2025 01:00:00 +02:00,262.98,3962.01,3699.02
13.04.2025 02:00:00 +02:00,1149.60,2751.29,1601.68
13.04.2025 03:00:00 +02:00,1718.51,2425.91,707.40
13.04.2025 04:00:00 +02:00,1576.52,2431.45,854.94
13.04.2025 05:00:00 +02:00,1526.00,2426.49,900.49
13.04.2025 06:00:00 +02:00,1640.04,2438.16,798.12
13.04.2025 07:00:00 +02:00,1192.87,2007.31,814.44
13.04.2025 08:00:00 +02:00,2272.46,1475.10,-797.37
13.04.2025 09:00:00 +02:00,2428.86,1466.37,-962.50
13.04.2025 10:00:00 +02:00,2529.47,1466.92,-1062.56
13.04.2025 11:00:00 +02:00,3523.28,1448.88,-2074.40
13.04.2025 12:00:00 +02:00,3464.84,1448.94,-2015.89
13.04.2025 13:00:00 +02:00,3418.26,1543.52,-1874.74
13.04.2025 14:00:00 +02:00,3352.01,1521.54,-1830.47
13.04.2025 15:00:00 +02:00,2706.96,1662.91,-1044.05
13.04.2025 16:00:00 +02:00,2184.02,2125.34,-58.68
13.04.2025 17:00:00 +02:00,2307.70,3248.87,941.17
13.04.2025 18:00:00 +02:00,463.35,4008.28,3544.93
13.04.2025 19:00:00 +02:00,651.14,3918.24,3267.10
13.04.2025 20:00:00 +02:00,523.04,3852.90,3329.86
13.04.2025 21:00:00 +02:00,1523.82,3810.72,2286.90
13.04.2025 22:00:00 +02:00,1905.28,3815.07,1909.79
13.04.2025 23:00:00 +02:00,2282.17,4097.74,1815.57
14.04.2025 00:00:00 +02:00,2732.03,4478.19,1746.16
14.04.2025 01:00:00 +02:00,2188.60,4478.61,2290.01
14.04.2025 02:00:00 +02:00,2058.77,4328.84,2270.08
14.04.2025 03:00:00 +02:00,1918.62,4311.22,2392.59
14.04.2025 04:00:00 +02:00,1909.15,4154.03,2244.88
14.04.2025 05:00:00 +02:00,1689.40,3950.03,2260.64
14.04.2025 06:00:00 +02:00,769.74,3253.64,2483.90
14.04.2025 07:00:00 +02:00,306.10,4935.40,4629.30
14.04.2025 08:00:00 +02:00,335.84,5113.87,4778.04
14.04.2025 09:00:00 +02:00,313.23,4414.03,4100.80
14.04.2025 10:00:00 +02:00,388.23,4136.97,3748.74
14.04.2025 11:00:00 +02:00,918.96,3909.24,2990.27
14.04.2025 12:00:00 +02:00,1398.15,3934.03,2535.88
14.04.2025 13:00:00 +02:00,1321.00,3782.20,2461.20
14.04.2025 14:00:00 +02:00,1326.89,3547.44,2220.54
14.04.2025 15:00:00 +02:00,1136.48,3707.40,2570.93
14.04.2025 16:00:00 +02:00,725.76,3966.56,3240.80
14.04.2025 17:00:00 +02:00,253.06,4430.14,4177.08
14.04.2025 18:00:00 +02:00,242.65,5143.92,4901.27
14.04.2025 19:00:00 +02:00,303.27,5458.04,5154.77
14.04.2025 20:00:00 +02:00,307.18,5316.92,5009.74
14.04.2025 21:00:00 +02:00,278.58,5286.97,5008.39
14.04.2025 22:00:00 +02:00,275.46,5145.17,4869.71
14.04.2025 23:00:00 +02:00,261.05,5372.68,5111.63
15.04.2025 00:00:00 +02:00,291.52,5043.48,4751.96
15.04.2025 01:00:00 +02:00,273.47,5022.99,4749.52
15.04.2025 02:00:00 +02:00,295.10,5166.03,4870.93
15.04.2025 03:00:00 +02:00,281.11,4963.15,4682.04
15.04.2025 04:00:00 +02:00,185.60,4773.45,4587.85
15.04.2025 05:00:00 +02:00,254.92,4508.17,4253.25
15.04.2025 06:00:00 +02:00,290.22,4244.49,3954.27
15.04.2025 07:00:00 +02:00,582.55,3899.64,3317.09
15.04.2025 08:00:00 +02:00,720.67,3445.62,2724.96
15.04.2025 09:00:00 +02:00,1393.56,2665.64,1272.08
15.04.2025 10:00:00 +02:00,2202.37,2257.78,55.41
15.04.2025 11:00:00 +02:00,2888.81,1537.23,-1351.58
15.04.2025 12:00:00 +02:00,2768.90,1459.50,-1309.40
15.04.2025 13:00:00 +02:00,2676.77,1459.08,-1217.69
15.04.2025 14:00:00 +02:00,2786.77,1487.69,-1299.08
15.04.2025 15:00:00 +02:00,2298.74,1968.60,-330.14
15.04.2025 16:00:00 +02:00,1979.14,2246.78,267.64
15.04.2025 17:00:00 +02:00,1292.77,2467.41,1174.64
15.04.2025 18:00:00 +02:00,1281.56,2784.60,1503.05
15.04.2025 19:00:00 +02:00,995.97,2682.05,1686.08
15.04.2025 20:00:00 +02:00,1398.00,2498.61,1100.60
15.04.2025 21:00:00 +02:00,1307.76,2325.23,1017.47
15.04.2025 22:00:00 +02:00,1630.63,3062.04,1431.41
15.04.2025 23:00:00 +02:00,1689.54,3466.13,1776.59
16.04.2025 00:00:00 +02:00,2220.15,3835.66,1615.51
16.04.2025 01:00:00 +02:00,2308.96,4048.58,1739.62
16.04.2025 02:00:00 +02:00,2172.43,4355.23,2182.80
16.04.2025 03:00:00 +02:00,1962.25,4493.19,2530.94
16.04.2025 04:00:00 +02:00,1910.38,4092.08,2181.70
16.04.2025 05:00:00 +02:00,1437.24,3816.94,2379.70
16.04.2025 06:00:00 +02:00,416.11,2856.24,2440.12
16.04.2025 07:00:00 +02:00,295.38,4768.19,4472.81
16.04.2025 08:00:00 +02:00,315.00,5132.82,4817.82
16.04.2025 09:00:00 +02:00,239.72,4566.04,4326.32
16.04.2025 10:00:00 +02:00,176.86,3991.24,3814.38
16.04.2025 11:00:00 +02:00,564.49,3812.74,3248.25
16.04.2025 12:00:00 +02:00,1758.67,3318.86,1560.20
16.04.2025 13:00:00 +02:00,2115.02,2727.88,612.86
16.04.2025 14:00:00 +02:00,1761.17,2776.55,1015.38
16.04.2025 15:00:00 +02:00,130.34,3665.00,3534.66
16.04.2025 16:00:00 +02:00,103.03,5133.28,5030.25
16.04.2025 17:00:00 +02:00,98.20,5872.35,5774.16
16.04.2025 18:00:00 +02:00,159.18,5864.06,5704.88
16.04.2025 19:00:00 +02:00,124.04,5860.56,5736.52
16.04.2025 20:00:00 +02:00,83.39,5887.05,5803.66
16.04.2025 21:00:00 +02:00,60.77,5391.53,5330.76
16.04.2025 22:00:00 +02:00,59.41,5279.94,5220.52
16.04.2025 23:00:00 +02:00,58.70,4723.62,4664.92
17.04.2025 00:00:00 +02:00,76.42,4105.94,4029.52
17.04.2025 01:00:00 +02:00,117.36,4044.18,3926.82
17.04.2025 02:00:00 +02:00,61.88,4190.32,4128.44
17.04.2025 03:00:00 +02:00,85.31,4128.82,4043.52
17.04.2025 04:00:00 +02:00,56.52,4246.68,4190.17
17.04.2025 05:00:00 +02:00,57.51,4789.76,4732.24
17.04.2025 06:00:00 +02:00,58.84,5323.83,5264.98
17.04.2025 07:00:00 +02:00,60.65,5738.60,5677.94
17.04.2025 08:00:00 +02:00,61.94,5598.70,5536.77
17.04.2025 09:00:00 +02:00,62.73,5047.48,4984.74
17.04.2025 10:00:00 +02:00,63.37,4191.82,4128.45
17.04.2025 11:00:00 +02:00,934.30,3631.23,2696.94
17.04.2025 12:00:00 +02:00,1743.36,3695.17,1951.81
17.04.2025 13:00:00 +02:00,1555.54,3275.82,1720.28
17.04.2025 14:00:00 +02:00,1590.53,3095.85,1505.32
17.04.2025 15:00:00 +02:00,1217.06,3138.38,1921.32
17.04.2025 16:00:00 +02:00,636.60,3066.93,2430.33
17.04.2025 17:00:00 +02:00,246.80,3983.44,3736.65
17.04.2025 18:00:00 +02:00,131.36,4180.28,4048.92
17.04.2025 19:00:00 +02:00,136.33,3693.30,3556.96
17.04.2025 20:00:00 +02:00,139.58,4575.04,4435.46
17.04.2025 21:00:00 +02:00,161.75,4482.06,4320.31
17.04.2025 22:00:00 +02:00,199.42,4051.53,3852.10
17.04.2025 23:00:00 +02:00,402.45,3703.54,3301.09
18.04.2025 00:00:00 +02:00,674.50,3921.14,3246.64
18.04.2025 01:00:00 +02:00,393.01,3981.99,3588.98
18.04.2025 02:00:00 +02:00,346.13,3982.44,3636.32
18.04.2025 03:00:00 +02:00,366.82,3902.86,3536.04
18.04.2025 04:00:00 +02:00,352.00,3537.36,3185.37
18.04.2025 05:00:00 +02:00,142.81,3770.04,3627.23
18.04.2025 06:00:00 +02:00,149.13,3653.05,3503.92
18.04.2025 07:00:00 +02:00,162.54,3869.98,3707.43
18.04.2025 08:00:00 +02:00,244.61,4342.86,4098.25
18.04.2025 09:00:00 +02:00,197.00,4073.58,3876.59
18.04.2025 10:00:00 +02:00,331.83,3538.98,3207.15
18.04.2025 11:00:00 +02:00,865.45,3996.55,3131.10
18.04.2025 12:00:00 +02:00,807.56,4331.40,3523.84
18.04.2025 13:00:00 +02:00,869.94,4580.48,3710.54
18.04.2025 14:00:00 +02:00,999.76,4533.21,3533.45
18.04.2025 15:00:00 +02:00,981.97,4538.77,3556.80
18.04.2025 16:00:00 +02:00,331.88,4732.14,4400.26
18.04.2025 17:00:00 +02:00,209.26,5249.86,5040.61
18.04.2025 18:00:00 +02:00,221.26,5644.32,5423.05
18.04.2025 19:00:00 +02:00,276.60,5924.52,5647.91
18.04.2025 20:00:00 +02:00,265.29,5643.62,5378.32
18.04.2025 21:00:00 +02:00,297.36,5078.50,4781.14
18.04.2025 22:00:00 +02:00,268.22,4703.76,4435.54
18.04.2025 23:00:00 +02:00,282.17,4477.72,4195.55
19.04.2025 00:00:00 +02:00,305.94,4310.68,4004.74
19.04.2025 01:00:00 +02:00,489.71,4174.19,3684.48
19.04.2025 02:00:00 +02:00,566.12,4196.84,3630.72
19.04.2025 03:00:00 +02:00,611.81,4270.19,3658.38
19.04.2025 04:00:00 +02:00,758.18,4254.82,3496.64
19.04.2025 05:00:00 +02:00,791.90,4300.70,3508.80
19.04.2025 06:00:00 +02:00,906.82,4203.60,3296.78
19.04.2025 07:00:00 +02:00,596.12,4278.44,3682.32
19.04.2025 08:00:00 +02:00,669.48,3850.65,3181.17
19.04.2025 09:00:00 +02:00,821.69,3318.16,2496.46
19.04.2025 10:00:00 +02:00,2135.24,2466.15,330.91
19.04.2025 11:00:00 +02:00,1961.75,1808.62,-153.14
19.04.2025 12:00:00 +02:00,2045.61,1805.77,-239.84
19.04.2025 13:00:00 +02:00,2046.72,1978.25,-68.47
19.04.2025 14:00:00 +02:00,2034.33,1935.59,-98.74
19.04.2025 15:00:00 +02:00,1843.69,1746.81,-96.88
19.04.2025 16:00:00 +02:00,2022.31,2369.36,347.06
19.04.2025 17:00:00 +02:00,1044.74,3423.63,2378.88
19.04.2025 18:00:00 +02:00,523.10,4393.88,3870.79
19.04.2025 19:00:00 +02:00,542.67,4539.29,3996.62
19.04.2025 20:00:00 +02:00,443.86,4515.10,4071.24
19.04.2025 21:00:00 +02:00,808.92,4553.92,3745.00
19.04.2025 22:00:00 +02:00,1154.15,4527.12,3372.96
19.04.2025 23:00:00 +02:00,1093.85,4518.62,3424.77
20.04.2025 00:00:00 +02:00,1419.78,4113.98,2694.21
20.04.2025 01:00:00 +02:00,1431.16,4142.11,2710.95
20.04.2025 02:00:00 +02:00,1372.00,4202.31,2830.31
20.04.2025 03:00:00 +02:00,1299.01,4156.95,2857.94
20.04.2025 04:00:00 +02:00,1310.50,4176.70,2866.19
20.04.2025 05:00:00 +02:00,1181.34,4139.96,2958.62
20.04.2025 06:00:00 +02:00,1016.97,3976.34,2959.37
20.04.2025 07:00:00 +02:00,746.79,3907.16,3160.38
20.04.2025 08:00:00 +02:00,857.89,3038.71,2180.82
20.04.2025 09:00:00 +02:00,1733.56,2221.75,488.19
20.04.2025 10:00:00 +02:00,1832.66,1792.37,-40.29
20.04.2025 11:00:00 +02:00,1923.20,2126.18,202.97
20.04.2025 12:00:00 +02:00,2174.14,1977.43,-196.70
20.04.2025 13:00:00 +02:00,2453.66,2219.00,-234.66
20.04.2025 14:00:00 +02:00,2476.69,2401.42,-75.27
20.04.2025 15:00:00 +02:00,2361.50,1832.36,-529.14
20.04.2025 16:00:00 +02:00,2278.70,1755.09,-523.60
20.04.2025 17:00:00 +02:00,103.64,3135.31,3031.68
20.04.2025 18:00:00 +02:00,75.48,5107.03,5031.55
20.04.2025 19:00:00 +02:00,154.56,5383.23,5228.68
20.04.2025 20:00:00 +02:00,100.00,5604.17,5504.17
20.04.2025 21:00:00 +02:00,142.11,5275.57,5133.46
20.04.2025 22:00:00 +02:00,129.97,4640.86,4510.88
20.04.2025 23:00:00 +02:00,178.65,4672.11,4493.46
21.04.2025 00:00:00 +02:00,108.74,4910.35,4801.60
21.04.2025 01:00:00 +02:00,181.14,5244.05,5062.91
21.04.2025 02:00:00 +02:00,171.18,5208.52,5037.35
21.04.2025 03:00:00 +02:00,225.53,4813.60,4588.07
21.04.2025 04:00:00 +02:00,197.30,4877.69,4680.40
21.04.2025 05:00:00 +02:00,204.48,4957.86,4753.38
21.04.2025 06:00:00 +02:00,203.94,5083.35,4879.40
21.04.2025 07:00:00 +02:00,227.32,4873.66,4646.34
21.04.2025 08:00:00 +02:00,396.60,4316.30,3919.70
21.04.2025 09:00:00 +02:00,796.56,4048.46,3251.91
21.04.2025 10:00:00 +02:00,997.31,3272.25,2274.94
21.04.2025 11:00:00 +02:00,1470.72,2530.75,1060.03
21.04.2025 12:00:00 +02:00,1918.05,2361.70,443.65
21.04.2025 13:00:00 +02:00,2477.11,2364.44,-112.67
21.04.2025 14:00:00 +02:00,2295.71,2283.76,-11.95
21.04.2025 15:00:00 +02:00,1742.24,2487.88,745.64
21.04.2025 16:00:00 +02:00,851.89,3096.50,2244.61
21.04.2025 17:00:00 +02:00,68.90,4776.87,4707.98
21.04.2025 18:00:00 +02:00,132.53,5594.14,5461.62
21.04.2025 19:00:00 +02:00,170.41,5606.41,5436.00
21.04.2025 20:00:00 +02:00,221.81,5675.38,5453.56
21.04.2025 21:00:00 +02:00,176.37,5429.38,5253.01
21.04.2025 22:00:00 +02:00,119.75,4909.32,4789.57
21.04.2025 23:00:00 +02:00,293.85,4802.15,4508.30
22.04.2025 00:00:00 +02:00,219.21,4587.20,4368.00
22.04.2025 01:00:00 +02:00,474.63,4697.63,4223.00
22.04.2025 02:00:00 +02:00,440.86,4811.71,4370.85
22.04.2025 03:00:00 +02:00,346.94,4896.42,4549.48
22.04.2025 04:00:00 +02:00,334.02,4755.23,4421.21
22.04.2025 05:00:00 +02:00,155.07,4856.74,4701.67
22.04.2025 06:00:00 +02:00,83.84,5449.37,5365.52
22.04.2025 07:00:00 +02:00,191.00,5032.64,4841.64
22.04.2025 08:00:00 +02:00,229.37,3173.18,2943.82
22.04.2025 09:00:00 +02:00,772.91,3725.98,2953.07
22.04.2025 10:00:00 +02:00,639.16,4169.35,3530.19
22.04.2025 11:00:00 +02:00,446.42,4013.04,3566.62
22.04.2025 12:00:00 +02:00,487.70,4006.28,3518.58
22.04.2025 13:00:00 +02:00,162.24,4236.69,4074.46
22.04.2025 14:00:00 +02:00,127.60,4499.31,4371.70
22.04.2025 15:00:00 +02:00,147.20,4826.53,4679.33
22.04.2025 16:00:00 +02:00,156.36,4902.52,4746.16
22.04.2025 17:00:00 +02:00,197.88,4874.06,4676.19
22.04.2025 18:00:00 +02:00,230.63,5137.30,4906.67
22.04.2025 19:00:00 +02:00,274.58,4813.84,4539.26
22.04.2025 20:00:00 +02:00,483.89,3987.58,3503.69
22.04.2025 21:00:00 +02:00,367.10,3915.68,3548.58
22.04.2025 22:00:00 +02:00,214.02,4796.84,4582.83
22.04.2025 23:00:00 +02:00,243.43,4855.80,4612.37
23.04.2025 00:00:00 +02:00,172.57,4891.73,4719.16
23.04.2025 01:00:00 +02:00,218.81,4697.67,4478.86
23.04.2025 02:00:00 +02:00,259.40,4608.29,4348.89
23.04.2025 03:00:00 +02:00,266.46,4623.55,4357.08
23.04.2025 04:00:00 +02:00,321.34,4463.85,4142.51
23.04.2025 05:00:00 +02:00,166.64,4942.74,4776.10
23.04.2025 06:00:00 +02:00,170.08,4525.38,4355.31
23.04.2025 07:00:00 +02:00,206.50,4753.10,4546.60
23.04.2025 08:00:00 +02:00,154.48,4628.24,4473.76
23.04.2025 09:00:00 +02:00,325.64,4434.69,4109.05
23.04.2025 10:00:00 +02:00,193.23,4547.98,4354.75
23.04.2025 11:00:00 +02:00,159.72,4361.38,4201.66
23.04.2025 12:00:00 +02:00,306.16,4360.85,4054.68
23.04.2025 13:00:00 +02:00,113.15,4589.92,4476.77
23.04.2025 14:00:00 +02:00,22.97,4948.55,4925.58
23.04.2025 15:00:00 +02:00,45.29,4770.67,4725.38
23.04.2025 16:00:00 +02:00,21.56,4797.32,4775.76
23.04.2025 17:00:00 +02:00,20.46,5321.82,5301.36
23.04.2025 18:00:00 +02:00,101.01,5218.15,5117.14
23.04.2025 19:00:00 +02:00,93.94,5285.99,5192.06
23.04.2025 20:00:00 +02:00,482.70,4202.58,3719.88
23.04.2025 21:00:00 +02:00,870.86,4259.44,3388.58
23.04.2025 22:00:00 +02:00,530.16,4335.92,3805.75
23.04.2025 23:00:00 +02:00,380.48,4597.86,4217.38
24.04.2025 00:00:00 +02:00,118.85,4740.32,4621.47
24.04.2025 01:00:00 +02:00,111.86,4883.44,4771.58
24.04.2025 02:00:00 +02:00,263.54,4871.09,4607.55
24.04.2025 03:00:00 +02:00,271.40,4909.78,4638.38
24.04.2025 04:00:00 +02:00,330.88,4865.26,4534.38
24.04.2025 05:00:00 +02:00,108.53,4737.26,4628.73
24.04.2025 06:00:00 +02:00,64.45,4699.77,4635.32
24.04.2025 07:00:00 +02:00,177.96,3984.81,3806.85
24.04.2025 08:00:00 +02:00,202.36,3788.52,3586.16
24.04.2025 09:00:00 +02:00,298.66,3804.76,3506.10
24.04.2025 10:00:00 +02:00,205.10,4168.46,3963.36
24.04.2025 11:00:00 +02:00,223.06,4165.61,3942.56
24.04.2025 12:00:00 +02:00,80.70,4205.04,4124.35
24.04.2025 13:00:00 +02:00,68.60,4339.60,4271.00
24.04.2025 14:00:00 +02:00,87.05,4406.96,4319.91
24.04.2025 15:00:00 +02:00,247.39,4678.35,4430.96
24.04.2025 16:00:00 +02:00,99.33,4764.99,4665.66
24.04.2025 17:00:00 +02:00,55.52,4946.86,4891.34
24.04.2025 18:00:00 +02:00,74.18,4667.93,4593.75
24.04.2025 19:00:00 +02:00,57.71,4686.78,4629.08
24.04.2025 20:00:00 +02:00,59.13,5091.78,5032.66
24.04.2025 21:00:00 +02:00,59.99,4990.49,4930.50
24.04.2025 22:00:00 +02:00,59.97,5103.74,5043.77
24.04.2025 23:00:00 +02:00,58.72,4944.66,4885.94
25.04.2025 00:00:00 +02:00,205.64,4888.67,4683.02
25.04.2025 01:00:00 +02:00,464.63,4991.04,4526.40
25.04.2025 02:00:00 +02:00,508.17,4975.50,4467.33
25.04.2025 03:00:00 +02:00,494.83,5006.33,4511.50
25.04.2025 04:00:00 +02:00,482.42,5090.93,4608.51
25.04.2025 05:00:00 +02:00,290.11,4961.52,4671.41
25.04.2025 06:00:00 +02:00,60.18,5296.89,5236.71
25.04.2025 07:00:00 +02:00,158.04,4803.24,4645.20
25.04.2025 08:00:00 +02:00,64.84,4606.86,4542.02
25.04.2025 09:00:00 +02:00,112.24,4602.98,4490.75
25.04.2025 10:00:00 +02:00,283.24,4518.03,4234.79
25.04.2025 11:00:00 +02:00,597.88,4292.42,3694.54
25.04.2025 12:00:00 +02:00,1219.09,3546.28,2327.20
25.04.2025 13:00:00 +02:00,1078.29,2879.28,1801.00
25.04.2025 14:00:00 +02:00,1326.50,2786.40,1459.90
25.04.2025 15:00:00 +02:00,963.93,3749.38,2785.44
25.04.2025 16:00:00 +02:00,453.34,4248.30,3794.96
25.04.2025 17:00:00 +02:00,61.73,4595.68,4533.95
25.04.2025 18:00:00 +02:00,61.97,5407.92,5345.94
25.04.2025 19:00:00 +02:00,62.44,5694.51,5632.06
25.04.2025 20:00:00 +02:00,62.56,5698.49,5635.93
25.04.2025 21:00:00 +02:00,68.88,5450.58,5381.70
25.04.2025 22:00:00 +02:00,79.70,5113.20,5033.50
25.04.2025 23:00:00 +02:00,87.03,4917.72,4830.69
26.04.2025 00:00:00 +02:00,157.27,4241.42,4084.15
26.04.2025 01:00:00 +02:00,381.69,4243.89,3862.20
26.04.2025 02:00:00 +02:00,543.49,4285.20,3741.71
26.04.2025 03:00:00 +02:00,668.92,4271.67,3602.75
26.04.2025 04:00:00 +02:00,436.38,4319.01,3882.63
26.04.2025 05:00:00 +02:00,292.49,4364.02,4071.52
26.04.2025 06:00:00 +02:00,381.06,4236.46,3855.39
26.04.2025 07:00:00 +02:00,771.06,3681.84,2910.78
26.04.2025 08:00:00 +02:00,1250.19,2826.34,1576.16
26.04.2025 09:00:00 +02:00,1660.16,1859.08,198.91
26.04.2025 10:00:00 +02:00,2534.83,1567.37,-967.46
26.04.2025 11:00:00 +02:00,3167.79,1600.86,-1566.93
26.04.2025 12:00:00 +02:00,3370.50,1616.28,-1754.22
26.04.2025 13:00:00 +02:00,3268.32,1656.32,-1612.00
26.04.2025 14:00:00 +02:00,3153.38,1757.60,-1395.78
26.04.2025 15:00:00 +02:00,3024.46,1723.26,-1301.20
26.04.2025 16:00:00 +02:00,2465.33,1678.58,-786.76
26.04.2025 17:00:00 +02:00,1513.16,1969.33,456.17
26.04.2025 18:00:00 +02:00,89.46,3489.14,3399.68
26.04.2025 19:00:00 +02:00,60.55,4521.57,4461.02
26.04.2025 20:00:00 +02:00,61.42,4755.68,4694.26
26.04.2025 21:00:00 +02:00,61.78,4501.60,4439.83
26.04.2025 22:00:00 +02:00,67.04,4350.50,4283.46
26.04.2025 23:00:00 +02:00,215.87,4226.22,4010.34
27.04.2025 00:00:00 +02:00,67.38,4090.79,4023.41
27.04.2025 01:00:00 +02:00,179.75,3825.85,3646.10
27.04.2025 02:00:00 +02:00,770.48,3457.68,2687.19
27.04.2025 03:00:00 +02:00,376.88,3396.80,3019.92
27.04.2025 04:00:00 +02:00,338.93,3282.83,2943.90
27.04.2025 05:00:00 +02:00,571.06,2949.03,2377.97
27.04.2025 06:00:00 +02:00,183.47,3208.30,3024.83
27.04.2025 07:00:00 +02:00,372.53,2691.23,2318.70
27.04.2025 08:00:00 +02:00,2228.95,1694.51,-534.44
27.04.2025 09:00:00 +02:00,3120.14,1647.12,-1473.02
27.04.2025 10:00:00 +02:00,3219.84,1623.85,-1595.99
27.04.2025 11:00:00 +02:00,2953.93,1080.97,-1872.96
27.04.2025 12:00:00 +02:00,3007.93,550.32,-2457.61
27.04.2025 13:00:00 +02:00,2703.34,434.88,-2268.46
27.04.2025 14:00:00 +02:00,2599.38,173.27,-2426.12
27.04.2025 15:00:00 +02:00,2171.98,240.87,-1931.11
27.04.2025 16:00:00 +02:00,2200.25,685.76,-1514.49
27.04.2025 17:00:00 +02:00,1543.72,1591.80,48.09
27.04.2025 18:00:00 +02:00,23.96,3444.15,3420.19
27.04.2025 19:00:00 +02:00,0.19,4999.24,4999.05
27.04.2025 20:00:00 +02:00,0.22,5235.95,5235.74
27.04.2025 21:00:00 +02:00,0.21,5262.04,5261.84
27.04.2025 22:00:00 +02:00,0.19,4544.50,4544.31
27.04.2025 23:00:00 +02:00,485.30,4244.88,3759.58
28.04.2025 00:00:00 +02:00,518.01,4218.37,3700.36
28.04.2025 01:00:00 +02:00,849.02,4057.64,3208.62
28.04.2025 02:00:00 +02:00,717.86,4167.04,3449.17
28.04.2025 03:00:00 +02:00,525.66,4178.69,3653.03
28.04.2025 04:00:00 +02:00,530.71,4079.68,3548.97
28.04.2025 05:00:00 +02:00,158.42,3387.86,3229.44
28.04.2025 06:00:00 +02:00,40.90,3773.46,3732.56
28.04.2025 07:00:00 +02:00,92.68,4712.69,4620.02
28.04.2025 08:00:00 +02:00,157.88,3754.46,3596.59
28.04.2025 09:00:00 +02:00,0.22,2653.87,2653.65
28.04.2025 10:00:00 +02:00,1295.28,1611.61,316.33
28.04.2025 11:00:00 +02:00,1436.86,1638.80,201.94
28.04.2025 12:00:00 +02:00,2143.58,1783.38,-360.20
28.04.2025 13:00:00 +02:00,2131.80,1831.60,-300.20
28.04.2025 14:00:00 +02:00,2172.34,1842.21,-330.13
28.04.2025 15:00:00 +02:00,1468.18,1945.82,477.65
28.04.2025 16:00:00 +02:00,705.72,2052.34,1346.62
28.04.2025 17:00:00 +02:00,314.67,2819.00,2504.34
28.04.2025 18:00:00 +02:00,80.00,3250.81,3170.81
28.04.2025 19:00:00 +02:00,0.22,3857.30,3857.08
28.04.2025 20:00:00 +02:00,0.23,3927.14,3926.91
28.04.2025 21:00:00 +02:00,0.22,3797.61,3797.40
28.04.2025 22:00:00 +02:00,475.02,3623.78,3148.76
28.04.2025 23:00:00 +02:00,896.46,3441.16,2544.70
29.04.2025 00:00:00 +02:00,1245.25,3443.67,2198.42
29.04.2025 01:00:00 +02:00,1073.80,3382.95,2309.15
29.04.2025 02:00:00 +02:00,1204.38,3217.81,2013.44
29.04.2025 03:00:00 +02:00,1023.47,3232.52,2209.06
29.04.2025 04:00:00 +02:00,683.18,3390.38,2707.20
29.04.2025 05:00:00 +02:00,27.66,3853.11,3825.45
29.04.2025 06:00:00 +02:00,0.00,4289.93,4289.93
29.04.2025 07:00:00 +02:00,0.00,3981.97,3981.97
29.04.2025 08:00:00 +02:00,0.00,3895.02,3895.02
29.04.2025 09:00:00 +02:00,55.48,2248.54,2193.06
29.04.2025 10:00:00 +02:00,1711.72,1726.95,15.24
29.04.2025 11:00:00 +02:00,1870.78,1752.02,-118.75
29.04.2025 12:00:00 +02:00,2133.16,1831.12,-302.04
29.04.2025 13:00:00 +02:00,2242.80,1809.65,-433.14
29.04.2025 14:00:00 +02:00,2042.35,1751.19,-291.16
29.04.2025 15:00:00 +02:00,1347.82,1706.31,358.49
29.04.2025 16:00:00 +02:00,1066.68,1763.14,696.46
29.04.2025 17:00:00 +02:00,0.00,3843.25,3843.25
29.04.2025 18:00:00 +02:00,0.00,4427.17,4427.17
29.04.2025 19:00:00 +02:00,0.00,4665.31,4665.31
29.04.2025 20:00:00 +02:00,0.00,4223.01,4223.01
29.04.2025 21:00:00 +02:00,0.00,4376.99,4376.99
29.04.2025 22:00:00 +02:00,0.00,4502.62,4502.62
29.04.2025 23:00:00 +02:00,0.00,4643.22,4643.22
30.04.2025 00:00:00 +02:00,19.89,4490.27,4470.38
30.04.2025 01:00:00 +02:00,14.27,4217.06,4202.79
30.04.2025 02:00:00 +02:00,22.47,4251.47,4229.00
30.04.2025 03:00:00 +02:00,69.47,3875.86,3806.38
30.04.2025 04:00:00 +02:00,333.08,3766.25,3433.17
30.04.2025 05:00:00 +02:00,26.05,3932.89,3906.84
30.04.2025 06:00:00 +02:00,16.19,3895.75,3879.56
30.04.2025 07:00:00 +02:00,19.28,4101.38,4082.10
30.04.2025 08:00:00 +02:00,19.08,3422.96,3403.88
30.04.2025 09:00:00 +02:00,46.75,2106.30,2059.55
30.04.2025 10:00:00 +02:00,1300.12,1491.39,191.27
30.04.2025 11:00:00 +02:00,1640.93,1684.44,43.52
30.04.2025 12:00:00 +02:00,2204.88,1862.39,-342.49
30.04.2025 13:00:00 +02:00,2505.88,1963.57,-542.30
30.04.2025 14:00:00 +02:00,2279.65,2048.76,-230.89
30.04.2025 15:00:00 +02:00,1910.90,1923.50,12.60
30.04.2025 16:00:00 +02:00,2394.49,1661.52,-732.97
30.04.2025 17:00:00 +02:00,56.78,3620.19,3563.41
30.04.2025 18:00:00 +02:00,0.00,4851.74,4851.74
30.04.2025 19:00:00 +02:00,0.00,4627.61,4627.61
30.04.2025 20:00:00 +02:00,0.00,4777.50,4777.50
30.04.2025 21:00:00 +02:00,0.00,5197.09,5197.09
30.04.2025 22:00:00 +02:00,0.00,5313.08,5313.08
30.04.2025 23:00:00 +02:00,0.00,5371.70,5371.70
01.05.2025 00:00:00 +02:00,0.00,5716.15,5716.15
01.05.2025 01:00:00 +02:00,0.00,5865.36,5865.36
01.05.2025 02:00:00 +02:00,0.00,6184.54,6184.54
01.05.2025 03:00:00 +02:00,0.00,5975.31,5975.31
01.05.2025 04:00:00 +02:00,0.00,5831.36,5831.36
01.05.2025 05:00:00 +02:00,0.00,5793.48,5793.48
01.05.2025 06:00:00 +02:00,0.00,4924.62,4924.62
01.05.2025 07:00:00 +02:00,0.00,3642.72,3642.72
01.05.2025 08:00:00 +02:00,499.80,2080.58,1580.77
01.05.2025 09:00:00 +02:00,2805.90,1602.95,-1202.94
01.05.2025 10:00:00 +02:00,2635.22,1789.72,-845.50
01.05.2025 11:00:00 +02:00,2955.28,1879.73,-1075.55
01.05.2025 12:00:00 +02:00,3034.88,1884.23,-1150.65
01.05.2025 13:00:00 +02:00,2994.06,1881.42,-1112.64
01.05.2025 14:00:00 +02:00,3027.19,1835.94,-1191.24
01.05.2025 15:00:00 +02:00,2893.80,1813.47,-1080.32
01.05.2025 16:00:00 +02:00,2692.51,1809.34,-883.16
01.05.2025 17:00:00 +02:00,2599.15,2389.72,-209.44
01.05.2025 18:00:00 +02:00,60.07,3930.32,3870.25
01.05.2025 19:00:00 +02:00,0.00,5133.55,5133.55
01.05.2025 20:00:00 +02:00,48.94,5143.21,5094.27
01.05.2025 21:00:00 +02:00,406.45,4806.45,4400.00
01.05.2025 22:00:00 +02:00,1159.05,4612.20,3453.16
01.05.2025 23:00:00 +02:00,1380.84,4776.47,3395.63
02.05.2025 00:00:00 +02:00,1529.92,4362.28,2832.36
02.05.2025 01:00:00 +02:00,2065.34,4083.02,2017.67
02.05.2025 02:00:00 +02:00,2388.51,4172.14,1783.64
02.05.2025 03:00:00 +02:00,2525.40,4428.71,1903.31
02.05.2025 04:00:00 +02:00,2454.09,4363.13,1909.04
02.05.2025 05:00:00 +02:00,2196.10,4305.66,2109.56
02.05.2025 06:00:00 +02:00,1224.82,4066.17,2841.36
02.05.2025 07:00:00 +02:00,607.93,4009.20,3401.28
02.05.2025 08:00:00 +02:00,951.01,3878.33,2927.32
02.05.2025 09:00:00 +02:00,2181.28,2154.82,-26.46
02.05.2025 10:00:00 +02:00,2704.06,1666.10,-1037.96
02.05.2025 11:00:00 +02:00,2517.98,1804.46,-713.53
02.05.2025 12:00:00 +02:00,2436.82,1875.12,-561.70
02.05.2025 13:00:00 +02:00,2711.94,1861.21,-850.72
02.05.2025 14:00:00 +02:00,2776.53,1938.97,-837.56
02.05.2025 15:00:00 +02:00,2433.78,2082.60,-351.18
02.05.2025 16:00:00 +02:00,2052.54,2207.13,154.59
02.05.2025 17:00:00 +02:00,2139.19,2979.01,839.82
02.05.2025 18:00:00 +02:00,1680.06,4343.64,2663.58
02.05.2025 19:00:00 +02:00,1192.20,4604.85,3412.65
02.05.2025 20:00:00 +02:00,916.96,4593.69,3676.73
02.05.2025 21:00:00 +02:00,846.31,4451.84,3605.52
02.05.2025 22:00:00 +02:00,1363.76,4422.89,3059.12
02.05.2025 23:00:00 +02:00,1474.02,4282.60,2808.58
03.05.2025 00:00:00 +02:00,993.88,4134.22,3140.34
03.05.2025 01:00:00 +02:00,958.84,4234.61,3275.77
03.05.2025 02:00:00 +02:00,917.86,4236.88,3319.02
03.05.2025 03:00:00 +02:00,1085.96,4283.10,3197.14
03.05.2025 04:00:00 +02:00,1003.24,4226.76,3223.51
03.05.2025 05:00:00 +02:00,342.49,4295.84,3953.34
03.05.2025 06:00:00 +02:00,348.05,4137.41,3789.36
03.05.2025 07:00:00 +02:00,587.97,3722.54,3134.57
03.05.2025 08:00:00 +02:00,721.42,3146.79,2425.37
03.05.2025 09:00:00 +02:00,2458.36,1966.09,-492.27
03.05.2025 10:00:00 +02:00,2751.22,1615.63,-1135.59
03.05.2025 11:00:00 +02:00,2577.64,1052.66,-1524.98
03.05.2025 12:00:00 +02:00,2571.34,1324.46,-1246.88
03.05.2025 13:00:00 +02:00,2601.69,1509.66,-1092.02
03.05.2025 14:00:00 +02:00,2542.51,1031.33,-1511.18
03.05.2025 15:00:00 +02:00,1990.81,638.24,-1352.56
03.05.2025 16:00:00 +02:00,1804.06,1252.10,-551.96
03.05.2025 17:00:00 +02:00,1590.67,2467.20,876.52
03.05.2025 18:00:00 +02:00,0.00,4052.45,4052.45
03.05.2025 19:00:00 +02:00,0.00,5478.32,5478.32
03.05.2025 20:00:00 +02:00,0.00,5940.60,5940.60
03.05.2025 21:00:00 +02:00,0.00,6027.62,6027.62
03.05.2025 22:00:00 +02:00,0.00,5607.10,5607.10
03.05.2025 23:00:00 +02:00,0.00,4804.32,4804.32
04.05.2025 00:00:00 +02:00,601.75,2388.70,1786.96
04.05.2025 01:00:00 +02:00,1854.22,1559.00,-295.22
04.05.2025 02:00:00 +02:00,2230.82,1412.97,-817.85
04.05.2025 03:00:00 +02:00,2869.97,1718.31,-1151.66
04.05.2025 04:00:00 +02:00,2997.19,1751.70,-1245.49
04.05.2025 05:00:00 +02:00,2762.68,1600.96,-1161.72
04.05.2025 06:00:00 +02:00,3148.40,1332.00,-1816.41
04.05.2025 07:00:00 +02:00,3012.86,772.96,-2239.90
04.05.2025 08:00:00 +02:00,3471.94,553.47,-2918.47
04.05.2025 09:00:00 +02:00,3939.03,555.33,-3383.70
04.05.2025 10:00:00 +02:00,3961.55,702.85,-3258.70
04.05.2025 11:00:00 +02:00,4050.97,781.68,-3269.29
04.05.2025 12:00:00 +02:00,3858.53,988.81,-2869.72
04.05.2025 13:00:00 +02:00,3236.50,958.34,-2278.16
04.05.2025 14:00:00 +02:00,3307.03,1047.92,-2259.11
04.05.2025 15:00:00 +02:00,3216.53,735.42,-2481.11
04.05.2025 16:00:00 +02:00,3134.42,941.61,-2192.81
04.05.2025 17:00:00 +02:00,2264.17,1528.66,-735.51
04.05.2025 18:00:00 +02:00,166.88,3154.97,2988.09
04.05.2025 19:00:00 +02:00,0.53,5084.60,5084.07
04.05.2025 20:00:00 +02:00,0.00,5442.86,5442.86
04.05.2025 21:00:00 +02:00,0.00,5060.64,5060.64
04.05.2025 22:00:00 +02:00,194.43,4156.20,3961.77
04.05.2025 23:00:00 +02:00,211.36,4207.75,3996.39
05.05.2025 00:00:00 +02:00,428.58,4385.23,3956.66
05.05.2025 01:00:00 +02:00,502.65,5023.46,4520.81
05.05.2025 02:00:00 +02:00,494.92,4584.33,4089.41
05.05.2025 03:00:00 +02:00,476.90,4250.52,3773.62
05.05.2025 04:00:00 +02:00,485.17,4611.82,4126.65
05.05.2025 05:00:00 +02:00,1.81,4731.18,4729.37
05.05.2025 06:00:00 +02:00,6.32,4819.31,4812.99
05.05.2025 07:00:00 +02:00,9.47,4395.85,4386.38
05.05.2025 08:00:00 +02:00,9.68,3598.53,3588.85
05.05.2025 09:00:00 +02:00,10.63,3143.00,3132.36
05.05.2025 10:00:00 +02:00,91.75,2240.59,2148.84
05.05.2025 11:00:00 +02:00,811.82,2043.20,1231.38
05.05.2025 12:00:00 +02:00,1419.26,2087.12,667.86
05.05.2025 13:00:00 +02:00,1363.29,2023.12,659.84
05.05.2025 14:00:00 +02:00,815.22,2600.10,1784.88
05.05.2025 15:00:00 +02:00,777.80,3004.36,2226.56
05.05.2025 16:00:00 +02:00,587.59,3355.40,2767.82
05.05.2025 17:00:00 +02:00,180.73,3612.68,3431.95
05.05.2025 18:00:00 +02:00,0.00,4437.41,4437.41
05.05.2025 19:00:00 +02:00,0.00,4549.39,4549.39
05.05.2025 20:00:00 +02:00,0.00,4758.06,4758.06
05.05.2025 21:00:00 +02:00,6.87,4659.87,4653.00
05.05.2025 22:00:00 +02:00,147.45,4778.61,4631.16
05.05.2025 23:00:00 +02:00,567.73,5023.35,4455.62
06.05.2025 00:00:00 +02:00,1000.38,4738.82,3738.45
06.05.2025 01:00:00 +02:00,950.40,4482.88,3532.48
06.05.2025 02:00:00 +02:00,1184.85,4559.69,3374.84
06.05.2025 03:00:00 +02:00,1267.87,4362.98,3095.11
06.05.2025 04:00:00 +02:00,1039.88,4173.45,3133.57
06.05.2025 05:00:00 +02:00,615.23,4058.14,3442.91
06.05.2025 06:00:00 +02:00,48.79,3701.28,3652.48
06.05.2025 07:00:00 +02:00,0.00,3264.11,3264.11
06.05.2025 08:00:00 +02:00,292.04,2794.85,2502.81
06.05.2025 09:00:00 +02:00,505.17,2590.31,2085.14
06.05.2025 10:00:00 +02:00,1090.37,2157.50,1067.14
06.05.2025 11:00:00 +02:00,1951.38,1660.66,-290.72
06.05.2025 12:00:00 +02:00,2743.38,1665.64,-1077.73
06.05.2025 13:00:00 +02:00,3017.92,1656.73,-1361.20
06.05.2025 14:00:00 +02:00,2188.92,1659.80,-529.12
06.05.2025 15:00:00 +02:00,1252.10,1910.84,658.74
06.05.2025 16:00:00 +02:00,351.78,2482.62,2130.83
06.05.2025 17:00:00 +02:00,27.92,3364.29,3336.37
06.05.2025 18:00:00 +02:00,0.00,3903.36,3903.36
06.05.2025 19:00:00 +02:00,0.00,4099.69,4099.69
06.05.2025 20:00:00 +02:00,0.00,4178.55,4178.55
06.05.2025 21:00:00 +02:00,0.00,4135.69,4135.69
06.05.2025 22:00:00 +02:00,0.00,4301.88,4301.88
06.05.2025 23:00:00 +02:00,1.32,4126.06,4124.74
07.05.2025 00:00:00 +02:00,87.07,3950.45,3863.38
07.05.2025 01:00:00 +02:00,141.51,4145.46,4003.94
07.05.2025 02:00:00 +02:00,0.00,4261.99,4261.99
07.05.2025 03:00:00 +02:00,73.97,4057.82,3983.86
07.05.2025 04:00:00 +02:00,68.44,3994.42,3925.98
07.05.2025 05:00:00 +02:00,0.00,3964.93,3964.93
07.05.2025 06:00:00 +02:00,0.00,3702.80,3702.80
07.05.2025 07:00:00 +02:00,0.00,3085.59,3085.59
07.05.2025 08:00:00 +02:00,89.42,1928.76,1839.34
07.05.2025 09:00:00 +02:00,476.18,1917.68,1441.50
07.05.2025 10:00:00 +02:00,605.02,1887.78,1282.76
07.05.2025 11:00:00 +02:00,1312.73,1791.96,479.23
07.05.2025 12:00:00 +02:00,1915.18,1706.52,-208.67
07.05.2025 13:00:00 +02:00,1455.86,1738.92,283.06
07.05.2025 14:00:00 +02:00,1143.89,1737.46,593.57
07.05.2025 15:00:00 +02:00,395.07,1810.71,1415.64
07.05.2025 16:00:00 +02:00,76.47,2220.07,2143.60
07.05.2025 17:00:00 +02:00,0.00,2871.08,2871.08
07.05.2025 18:00:00 +02:00,0.00,3462.96,3462.96
07.05.2025 19:00:00 +02:00,0.00,3931.63,3931.63
07.05.2025 20:00:00 +02:00,0.00,3830.12,3830.12
07.05.2025 21:00:00 +02:00,0.00,3455.84,3455.84
07.05.2025 22:00:00 +02:00,0.00,3397.79,3397.79
07.05.2025 23:00:00 +02:00,0.00,3402.20,3402.20
08.05.2025 00:00:00 +02:00,0.00,2581.68,2581.68
08.05.2025 01:00:00 +02:00,1.09,2545.83,2544.74
08.05.2025 02:00:00 +02:00,0.00,2583.46,2583.46
08.05.2025 03:00:00 +02:00,0.00,2656.60,2656.60
08.05.2025 04:00:00 +02:00,0.08,3297.26,3297.18
08.05.2025 05:00:00 +02:00,0.00,4240.93,4240.93
08.05.2025 06:00:00 +02:00,3.34,4054.69,4051.36
08.05.2025 07:00:00 +02:00,326.22,3656.02,3329.79
08.05.2025 08:00:00 +02:00,104.68,3523.54,3418.86
08.05.2025 09:00:00 +02:00,159.78,3432.82,3273.04
08.05.2025 10:00:00 +02:00,196.49,2972.98,2776.49
08.05.2025 11:00:00 +02:00,879.33,2717.24,1837.91
08.05.2025 12:00:00 +02:00,1885.44,2198.91,313.46
08.05.2025 13:00:00 +02:00,1930.59,2166.30,235.70
08.05.2025 14:00:00 +02:00,1313.76,2559.55,1245.79
08.05.2025 15:00:00 +02:00,1104.56,3074.80,1970.24
08.05.2025 16:00:00 +02:00,1017.85,3440.36,2422.51
08.05.2025 17:00:00 +02:00,218.90,3495.95,3277.05
08.05.2025 18:00:00 +02:00,32.42,3894.93,3862.51
08.05.2025 19:00:00 +02:00,187.91,3225.90,3038.00
08.05.2025 20:00:00 +02:00,155.18,2841.88,2686.71
08.05.2025 21:00:00 +02:00,38.14,2901.12,2862.98
08.05.2025 22:00:00 +02:00,34.44,2746.91,2712.47
08.05.2025 23:00:00 +02:00,76.52,3199.26,3122.75
09.05.2025 00:00:00 +02:00,31.18,4234.18,4203.00
09.05.2025 01:00:00 +02:00,30.12,4324.36,4294.24
09.05.2025 02:00:00 +02:00,29.49,4260.07,4230.58
09.05.2025 03:00:00 +02:00,29.42,4394.89,4365.47
09.05.2025 04:00:00 +02:00,29.31,4268.62,4239.31
09.05.2025 05:00:00 +02:00,30.22,4522.75,4492.52
09.05.2025 06:00:00 +02:00,31.76,4315.27,4283.50
09.05.2025 07:00:00 +02:00,33.14,3560.31,3527.17
09.05.2025 08:00:00 +02:00,32.64,3036.99,3004.35
09.05.2025 09:00:00 +02:00,104.98,2640.99,2536.00
09.05.2025 10:00:00 +02:00,1374.24,2110.32,736.08
09.05.2025 11:00:00 +02:00,2214.00,2134.72,-79.28
09.05.2025 12:00:00 +02:00,2517.90,2130.80,-387.10
09.05.2025 13:00:00 +02:00,2693.30,2142.29,-551.01
09.05.2025 14:00:00 +02:00,2656.78,2155.32,-501.46
09.05.2025 15:00:00 +02:00,2117.94,2269.55,151.61
09.05.2025 16:00:00 +02:00,1274.18,2531.29,1257.11
09.05.2025 17:00:00 +02:00,157.84,3321.65,3163.81
09.05.2025 18:00:00 +02:00,26.08,4388.01,4361.93
09.05.2025 19:00:00 +02:00,24.08,4949.13,4925.05
09.05.2025 20:00:00 +02:00,26.86,5355.57,5328.70
09.05.2025 21:00:00 +02:00,23.44,5622.68,5599.23
09.05.2025 22:00:00 +02:00,25.80,5109.92,5084.12
09.05.2025 23:00:00 +02:00,27.45,4369.93,4342.48
10.05.2025 00:00:00 +02:00,26.92,5043.27,5016.35
10.05.2025 01:00:00 +02:00,24.84,5356.50,5331.66
10.05.2025 02:00:00 +02:00,23.85,5444.15,5420.30
10.05.2025 03:00:00 +02:00,24.34,5281.88,5257.54
10.05.2025 04:00:00 +02:00,24.40,5198.05,5173.65
10.05.2025 05:00:00 +02:00,20.51,5166.93,5146.42
10.05.2025 06:00:00 +02:00,19.22,4614.46,4595.24
10.05.2025 07:00:00 +02:00,35.92,3789.92,3754.01
10.05.2025 08:00:00 +02:00,855.80,2638.63,1782.84
10.05.2025 09:00:00 +02:00,2418.23,2124.87,-293.36
10.05.2025 10:00:00 +02:00,3130.13,2127.06,-1003.08
10.05.2025 11:00:00 +02:00,2840.28,2183.98,-656.31
10.05.2025 12:00:00 +02:00,3067.35,2155.58,-911.78
10.05.2025 13:00:00 +02:00,3009.59,1765.50,-1244.09
10.05.2025 14:00:00 +02:00,2972.64,1222.89,-1749.74
10.05.2025 15:00:00 +02:00,2619.45,790.66,-1828.79
10.05.2025 16:00:00 +02:00,2795.98,932.34,-1863.64
10.05.2025 17:00:00 +02:00,2130.45,1703.53,-426.92
10.05.2025 18:00:00 +02:00,241.68,2761.69,2520.01
10.05.2025 19:00:00 +02:00,8.57,4541.52,4532.96
10.05.2025 20:00:00 +02:00,6.93,5346.24,5339.31
10.05.2025 21:00:00 +02:00,5.82,5179.38,5173.56
10.05.2025 22:00:00 +02:00,137.12,4763.76,4626.63
10.05.2025 23:00:00 +02:00,211.63,4973.57,4761.94
11.05.2025 00:00:00 +02:00,264.44,4519.77,4255.34
11.05.2025 01:00:00 +02:00,164.59,4260.23,4095.64
11.05.2025 02:00:00 +02:00,8.34,4249.22,4240.87
11.05.2025 03:00:00 +02:00,0.00,4242.14,4242.14
11.05.2025 04:00:00 +02:00,0.00,3938.71,3938.71
11.05.2025 05:00:00 +02:00,0.00,3475.47,3475.47
11.05.2025 06:00:00 +02:00,168.24,2598.10,2429.86
11.05.2025 07:00:00 +02:00,1441.02,1983.51,542.49
11.05.2025 08:00:00 +02:00,2744.43,1882.08,-862.35
11.05.2025 09:00:00 +02:00,3036.90,1954.26,-1082.64
11.05.2025 10:00:00 +02:00,3076.30,2054.56,-1021.74
11.05.2025 11:00:00 +02:00,3103.93,1680.62,-1423.30
11.05.2025 12:00:00 +02:00,2910.03,1267.29,-1642.74
11.05.2025 13:00:00 +02:00,2874.51,1136.95,-1737.56
11.05.2025 14:00:00 +02:00,2507.80,607.61,-1900.20
11.05.2025 15:00:00 +02:00,2473.96,595.82,-1878.14
11.05.2025 16:00:00 +02:00,2612.00,1134.00,-1478.00
11.05.2025 17:00:00 +02:00,2315.11,1605.10,-710.02
11.05.2025 18:00:00 +02:00,141.52,2670.10,2528.58
11.05.2025 19:00:00 +02:00,0.00,5026.53,5026.53
11.05.2025 20:00:00 +02:00,0.00,5190.23,5190.23
11.05.2025 21:00:00 +02:00,0.00,4928.19,4928.19
11.05.2025 22:00:00 +02:00,155.21,4345.60,4190.39
11.05.2025 23:00:00 +02:00,595.55,4235.38,3639.83
12.05.2025 00:00:00 +02:00,378.95,4281.56,3902.61
12.05.2025 01:00:00 +02:00,147.07,4091.03,3943.96
12.05.2025 02:00:00 +02:00,224.40,4007.77,3783.37
12.05.2025 03:00:00 +02:00,135.91,3517.68,3381.77
12.05.2025 04:00:00 +02:00,0.05,3567.47,3567.42
12.05.2025 05:00:00 +02:00,0.00,4652.70,4652.70
12.05.2025 06:00:00 +02:00,113.79,4093.68,3979.89
12.05.2025 07:00:00 +02:00,0.00,3988.57,3988.57
12.05.2025 08:00:00 +02:00,384.76,3679.41,3294.65
12.05.2025 09:00:00 +02:00,1216.25,2120.37,904.12
12.05.2025 10:00:00 +02:00,3462.14,1848.50,-1613.64
12.05.2025 11:00:00 +02:00,4089.73,1712.00,-2377.73
12.05.2025 12:00:00 +02:00,4562.60,1744.82,-2817.78
12.05.2025 13:00:00 +02:00,4358.54,1727.07,-2631.47
12.05.2025 14:00:00 +02:00,4391.38,1628.24,-2763.14
12.05.2025 15:00:00 +02:00,4287.24,1571.10,-2716.13
12.05.2025 16:00:00 +02:00,3491.48,1684.01,-1807.48
12.05.2025 17:00:00 +02:00,1165.00,1960.70,795.69
12.05.2025 18:00:00 +02:00,125.48,3410.68,3285.20
12.05.2025 19:00:00 +02:00,0.56,4415.49,4414.93
12.05.2025 20:00:00 +02:00,0.00,4726.16,4726.16
12.05.2025 21:00:00 +02:00,4.06,4611.24,4607.18
12.05.2025 22:00:00 +02:00,16.35,4837.96,4821.62
12.05.2025 23:00:00 +02:00,2.49,4281.93,4279.44
13.05.2025 00:00:00 +02:00,3.36,4712.02,4708.66
13.05.2025 01:00:00 +02:00,14.45,4868.34,4853.89
13.05.2025 02:00:00 +02:00,21.60,4727.29,4705.69
13.05.2025 03:00:00 +02:00,91.70,4538.60,4446.90
13.05.2025 04:00:00 +02:00,179.83,4297.48,4117.64
13.05.2025 05:00:00 +02:00,26.50,5118.10,5091.60
13.05.2025 06:00:00 +02:00,35.58,5557.66,5522.08
13.05.2025 07:00:00 +02:00,32.22,4817.92,4785.70
13.05.2025 08:00:00 +02:00,173.34,3756.68,3583.34
13.05.2025 09:00:00 +02:00,1414.76,1914.50,499.74
13.05.2025 10:00:00 +02:00,3492.60,1744.59,-1748.00
13.05.2025 11:00:00 +02:00,4078.00,1829.87,-2248.14
13.05.2025 12:00:00 +02:00,4285.08,1803.63,-2481.44
13.05.2025 13:00:00 +02:00,3078.64,1495.32,-1583.32
13.05.2025 14:00:00 +02:00,3096.72,1474.36,-1622.36
13.05.2025 15:00:00 +02:00,2667.67,1474.91,-1192.76
13.05.2025 16:00:00 +02:00,2476.92,1683.20,-793.72
13.05.2025 17:00:00 +02:00,1201.62,2086.91,885.30
13.05.2025 18:00:00 +02:00,0.00,4284.24,4284.24
13.05.2025 19:00:00 +02:00,0.00,6066.65,6066.65
13.05.2025 20:00:00 +02:00,272.08,5352.57,5080.49
13.05.2025 21:00:00 +02:00,409.46,4996.80,4587.33
13.05.2025 22:00:00 +02:00,335.13,4865.81,4530.68
13.05.2025 23:00:00 +02:00,117.08,5294.69,5177.61
14.05.2025 00:00:00 +02:00,28.07,5137.69,5109.62
14.05.2025 01:00:00 +02:00,99.82,4498.14,4398.32
14.05.2025 02:00:00 +02:00,494.06,3956.93,3462.87
14.05.2025 03:00:00 +02:00,584.47,3877.49,3293.02
14.05.2025 04:00:00 +02:00,677.48,3788.93,3111.45
14.05.2025 05:00:00 +02:00,519.73,3320.93,2801.20
14.05.2025 06:00:00 +02:00,169.44,3120.91,2951.47
14.05.2025 07:00:00 +02:00,198.66,2940.96,2742.30
14.05.2025 08:00:00 +02:00,374.94,2520.98,2146.04
14.05.2025 09:00:00 +02:00,2238.20,1831.78,-406.42
14.05.2025 10:00:00 +02:00,3144.22,1554.10,-1590.11
14.05.2025 11:00:00 +02:00,2966.30,1726.12,-1240.18
14.05.2025 12:00:00 +02:00,3011.34,1826.12,-1185.22
14.05.2025 13:00:00 +02:00,3340.03,1939.55,-1400.48
14.05.2025 14:00:00 +02:00,3258.06,1941.90,-1316.16
14.05.2025 15:00:00 +02:00,3675.42,1706.37,-1969.05
14.05.2025 16:00:00 +02:00,3811.69,1459.43,-2352.26
14.05.2025 17:00:00 +02:00,3141.49,1841.27,-1300.22
14.05.2025 18:00:00 +02:00,1089.54,2699.42,1609.88
14.05.2025 19:00:00 +02:00,60.38,3731.18,3670.80
14.05.2025 20:00:00 +02:00,259.85,3771.52,3511.67
14.05.2025 21:00:00 +02:00,633.56,3775.12,3141.57
14.05.2025 22:00:00 +02:00,1444.92,3619.30,2174.37
14.05.2025 23:00:00 +02:00,1415.84,3479.42,2063.58
15.05.2025 00:00:00 +02:00,2173.86,3949.97,1776.10
15.05.2025 01:00:00 +02:00,2494.69,4112.84,1618.14
15.05.2025 02:00:00 +02:00,2827.80,4061.08,1233.27
15.05.2025 03:00:00 +02:00,2805.22,3635.72,830.50
15.05.2025 04:00:00 +02:00,2820.50,3276.64,456.14
15.05.2025 05:00:00 +02:00,2579.15,3262.36,683.21
15.05.2025 06:00:00 +02:00,2051.84,3417.78,1365.95
15.05.2025 07:00:00 +02:00,1850.98,2983.56,1132.58
15.05.2025 08:00:00 +02:00,2612.53,2794.14,181.62
15.05.2025 09:00:00 +02:00,3237.99,2278.94,-959.04
15.05.2025 10:00:00 +02:00,3890.66,1669.70,-2220.96
15.05.2025 11:00:00 +02:00,4122.60,1719.53,-2403.07
15.05.2025 12:00:00 +02:00,3684.41,1867.77,-1816.64
15.05.2025 13:00:00 +02:00,3614.32,2167.86,-1446.46
15.05.2025 14:00:00 +02:00,3615.74,2157.60,-1458.14
15.05.2025 15:00:00 +02:00,4037.86,1998.65,-2039.20
15.05.2025 16:00:00 +02:00,4111.01,1843.62,-2267.40
15.05.2025 17:00:00 +02:00,3880.97,1665.47,-2215.50
15.05.2025 18:00:00 +02:00,1883.45,2367.54,484.10
15.05.2025 19:00:00 +02:00,343.91,3715.66,3371.75
15.05.2025 20:00:00 +02:00,110.00,4232.50,4122.50
15.05.2025 21:00:00 +02:00,800.42,4442.40,3641.98
15.05.2025 22:00:00 +02:00,1351.83,4193.58,2841.75
15.05.2025 23:00:00 +02:00,1656.18,3875.00,2218.82
16.05.2025 00:00:00 +02:00,2229.28,4145.14,1915.86
16.05.2025 01:00:00 +02:00,1963.63,4565.03,2601.40
16.05.2025 02:00:00 +02:00,1924.21,4599.32,2675.11
16.05.2025 03:00:00 +02:00,2092.50,4426.66,2334.16
16.05.2025 04:00:00 +02:00,2061.34,4444.09,2382.75
16.05.2025 05:00:00 +02:00,1872.98,4070.90,2197.92
16.05.2025 06:00:00 +02:00,1154.48,3746.84,2592.37
16.05.2025 07:00:00 +02:00,1398.18,4027.64,2629.46
16.05.2025 08:00:00 +02:00,2037.18,2927.42,890.24
16.05.2025 09:00:00 +02:00,2513.64,2016.51,-497.13
16.05.2025 10:00:00 +02:00,3126.27,1900.75,-1225.52
16.05.2025 11:00:00 +02:00,3186.58,2151.94,-1034.64
16.05.2025 12:00:00 +02:00,3728.47,2213.37,-1515.10
16.05.2025 13:00:00 +02:00,3776.65,2249.62,-1527.03
16.05.2025 14:00:00 +02:00,3931.76,2222.86,-1708.89
16.05.2025 15:00:00 +02:00,3794.69,2116.05,-1678.64
16.05.2025 16:00:00 +02:00,3422.10,2015.58,-1406.52
16.05.2025 17:00:00 +02:00,2234.15,1981.93,-252.22
16.05.2025 18:00:00 +02:00,1586.72,2808.10,1221.39
16.05.2025 19:00:00 +02:00,1161.56,3576.14,2414.58
16.05.2025 20:00:00 +02:00,1037.18,4216.02,3178.84
16.05.2025 21:00:00 +02:00,1100.12,4415.92,3315.80
16.05.2025 22:00:00 +02:00,1402.78,4492.51,3089.72
16.05.2025 23:00:00 +02:00,1965.10,4349.99,2384.88
17.05.2025 00:00:00 +02:00,2029.85,4737.82,2707.98
17.05.2025 01:00:00 +02:00,1953.02,4396.83,2443.81
17.05.2025 02:00:00 +02:00,1958.79,3797.87,1839.08
17.05.2025 03:00:00 +02:00,1712.55,3311.28,1598.74
17.05.2025 04:00:00 +02:00,1659.74,3226.07,1566.34
17.05.2025 05:00:00 +02:00,1482.34,3267.49,1785.16
17.05.2025 06:00:00 +02:00,1466.84,3169.49,1702.65
17.05.2025 07:00:00 +02:00,1946.47,2964.09,1017.62
17.05.2025 08:00:00 +02:00,2683.65,2103.54,-580.11
17.05.2025 09:00:00 +02:00,3348.46,1946.65,-1401.81
17.05.2025 10:00:00 +02:00,3535.38,2034.49,-1500.88
17.05.2025 11:00:00 +02:00,3693.39,2311.92,-1381.47
17.05.2025 12:00:00 +02:00,3808.80,2319.70,-1489.10
17.05.2025 13:00:00 +02:00,3840.46,2120.80,-1719.66
17.05.2025 14:00:00 +02:00,3843.02,2049.54,-1793.48
17.05.2025 15:00:00 +02:00,3681.17,1664.86,-2016.31
17.05.2025 16:00:00 +02:00,3572.22,1611.28,-1960.94
17.05.2025 17:00:00 +02:00,2731.36,1723.86,-1007.50
17.05.2025 18:00:00 +02:00,836.36,2666.69,1830.34
17.05.2025 19:00:00 +02:00,440.39,3294.67,2854.28
17.05.2025 20:00:00 +02:00,119.91,3731.52,3611.61
17.05.2025 21:00:00 +02:00,631.06,3961.28,3330.23
17.05.2025 22:00:00 +02:00,845.91,4042.42,3196.51
17.05.2025 23:00:00 +02:00,1052.42,4227.34,3174.92
18.05.2025 00:00:00 +02:00,1737.14,3627.30,1890.16
18.05.2025 01:00:00 +02:00,2182.07,3566.98,1384.91
18.05.2025 02:00:00 +02:00,2320.26,3627.65,1307.39
18.05.2025 03:00:00 +02:00,2309.04,3992.02,1682.98
18.05.2025 04:00:00 +02:00,2295.85,4276.32,1980.46
18.05.2025 05:00:00 +02:00,2204.59,4401.86,2197.26
18.05.2025 06:00:00 +02:00,2262.11,4209.84,1947.74
18.05.2025 07:00:00 +02:00,2552.44,3198.14,645.70
18.05.2025 08:00:00 +02:00,2525.06,2068.17,-456.88
18.05.2025 09:00:00 +02:00,2798.14,1923.06,-875.07
18.05.2025 10:00:00 +02:00,3081.98,2003.92,-1078.06
18.05.2025 11:00:00 +02:00,3149.29,2086.89,-1062.40
18.05.2025 12:00:00 +02:00,3310.26,2128.17,-1182.09
18.05.2025 13:00:00 +02:00,3445.94,2166.68,-1279.26
18.05.2025 14:00:00 +02:00,3303.30,2120.22,-1183.08
18.05.2025 15:00:00 +02:00,3107.96,1961.04,-1146.92
18.05.2025 16:00:00 +02:00,3033.18,2002.33,-1030.86
18.05.2025 17:00:00 +02:00,2614.66,1891.08,-723.59
18.05.2025 18:00:00 +02:00,2064.83,2677.66,612.83
18.05.2025 19:00:00 +02:00,1585.14,4034.58,2449.44
18.05.2025 20:00:00 +02:00,1600.88,4475.92,2875.04
18.05.2025 21:00:00 +02:00,1661.50,4569.40,2907.91
18.05.2025 22:00:00 +02:00,1904.98,4543.23,2638.25
18.05.2025 23:00:00 +02:00,2102.92,4504.62,2401.70
19.05.2025 00:00:00 +02:00,2120.74,4112.32,1991.59
19.05.2025 01:00:00 +02:00,2410.84,4106.28,1695.44
19.05.2025 02:00:00 +02:00,2329.32,4132.68,1803.36
19.05.2025 03:00:00 +02:00,2331.55,4327.20,1995.65
19.05.2025 04:00:00 +02:00,2243.40,4320.66,2077.26
19.05.2025 05:00:00 +02:00,1450.54,4532.83,3082.29
19.05.2025 06:00:00 +02:00,308.81,4897.67,4588.86
19.05.2025 07:00:00 +02:00,448.82,4906.40,4457.58
19.05.2025 08:00:00 +02:00,513.56,3939.24,3425.68
19.05.2025 09:00:00 +02:00,896.72,2966.26,2069.55
19.05.2025 10:00:00 +02:00,1473.76,2525.50,1051.74
19.05.2025 11:00:00 +02:00,2188.86,2082.98,-105.88
19.05.2025 12:00:00 +02:00,2247.57,2232.22,-15.36
19.05.2025 13:00:00 +02:00,2221.31,2222.62,1.31
19.05.2025 14:00:00 +02:00,2172.83,2175.48,2.64
19.05.2025 15:00:00 +02:00,1820.62,2017.67,197.04
19.05.2025 16:00:00 +02:00,1207.60,2830.32,1622.72
19.05.2025 17:00:00 +02:00,593.45,4875.19,4281.74
19.05.2025 18:00:00 +02:00,73.40,5525.50,5452.09
19.05.2025 19:00:00 +02:00,0.00,5749.35,5749.35
19.05.2025 20:00:00 +02:00,6.10,5612.22,5606.12
19.05.2025 21:00:00 +02:00,169.25,5486.21,5316.96
19.05.2025 22:00:00 +02:00,661.46,5496.45,4834.99
19.05.2025 23:00:00 +02:00,1223.60,4644.67,3421.07
20.05.2025 00:00:00 +02:00,1266.69,4614.33,3347.64
20.05.2025 01:00:00 +02:00,1405.30,4845.90,3440.60
20.05.2025 02:00:00 +02:00,1583.91,4910.33,3326.42
20.05.2025 03:00:00 +02:00,1538.46,4978.79,3440.32
20.05.2025 04:00:00 +02:00,1292.22,5030.90,3738.68
20.05.2025 05:00:00 +02:00,1155.54,5428.18,4272.64
20.05.2025 06:00:00 +02:00,755.13,5375.49,4620.36
20.05.2025 07:00:00 +02:00,395.40,5132.26,4736.86
20.05.2025 08:00:00 +02:00,447.50,3909.29,3461.79
20.05.2025 09:00:00 +02:00,1116.58,3046.79,1930.22
20.05.2025 10:00:00 +02:00,1761.19,2277.32,516.12
20.05.2025 11:00:00 +02:00,2662.69,2021.76,-640.94
20.05.2025 12:00:00 +02:00,2576.54,1957.12,-619.42
20.05.2025 13:00:00 +02:00,2597.12,1876.80,-720.33
20.05.2025 14:00:00 +02:00,2540.96,1826.96,-714.00
20.05.2025 15:00:00 +02:00,2615.11,1968.76,-646.35
20.05.2025 16:00:00 +02:00,2217.34,2009.40,-207.95
20.05.2025 17:00:00 +02:00,672.85,3346.14,2673.29
20.05.2025 18:00:00 +02:00,105.73,4217.16,4111.43
20.05.2025 19:00:00 +02:00,0.00,6143.28,6143.28
20.05.2025 20:00:00 +02:00,0.00,6289.17,6289.17
20.05.2025 21:00:00 +02:00,2.74,6307.32,6304.58
20.05.2025 22:00:00 +02:00,0.00,6002.80,6002.80
20.05.2025 23:00:00 +02:00,16.70,5161.56,5144.86
21.05.2025 00:00:00 +02:00,569.82,4378.69,3808.88
21.05.2025 01:00:00 +02:00,683.06,4339.14,3656.08
21.05.2025 02:00:00 +02:00,949.84,4234.89,3285.04
21.05.2025 03:00:00 +02:00,1170.75,4098.72,2927.98
21.05.2025 04:00:00 +02:00,1105.42,3665.27,2559.84
21.05.2025 05:00:00 +02:00,821.57,3571.56,2749.98
21.05.2025 06:00:00 +02:00,76.96,3535.98,3459.02
21.05.2025 07:00:00 +02:00,76.01,3101.91,3025.90
21.05.2025 08:00:00 +02:00,482.72,2776.10,2293.37
21.05.2025 09:00:00 +02:00,1628.94,2115.27,486.33
21.05.2025 10:00:00 +02:00,2887.76,1542.14,-1345.63
21.05.2025 11:00:00 +02:00,2916.76,1674.56,-1242.19
21.05.2025 12:00:00 +02:00,3456.91,1871.60,-1585.31
21.05.2025 13:00:00 +02:00,3432.76,1821.57,-1611.20
21.05.2025 14:00:00 +02:00,3466.88,1816.67,-1650.22
21.05.2025 15:00:00 +02:00,3436.74,1864.52,-1572.23
21.05.2025 16:00:00 +02:00,3052.31,1676.88,-1375.43
21.05.2025 17:00:00 +02:00,2519.40,1758.44,-760.96
21.05.2025 18:00:00 +02:00,1832.38,2574.69,742.30
21.05.2025 19:00:00 +02:00,1592.74,2891.06,1298.32
21.05.2025 20:00:00 +02:00,1282.85,2889.04,1606.18
21.05.2025 21:00:00 +02:00,734.64,3152.51,2417.86
21.05.2025 22:00:00 +02:00,1050.62,2927.60,1876.98
21.05.2025 23:00:00 +02:00,1858.74,2822.47,963.73
22.05.2025 00:00:00 +02:00,2485.21,2905.59,420.38
22.05.2025 01:00:00 +02:00,2664.06,2945.45,281.38
22.05.2025 02:00:00 +02:00,2825.07,2954.86,129.78
22.05.2025 03:00:00 +02:00,3220.12,2852.41,-367.71
22.05.2025 04:00:00 +02:00,3310.48,2822.47,-488.01
22.05.2025 05:00:00 +02:00,3172.07,2973.93,-198.14
22.05.2025 06:00:00 +02:00,3148.66,2845.39,-303.28
22.05.2025 07:00:00 +02:00,2952.24,2603.76,-348.49
22.05.2025 08:00:00 +02:00,3257.99,2459.13,-798.86
22.05.2025 09:00:00 +02:00,3547.12,2330.24,-1216.88
22.05.2025 10:00:00 +02:00,3802.68,1576.70,-2225.98
22.05.2025 11:00:00 +02:00,4091.37,1628.56,-2462.81
22.05.2025 12:00:00 +02:00,4213.00,1631.96,-2581.04
22.05.2025 13:00:00 +02:00,4249.93,1566.44,-2683.49
22.05.2025 14:00:00 +02:00,4306.42,1536.97,-2769.45
22.05.2025 15:00:00 +02:00,4188.68,1594.72,-2593.96
22.05.2025 16:00:00 +02:00,3355.02,1881.30,-1473.72
22.05.2025 17:00:00 +02:00,2470.03,1996.59,-473.44
22.05.2025 18:00:00 +02:00,1672.80,2481.52,808.72
22.05.2025 19:00:00 +02:00,673.65,2917.29,2243.64
22.05.2025 20:00:00 +02:00,618.32,2956.06,2337.74
22.05.2025 21:00:00 +02:00,483.21,3218.59,2735.38
22.05.2025 22:00:00 +02:00,356.04,3151.06,2795.02
22.05.2025 23:00:00 +02:00,189.67,3725.64,3535.97
23.05.2025 00:00:00 +02:00,169.54,3662.42,3492.88
23.05.2025 01:00:00 +02:00,208.56,3824.22,3615.67
23.05.2025 02:00:00 +02:00,188.00,3927.89,3739.90
23.05.2025 03:00:00 +02:00,157.65,3894.40,3736.75
23.05.2025 04:00:00 +02:00,98.14,3866.30,3768.15
23.05.2025 05:00:00 +02:00,58.28,4101.39,4043.11
23.05.2025 06:00:00 +02:00,188.44,4537.80,4349.36
23.05.2025 07:00:00 +02:00,277.41,3932.78,3655.37
23.05.2025 08:00:00 +02:00,315.78,3363.86,3048.08
23.05.2025 09:00:00 +02:00,562.60,2588.04,2025.44
23.05.2025 10:00:00 +02:00,1322.04,1882.34,560.30
23.05.2025 11:00:00 +02:00,2493.92,1869.00,-624.92
23.05.2025 12:00:00 +02:00,3983.56,1748.72,-2234.84
23.05.2025 13:00:00 +02:00,4231.35,1766.96,-2464.39
23.05.2025 14:00:00 +02:00,4248.44,1799.18,-2449.26
23.05.2025 15:00:00 +02:00,4093.95,1745.19,-2348.76
23.05.2025 16:00:00 +02:00,3318.11,1626.06,-1692.06
23.05.2025 17:00:00 +02:00,1937.07,1967.77,30.70
23.05.2025 18:00:00 +02:00,529.42,2745.21,2215.78
23.05.2025 19:00:00 +02:00,267.64,4010.42,3742.77
23.05.2025 20:00:00 +02:00,10.14,4669.75,4659.61
23.05.2025 21:00:00 +02:00,4.65,5125.98,5121.33
23.05.2025 22:00:00 +02:00,1.74,4856.15,4854.41
23.05.2025 23:00:00 +02:00,151.79,4570.04,4418.25
24.05.2025 00:00:00 +02:00,43.72,4473.21,4429.49
24.05.2025 01:00:00 +02:00,3.14,4448.09,4444.96
24.05.2025 02:00:00 +02:00,3.13,3926.26,3923.13
24.05.2025 03:00:00 +02:00,3.08,3926.94,3923.86
24.05.2025 04:00:00 +02:00,3.06,3764.16,3761.10
24.05.2025 05:00:00 +02:00,82.07,3823.51,3741.44
24.05.2025 06:00:00 +02:00,367.43,3617.87,3250.44
24.05.2025 07:00:00 +02:00,574.23,3243.40,2669.16
24.05.2025 08:00:00 +02:00,1675.29,2336.87,661.58
24.05.2025 09:00:00 +02:00,3659.53,1845.76,-1813.77
24.05.2025 10:00:00 +02:00,3889.74,1896.87,-1992.88
24.05.2025 11:00:00 +02:00,3923.42,1925.92,-1997.50
24.05.2025 12:00:00 +02:00,3692.29,1768.02,-1924.27
24.05.2025 13:00:00 +02:00,3524.02,1173.43,-2350.59
24.05.2025 14:00:00 +02:00,3323.18,626.80,-2696.38
24.05.2025 15:00:00 +02:00,2953.22,708.63,-2244.58
24.05.2025 16:00:00 +02:00,2326.70,1177.14,-1149.56
24.05.2025 17:00:00 +02:00,1017.13,1921.44,904.31
24.05.2025 18:00:00 +02:00,116.68,3793.26,3676.59
24.05.2025 19:00:00 +02:00,3.21,4811.90,4808.70
24.05.2025 20:00:00 +02:00,3.22,5505.48,5502.26
24.05.2025 21:00:00 +02:00,3.27,5225.88,5222.62
24.05.2025 22:00:00 +02:00,3.20,4883.55,4880.35
24.05.2025 23:00:00 +02:00,3.19,3878.49,3875.30
25.05.2025 00:00:00 +02:00,1383.49,2095.48,711.99
25.05.2025 01:00:00 +02:00,1651.56,1997.30,345.73
25.05.2025 02:00:00 +02:00,1629.62,953.08,-676.54
25.05.2025 03:00:00 +02:00,1699.91,739.28,-960.63
25.05.2025 04:00:00 +02:00,2231.86,908.69,-1323.17
25.05.2025 05:00:00 +02:00,2845.56,1305.70,-1539.86
25.05.2025 06:00:00 +02:00,3500.52,1940.50,-1560.02
25.05.2025 07:00:00 +02:00,3764.81,1667.20,-2097.61
25.05.2025 08:00:00 +02:00,4028.58,1821.91,-2206.66
25.05.2025 09:00:00 +02:00,4322.30,2195.95,-2126.35
25.05.2025 10:00:00 +02:00,4459.13,1751.37,-2707.76
25.05.2025 11:00:00 +02:00,4136.12,1979.72,-2156.40
25.05.2025 12:00:00 +02:00,4270.03,1869.92,-2400.12
25.05.2025 13:00:00 +02:00,4135.28,1904.24,-2231.04
25.05.2025 14:00:00 +02:00,3920.60,1680.36,-2240.23
25.05.2025 15:00:00 +02:00,3761.89,1467.27,-2294.62
25.05.2025 16:00:00 +02:00,4067.13,1508.04,-2559.08
25.05.2025 17:00:00 +02:00,3826.39,854.45,-2971.94
25.05.2025 18:00:00 +02:00,3103.75,1610.19,-1493.56
25.05.2025 19:00:00 +02:00,1532.94,2148.50,615.56
25.05.2025 20:00:00 +02:00,545.29,2238.80,1693.51
25.05.2025 21:00:00 +02:00,177.16,2337.08,2159.92
25.05.2025 22:00:00 +02:00,177.35,2184.45,2007.10
25.05.2025 23:00:00 +02:00,966.97,2341.38,1374.42
26.05.2025 00:00:00 +02:00,1502.78,2445.23,942.46
26.05.2025 01:00:00 +02:00,2031.30,2501.08,469.79
26.05.2025 02:00:00 +02:00,2037.29,2524.51,487.22
26.05.2025 03:00:00 +02:00,1909.26,2337.64,428.38
26.05.2025 04:00:00 +02:00,1813.96,2629.14,815.18
26.05.2025 05:00:00 +02:00,1688.69,2638.91,950.22
26.05.2025 06:00:00 +02:00,1420.46,2791.36,1370.90
26.05.2025 07:00:00 +02:00,1397.48,3229.66,1832.18
26.05.2025 08:00:00 +02:00,1397.44,3091.90,1694.46
26.05.2025 09:00:00 +02:00,1835.52,1892.24,56.72
26.05.2025 10:00:00 +02:00,3128.90,1270.09,-1858.81
26.05.2025 11:00:00 +02:00,3671.10,751.88,-2919.21
26.05.2025 12:00:00 +02:00,4336.67,252.40,-4084.28
26.05.2025 13:00:00 +02:00,4148.70,580.65,-3568.06
26.05.2025 14:00:00 +02:00,3867.23,461.98,-3405.25
26.05.2025 15:00:00 +02:00,3987.02,649.07,-3337.96
26.05.2025 16:00:00 +02:00,2573.53,1235.12,-1338.40
26.05.2025 17:00:00 +02:00,1737.72,1278.11,-459.62
26.05.2025 18:00:00 +02:00,350.25,2490.19,2139.94
26.05.2025 19:00:00 +02:00,31.33,4007.90,3976.57
26.05.2025 20:00:00 +02:00,0.00,5249.81,5249.81
26.05.2025 21:00:00 +02:00,0.00,5892.64,5892.64
26.05.2025 22:00:00 +02:00,56.84,5569.89,5513.05
26.05.2025 23:00:00 +02:00,168.02,5300.28,5132.26
27.05.2025 00:00:00 +02:00,696.57,4315.79,3619.22
27.05.2025 01:00:00 +02:00,1060.67,3646.69,2586.02
27.05.2025 02:00:00 +02:00,1537.88,3232.28,1694.39
27.05.2025 03:00:00 +02:00,1994.48,2927.16,932.69
27.05.2025 04:00:00 +02:00,2567.20,2655.66,88.46
27.05.2025 05:00:00 +02:00,2260.62,2689.48,428.86
27.05.2025 06:00:00 +02:00,1431.41,2598.23,1166.82
27.05.2025 07:00:00 +02:00,1370.70,2209.74,839.04
27.05.2025 08:00:00 +02:00,1313.54,1742.42,428.88
27.05.2025 09:00:00 +02:00,2042.21,1511.04,-531.18
27.05.2025 10:00:00 +02:00,3014.70,1584.40,-1430.30
27.05.2025 11:00:00 +02:00,3711.37,1883.01,-1828.36
27.05.2025 12:00:00 +02:00,3640.16,1928.52,-1711.64
27.05.2025 13:00:00 +02:00,3529.55,1838.63,-1690.92
27.05.2025 14:00:00 +02:00,3061.26,2095.34,-965.92
27.05.2025 15:00:00 +02:00,2744.88,1979.57,-765.32
27.05.2025 16:00:00 +02:00,2187.43,2350.10,162.66
27.05.2025 17:00:00 +02:00,1030.28,2697.99,1667.71
27.05.2025 18:00:00 +02:00,426.92,3743.30,3316.39
27.05.2025 19:00:00 +02:00,118.21,4730.93,4612.72
27.05.2025 20:00:00 +02:00,114.62,5183.80,5069.18
27.05.2025 21:00:00 +02:00,366.34,5391.49,5025.16
27.05.2025 22:00:00 +02:00,544.94,5541.69,4996.74
27.05.2025 23:00:00 +02:00,679.19,5644.28,4965.09
28.05.2025 00:00:00 +02:00,347.38,5192.51,4845.13
28.05.2025 01:00:00 +02:00,292.26,4600.43,4308.18
28.05.2025 02:00:00 +02:00,217.16,4081.99,3864.83
28.05.2025 03:00:00 +02:00,272.41,3416.96,3144.56
28.05.2025 04:00:00 +02:00,98.15,3785.98,3687.82
28.05.2025 05:00:00 +02:00,27.42,4393.85,4366.44
28.05.2025 06:00:00 +02:00,4.70,5436.83,5432.13
28.05.2025 07:00:00 +02:00,0.00,5438.97,5438.97
28.05.2025 08:00:00 +02:00,0.00,5559.04,5559.04
28.05.2025 09:00:00 +02:00,4.96,5165.47,5160.51
28.05.2025 10:00:00 +02:00,0.00,4260.34,4260.34
28.05.2025 11:00:00 +02:00,0.00,3959.05,3959.05
28.05.2025 12:00:00 +02:00,226.25,3537.01,3310.76
28.05.2025 13:00:00 +02:00,387.90,3417.16,3029.26
28.05.2025 14:00:00 +02:00,633.81,3816.84,3183.03
28.05.2025 15:00:00 +02:00,762.19,3560.15,2797.96
28.05.2025 16:00:00 +02:00,453.00,3605.39,3152.39
28.05.2025 17:00:00 +02:00,167.77,4194.18,4026.41
28.05.2025 18:00:00 +02:00,91.11,5131.50,5040.40
28.05.2025 19:00:00 +02:00,0.00,5499.93,5499.93
28.05.2025 20:00:00 +02:00,0.00,5597.38,5597.38
28.05.2025 21:00:00 +02:00,2.28,5544.28,5542.00
28.05.2025 22:00:00 +02:00,3.08,5542.54,5539.46
28.05.2025 23:00:00 +02:00,104.35,5319.81,5215.46
29.05.2025 00:00:00 +02:00,94.95,5053.97,4959.02
29.05.2025 01:00:00 +02:00,327.01,4755.06,4428.05
29.05.2025 02:00:00 +02:00,321.82,4919.84,4598.02
29.05.2025 03:00:00 +02:00,369.82,4953.76,4583.94
29.05.2025 04:00:00 +02:00,201.44,4632.50,4431.06
29.05.2025 05:00:00 +02:00,99.26,3995.75,3896.49
29.05.2025 06:00:00 +02:00,59.44,3810.74,3751.30
29.05.2025 07:00:00 +02:00,73.83,3859.30,3785.47
29.05.2025 08:00:00 +02:00,217.15,2755.46,2538.31
29.05.2025 09:00:00 +02:00,1012.11,1707.17,695.06
29.05.2025 10:00:00 +02:00,2696.71,686.79,-2009.92
29.05.2025 11:00:00 +02:00,3248.24,1092.46,-2155.78
29.05.2025 12:00:00 +02:00,3482.90,1183.82,-2299.08
29.05.2025 13:00:00 +02:00,3873.61,1148.44,-2725.17
29.05.2025 14:00:00 +02:00,3616.19,1022.72,-2593.47
29.05.2025 15:00:00 +02:00,3379.86,1013.87,-2365.99
29.05.2025 16:00:00 +02:00,2748.35,1110.04,-1638.31
29.05.2025 17:00:00 +02:00,2115.96,692.56,-1423.40
29.05.2025 18:00:00 +02:00,1058.96,2230.12,1171.16
29.05.2025 19:00:00 +02:00,589.86,3062.42,2472.55
29.05.2025 20:00:00 +02:00,443.08,3779.50,3336.41
29.05.2025 21:00:00 +02:00,503.46,3943.60,3440.14
29.05.2025 22:00:00 +02:00,1144.10,3579.74,2435.64
29.05.2025 23:00:00 +02:00,1071.21,3155.04,2083.83
30.05.2025 00:00:00 +02:00,1818.75,2413.14,594.38
30.05.2025 01:00:00 +02:00,2147.74,2176.29,28.56
30.05.2025 02:00:00 +02:00,2049.30,2252.87,203.57
30.05.2025 03:00:00 +02:00,2273.59,2325.86,52.27
30.05.2025 04:00:00 +02:00,2169.77,2257.92,88.15
30.05.2025 05:00:00 +02:00,2243.44,2401.96,158.52
30.05.2025 06:00:00 +02:00,2242.53,2150.04,-92.48
30.05.2025 07:00:00 +02:00,1454.40,2127.84,673.44
30.05.2025 08:00:00 +02:00,1967.45,1696.69,-270.76
30.05.2025 09:00:00 +02:00,3461.37,1354.36,-2107.02
30.05.2025 10:00:00 +02:00,4008.08,2312.22,-1695.86
30.05.2025 11:00:00 +02:00,3918.07,2370.58,-1547.50
30.05.2025 12:00:00 +02:00,3482.95,2336.34,-1146.60
30.05.2025 13:00:00 +02:00,3500.84,2088.86,-1411.97
30.05.2025 14:00:00 +02:00,3265.97,2349.02,-916.95
30.05.2025 15:00:00 +02:00,3165.08,1997.92,-1167.16
30.05.2025 16:00:00 +02:00,3472.84,2063.43,-1409.41
30.05.2025 17:00:00 +02:00,3165.76,1468.11,-1697.64
30.05.2025 18:00:00 +02:00,1129.29,2797.87,1668.58
30.05.2025 19:00:00 +02:00,1008.70,4210.83,3202.13
30.05.2025 20:00:00 +02:00,1041.71,4444.52,3402.81
30.05.2025 21:00:00 +02:00,1062.26,4581.46,3519.19
30.05.2025 22:00:00 +02:00,1526.38,4005.00,2478.62
30.05.2025 23:00:00 +02:00,1579.92,4048.66,2468.74
31.05.2025 00:00:00 +02:00,2031.03,4136.34,2105.30
31.05.2025 01:00:00 +02:00,1848.72,4040.28,2191.56
31.05.2025 02:00:00 +02:00,1823.02,4082.11,2259.09
31.05.2025 03:00:00 +02:00,1814.31,4155.98,2341.66
31.05.2025 04:00:00 +02:00,1647.49,4385.83,2738.34
31.05.2025 05:00:00 +02:00,1538.54,4395.54,2857.00
31.05.2025 06:00:00 +02:00,1169.58,4161.68,2992.10
31.05.2025 07:00:00 +02:00,1296.10,3581.90,2285.80
31.05.2025 08:00:00 +02:00,1376.30,2241.96,865.66
31.05.2025 09:00:00 +02:00,2993.46,1184.75,-1808.70
31.05.2025 10:00:00 +02:00,3111.28,594.44,-2516.84
31.05.2025 11:00:00 +02:00,2950.78,136.90,-2813.88
31.05.2025 12:00:00 +02:00,3166.10,0.00,-3166.10
31.05.2025 13:00:00 +02:00,3069.76,26.18,-3043.58
31.05.2025 14:00:00 +02:00,3562.01,0.47,-3561.54
31.05.2025 15:00:00 +02:00,3021.36,0.00,-3021.36
31.05.2025 16:00:00 +02:00,2843.22,141.90,-2701.32
31.05.2025 17:00:00 +02:00,2658.85,1459.52,-1199.33
31.05.2025 18:00:00 +02:00,172.58,3095.44,2922.86
31.05.2025 19:00:00 +02:00,0.00,4627.62,4627.62
31.05.2025 20:00:00 +02:00,0.00,5447.35,5447.35
31.05.2025 21:00:00 +02:00,0.00,5578.99,5578.99
31.05.2025 22:00:00 +02:00,0.00,5602.83,5602.83
31.05.2025 23:00:00 +02:00,0.00,5164.46,5164.46
01.06.2025 00:00:00 +02:00,0.00,5821.24,5821.24
01.06.2025 01:00:00 +02:00,0.00,5105.68,5105.68
01.06.2025 02:00:00 +02:00,0.00,4447.95,4447.95
01.06.2025 03:00:00 +02:00,41.26,4000.99,3959.74
01.06.2025 04:00:00 +02:00,476.43,4086.40,3609.96
01.06.2025 05:00:00 +02:00,917.91,3504.01,2586.10
01.06.2025 06:00:00 +02:00,1296.42,2107.32,810.90
01.06.2025 07:00:00 +02:00,1411.06,1353.55,-57.51
01.06.2025 08:00:00 +02:00,1903.83,545.96,-1357.87
01.06.2025 09:00:00 +02:00,3424.99,0.00,-3424.99
01.06.2025 10:00:00 +02:00,3425.38,145.17,-3280.20
01.06.2025 11:00:00 +02:00,4134.54,0.00,-4134.54
01.06.2025 12:00:00 +02:00,3275.33,0.00,-3275.33
01.06.2025 13:00:00 +02:00,3480.30,0.00,-3480.30
01.06.2025 14:00:00 +02:00,3263.12,0.00,-3263.12
01.06.2025 15:00:00 +02:00,2991.54,13.15,-2978.39
01.06.2025 16:00:00 +02:00,2898.03,387.74,-2510.29
01.06.2025 17:00:00 +02:00,2820.87,341.24,-2479.63
01.06.2025 18:00:00 +02:00,1342.08,430.57,-911.51
01.06.2025 19:00:00 +02:00,3.04,2598.26,2595.22
01.06.2025 20:00:00 +02:00,0.00,3967.38,3967.38
01.06.2025 21:00:00 +02:00,74.61,4859.53,4784.92
01.06.2025 22:00:00 +02:00,522.58,5128.03,4605.45
01.06.2025 23:00:00 +02:00,894.24,4527.61,3633.37
02.06.2025 00:00:00 +02:00,1602.16,4295.46,2693.30
02.06.2025 01:00:00 +02:00,1655.84,3940.43,2284.59
02.06.2025 02:00:00 +02:00,1630.92,4115.66,2484.73
02.06.2025 03:00:00 +02:00,1434.13,4336.32,2902.18
02.06.2025 04:00:00 +02:00,1352.22,4342.42,2990.20
02.06.2025 05:00:00 +02:00,798.10,4732.44,3934.34
02.06.2025 06:00:00 +02:00,119.34,5043.60,4924.26
02.06.2025 07:00:00 +02:00,0.00,5317.20,5317.20
02.06.2025 08:00:00 +02:00,0.00,4305.95,4305.95
02.06.2025 09:00:00 +02:00,622.40,3775.80,3153.40
02.06.2025 10:00:00 +02:00,1664.65,3463.83,1799.18
02.06.2025 11:00:00 +02:00,2283.59,2869.13,585.54
02.06.2025 12:00:00 +02:00,2159.15,1741.60,-417.55
02.06.2025 13:00:00 +02:00,2271.17,1621.80,-649.37
02.06.2025 14:00:00 +02:00,2541.78,1692.24,-849.54
02.06.2025 15:00:00 +02:00,2269.62,1810.85,-458.76
02.06.2025 16:00:00 +02:00,2157.56,1938.04,-219.51
02.06.2025 17:00:00 +02:00,1399.90,3967.72,2567.82
02.06.2025 18:00:00 +02:00,599.42,5372.32,4772.90
02.06.2025 19:00:00 +02:00,29.54,5651.20,5621.66
02.06.2025 20:00:00 +02:00,0.00,6196.40,6196.40
02.06.2025 21:00:00 +02:00,0.00,6023.08,6023.08
02.06.2025 22:00:00 +02:00,0.16,5472.23,5472.07
02.06.2025 23:00:00 +02:00,348.91,4884.42,4535.50
03.06.2025 00:00:00 +02:00,358.45,4328.94,3970.49
03.06.2025 01:00:00 +02:00,665.54,3903.00,3237.46
03.06.2025 02:00:00 +02:00,1221.76,4271.38,3049.62
03.06.2025 03:00:00 +02:00,1315.01,4322.13,3007.12
03.06.2025 04:00:00 +02:00,1193.86,4296.38,3102.52
03.06.2025 05:00:00 +02:00,694.95,4396.19,3701.24
03.06.2025 06:00:00 +02:00,677.84,5137.84,4460.01
03.06.2025 07:00:00 +02:00,672.90,4637.81,3964.90
03.06.2025 08:00:00 +02:00,672.78,3712.58,3039.81
03.06.2025 09:00:00 +02:00,1605.29,2219.60,614.31
03.06.2025 10:00:00 +02:00,2423.40,1081.28,-1342.12
03.06.2025 11:00:00 +02:00,2933.26,1122.89,-1810.38
03.06.2025 12:00:00 +02:00,2988.61,306.12,-2682.50
03.06.2025 13:00:00 +02:00,3373.81,19.17,-3354.64
03.06.2025 14:00:00 +02:00,3325.54,62.75,-3262.79
03.06.2025 15:00:00 +02:00,2881.98,506.88,-2375.10
03.06.2025 16:00:00 +02:00,2484.20,680.80,-1803.40
03.06.2025 17:00:00 +02:00,1265.15,2091.68,826.53
03.06.2025 18:00:00 +02:00,47.66,3081.90,3034.24
03.06.2025 19:00:00 +02:00,0.24,4701.41,4701.17
03.06.2025 20:00:00 +02:00,0.26,5399.33,5399.06
03.06.2025 21:00:00 +02:00,0.27,5322.48,5322.20
03.06.2025 22:00:00 +02:00,27.66,4655.22,4627.56
03.06.2025 23:00:00 +02:00,582.85,4777.61,4194.76
04.06.2025 00:00:00 +02:00,774.76,2812.59,2037.82
04.06.2025 01:00:00 +02:00,1164.72,2079.93,915.21
04.06.2025 02:00:00 +02:00,1312.97,1691.04,378.07
04.06.2025 03:00:00 +02:00,1345.73,1515.46,169.72
04.06.2025 04:00:00 +02:00,1090.13,1550.32,460.18
04.06.2025 05:00:00 +02:00,873.09,2056.90,1183.81
04.06.2025 06:00:00 +02:00,304.50,3100.26,2795.77
04.06.2025 07:00:00 +02:00,0.33,3558.19,3557.86
04.06.2025 08:00:00 +02:00,2.08,3887.40,3885.33
04.06.2025 09:00:00 +02:00,577.26,3044.89,2467.63
04.06.2025 10:00:00 +02:00,1428.48,1176.29,-252.20
04.06.2025 11:00:00 +02:00,2184.55,352.34,-1832.20
04.06.2025 12:00:00 +02:00,3453.63,0.32,-3453.31
04.06.2025 13:00:00 +02:00,3424.97,0.00,-3424.97
04.06.2025 14:00:00 +02:00,3360.48,0.00,-3360.48
04.06.2025 15:00:00 +02:00,2890.28,144.80,-2745.48
04.06.2025 16:00:00 +02:00,1818.10,674.32,-1143.78
04.06.2025 17:00:00 +02:00,163.27,2446.82,2283.54
04.06.2025 18:00:00 +02:00,0.54,4546.91,4546.37
04.06.2025 19:00:00 +02:00,0.36,5018.48,5018.12
04.06.2025 20:00:00 +02:00,0.28,5277.32,5277.04
04.06.2025 21:00:00 +02:00,0.32,5320.52,5320.20
04.06.2025 22:00:00 +02:00,65.82,4505.55,4439.73
04.06.2025 23:00:00 +02:00,9.77,4533.68,4523.91
05.06.2025 00:00:00 +02:00,266.98,4144.72,3877.74
05.06.2025 01:00:00 +02:00,448.00,3850.78,3402.79
05.06.2025 02:00:00 +02:00,657.12,3794.12,3137.01
05.06.2025 03:00:00 +02:00,730.99,3580.38,2849.38
05.06.2025 04:00:00 +02:00,407.63,3518.64,3111.01
05.06.2025 05:00:00 +02:00,0.34,4054.00,4053.67
05.06.2025 06:00:00 +02:00,0.34,5159.76,5159.42
05.06.2025 07:00:00 +02:00,0.28,4958.78,4958.49
05.06.2025 08:00:00 +02:00,0.28,4850.79,4850.50
05.06.2025 09:00:00 +02:00,0.28,4492.29,4492.02
05.06.2025 10:00:00 +02:00,514.80,2604.05,2089.25
05.06.2025 11:00:00 +02:00,1916.60,1116.61,-799.99
05.06.2025 12:00:00 +02:00,2770.44,944.16,-1826.27
05.06.2025 13:00:00 +02:00,2891.46,872.69,-2018.77
05.06.2025 14:00:00 +02:00,2102.72,1443.94,-658.78
05.06.2025 15:00:00 +02:00,1767.18,914.26,-852.92
05.06.2025 16:00:00 +02:00,231.82,1494.33,1262.52
05.06.2025 17:00:00 +02:00,0.00,3903.31,3903.31
05.06.2025 18:00:00 +02:00,0.00,4570.63,4570.63
05.06.2025 19:00:00 +02:00,0.00,5316.83,5316.83
05.06.2025 20:00:00 +02:00,0.00,5554.68,5554.68
05.06.2025 21:00:00 +02:00,0.00,5514.81,5514.81
05.06.2025 22:00:00 +02:00,0.00,5339.76,5339.76
05.06.2025 23:00:00 +02:00,19.74,4593.36,4573.63
06.06.2025 00:00:00 +02:00,400.37,3662.47,3262.10
06.06.2025 01:00:00 +02:00,688.34,2750.54,2062.19
06.06.2025 02:00:00 +02:00,540.90,2664.00,2123.10
06.06.2025 03:00:00 +02:00,666.79,2260.02,1593.22
06.06.2025 04:00:00 +02:00,378.72,2121.65,1742.93
06.06.2025 05:00:00 +02:00,2.55,1913.36,1910.82
06.06.2025 06:00:00 +02:00,231.42,2302.56,2071.15
06.06.2025 07:00:00 +02:00,571.26,2131.56,1560.30
06.06.2025 08:00:00 +02:00,1828.05,1707.50,-120.55
06.06.2025 09:00:00 +02:00,3022.51,864.28,-2158.23
06.06.2025 10:00:00 +02:00,3671.97,1240.31,-2431.66
06.06.2025 11:00:00 +02:00,3712.84,1230.78,-2482.06
06.06.2025 12:00:00 +02:00,3940.84,1178.05,-2762.79
06.06.2025 13:00:00 +02:00,4226.82,1194.68,-3032.13
06.06.2025 14:00:00 +02:00,4132.43,1480.48,-2651.96
06.06.2025 15:00:00 +02:00,3862.43,1606.56,-2255.87
06.06.2025 16:00:00 +02:00,3763.33,1591.06,-2172.26
06.06.2025 17:00:00 +02:00,3310.97,1413.61,-1897.36
06.06.2025 18:00:00 +02:00,2467.36,2264.18,-203.18
06.06.2025 19:00:00 +02:00,410.11,2979.77,2569.66
06.06.2025 20:00:00 +02:00,54.19,3232.54,3178.35
06.06.2025 21:00:00 +02:00,110.20,3271.03,3160.82
06.06.2025 22:00:00 +02:00,736.83,3475.66,2738.84
06.06.2025 23:00:00 +02:00,1240.11,3497.65,2257.54
07.06.2025 00:00:00 +02:00,1948.74,3690.54,1741.80
07.06.2025 01:00:00 +02:00,1962.90,3790.06,1827.17
07.06.2025 02:00:00 +02:00,1824.44,3688.14,1863.70
07.06.2025 03:00:00 +02:00,2016.58,3641.70,1625.12
07.06.2025 04:00:00 +02:00,2017.19,4095.69,2078.50
07.06.2025 05:00:00 +02:00,2007.40,3990.25,1982.85
07.06.2025 06:00:00 +02:00,2009.76,4288.71,2278.95
07.06.2025 07:00:00 +02:00,1985.64,4110.00,2124.36
07.06.2025 08:00:00 +02:00,1806.10,3178.23,1372.13
07.06.2025 09:00:00 +02:00,2168.40,2289.05,120.64
07.06.2025 10:00:00 +02:00,2492.22,1322.48,-1169.74
07.06.2025 11:00:00 +02:00,2825.44,933.76,-1891.67
07.06.2025 12:00:00 +02:00,3238.15,1201.76,-2036.39
07.06.2025 13:00:00 +02:00,3422.02,1086.58,-2335.44
07.06.2025 14:00:00 +02:00,3467.00,1063.98,-2403.01
07.06.2025 15:00:00 +02:00,3223.92,1212.24,-2011.68
07.06.2025 16:00:00 +02:00,2758.18,1321.08,-1437.10
07.06.2025 17:00:00 +02:00,2443.52,2030.34,-413.18
07.06.2025 18:00:00 +02:00,139.03,3763.44,3624.41
07.06.2025 19:00:00 +02:00,11.97,4688.88,4676.91
07.06.2025 20:00:00 +02:00,0.26,5088.26,5088.01
07.06.2025 21:00:00 +02:00,0.29,5354.00,5353.72
07.06.2025 22:00:00 +02:00,0.40,5626.29,5625.90
07.06.2025 23:00:00 +02:00,0.37,5078.94,5078.58
08.06.2025 00:00:00 +02:00,0.24,5187.70,5187.46
08.06.2025 01:00:00 +02:00,0.25,5072.19,5071.94
08.06.2025 02:00:00 +02:00,229.62,4332.96,4103.34
08.06.2025 03:00:00 +02:00,622.98,3434.11,2811.13
08.06.2025 04:00:00 +02:00,981.19,3171.20,2190.01
08.06.2025 05:00:00 +02:00,1117.70,1994.34,876.65
08.06.2025 06:00:00 +02:00,2151.38,1567.28,-584.10
08.06.2025 07:00:00 +02:00,2961.30,575.38,-2385.92
08.06.2025 08:00:00 +02:00,3499.22,338.20,-3161.03
08.06.2025 09:00:00 +02:00,3909.10,43.58,-3865.51
08.06.2025 10:00:00 +02:00,4411.42,3.07,-4408.36
08.06.2025 11:00:00 +02:00,4263.55,3.46,-4260.09
08.06.2025 12:00:00 +02:00,4113.02,42.63,-4070.38
08.06.2025 13:00:00 +02:00,4305.55,486.20,-3819.35
08.06.2025 14:00:00 +02:00,4478.89,727.04,-3751.84
08.06.2025 15:00:00 +02:00,3983.33,795.59,-3187.74
08.06.2025 16:00:00 +02:00,3913.65,991.10,-2922.56
08.06.2025 17:00:00 +02:00,3684.39,1363.46,-2320.94
08.06.2025 18:00:00 +02:00,3399.49,1541.78,-1857.72
08.06.2025 19:00:00 +02:00,2954.44,1672.76,-1281.68
08.06.2025 20:00:00 +02:00,2361.36,2445.29,83.93
08.06.2025 21:00:00 +02:00,1805.57,2734.74,929.18
08.06.2025 22:00:00 +02:00,1694.03,2199.60,505.56
08.06.2025 23:00:00 +02:00,2493.08,2205.01,-288.07
09.06.2025 00:00:00 +02:00,2668.71,1991.59,-677.12
09.06.2025 01:00:00 +02:00,3040.01,1759.26,-1280.74
09.06.2025 02:00:00 +02:00,3131.52,1685.29,-1446.23
09.06.2025 03:00:00 +02:00,3173.66,1841.46,-1332.20
09.06.2025 04:00:00 +02:00,2580.92,1789.72,-791.20
09.06.2025 05:00:00 +02:00,2068.36,2198.54,130.18
09.06.2025 06:00:00 +02:00,2121.14,2374.74,253.60
09.06.2025 07:00:00 +02:00,2651.53,2224.78,-426.76
09.06.2025 08:00:00 +02:00,3611.52,2170.19,-1441.33
09.06.2025 09:00:00 +02:00,3691.43,1682.04,-2009.40
09.06.2025 10:00:00 +02:00,3685.91,1305.17,-2380.74
09.06.2025 11:00:00 +02:00,3987.12,1066.57,-2920.55
09.06.2025 12:00:00 +02:00,3651.69,1015.45,-2636.24
09.06.2025 13:00:00 +02:00,3356.76,1320.17,-2036.60
09.06.2025 14:00:00 +02:00,3211.57,1424.98,-1786.60
09.06.2025 15:00:00 +02:00,2796.15,1794.74,-1001.41
09.06.2025 16:00:00 +02:00,2552.97,1942.74,-610.22
09.06.2025 17:00:00 +02:00,2168.58,1846.42,-322.16
09.06.2025 18:00:00 +02:00,1144.55,3175.80,2031.25
09.06.2025 19:00:00 +02:00,934.20,4628.40,3694.20
09.06.2025 20:00:00 +02:00,339.44,5178.02,4838.58
09.06.2025 21:00:00 +02:00,330.34,4816.14,4485.81
09.06.2025 22:00:00 +02:00,901.80,5132.27,4230.47
09.06.2025 23:00:00 +02:00,876.54,5144.54,4268.01
10.06.2025 00:00:00 +02:00,902.70,4901.12,3998.42
10.06.2025 01:00:00 +02:00,915.56,4717.33,3801.77
10.06.2025 02:00:00 +02:00,979.29,3903.39,2924.10
10.06.2025 03:00:00 +02:00,1116.33,3292.04,2175.71
10.06.2025 04:00:00 +02:00,1027.69,2703.69,1676.00
10.06.2025 05:00:00 +02:00,527.70,2699.25,2171.56
10.06.2025 06:00:00 +02:00,677.95,3641.12,2963.17
10.06.2025 07:00:00 +02:00,391.18,3681.49,3290.31
10.06.2025 08:00:00 +02:00,789.63,2864.66,2075.03
10.06.2025 09:00:00 +02:00,1422.71,1490.28,67.57
10.06.2025 10:00:00 +02:00,2899.67,1101.44,-1798.23
10.06.2025 11:00:00 +02:00,3547.52,1137.89,-2409.62
10.06.2025 12:00:00 +02:00,3369.30,964.48,-2404.82
10.06.2025 13:00:00 +02:00,3082.76,1060.20,-2022.55
10.06.2025 14:00:00 +02:00,3033.77,1099.39,-1934.38
10.06.2025 15:00:00 +02:00,2709.56,1040.68,-1668.88
10.06.2025 16:00:00 +02:00,2049.19,1075.72,-973.47
10.06.2025 17:00:00 +02:00,908.56,1610.64,702.09
10.06.2025 18:00:00 +02:00,461.36,2416.65,1955.30
10.06.2025 19:00:00 +02:00,0.00,3363.73,3363.73
10.06.2025 20:00:00 +02:00,0.00,3430.30,3430.30
10.06.2025 21:00:00 +02:00,0.00,4376.00,4376.00
10.06.2025 22:00:00 +02:00,0.00,4562.06,4562.06
10.06.2025 23:00:00 +02:00,0.00,4830.88,4830.88
11.06.2025 00:00:00 +02:00,214.45,4345.44,4130.98
11.06.2025 01:00:00 +02:00,264.63,4329.28,4064.65
11.06.2025 02:00:00 +02:00,206.45,4410.81,4204.36
11.06.2025 03:00:00 +02:00,236.74,4261.25,4024.50
11.06.2025 04:00:00 +02:00,211.76,4752.72,4540.95
11.06.2025 05:00:00 +02:00,0.00,5344.74,5344.74
11.06.2025 06:00:00 +02:00,0.00,5453.06,5453.06
11.06.2025 07:00:00 +02:00,0.00,4622.11,4622.11
11.06.2025 08:00:00 +02:00,26.66,3211.94,3185.28
11.06.2025 09:00:00 +02:00,415.96,2479.43,2063.46
11.06.2025 10:00:00 +02:00,1342.45,1802.56,460.12
11.06.2025 11:00:00 +02:00,2107.80,1534.78,-573.02
11.06.2025 12:00:00 +02:00,2753.19,1474.16,-1279.02
11.06.2025 13:00:00 +02:00,2666.51,1446.83,-1219.68
11.06.2025 14:00:00 +02:00,2261.58,1447.00,-814.58
11.06.2025 15:00:00 +02:00,1829.65,1446.80,-382.85
11.06.2025 16:00:00 +02:00,674.34,1550.44,876.10
11.06.2025 17:00:00 +02:00,195.60,2535.00,2339.40
11.06.2025 18:00:00 +02:00,0.26,4699.02,4698.76
11.06.2025 19:00:00 +02:00,0.32,5473.20,5472.88
11.06.2025 20:00:00 +02:00,15.84,5674.94,5659.09
11.06.2025 21:00:00 +02:00,0.23,5929.62,5929.39
11.06.2025 22:00:00 +02:00,0.23,5734.95,5734.72
11.06.2025 23:00:00 +02:00,0.25,5235.07,5234.82
12.06.2025 00:00:00 +02:00,0.39,5153.54,5153.16
12.06.2025 01:00:00 +02:00,0.49,4698.95,4698.46
12.06.2025 02:00:00 +02:00,158.95,4208.96,4050.01
12.06.2025 03:00:00 +02:00,412.87,4156.74,3743.87
12.06.2025 04:00:00 +02:00,1023.62,3659.89,2636.26
12.06.2025 05:00:00 +02:00,1220.39,3271.68,2051.30
12.06.2025 06:00:00 +02:00,835.56,3042.09,2206.52
12.06.2025 07:00:00 +02:00,411.79,2922.02,2510.23
12.06.2025 08:00:00 +02:00,18.76,1988.56,1969.80
12.06.2025 09:00:00 +02:00,1148.49,265.38,-883.12
12.06.2025 10:00:00 +02:00,3424.38,3.96,-3420.43
12.06.2025 11:00:00 +02:00,4380.30,0.00,-4380.30
12.06.2025 12:00:00 +02:00,4191.71,0.00,-4191.71
12.06.2025 13:00:00 +02:00,4296.78,0.00,-4296.78
12.06.2025 14:00:00 +02:00,4368.41,0.00,-4368.41
12.06.2025 15:00:00 +02:00,3677.03,29.26,-3647.77
12.06.2025 16:00:00 +02:00,2167.20,86.30,-2080.90
12.06.2025 17:00:00 +02:00,1221.20,555.32,-665.88
12.06.2025 18:00:00 +02:00,93.34,2403.49,2310.15
12.06.2025 19:00:00 +02:00,24.22,3989.31,3965.10
12.06.2025 20:00:00 +02:00,0.25,4804.17,4803.92
12.06.2025 21:00:00 +02:00,0.28,5321.67,5321.39
12.06.2025 22:00:00 +02:00,0.47,5800.09,5799.62
12.06.2025 23:00:00 +02:00,0.31,5527.37,5527.06
13.06.2025 00:00:00 +02:00,110.12,4553.44,4443.32
13.06.2025 01:00:00 +02:00,165.31,3906.58,3741.27
13.06.2025 02:00:00 +02:00,128.07,3788.27,3660.20
13.06.2025 03:00:00 +02:00,15.78,4145.84,4130.06
13.06.2025 04:00:00 +02:00,132.97,4080.22,3947.25
13.06.2025 05:00:00 +02:00,71.68,4417.52,4345.83
13.06.2025 06:00:00 +02:00,57.05,4773.69,4716.64
13.06.2025 07:00:00 +02:00,149.23,4449.24,4300.01
13.06.2025 08:00:00 +02:00,628.12,3748.50,3120.38
13.06.2025 09:00:00 +02:00,1508.50,2568.50,1060.00
13.06.2025 10:00:00 +02:00,2342.70,1837.56,-505.14
13.06.2025 11:00:00 +02:00,3026.75,1566.15,-1460.60
13.06.2025 12:00:00 +02:00,3206.92,1580.86,-1626.05
13.06.2025 13:00:00 +02:00,3125.40,1465.62,-1659.78
13.06.2025 14:00:00 +02:00,2584.57,1475.30,-1109.27
13.06.2025 15:00:00 +02:00,2252.02,507.86,-1744.16
13.06.2025 16:00:00 +02:00,1844.21,433.90,-1410.31
13.06.2025 17:00:00 +02:00,908.32,1513.69,605.37
13.06.2025 18:00:00 +02:00,81.89,2994.27,2912.38
13.06.2025 19:00:00 +02:00,0.28,4853.87,4853.58
13.06.2025 20:00:00 +02:00,0.30,5841.86,5841.56
13.06.2025 21:00:00 +02:00,0.28,5917.84,5917.56
13.06.2025 22:00:00 +02:00,0.00,5344.24,5344.24
13.06.2025 23:00:00 +02:00,0.00,5144.28,5144.28
14.06.2025 00:00:00 +02:00,0.00,5115.88,5115.88
14.06.2025 01:00:00 +02:00,17.81,4430.36,4412.55
14.06.2025 02:00:00 +02:00,0.00,3958.92,3958.92
14.06.2025 03:00:00 +02:00,0.00,3820.43,3820.43
14.06.2025 04:00:00 +02:00,59.14,3124.36,3065.22
14.06.2025 05:00:00 +02:00,500.70,2742.04,2241.33
14.06.2025 06:00:00 +02:00,1148.33,2956.17,1807.84
14.06.2025 07:00:00 +02:00,1471.95,2942.60,1470.65
14.06.2025 08:00:00 +02:00,2206.08,2487.19,281.11
14.06.2025 09:00:00 +02:00,3059.02,1801.73,-1257.29
14.06.2025 10:00:00 +02:00,3118.35,1558.44,-1559.91
14.06.2025 11:00:00 +02:00,3259.96,1505.47,-1754.49
14.06.2025 12:00:00 +02:00,2795.11,1492.43,-1302.68
14.06.2025 13:00:00 +02:00,2828.90,1168.07,-1660.83
14.06.2025 14:00:00 +02:00,2578.11,669.79,-1908.32
14.06.2025 15:00:00 +02:00,2055.66,215.14,-1840.52
14.06.2025 16:00:00 +02:00,1569.22,169.91,-1399.30
14.06.2025 17:00:00 +02:00,588.26,1833.33,1245.07
14.06.2025 18:00:00 +02:00,162.56,3409.02,3246.46
14.06.2025 19:00:00 +02:00,0.00,5528.52,5528.52
14.06.2025 20:00:00 +02:00,0.00,6170.87,6170.87
14.06.2025 21:00:00 +02:00,0.00,6303.44,6303.44
14.06.2025 22:00:00 +02:00,0.00,6339.99,6339.99
14.06.2025 23:00:00 +02:00,0.00,5909.36,5909.36
15.06.2025 00:00:00 +02:00,0.00,6062.30,6062.30
15.06.2025 01:00:00 +02:00,0.00,6095.70,6095.70
15.06.2025 02:00:00 +02:00,0.00,5894.88,5894.88
15.06.2025 03:00:00 +02:00,0.00,6006.42,6006.42
15.06.2025 04:00:00 +02:00,0.00,5465.44,5465.44
15.06.2025 05:00:00 +02:00,0.00,5034.35,5034.35
15.06.2025 06:00:00 +02:00,0.00,4101.58,4101.58
15.06.2025 07:00:00 +02:00,9.91,3111.69,3101.78
15.06.2025 08:00:00 +02:00,405.48,2458.87,2053.39
15.06.2025 09:00:00 +02:00,1373.21,2165.40,792.19
15.06.2025 10:00:00 +02:00,2023.98,1719.74,-304.24
15.06.2025 11:00:00 +02:00,2551.46,1430.64,-1120.82
15.06.2025 12:00:00 +02:00,2407.44,953.67,-1453.78
15.06.2025 13:00:00 +02:00,2315.14,521.24,-1793.90
15.06.2025 14:00:00 +02:00,2283.60,75.75,-2207.86
15.06.2025 15:00:00 +02:00,1603.62,91.37,-1512.25
15.06.2025 16:00:00 +02:00,919.56,928.94,9.38
15.06.2025 17:00:00 +02:00,404.94,2694.62,2289.68
15.06.2025 18:00:00 +02:00,102.13,4924.16,4822.04
15.06.2025 19:00:00 +02:00,0.00,5511.82,5511.82
15.06.2025 20:00:00 +02:00,0.00,6008.96,6008.96
15.06.2025 21:00:00 +02:00,0.00,6069.45,6069.45
15.06.2025 22:00:00 +02:00,0.00,5960.99,5960.99
15.06.2025 23:00:00 +02:00,0.00,6146.47,6146.47
16.06.2025 00:00:00 +02:00,0.00,5902.16,5902.16
16.06.2025 01:00:00 +02:00,0.03,5371.91,5371.88
16.06.2025 02:00:00 +02:00,0.11,5578.54,5578.43
16.06.2025 03:00:00 +02:00,0.08,5685.66,5685.58
16.06.2025 04:00:00 +02:00,0.00,5646.10,5646.10
16.06.2025 05:00:00 +02:00,0.00,5512.35,5512.35
16.06.2025 06:00:00 +02:00,0.00,5241.22,5241.22
16.06.2025 07:00:00 +02:00,0.00,5351.49,5351.49
16.06.2025 08:00:00 +02:00,0.00,4642.52,4642.52
16.06.2025 09:00:00 +02:00,96.73,3224.22,3127.50
16.06.2025 10:00:00 +02:00,1029.42,2821.84,1792.43
16.06.2025 11:00:00 +02:00,1687.24,1920.46,233.23
16.06.2025 12:00:00 +02:00,2579.94,2077.16,-502.78
16.06.2025 13:00:00 +02:00,3174.24,2011.68,-1162.55
16.06.2025 14:00:00 +02:00,2647.24,2054.07,-593.17
16.06.2025 15:00:00 +02:00,2437.79,2017.72,-420.07
16.06.2025 16:00:00 +02:00,2205.55,1966.33,-239.22
16.06.2025 17:00:00 +02:00,1403.52,2413.16,1009.64
16.06.2025 18:00:00 +02:00,965.37,3743.85,2778.48
16.06.2025 19:00:00 +02:00,498.61,4271.02,3772.41
16.06.2025 20:00:00 +02:00,270.02,4527.55,4257.53
16.06.2025 21:00:00 +02:00,343.88,4601.80,4257.92
16.06.2025 22:00:00 +02:00,615.18,4669.28,4054.10
16.06.2025 23:00:00 +02:00,969.18,4490.68,3521.50
17.06.2025 00:00:00 +02:00,1358.70,3755.74,2397.04
17.06.2025 01:00:00 +02:00,1523.83,3543.81,2019.98
17.06.2025 02:00:00 +02:00,1473.02,3475.06,2002.05
17.06.2025 03:00:00 +02:00,1550.93,3609.06,2058.13
17.06.2025 04:00:00 +02:00,1321.64,3582.95,2261.32
17.06.2025 05:00:00 +02:00,855.55,3295.02,2439.47
17.06.2025 06:00:00 +02:00,0.23,4281.90,4281.66
17.06.2025 07:00:00 +02:00,0.25,4651.26,4651.01
17.06.2025 08:00:00 +02:00,0.23,3351.36,3351.13
17.06.2025 09:00:00 +02:00,905.22,2234.38,1329.16
17.06.2025 10:00:00 +02:00,2973.30,1606.24,-1367.06
17.06.2025 11:00:00 +02:00,3369.30,1607.06,-1762.24
17.06.2025 12:00:00 +02:00,3295.57,1638.14,-1657.44
17.06.2025 13:00:00 +02:00,3306.44,1520.48,-1785.97
17.06.2025 14:00:00 +02:00,3017.60,1493.38,-1524.22
17.06.2025 15:00:00 +02:00,2545.36,1558.30,-987.06
17.06.2025 16:00:00 +02:00,2003.57,1891.56,-112.01
17.06.2025 17:00:00 +02:00,1572.25,3008.03,1435.78
17.06.2025 18:00:00 +02:00,1351.52,3967.37,2615.85
17.06.2025 19:00:00 +02:00,828.04,5203.30,4375.26
17.06.2025 20:00:00 +02:00,791.98,5544.23,4752.25
17.06.2025 21:00:00 +02:00,830.98,5622.22,4791.24
17.06.2025 22:00:00 +02:00,1154.94,5399.86,4244.91
17.06.2025 23:00:00 +02:00,1281.66,5582.79,4301.13
18.06.2025 00:00:00 +02:00,1428.00,5188.24,3760.24
18.06.2025 01:00:00 +02:00,1548.96,5087.32,3538.36
18.06.2025 02:00:00 +02:00,1501.39,5199.02,3697.63
18.06.2025 03:00:00 +02:00,1640.07,5319.07,3679.00
18.06.2025 04:00:00 +02:00,1530.98,5321.73,3790.75
18.06.2025 05:00:00 +02:00,1136.32,5453.80,4317.48
18.06.2025 06:00:00 +02:00,540.65,5334.24,4793.59
18.06.2025 07:00:00 +02:00,92.88,4929.92,4837.03
18.06.2025 08:00:00 +02:00,93.84,4130.62,4036.78
18.06.2025 09:00:00 +02:00,663.08,3104.84,2441.76
18.06.2025 10:00:00 +02:00,2482.28,2009.06,-473.22
18.06.2025 11:00:00 +02:00,3212.72,1685.63,-1527.10
18.06.2025 12:00:00 +02:00,3669.00,1724.48,-1944.53
18.06.2025 13:00:00 +02:00,3569.78,1499.04,-2070.74
18.06.2025 14:00:00 +02:00,3822.38,1447.72,-2374.67
18.06.2025 15:00:00 +02:00,3195.26,1477.73,-1717.54
18.06.2025 16:00:00 +02:00,2345.64,1558.42,-787.22
18.06.2025 17:00:00 +02:00,1328.28,2785.51,1457.22
18.06.2025 18:00:00 +02:00,283.71,4063.78,3780.07
18.06.2025 19:00:00 +02:00,70.64,4430.97,4360.32
18.06.2025 20:00:00 +02:00,0.24,5683.61,5683.38
18.06.2025 21:00:00 +02:00,0.22,5811.36,5811.14
18.06.2025 22:00:00 +02:00,6.51,5388.30,5381.78
18.06.2025 23:00:00 +02:00,427.66,5090.03,4662.36
19.06.2025 00:00:00 +02:00,662.56,4821.67,4159.10
19.06.2025 01:00:00 +02:00,1155.39,4735.18,3579.79
19.06.2025 02:00:00 +02:00,1463.86,4358.14,2894.28
19.06.2025 03:00:00 +02:00,1770.19,4350.92,2580.73
19.06.2025 04:00:00 +02:00,1796.03,4134.22,2338.19
19.06.2025 05:00:00 +02:00,1566.17,3889.35,2323.18
19.06.2025 06:00:00 +02:00,1344.80,3822.00,2477.20
19.06.2025 07:00:00 +02:00,1324.46,3138.48,1814.02
19.06.2025 08:00:00 +02:00,2180.13,2117.66,-62.46
19.06.2025 09:00:00 +02:00,2635.61,1900.08,-735.53
19.06.2025 10:00:00 +02:00,3422.48,1452.80,-1969.69
19.06.2025 11:00:00 +02:00,3731.02,1446.38,-2284.64
19.06.2025 12:00:00 +02:00,3854.24,1446.40,-2407.84
19.06.2025 13:00:00 +02:00,4080.55,1446.68,-2633.87
19.06.2025 14:00:00 +02:00,3655.35,1446.75,-2208.60
19.06.2025 15:00:00 +02:00,3496.84,1446.76,-2050.08
19.06.2025 16:00:00 +02:00,3086.27,1459.60,-1626.66
19.06.2025 17:00:00 +02:00,2469.92,1981.03,-488.89
19.06.2025 18:00:00 +02:00,1182.99,3003.02,1820.04
19.06.2025 19:00:00 +02:00,157.21,4118.26,3961.05
19.06.2025 20:00:00 +02:00,0.00,4446.21,4446.21
19.06.2025 21:00:00 +02:00,0.00,4813.12,4813.12
19.06.2025 22:00:00 +02:00,233.65,4717.34,4483.70
19.06.2025 23:00:00 +02:00,606.67,4890.26,4283.59
20.06.2025 00:00:00 +02:00,1823.46,4847.24,3023.79
20.06.2025 01:00:00 +02:00,1988.50,4945.22,2956.72
20.06.2025 02:00:00 +02:00,2388.69,4816.32,2427.63
20.06.2025 03:00:00 +02:00,2278.15,4801.93,2523.78
20.06.2025 04:00:00 +02:00,2063.21,4851.07,2787.86
20.06.2025 05:00:00 +02:00,2142.74,4964.88,2822.14
20.06.2025 06:00:00 +02:00,1773.66,4635.85,2862.19
20.06.2025 07:00:00 +02:00,726.55,4059.57,3333.02
20.06.2025 08:00:00 +02:00,568.28,3524.98,2956.71
20.06.2025 09:00:00 +02:00,589.58,2621.20,2031.62
20.06.2025 10:00:00 +02:00,1935.22,2084.47,149.25
20.06.2025 11:00:00 +02:00,2838.76,1764.64,-1074.12
20.06.2025 12:00:00 +02:00,3272.09,1793.40,-1478.68
20.06.2025 13:00:00 +02:00,3447.86,1754.68,-1693.18
20.06.2025 14:00:00 +02:00,3312.42,1820.54,-1491.88
20.06.2025 15:00:00 +02:00,2628.24,1815.51,-812.73
20.06.2025 16:00:00 +02:00,1327.75,2007.88,680.12
20.06.2025 17:00:00 +02:00,795.78,3466.36,2670.58
20.06.2025 18:00:00 +02:00,608.76,4610.11,4001.36
20.06.2025 19:00:00 +02:00,402.92,4927.75,4524.84
20.06.2025 20:00:00 +02:00,472.99,5043.82,4570.83
20.06.2025 21:00:00 +02:00,341.18,5278.97,4937.78
20.06.2025 22:00:00 +02:00,409.82,5337.00,4927.18
20.06.2025 23:00:00 +02:00,676.98,5203.38,4526.40
21.06.2025 00:00:00 +02:00,379.04,5341.60,4962.56
21.06.2025 01:00:00 +02:00,607.27,5286.42,4679.16
21.06.2025 02:00:00 +02:00,710.74,5323.81,4613.06
21.06.2025 03:00:00 +02:00,522.65,5421.47,4898.82
21.06.2025 04:00:00 +02:00,535.50,5070.23,4534.72
21.06.2025 05:00:00 +02:00,681.56,4509.66,3828.10
21.06.2025 06:00:00 +02:00,752.73,4033.38,3280.65
21.06.2025 07:00:00 +02:00,850.98,3520.94,2669.96
21.06.2025 08:00:00 +02:00,712.72,2651.63,1938.91
21.06.2025 09:00:00 +02:00,1332.92,1598.96,266.04
21.06.2025 10:00:00 +02:00,2494.76,1560.98,-933.78
21.06.2025 11:00:00 +02:00,3123.15,1473.20,-1649.95
21.06.2025 12:00:00 +02:00,3736.24,1447.06,-2289.17
21.06.2025 13:00:00 +02:00,3295.76,1428.10,-1867.66
21.06.2025 14:00:00 +02:00,2957.54,976.06,-1981.48
21.06.2025 15:00:00 +02:00,2080.91,665.18,-1415.73
21.06.2025 16:00:00 +02:00,1353.98,727.39,-626.59
21.06.2025 17:00:00 +02:00,923.22,2452.70,1529.47
21.06.2025 18:00:00 +02:00,553.46,4094.78,3541.31
21.06.2025 19:00:00 +02:00,418.34,4535.55,4117.20
21.06.2025 20:00:00 +02:00,128.20,5034.01,4905.81
21.06.2025 21:00:00 +02:00,259.76,5296.82,5037.07
21.06.2025 22:00:00 +02:00,597.57,4478.00,3880.44
21.06.2025 23:00:00 +02:00,595.05,4666.76,4071.71
22.06.2025 00:00:00 +02:00,397.79,4752.02,4354.23
22.06.2025 01:00:00 +02:00,408.46,4774.10,4365.64
22.06.2025 02:00:00 +02:00,404.61,4833.32,4428.71
22.06.2025 03:00:00 +02:00,688.14,4590.40,3902.25
22.06.2025 04:00:00 +02:00,717.74,4360.46,3642.72
22.06.2025 05:00:00 +02:00,635.52,3883.72,3248.20
22.06.2025 06:00:00 +02:00,763.90,2834.52,2070.61
22.06.2025 07:00:00 +02:00,1016.01,1206.46,190.45
22.06.2025 08:00:00 +02:00,1496.14,533.84,-962.31
22.06.2025 09:00:00 +02:00,2184.00,79.37,-2104.64
22.06.2025 10:00:00 +02:00,2670.97,61.86,-2609.11
22.06.2025 11:00:00 +02:00,2763.70,108.68,-2655.02
22.06.2025 12:00:00 +02:00,2871.09,61.86,-2809.23
22.06.2025 13:00:00 +02:00,3352.73,61.86,-3290.87
22.06.2025 14:00:00 +02:00,3195.25,61.86,-3133.39
22.06.2025 15:00:00 +02:00,2911.44,61.86,-2849.58
22.06.2025 16:00:00 +02:00,1931.82,208.52,-1723.30
22.06.2025 17:00:00 +02:00,1210.03,730.51,-479.52
22.06.2025 18:00:00 +02:00,866.09,2073.83,1207.74
22.06.2025 19:00:00 +02:00,194.34,3849.10,3654.75
22.06.2025 20:00:00 +02:00,320.72,4683.06,4362.34
22.06.2025 21:00:00 +02:00,358.04,4642.57,4284.52
22.06.2025 22:00:00 +02:00,401.63,5012.66,4611.03
22.06.2025 23:00:00 +02:00,540.89,4916.59,4375.70
23.06.2025 00:00:00 +02:00,445.61,3983.94,3538.33
23.06.2025 01:00:00 +02:00,434.49,2891.25,2456.76
23.06.2025 02:00:00 +02:00,474.62,2344.28,1869.66
23.06.2025 03:00:00 +02:00,834.54,2129.24,1294.70
23.06.2025 04:00:00 +02:00,1376.75,2002.87,626.12
23.06.2025 05:00:00 +02:00,1778.20,1760.17,-18.02
23.06.2025 06:00:00 +02:00,1417.93,2194.42,776.48
23.06.2025 07:00:00 +02:00,1634.84,1952.92,318.08
23.06.2025 08:00:00 +02:00,1918.10,1898.96,-19.13
23.06.2025 09:00:00 +02:00,2565.21,652.62,-1912.59
23.06.2025 10:00:00 +02:00,2880.28,262.17,-2618.10
23.06.2025 11:00:00 +02:00,3174.55,60.98,-3113.56
23.06.2025 12:00:00 +02:00,3669.28,84.92,-3584.36
23.06.2025 13:00:00 +02:00,3486.54,323.70,-3162.84
23.06.2025 14:00:00 +02:00,4032.30,59.92,-3972.38
23.06.2025 15:00:00 +02:00,4193.73,411.41,-3782.32
23.06.2025 16:00:00 +02:00,3856.47,173.02,-3683.44
23.06.2025 17:00:00 +02:00,3011.89,453.44,-2558.44
23.06.2025 18:00:00 +02:00,2285.38,519.47,-1765.91
23.06.2025 19:00:00 +02:00,1813.84,1735.45,-78.39
23.06.2025 20:00:00 +02:00,1719.18,2684.56,965.39
23.06.2025 21:00:00 +02:00,1499.41,3095.20,1595.79
23.06.2025 22:00:00 +02:00,1426.60,3276.48,1849.88
23.06.2025 23:00:00 +02:00,1354.16,3253.36,1899.20
24.06.2025 00:00:00 +02:00,1686.44,3275.06,1588.61
24.06.2025 01:00:00 +02:00,1881.63,2969.85,1088.22
24.06.2025 02:00:00 +02:00,1656.01,2710.88,1054.87
24.06.2025 03:00:00 +02:00,1518.81,2744.54,1225.72
24.06.2025 04:00:00 +02:00,1626.00,2509.18,883.18
24.06.2025 05:00:00 +02:00,1761.56,2516.30,754.74
24.06.2025 06:00:00 +02:00,1908.45,2737.15,828.70
24.06.2025 07:00:00 +02:00,1878.82,2882.50,1003.68
24.06.2025 08:00:00 +02:00,2382.72,2586.80,204.08
24.06.2025 09:00:00 +02:00,3022.05,2508.67,-513.38
24.06.2025 10:00:00 +02:00,3226.67,2103.53,-1123.14
24.06.2025 11:00:00 +02:00,3144.70,1375.94,-1768.75
24.06.2025 12:00:00 +02:00,3282.62,1056.00,-2226.62
24.06.2025 13:00:00 +02:00,3157.82,886.06,-2271.75
24.06.2025 14:00:00 +02:00,3357.92,1064.08,-2293.84
24.06.2025 15:00:00 +02:00,3451.11,697.62,-2753.49
24.06.2025 16:00:00 +02:00,2643.82,667.89,-1975.93
24.06.2025 17:00:00 +02:00,2468.91,1493.83,-975.08
24.06.2025 18:00:00 +02:00,978.98,2299.97,1321.00
24.06.2025 19:00:00 +02:00,608.55,3320.68,2712.12
24.06.2025 20:00:00 +02:00,602.82,3946.59,3343.77
24.06.2025 21:00:00 +02:00,667.06,4051.57,3384.51
24.06.2025 22:00:00 +02:00,342.82,4190.14,3847.32
24.06.2025 23:00:00 +02:00,542.90,4307.96,3765.07
25.06.2025 00:00:00 +02:00,706.78,3873.36,3166.58
25.06.2025 01:00:00 +02:00,705.74,3472.11,2766.37
25.06.2025 02:00:00 +02:00,579.50,3184.53,2605.04
25.06.2025 03:00:00 +02:00,692.74,3185.91,2493.17
25.06.2025 04:00:00 +02:00,647.38,3332.84,2685.46
25.06.2025 05:00:00 +02:00,755.92,3300.10,2544.18
25.06.2025 06:00:00 +02:00,390.94,3270.73,2879.79
25.06.2025 07:00:00 +02:00,601.73,3298.35,2696.62
25.06.2025 08:00:00 +02:00,1160.09,3100.64,1940.55
25.06.2025 09:00:00 +02:00,1462.88,2782.06,1319.18
25.06.2025 10:00:00 +02:00,2096.92,2632.57,535.64
25.06.2025 11:00:00 +02:00,2576.58,2577.53,0.95
25.06.2025 12:00:00 +02:00,3097.45,2561.12,-536.33
25.06.2025 13:00:00 +02:00,3083.89,2579.92,-503.97
25.06.2025 14:00:00 +02:00,2809.41,2567.40,-242.00
25.06.2025 15:00:00 +02:00,2281.30,2561.08,279.78
25.06.2025 16:00:00 +02:00,1224.77,2655.12,1430.35
25.06.2025 17:00:00 +02:00,1145.25,3614.18,2468.93
25.06.2025 18:00:00 +02:00,630.26,4615.29,3985.02
25.06.2025 19:00:00 +02:00,25.80,5764.86,5739.06
25.06.2025 20:00:00 +02:00,0.34,6512.09,6511.75
25.06.2025 21:00:00 +02:00,0.35,6588.01,6587.66
25.06.2025 22:00:00 +02:00,9.43,5751.84,5742.41
25.06.2025 23:00:00 +02:00,510.65,5605.26,5094.60
26.06.2025 00:00:00 +02:00,1251.01,5471.44,4220.43
26.06.2025 01:00:00 +02:00,1370.05,5563.25,4193.20
26.06.2025 02:00:00 +02:00,1513.25,5458.86,3945.60
26.06.2025 03:00:00 +02:00,1029.32,5497.48,4468.16
26.06.2025 04:00:00 +02:00,1027.20,5372.01,4344.81
26.06.2025 05:00:00 +02:00,653.79,5291.60,4637.81
26.06.2025 06:00:00 +02:00,720.62,5228.85,4508.23
26.06.2025 07:00:00 +02:00,124.08,5258.31,5134.23
26.06.2025 08:00:00 +02:00,169.86,5329.04,5159.18
26.06.2025 09:00:00 +02:00,863.04,4857.93,3994.89
26.06.2025 10:00:00 +02:00,1134.51,4719.20,3584.68
26.06.2025 11:00:00 +02:00,1186.45,4660.74,3474.29
26.06.2025 12:00:00 +02:00,1226.19,3929.83,2703.64
26.06.2025 13:00:00 +02:00,1842.27,2227.08,384.82
26.06.2025 14:00:00 +02:00,2034.83,1264.10,-770.73
26.06.2025 15:00:00 +02:00,2496.52,1765.83,-730.69
26.06.2025 16:00:00 +02:00,1914.16,2433.38,519.22
26.06.2025 17:00:00 +02:00,389.46,3100.18,2710.72
26.06.2025 18:00:00 +02:00,1.31,5010.07,5008.76
26.06.2025 19:00:00 +02:00,0.00,5652.60,5652.60
26.06.2025 20:00:00 +02:00,0.00,6370.67,6370.67
26.06.2025 21:00:00 +02:00,0.00,6651.12,6651.12
26.06.2025 22:00:00 +02:00,0.00,6281.45,6281.45
26.06.2025 23:00:00 +02:00,0.00,5859.08,5859.08
27.06.2025 00:00:00 +02:00,119.79,5068.16,4948.36
27.06.2025 01:00:00 +02:00,165.82,4524.76,4358.94
27.06.2025 02:00:00 +02:00,603.86,4532.54,3928.68
27.06.2025 03:00:00 +02:00,1019.97,4288.12,3268.15
27.06.2025 04:00:00 +02:00,1032.79,4110.83,3078.04
27.06.2025 05:00:00 +02:00,962.15,3814.90,2852.75
27.06.2025 06:00:00 +02:00,0.03,3881.14,3881.11
27.06.2025 07:00:00 +02:00,0.00,4242.78,4242.78
27.06.2025 08:00:00 +02:00,102.72,3753.78,3651.06
27.06.2025 09:00:00 +02:00,535.52,3189.39,2653.87
27.06.2025 10:00:00 +02:00,1150.51,3128.48,1977.97
27.06.2025 11:00:00 +02:00,2339.24,2980.42,641.18
27.06.2025 12:00:00 +02:00,2899.30,2533.70,-365.60
27.06.2025 13:00:00 +02:00,3117.46,1848.51,-1268.95
27.06.2025 14:00:00 +02:00,2808.62,1110.16,-1698.46
27.06.2025 15:00:00 +02:00,2404.80,933.54,-1471.26
27.06.2025 16:00:00 +02:00,2279.26,1789.59,-489.67
27.06.2025 17:00:00 +02:00,2402.62,2548.84,146.22
27.06.2025 18:00:00 +02:00,2284.16,3138.62,854.47
27.06.2025 19:00:00 +02:00,2115.04,3958.72,1843.68
27.06.2025 20:00:00 +02:00,2093.62,4084.17,1990.54
27.06.2025 21:00:00 +02:00,2118.68,4336.71,2218.03
27.06.2025 22:00:00 +02:00,2400.08,4686.72,2286.64
27.06.2025 23:00:00 +02:00,2306.64,4798.07,2491.43
28.06.2025 00:00:00 +02:00,1945.75,4576.90,2631.15
28.06.2025 01:00:00 +02:00,1574.63,4009.44,2434.81
28.06.2025 02:00:00 +02:00,1545.26,3437.09,1891.84
28.06.2025 03:00:00 +02:00,1431.77,2441.34,1009.57
28.06.2025 04:00:00 +02:00,1556.80,2015.24,458.44
28.06.2025 05:00:00 +02:00,1387.05,2068.97,681.92
28.06.2025 06:00:00 +02:00,1319.78,2040.78,721.00
28.06.2025 07:00:00 +02:00,1368.67,2087.94,719.27
28.06.2025 08:00:00 +02:00,1703.46,1865.26,161.80
28.06.2025 09:00:00 +02:00,2310.78,1186.17,-1124.61
28.06.2025 10:00:00 +02:00,3001.66,273.85,-2727.82
28.06.2025 11:00:00 +02:00,3744.33,54.43,-3689.90
28.06.2025 12:00:00 +02:00,3767.00,54.43,-3712.58
28.06.2025 13:00:00 +02:00,3711.28,54.43,-3656.85
28.06.2025 14:00:00 +02:00,3890.72,54.43,-3836.29
28.06.2025 15:00:00 +02:00,3104.43,118.50,-2985.92
28.06.2025 16:00:00 +02:00,2688.42,784.16,-1904.26
28.06.2025 17:00:00 +02:00,2581.12,1876.26,-704.86
28.06.2025 18:00:00 +02:00,1864.99,3000.88,1135.90
28.06.2025 19:00:00 +02:00,1374.70,3546.67,2171.98
28.06.2025 20:00:00 +02:00,1673.38,3925.58,2252.20
28.06.2025 21:00:00 +02:00,1687.60,4046.47,2358.87
28.06.2025 22:00:00 +02:00,1840.22,3950.24,2110.02
28.06.2025 23:00:00 +02:00,1739.74,3825.08,2085.35
29.06.2025 00:00:00 +02:00,1518.14,4277.13,2758.99
29.06.2025 01:00:00 +02:00,1023.14,4533.58,3510.44
29.06.2025 02:00:00 +02:00,986.86,4101.60,3114.74
29.06.2025 03:00:00 +02:00,1071.48,4080.28,3008.81
29.06.2025 04:00:00 +02:00,1051.74,4023.46,2971.72
29.06.2025 05:00:00 +02:00,959.40,4535.08,3575.68
29.06.2025 06:00:00 +02:00,877.76,4495.57,3617.82
29.06.2025 07:00:00 +02:00,1141.06,3494.11,2353.05
29.06.2025 08:00:00 +02:00,1878.00,2614.78,736.78
29.06.2025 09:00:00 +02:00,3093.40,1996.50,-1096.90
29.06.2025 10:00:00 +02:00,4047.88,1615.67,-2432.22
29.06.2025 11:00:00 +02:00,4164.88,1447.22,-2717.66
29.06.2025 12:00:00 +02:00,4443.17,1446.99,-2996.18
29.06.2025 13:00:00 +02:00,4631.97,1447.03,-3184.94
29.06.2025 14:00:00 +02:00,4409.54,1447.25,-2962.29
29.06.2025 15:00:00 +02:00,3666.21,1458.33,-2207.88
29.06.2025 16:00:00 +02:00,3355.72,1846.58,-1509.14
29.06.2025 17:00:00 +02:00,2355.84,2023.18,-332.65
29.06.2025 18:00:00 +02:00,1914.12,2959.36,1045.24
29.06.2025 19:00:00 +02:00,1631.85,3722.96,2091.11
29.06.2025 20:00:00 +02:00,1614.34,4586.57,2972.24
29.06.2025 21:00:00 +02:00,1733.03,4641.42,2908.39
29.06.2025 22:00:00 +02:00,1686.92,4654.16,2967.24
29.06.2025 23:00:00 +02:00,1468.78,4843.65,3374.87
30.06.2025 00:00:00 +02:00,1977.48,4835.56,2858.08
30.06.2025 01:00:00 +02:00,1725.43,4977.42,3251.99
30.06.2025 02:00:00 +02:00,1458.74,4992.59,3533.85
30.06.2025 03:00:00 +02:00,1623.74,4940.38,3316.63
30.06.2025 04:00:00 +02:00,1548.70,5113.12,3564.42
30.06.2025 05:00:00 +02:00,1494.38,5227.01,3732.63
30.06.2025 06:00:00 +02:00,1836.07,4898.54,3062.46
30.06.2025 07:00:00 +02:00,1539.82,4295.42,2755.60
30.06.2025 08:00:00 +02:00,1656.63,4062.22,2405.60
30.06.2025 09:00:00 +02:00,1926.79,3821.10,1894.31
30.06.2025 10:00:00 +02:00,2315.24,3103.29,788.05
30.06.2025 11:00:00 +02:00,2470.44,2331.15,-139.30
30.06.2025 12:00:00 +02:00,2800.05,1852.88,-947.18
30.06.2025 13:00:00 +02:00,2490.25,1457.44,-1032.82
30.06.2025 14:00:00 +02:00,2454.13,1238.44,-1215.69
30.06.2025 15:00:00 +02:00,2232.16,2334.93,102.76
30.06.2025 16:00:00 +02:00,1592.05,3870.27,2278.22
30.06.2025 17:00:00 +02:00,499.48,5021.22,4521.74
30.06.2025 18:00:00 +02:00,147.35,5163.06,5015.72
30.06.2025 19:00:00 +02:00,0.30,6043.06,6042.76
30.06.2025 20:00:00 +02:00,0.30,6341.44,6341.14
30.06.2025 21:00:00 +02:00,0.29,6213.14,6212.86
30.06.2025 22:00:00 +02:00,0.31,5650.00,5649.69
30.06.2025 23:00:00 +02:00,0.40,5328.08,5327.68
01.07.2025 00:00:00 +02:00,164.15,5232.37,5068.22
01.07.2025 01:00:00 +02:00,639.99,5179.50,4539.50
01.07.2025 02:00:00 +02:00,483.72,5092.62,4608.90
01.07.2025 03:00:00 +02:00,499.43,5092.20,4592.77
01.07.2025 04:00:00 +02:00,478.28,4866.10,4387.82
01.07.2025 05:00:00 +02:00,223.66,4865.51,4641.85
01.07.2025 06:00:00 +02:00,87.40,4880.12,4792.72
01.07.2025 07:00:00 +02:00,67.26,5112.11,5044.85
01.07.2025 08:00:00 +02:00,140.58,4767.09,4626.51
01.07.2025 09:00:00 +02:00,626.74,4545.93,3919.18
01.07.2025 10:00:00 +02:00,1407.54,4258.84,2851.30
01.07.2025 11:00:00 +02:00,2131.37,4013.57,1882.20
01.07.2025 12:00:00 +02:00,2266.84,3705.70,1438.87
01.07.2025 13:00:00 +02:00,2183.28,3526.23,1342.95
01.07.2025 14:00:00 +02:00,1928.31,3818.40,1890.09
01.07.2025 15:00:00 +02:00,1729.16,4431.78,2702.61
01.07.2025 16:00:00 +02:00,1404.32,4533.29,3128.96
01.07.2025 17:00:00 +02:00,572.48,4898.67,4326.19
01.07.2025 18:00:00 +02:00,0.00,5557.82,5557.82
01.07.2025 19:00:00 +02:00,0.00,6834.84,6834.84
01.07.2025 20:00:00 +02:00,0.00,6795.24,6795.24
01.07.2025 21:00:00 +02:00,0.00,6296.50,6296.50
01.07.2025 22:00:00 +02:00,0.00,5277.35,5277.35
01.07.2025 23:00:00 +02:00,371.30,4900.80,4529.50
02.07.2025 00:00:00 +02:00,794.22,4877.17,4082.95
02.07.2025 01:00:00 +02:00,807.45,4853.28,4045.82
02.07.2025 02:00:00 +02:00,1092.36,4990.53,3898.17
02.07.2025 03:00:00 +02:00,889.60,4765.32,3875.72
02.07.2025 04:00:00 +02:00,640.34,4991.19,4350.84
02.07.2025 05:00:00 +02:00,419.34,4821.54,4402.21
02.07.2025 06:00:00 +02:00,0.00,4990.84,4990.84
02.07.2025 07:00:00 +02:00,0.00,5597.47,5597.47
02.07.2025 08:00:00 +02:00,0.00,5367.34,5367.34
02.07.2025 09:00:00 +02:00,159.78,4613.75,4453.96
02.07.2025 10:00:00 +02:00,927.77,4246.50,3318.74
02.07.2025 11:00:00 +02:00,1378.95,3873.18,2494.23
02.07.2025 12:00:00 +02:00,1494.81,3421.33,1926.52
02.07.2025 13:00:00 +02:00,1353.76,3742.35,2388.59
02.07.2025 14:00:00 +02:00,1180.32,3953.78,2773.46
02.07.2025 15:00:00 +02:00,1250.83,4315.73,3064.90
02.07.2025 16:00:00 +02:00,1211.44,4534.49,3323.05
02.07.2025 17:00:00 +02:00,271.90,4666.72,4394.82
02.07.2025 18:00:00 +02:00,0.00,5614.99,5614.99
02.07.2025 19:00:00 +02:00,0.00,6042.24,6042.24
02.07.2025 20:00:00 +02:00,0.00,5886.18,5886.18
02.07.2025 21:00:00 +02:00,0.00,6055.44,6055.44
02.07.2025 22:00:00 +02:00,9.72,5301.70,5291.98
02.07.2025 23:00:00 +02:00,383.60,4999.50,4615.90
03.07.2025 00:00:00 +02:00,791.53,4825.76,4034.23
03.07.2025 01:00:00 +02:00,1115.03,4697.52,3582.49
03.07.2025 02:00:00 +02:00,994.56,4419.64,3425.08
03.07.2025 03:00:00 +02:00,1159.80,4568.96,3409.16
03.07.2025 04:00:00 +02:00,1873.42,4115.80,2242.38
03.07.2025 05:00:00 +02:00,1791.06,3747.04,1955.98
03.07.2025 06:00:00 +02:00,1456.51,3592.55,2136.04
03.07.2025 07:00:00 +02:00,1740.61,3451.24,1710.63
03.07.2025 08:00:00 +02:00,1969.22,3239.37,1270.16
03.07.2025 09:00:00 +02:00,2862.59,3215.82,353.22
03.07.2025 10:00:00 +02:00,2842.64,3206.82,364.18
03.07.2025 11:00:00 +02:00,2987.80,3224.58,236.78
03.07.2025 12:00:00 +02:00,3137.27,2804.33,-332.94
03.07.2025 13:00:00 +02:00,3335.34,2743.87,-591.48
03.07.2025 14:00:00 +02:00,3132.87,2826.93,-305.94
03.07.2025 15:00:00 +02:00,2960.75,2745.75,-215.00
03.07.2025 16:00:00 +02:00,2360.40,2730.15,369.74
03.07.2025 17:00:00 +02:00,2047.69,3268.97,1221.28
03.07.2025 18:00:00 +02:00,2043.89,3463.93,1420.04
03.07.2025 19:00:00 +02:00,1986.63,4086.91,2100.28
03.07.2025 20:00:00 +02:00,1614.47,4652.36,3037.88
03.07.2025 21:00:00 +02:00,1956.07,4974.77,3018.70
03.07.2025 22:00:00 +02:00,1671.67,4944.20,3272.53
03.07.2025 23:00:00 +02:00,2200.54,4607.67,2407.14
04.07.2025 00:00:00 +02:00,1653.70,4680.30,3026.60
04.07.2025 01:00:00 +02:00,1429.30,4840.75,3411.44
04.07.2025 02:00:00 +02:00,1863.56,4851.91,2988.35
04.07.2025 03:00:00 +02:00,1930.38,4897.26,2966.87
04.07.2025 04:00:00 +02:00,2052.58,4878.40,2825.82
04.07.2025 05:00:00 +02:00,1498.98,4892.48,3393.51
04.07.2025 06:00:00 +02:00,889.65,4778.14,3888.49
04.07.2025 07:00:00 +02:00,521.30,4697.68,4176.38
04.07.2025 08:00:00 +02:00,687.97,4020.13,3332.16
04.07.2025 09:00:00 +02:00,1494.84,3631.48,2136.64
04.07.2025 10:00:00 +02:00,1597.79,2258.40,660.61
04.07.2025 11:00:00 +02:00,2511.50,1233.36,-1278.14
04.07.2025 12:00:00 +02:00,2809.80,339.56,-2470.25
04.07.2025 13:00:00 +02:00,3053.08,205.20,-2847.89
04.07.2025 14:00:00 +02:00,3591.72,0.00,-3591.72
04.07.2025 15:00:00 +02:00,2520.44,217.06,-2303.38
04.07.2025 16:00:00 +02:00,2097.41,740.47,-1356.94
04.07.2025 17:00:00 +02:00,1907.36,1998.63,91.27
04.07.2025 18:00:00 +02:00,1539.81,3717.87,2178.06
04.07.2025 19:00:00 +02:00,1182.02,5140.78,3958.76
04.07.2025 20:00:00 +02:00,970.42,5080.32,4109.90
04.07.2025 21:00:00 +02:00,1217.74,5304.62,4086.88
04.07.2025 22:00:00 +02:00,1704.51,5141.62,3437.12
04.07.2025 23:00:00 +02:00,1741.88,4918.30,3176.43
05.07.2025 00:00:00 +02:00,1708.99,4342.67,2633.68
05.07.2025 01:00:00 +02:00,1670.65,3472.47,1801.82
05.07.2025 02:00:00 +02:00,1659.29,2664.06,1004.77
05.07.2025 03:00:00 +02:00,1921.99,2460.88,538.90
05.07.2025 04:00:00 +02:00,2284.73,2320.68,35.95
05.07.2025 05:00:00 +02:00,2569.69,2506.14,-63.54
05.07.2025 06:00:00 +02:00,2501.57,2267.86,-233.72
05.07.2025 07:00:00 +02:00,2700.36,2035.66,-664.70
05.07.2025 08:00:00 +02:00,2456.38,1382.62,-1073.75
05.07.2025 09:00:00 +02:00,2813.50,1025.37,-1788.14
05.07.2025 10:00:00 +02:00,2940.90,785.01,-2155.88
05.07.2025 11:00:00 +02:00,3608.76,319.59,-3289.17
05.07.2025 12:00:00 +02:00,4210.84,38.35,-4172.49
05.07.2025 13:00:00 +02:00,4347.65,0.00,-4347.65
05.07.2025 14:00:00 +02:00,4291.24,0.00,-4291.24
05.07.2025 15:00:00 +02:00,2974.58,332.04,-2642.54
05.07.2025 16:00:00 +02:00,2326.30,483.96,-1842.34
05.07.2025 17:00:00 +02:00,2569.78,1154.03,-1415.75
05.07.2025 18:00:00 +02:00,1876.64,1995.07,118.43
05.07.2025 19:00:00 +02:00,1135.36,3535.06,2399.70
05.07.2025 20:00:00 +02:00,988.43,4659.28,3670.85
05.07.2025 21:00:00 +02:00,1108.90,5250.16,4141.25
05.07.2025 22:00:00 +02:00,1381.00,5232.35,3851.35
05.07.2025 23:00:00 +02:00,1327.34,5164.56,3837.22
06.07.2025 00:00:00 +02:00,1313.06,5043.97,3730.91
06.07.2025 01:00:00 +02:00,1153.56,5303.20,4149.64
06.07.2025 02:00:00 +02:00,1284.78,5281.38,3996.60
06.07.2025 03:00:00 +02:00,1048.44,5264.58,4216.15
06.07.2025 04:00:00 +02:00,1248.71,4919.37,3670.66
06.07.2025 05:00:00 +02:00,1237.70,4684.10,3446.40
06.07.2025 06:00:00 +02:00,1103.03,4179.23,3076.20
06.07.2025 07:00:00 +02:00,1276.15,3744.77,2468.62
06.07.2025 08:00:00 +02:00,1695.06,2772.80,1077.74
06.07.2025 09:00:00 +02:00,1652.68,2427.02,774.34
06.07.2025 10:00:00 +02:00,2517.35,2394.81,-122.54
06.07.2025 11:00:00 +02:00,2672.19,2392.16,-280.04
06.07.2025 12:00:00 +02:00,2963.24,2406.06,-557.18
06.07.2025 13:00:00 +02:00,2662.73,2442.72,-220.02
06.07.2025 14:00:00 +02:00,2736.42,2283.81,-452.61
06.07.2025 15:00:00 +02:00,1768.83,3145.80,1376.98
06.07.2025 16:00:00 +02:00,1891.58,4143.92,2252.34
06.07.2025 17:00:00 +02:00,1000.65,4945.56,3944.91
06.07.2025 18:00:00 +02:00,210.94,5434.56,5223.62
06.07.2025 19:00:00 +02:00,0.00,5900.79,5900.79
06.07.2025 20:00:00 +02:00,0.00,6297.86,6297.86
06.07.2025 21:00:00 +02:00,0.00,6333.95,6333.95
06.07.2025 22:00:00 +02:00,0.00,6014.05,6014.05
06.07.2025 23:00:00 +02:00,0.00,5660.96,5660.96
07.07.2025 00:00:00 +02:00,640.04,5447.52,4807.48
07.07.2025 01:00:00 +02:00,947.95,5434.09,4486.14
07.07.2025 02:00:00 +02:00,1102.51,5313.64,4211.13
07.07.2025 03:00:00 +02:00,1194.38,5355.10,4160.73
07.07.2025 04:00:00 +02:00,1109.02,5451.41,4342.38
07.07.2025 05:00:00 +02:00,852.51,5148.80,4296.30
07.07.2025 06:00:00 +02:00,1038.51,4829.62,3791.11
07.07.2025 07:00:00 +02:00,700.26,4886.70,4186.43
07.07.2025 08:00:00 +02:00,1086.20,4920.31,3834.10
07.07.2025 09:00:00 +02:00,713.32,4731.48,4018.16
07.07.2025 10:00:00 +02:00,778.30,4455.96,3677.66
07.07.2025 11:00:00 +02:00,705.32,3730.70,3025.38
07.07.2025 12:00:00 +02:00,709.68,3254.21,2544.53
07.07.2025 13:00:00 +02:00,1685.06,2489.19,804.13
07.07.2025 14:00:00 +02:00,2518.06,2356.83,-161.22
07.07.2025 15:00:00 +02:00,2549.62,2090.28,-459.34
07.07.2025 16:00:00 +02:00,1752.56,2286.07,533.51
07.07.2025 17:00:00 +02:00,1468.72,2850.13,1381.41
07.07.2025 18:00:00 +02:00,987.06,3949.22,2962.16
07.07.2025 19:00:00 +02:00,1103.76,4639.30,3535.54
07.07.2025 20:00:00 +02:00,793.45,5121.82,4328.37
07.07.2025 21:00:00 +02:00,449.03,5029.09,4580.06
07.07.2025 22:00:00 +02:00,216.02,5156.29,4940.28
07.07.2025 23:00:00 +02:00,718.76,4986.67,4267.91
08.07.2025 00:00:00 +02:00,1373.66,5099.72,3726.06
08.07.2025 01:00:00 +02:00,1312.03,5218.00,3905.97
08.07.2025 02:00:00 +02:00,1336.62,5258.97,3922.36
08.07.2025 03:00:00 +02:00,1328.92,5127.28,3798.36
08.07.2025 04:00:00 +02:00,1205.45,5215.62,4010.17
08.07.2025 05:00:00 +02:00,1344.86,5123.42,3778.55
08.07.2025 06:00:00 +02:00,752.79,5143.41,4390.62
08.07.2025 07:00:00 +02:00,895.70,5120.66,4224.96
08.07.2025 08:00:00 +02:00,607.02,5285.76,4678.74
08.07.2025 09:00:00 +02:00,845.20,4849.18,4003.98
08.07.2025 10:00:00 +02:00,869.85,4706.70,3836.86
08.07.2025 11:00:00 +02:00,1100.21,4237.90,3137.68
08.07.2025 12:00:00 +02:00,1860.44,3728.31,1867.88
08.07.2025 13:00:00 +02:00,1882.06,3180.30,1298.24
08.07.2025 14:00:00 +02:00,2171.90,2965.76,793.86
08.07.2025 15:00:00 +02:00,1316.92,2652.89,1335.97
08.07.2025 16:00:00 +02:00,647.19,3020.39,2373.20
08.07.2025 17:00:00 +02:00,153.61,4262.41,4108.80
08.07.2025 18:00:00 +02:00,217.18,4971.21,4754.04
08.07.2025 19:00:00 +02:00,371.93,4720.91,4348.98
08.07.2025 20:00:00 +02:00,12.34,4962.03,4949.68
08.07.2025 21:00:00 +02:00,0.00,4960.14,4960.14
08.07.2025 22:00:00 +02:00,0.00,5245.23,5245.23
08.07.2025 23:00:00 +02:00,10.49,5391.42,5380.93
09.07.2025 00:00:00 +02:00,12.56,5134.22,5121.66
09.07.2025 01:00:00 +02:00,268.66,5080.17,4811.51
09.07.2025 02:00:00 +02:00,351.06,5396.40,5045.34
09.07.2025 03:00:00 +02:00,477.17,5384.84,4907.67
09.07.2025 04:00:00 +02:00,670.74,5369.25,4698.51
09.07.2025 05:00:00 +02:00,185.96,5472.23,5286.27
09.07.2025 06:00:00 +02:00,415.63,5235.04,4819.42
09.07.2025 07:00:00 +02:00,335.60,5069.54,4733.94
09.07.2025 08:00:00 +02:00,263.10,4939.30,4676.20
09.07.2025 09:00:00 +02:00,182.42,4983.28,4800.86
09.07.2025 10:00:00 +02:00,38.05,4486.72,4448.67
09.07.2025 11:00:00 +02:00,0.00,4185.99,4185.99
09.07.2025 12:00:00 +02:00,21.83,3767.04,3745.21
09.07.2025 13:00:00 +02:00,1061.72,3066.16,2004.43
09.07.2025 14:00:00 +02:00,1981.12,3029.85,1048.72
09.07.2025 15:00:00 +02:00,834.32,3503.46,2669.14
09.07.2025 16:00:00 +02:00,0.00,4030.52,4030.52
09.07.2025 17:00:00 +02:00,0.00,4895.44,4895.44
09.07.2025 18:00:00 +02:00,126.43,4961.47,4835.04
09.07.2025 19:00:00 +02:00,297.44,5092.49,4795.06
09.07.2025 20:00:00 +02:00,63.83,4872.96,4809.13
09.07.2025 21:00:00 +02:00,10.57,5061.47,5050.90
09.07.2025 22:00:00 +02:00,108.80,5322.27,5213.47
09.07.2025 23:00:00 +02:00,368.54,5405.05,5036.51
10.07.2025 00:00:00 +02:00,936.54,5070.11,4133.58
10.07.2025 01:00:00 +02:00,1221.48,4929.10,3707.62
10.07.2025 02:00:00 +02:00,1295.72,5175.90,3880.18
10.07.2025 03:00:00 +02:00,1501.68,5083.27,3581.58
10.07.2025 04:00:00 +02:00,1445.02,5030.98,3585.97
10.07.2025 05:00:00 +02:00,1146.80,5021.81,3875.01
10.07.2025 06:00:00 +02:00,608.42,4852.01,4243.59
10.07.2025 07:00:00 +02:00,335.44,4798.98,4463.54
10.07.2025 08:00:00 +02:00,474.65,4858.65,4384.00
10.07.2025 09:00:00 +02:00,673.28,4555.08,3881.81
10.07.2025 10:00:00 +02:00,1199.30,4166.46,2967.16
10.07.2025 11:00:00 +02:00,1063.18,3146.34,2083.16
10.07.2025 12:00:00 +02:00,2331.92,2571.20,239.29
10.07.2025 13:00:00 +02:00,2445.21,2116.12,-329.09
10.07.2025 14:00:00 +02:00,2734.20,2339.74,-394.47
10.07.2025 15:00:00 +02:00,1346.06,2879.66,1533.60
10.07.2025 16:00:00 +02:00,1107.21,3644.73,2537.52
10.07.2025 17:00:00 +02:00,783.80,4517.45,3733.65
10.07.2025 18:00:00 +02:00,877.06,4806.97,3929.92
10.07.2025 19:00:00 +02:00,400.49,4970.30,4569.82
10.07.2025 20:00:00 +02:00,536.18,5049.01,4512.82
10.07.2025 21:00:00 +02:00,720.20,5042.80,4322.60
10.07.2025 22:00:00 +02:00,1101.27,5102.38,4001.11
10.07.2025 23:00:00 +02:00,1270.92,5308.55,4037.63
11.07.2025 00:00:00 +02:00,1672.13,5161.38,3489.25
11.07.2025 01:00:00 +02:00,1613.40,5190.87,3577.46
11.07.2025 02:00:00 +02:00,1809.55,5216.40,3406.86
11.07.2025 03:00:00 +02:00,1487.51,5235.62,3748.11
11.07.2025 04:00:00 +02:00,1636.39,5118.30,3481.92
11.07.2025 05:00:00 +02:00,1889.26,5071.03,3181.77
11.07.2025 06:00:00 +02:00,2089.91,5118.84,3028.92
11.07.2025 07:00:00 +02:00,1648.44,5122.32,3473.88
11.07.2025 08:00:00 +02:00,1899.89,4955.12,3055.23
11.07.2025 09:00:00 +02:00,2147.32,4612.08,2464.76
11.07.2025 10:00:00 +02:00,2133.06,4160.98,2027.92
11.07.2025 11:00:00 +02:00,2209.98,3862.16,1652.19
11.07.2025 12:00:00 +02:00,2172.92,3071.59,898.67
11.07.2025 13:00:00 +02:00,2265.46,2322.32,56.86
11.07.2025 14:00:00 +02:00,2672.02,2110.10,-561.92
11.07.2025 15:00:00 +02:00,2537.33,2563.64,26.31
11.07.2025 16:00:00 +02:00,1981.67,3470.23,1488.56
11.07.2025 17:00:00 +02:00,1981.90,4290.35,2308.46
11.07.2025 18:00:00 +02:00,1673.96,4737.95,3063.99
11.07.2025 19:00:00 +02:00,1951.96,5027.28,3075.33
11.07.2025 20:00:00 +02:00,1935.96,5237.76,3301.80
11.07.2025 21:00:00 +02:00,1987.47,5125.20,3137.73
11.07.2025 22:00:00 +02:00,1952.48,4877.13,2924.65
11.07.2025 23:00:00 +02:00,1891.05,5104.47,3213.42
12.07.2025 00:00:00 +02:00,1612.72,5393.36,3780.64
12.07.2025 01:00:00 +02:00,1729.84,4959.46,3229.62
12.07.2025 02:00:00 +02:00,1438.31,4934.26,3495.95
12.07.2025 03:00:00 +02:00,1536.38,4757.06,3220.69
12.07.2025 04:00:00 +02:00,1425.30,4612.12,3186.82
12.07.2025 05:00:00 +02:00,1354.93,4617.23,3262.30
12.07.2025 06:00:00 +02:00,1402.98,4418.72,3015.75
12.07.2025 07:00:00 +02:00,1462.23,4146.10,2683.87
12.07.2025 08:00:00 +02:00,1537.55,3423.65,1886.10
12.07.2025 09:00:00 +02:00,1918.36,2197.03,278.67
12.07.2025 10:00:00 +02:00,2621.45,1783.62,-837.83
12.07.2025 11:00:00 +02:00,3248.90,1967.07,-1281.84
12.07.2025 12:00:00 +02:00,3272.38,1921.59,-1350.79
12.07.2025 13:00:00 +02:00,3341.72,2006.40,-1335.32
12.07.2025 14:00:00 +02:00,3104.42,2022.33,-1082.09
12.07.2025 15:00:00 +02:00,2678.01,1954.60,-723.42
12.07.2025 16:00:00 +02:00,1922.38,1976.20,53.82
12.07.2025 17:00:00 +02:00,1553.07,3060.27,1507.20
12.07.2025 18:00:00 +02:00,1314.22,3831.14,2516.92
12.07.2025 19:00:00 +02:00,1178.92,4719.57,3540.64
12.07.2025 20:00:00 +02:00,1299.98,4586.64,3286.67
12.07.2025 21:00:00 +02:00,1386.79,5093.82,3707.03
12.07.2025 22:00:00 +02:00,1619.06,4774.04,3154.98
12.07.2025 23:00:00 +02:00,1760.55,4837.48,3076.93
13.07.2025 00:00:00 +02:00,2403.47,4852.60,2449.12
13.07.2025 01:00:00 +02:00,2460.48,4967.74,2507.26
13.07.2025 02:00:00 +02:00,2260.93,5105.16,2844.23
13.07.2025 03:00:00 +02:00,2200.56,5070.98,2870.42
13.07.2025 04:00:00 +02:00,2133.24,4853.62,2720.38
13.07.2025 05:00:00 +02:00,2350.94,4339.77,1988.83
13.07.2025 06:00:00 +02:00,2318.36,3897.98,1579.62
13.07.2025 07:00:00 +02:00,2187.17,3302.63,1115.46
13.07.2025 08:00:00 +02:00,2184.68,2513.86,329.18
13.07.2025 09:00:00 +02:00,2596.02,1867.69,-728.32
13.07.2025 10:00:00 +02:00,3140.21,1279.18,-1861.04
13.07.2025 11:00:00 +02:00,3868.50,1254.50,-2614.00
13.07.2025 12:00:00 +02:00,4032.96,1191.20,-2841.75
13.07.2025 13:00:00 +02:00,3998.92,1198.23,-2800.70
13.07.2025 14:00:00 +02:00,3826.06,1241.94,-2584.13
13.07.2025 15:00:00 +02:00,3489.55,1193.97,-2295.58
13.07.2025 16:00:00 +02:00,2928.67,1237.98,-1690.69
13.07.2025 17:00:00 +02:00,1613.64,1943.22,329.58
13.07.2025 18:00:00 +02:00,1157.68,2741.91,1584.23
13.07.2025 19:00:00 +02:00,1141.72,3685.24,2543.52
13.07.2025 20:00:00 +02:00,1386.64,4113.92,2727.28
13.07.2025 21:00:00 +02:00,1442.30,4619.77,3177.47
13.07.2025 22:00:00 +02:00,1648.95,4615.38,2966.44
13.07.2025 23:00:00 +02:00,2017.13,4845.16,2828.03
14.07.2025 00:00:00 +02:00,2138.33,4691.87,2553.54
14.07.2025 01:00:00 +02:00,2059.82,4585.80,2525.98
14.07.2025 02:00:00 +02:00,2106.12,4646.96,2540.84
14.07.2025 03:00:00 +02:00,2197.51,4507.82,2310.31
14.07.2025 04:00:00 +02:00,2216.41,4807.70,2591.29
14.07.2025 05:00:00 +02:00,1994.04,4741.81,2747.78
14.07.2025 06:00:00 +02:00,1731.11,4569.72,2838.61
14.07.2025 07:00:00 +02:00,1185.15,4338.41,3153.26
14.07.2025 08:00:00 +02:00,882.79,4440.73,3557.94
14.07.2025 09:00:00 +02:00,1011.64,4566.46,3554.82
14.07.2025 10:00:00 +02:00,979.62,4185.24,3205.61
14.07.2025 11:00:00 +02:00,1043.67,3442.06,2398.39
14.07.2025 12:00:00 +02:00,883.94,2697.35,1813.42
14.07.2025 13:00:00 +02:00,1451.32,1743.30,291.98
14.07.2025 14:00:00 +02:00,1462.41,1077.12,-385.30
14.07.2025 15:00:00 +02:00,1598.97,1598.98,0.01
14.07.2025 16:00:00 +02:00,1330.02,2438.54,1108.52
14.07.2025 17:00:00 +02:00,674.55,3196.59,2522.04
14.07.2025 18:00:00 +02:00,578.69,4013.64,3434.95
14.07.2025 19:00:00 +02:00,480.14,4443.02,3962.88
14.07.2025 20:00:00 +02:00,546.52,4703.85,4157.34
14.07.2025 21:00:00 +02:00,530.60,4799.78,4269.18
14.07.2025 22:00:00 +02:00,543.59,5002.68,4459.08
14.07.2025 23:00:00 +02:00,561.06,4607.80,4046.74
15.07.2025 00:00:00 +02:00,879.98,5066.63,4186.64
15.07.2025 01:00:00 +02:00,929.80,5179.28,4249.49
15.07.2025 02:00:00 +02:00,819.44,5187.14,4367.70
15.07.2025 03:00:00 +02:00,861.65,5236.53,4374.88
15.07.2025 04:00:00 +02:00,999.95,5234.56,4234.62
15.07.2025 05:00:00 +02:00,1139.55,4987.90,3848.34
15.07.2025 06:00:00 +02:00,768.57,4757.92,3989.35
15.07.2025 07:00:00 +02:00,456.76,4979.74,4522.98
15.07.2025 08:00:00 +02:00,490.95,5016.94,4526.00
15.07.2025 09:00:00 +02:00,775.66,4443.22,3667.56
15.07.2025 10:00:00 +02:00,1006.54,3900.79,2894.24
15.07.2025 11:00:00 +02:00,1676.95,3243.13,1566.18
15.07.2025 12:00:00 +02:00,1928.46,2484.07,555.61
15.07.2025 13:00:00 +02:00,2262.04,1742.04,-520.00
15.07.2025 14:00:00 +02:00,2664.48,1827.64,-836.83
15.07.2025 15:00:00 +02:00,2178.90,2284.10,105.21
15.07.2025 16:00:00 +02:00,1482.52,2961.57,1479.06
15.07.2025 17:00:00 +02:00,697.60,3911.72,3214.12
15.07.2025 18:00:00 +02:00,375.93,4079.09,3703.16
15.07.2025 19:00:00 +02:00,176.38,4839.26,4662.88
15.07.2025 20:00:00 +02:00,102.49,4904.32,4801.82
15.07.2025 21:00:00 +02:00,56.58,5169.14,5112.56
15.07.2025 22:00:00 +02:00,39.28,5173.01,5133.73
15.07.2025 23:00:00 +02:00,327.67,4952.34,4624.67
16.07.2025 00:00:00 +02:00,166.66,5356.86,5190.20
16.07.2025 01:00:00 +02:00,461.39,5473.57,5012.18
16.07.2025 02:00:00 +02:00,684.94,5402.48,4717.55
16.07.2025 03:00:00 +02:00,867.82,5339.88,4472.05
16.07.2025 04:00:00 +02:00,848.30,4962.81,4114.52
16.07.2025 05:00:00 +02:00,867.50,5497.02,4629.51
16.07.2025 06:00:00 +02:00,511.60,5299.92,4788.32
16.07.2025 07:00:00 +02:00,102.92,5034.40,4931.48
16.07.2025 08:00:00 +02:00,90.75,4738.30,4647.56
16.07.2025 09:00:00 +02:00,268.68,4862.32,4593.64
16.07.2025 10:00:00 +02:00,294.60,4645.71,4351.12
16.07.2025 11:00:00 +02:00,413.99,4404.56,3990.56
16.07.2025 12:00:00 +02:00,444.18,3908.77,3464.59
16.07.2025 13:00:00 +02:00,460.11,3355.66,2895.55
16.07.2025 14:00:00 +02:00,698.88,2932.09,2233.21
16.07.2025 15:00:00 +02:00,609.63,3142.86,2533.23
16.07.2025 16:00:00 +02:00,854.63,3745.49,2890.86
16.07.2025 17:00:00 +02:00,206.15,4371.44,4165.28
16.07.2025 18:00:00 +02:00,136.12,4725.49,4589.37
16.07.2025 19:00:00 +02:00,63.90,5129.88,5065.98
16.07.2025 20:00:00 +02:00,318.48,5029.84,4711.36
16.07.2025 21:00:00 +02:00,608.77,5048.92,4440.15
16.07.2025 22:00:00 +02:00,645.00,5248.73,4603.73
16.07.2025 23:00:00 +02:00,970.64,5289.31,4318.67
17.07.2025 00:00:00 +02:00,1326.40,4943.13,3616.73
17.07.2025 01:00:00 +02:00,1579.49,5080.20,3500.71
17.07.2025 02:00:00 +02:00,1085.13,4961.68,3876.55
17.07.2025 03:00:00 +02:00,1252.20,4738.63,3486.42
17.07.2025 04:00:00 +02:00,1168.76,4760.83,3592.07
17.07.2025 05:00:00 +02:00,1035.58,4979.14,3943.56
17.07.2025 06:00:00 +02:00,798.39,5000.30,4201.91
17.07.2025 07:00:00 +02:00,660.36,5269.83,4609.46
17.07.2025 08:00:00 +02:00,490.75,5004.97,4514.22
17.07.2025 09:00:00 +02:00,497.19,4788.06,4290.88
17.07.2025 10:00:00 +02:00,588.66,4416.54,3827.88
17.07.2025 11:00:00 +02:00,731.78,3589.28,2857.50
17.07.2025 12:00:00 +02:00,898.42,2868.70,1970.28
17.07.2025 13:00:00 +02:00,1127.61,2108.62,981.00
17.07.2025 14:00:00 +02:00,1342.26,1839.70,497.45
17.07.2025 15:00:00 +02:00,864.64,2154.12,1289.48
17.07.2025 16:00:00 +02:00,623.53,3048.57,2425.04
17.07.2025 17:00:00 +02:00,328.85,3980.32,3651.46
17.07.2025 18:00:00 +02:00,41.65,4582.35,4540.70
17.07.2025 19:00:00 +02:00,0.00,5132.31,5132.31
17.07.2025 20:00:00 +02:00,0.00,5144.61,5144.61
17.07.2025 21:00:00 +02:00,0.00,5139.82,5139.82
17.07.2025 22:00:00 +02:00,120.44,5117.18,4996.75
17.07.2025 23:00:00 +02:00,341.48,5252.34,4910.86
18.07.2025 00:00:00 +02:00,149.70,5534.24,5384.54
18.07.2025 01:00:00 +02:00,238.06,5611.06,5373.01
18.07.2025 02:00:00 +02:00,527.34,5336.79,4809.45
18.07.2025 03:00:00 +02:00,559.62,5411.99,4852.38
18.07.2025 04:00:00 +02:00,707.60,5438.77,4731.17
18.07.2025 05:00:00 +02:00,530.80,5423.30,4892.50
18.07.2025 06:00:00 +02:00,243.13,5310.38,5067.25
18.07.2025 07:00:00 +02:00,365.59,5485.81,5120.22
18.07.2025 08:00:00 +02:00,288.25,5355.68,5067.43
18.07.2025 09:00:00 +02:00,486.62,5126.90,4640.27
18.07.2025 10:00:00 +02:00,394.59,4669.03,4274.44
18.07.2025 11:00:00 +02:00,396.35,3797.74,3401.38
18.07.2025 12:00:00 +02:00,470.08,3529.74,3059.66
18.07.2025 13:00:00 +02:00,407.77,3069.91,2662.14
18.07.2025 14:00:00 +02:00,463.65,2628.35,2164.70
18.07.2025 15:00:00 +02:00,656.04,2907.82,2251.79
18.07.2025 16:00:00 +02:00,382.76,3491.38,3108.62
18.07.2025 17:00:00 +02:00,2.28,4312.42,4310.14
18.07.2025 18:00:00 +02:00,0.00,5081.68,5081.68
18.07.2025 19:00:00 +02:00,0.00,5416.77,5416.77
18.07.2025 20:00:00 +02:00,24.40,5323.84,5299.44
18.07.2025 21:00:00 +02:00,23.37,5240.30,5216.94
18.07.2025 22:00:00 +02:00,0.00,5181.90,5181.90
18.07.2025 23:00:00 +02:00,145.53,5101.60,4956.07
19.07.2025 00:00:00 +02:00,1017.67,5262.40,4244.73
19.07.2025 01:00:00 +02:00,971.52,5111.48,4139.96
19.07.2025 02:00:00 +02:00,936.82,5162.48,4225.66
19.07.2025 03:00:00 +02:00,994.78,5118.74,4123.96
19.07.2025 04:00:00 +02:00,986.16,5065.31,4079.15
19.07.2025 05:00:00 +02:00,1252.57,4751.12,3498.55
19.07.2025 06:00:00 +02:00,1249.17,4202.78,2953.61
19.07.2025 07:00:00 +02:00,963.58,3687.94,2724.36
19.07.2025 08:00:00 +02:00,1158.05,3236.04,2077.99
19.07.2025 09:00:00 +02:00,1629.95,2569.07,939.12
19.07.2025 10:00:00 +02:00,3424.00,1748.01,-1676.00
19.07.2025 11:00:00 +02:00,3590.72,1953.80,-1636.92
19.07.2025 12:00:00 +02:00,3534.74,1815.80,-1718.94
19.07.2025 13:00:00 +02:00,3349.67,1819.72,-1529.95
19.07.2025 14:00:00 +02:00,3276.63,1855.41,-1421.22
19.07.2025 15:00:00 +02:00,3144.02,1733.48,-1410.54
19.07.2025 16:00:00 +02:00,2053.92,1625.35,-428.56
19.07.2025 17:00:00 +02:00,450.10,2810.50,2360.40
19.07.2025 18:00:00 +02:00,70.75,3847.06,3776.30
19.07.2025 19:00:00 +02:00,0.00,4920.55,4920.55
19.07.2025 20:00:00 +02:00,0.00,5302.14,5302.14
19.07.2025 21:00:00 +02:00,0.00,5079.32,5079.32
19.07.2025 22:00:00 +02:00,129.43,4902.24,4772.80
19.07.2025 23:00:00 +02:00,366.80,4920.47,4553.67
20.07.2025 00:00:00 +02:00,114.22,4279.63,4165.41
20.07.2025 01:00:00 +02:00,500.83,4688.98,4188.15
20.07.2025 02:00:00 +02:00,583.15,4664.36,4081.21
20.07.2025 03:00:00 +02:00,716.34,4487.44,3771.10
20.07.2025 04:00:00 +02:00,668.45,4481.26,3812.81
20.07.2025 05:00:00 +02:00,775.18,4460.16,3684.98
20.07.2025 06:00:00 +02:00,711.66,4035.88,3324.21
20.07.2025 07:00:00 +02:00,349.46,3679.55,3330.08
20.07.2025 08:00:00 +02:00,499.25,3229.41,2730.16
20.07.2025 09:00:00 +02:00,1335.06,2482.20,1147.14
20.07.2025 10:00:00 +02:00,2518.40,1847.20,-671.20
20.07.2025 11:00:00 +02:00,2583.14,2081.12,-502.02
20.07.2025 12:00:00 +02:00,3130.26,2034.21,-1096.06
20.07.2025 13:00:00 +02:00,3048.28,2123.92,-924.36
20.07.2025 14:00:00 +02:00,2948.54,2178.22,-770.32
20.07.2025 15:00:00 +02:00,2726.97,1637.70,-1089.27
20.07.2025 16:00:00 +02:00,753.82,2328.08,1574.26
20.07.2025 17:00:00 +02:00,81.81,3968.82,3887.01
20.07.2025 18:00:00 +02:00,0.00,4573.28,4573.28
20.07.2025 19:00:00 +02:00,0.00,5184.79,5184.79
20.07.2025 20:00:00 +02:00,0.00,4937.42,4937.42
20.07.2025 21:00:00 +02:00,0.00,4806.78,4806.78
20.07.2025 22:00:00 +02:00,265.20,4784.67,4519.47
20.07.2025 23:00:00 +02:00,380.20,4841.08,4460.88
21.07.2025 00:00:00 +02:00,796.23,5060.16,4263.93
21.07.2025 01:00:00 +02:00,917.84,5158.30,4240.46
21.07.2025 02:00:00 +02:00,1089.22,5141.82,4052.60
21.07.2025 03:00:00 +02:00,1062.95,5253.70,4190.75
21.07.2025 04:00:00 +02:00,1003.29,5359.76,4356.47
21.07.2025 05:00:00 +02:00,959.72,5312.99,4353.27
21.07.2025 06:00:00 +02:00,395.20,5135.07,4739.88
21.07.2025 07:00:00 +02:00,0.00,5430.96,5430.96
21.07.2025 08:00:00 +02:00,0.00,5381.61,5381.61
21.07.2025 09:00:00 +02:00,11.56,4815.83,4804.27
21.07.2025 10:00:00 +02:00,567.72,4408.28,3840.57
21.07.2025 11:00:00 +02:00,953.01,4349.63,3396.62
21.07.2025 12:00:00 +02:00,880.31,4275.26,3394.95
21.07.2025 13:00:00 +02:00,915.38,4484.91,3569.53
21.07.2025 14:00:00 +02:00,733.72,4223.99,3490.27
21.07.2025 15:00:00 +02:00,394.43,4381.49,3987.06
21.07.2025 16:00:00 +02:00,0.00,4531.72,4531.72
21.07.2025 17:00:00 +02:00,0.00,4715.22,4715.22
21.07.2025 18:00:00 +02:00,0.00,5557.16,5557.16
21.07.2025 19:00:00 +02:00,0.00,5840.96,5840.96
21.07.2025 20:00:00 +02:00,0.00,5850.16,5850.16
21.07.2025 21:00:00 +02:00,0.00,5897.80,5897.80
21.07.2025 22:00:00 +02:00,0.00,5640.00,5640.00
21.07.2025 23:00:00 +02:00,0.00,5760.68,5760.68
22.07.2025 00:00:00 +02:00,0.00,5471.10,5471.10
22.07.2025 01:00:00 +02:00,0.00,5336.13,5336.13
22.07.2025 02:00:00 +02:00,0.00,4969.22,4969.22
22.07.2025 03:00:00 +02:00,0.00,4631.41,4631.41
22.07.2025 04:00:00 +02:00,0.00,4142.58,4142.58
22.07.2025 05:00:00 +02:00,0.00,4739.43,4739.43
22.07.2025 06:00:00 +02:00,0.00,4883.25,4883.25
22.07.2025 07:00:00 +02:00,0.00,4953.29,4953.29
22.07.2025 08:00:00 +02:00,0.00,4678.10,4678.10
22.07.2025 09:00:00 +02:00,7.38,3718.08,3710.70
22.07.2025 10:00:00 +02:00,237.01,2722.35,2485.34
22.07.2025 11:00:00 +02:00,649.78,2088.38,1438.60
22.07.2025 12:00:00 +02:00,1959.43,1779.90,-179.53
22.07.2025 13:00:00 +02:00,3100.96,1643.32,-1457.64
22.07.2025 14:00:00 +02:00,3423.00,1634.79,-1788.22
22.07.2025 15:00:00 +02:00,2551.34,1667.87,-883.48
22.07.2025 16:00:00 +02:00,1457.39,1631.24,173.84
22.07.2025 17:00:00 +02:00,510.07,2016.65,1506.58
22.07.2025 18:00:00 +02:00,0.00,3066.32,3066.32
22.07.2025 19:00:00 +02:00,0.00,4269.63,4269.63
22.07.2025 20:00:00 +02:00,0.00,4699.85,4699.85
22.07.2025 21:00:00 +02:00,0.00,4942.82,4942.82
22.07.2025 22:00:00 +02:00,0.00,5195.19,5195.19
22.07.2025 23:00:00 +02:00,16.20,4898.16,4881.96
23.07.2025 00:00:00 +02:00,0.00,4406.73,4406.73
23.07.2025 01:00:00 +02:00,104.58,3866.85,3762.27
23.07.2025 02:00:00 +02:00,0.00,3445.20,3445.20
23.07.2025 03:00:00 +02:00,0.00,3311.52,3311.52
23.07.2025 04:00:00 +02:00,0.00,3454.28,3454.28
23.07.2025 05:00:00 +02:00,0.00,3768.82,3768.82
23.07.2025 06:00:00 +02:00,265.32,3875.46,3610.14
23.07.2025 07:00:00 +02:00,0.00,4435.62,4435.62
23.07.2025 08:00:00 +02:00,7.06,4072.21,4065.15
23.07.2025 09:00:00 +02:00,293.35,3531.25,3237.90
23.07.2025 10:00:00 +02:00,631.89,2972.43,2340.54
23.07.2025 11:00:00 +02:00,1120.50,2708.22,1587.71
23.07.2025 12:00:00 +02:00,2127.18,2330.30,203.12
23.07.2025 13:00:00 +02:00,2473.68,1872.75,-600.93
23.07.2025 14:00:00 +02:00,2295.66,1657.58,-638.08
23.07.2025 15:00:00 +02:00,1035.84,1796.30,760.47
23.07.2025 16:00:00 +02:00,308.87,2157.33,1848.46
23.07.2025 17:00:00 +02:00,76.94,3913.96,3837.02
23.07.2025 18:00:00 +02:00,0.00,4689.22,4689.22
23.07.2025 19:00:00 +02:00,0.00,5088.78,5088.78
23.07.2025 20:00:00 +02:00,0.00,5137.12,5137.12
23.07.2025 21:00:00 +02:00,0.00,5479.51,5479.51
23.07.2025 22:00:00 +02:00,0.00,5627.32,5627.32
23.07.2025 23:00:00 +02:00,0.00,5627.38,5627.38
24.07.2025 00:00:00 +02:00,0.00,5884.96,5884.96
24.07.2025 01:00:00 +02:00,0.00,5974.67,5974.67
24.07.2025 02:00:00 +02:00,0.00,5758.63,5758.63
24.07.2025 03:00:00 +02:00,0.00,5552.49,5552.49
24.07.2025 04:00:00 +02:00,0.00,5563.07,5563.07
24.07.2025 05:00:00 +02:00,0.00,5270.59,5270.59
24.07.2025 06:00:00 +02:00,0.00,5009.40,5009.40
24.07.2025 07:00:00 +02:00,0.00,5877.42,5877.42
24.07.2025 08:00:00 +02:00,3.51,5539.51,5536.00
24.07.2025 09:00:00 +02:00,0.00,5429.07,5429.07
24.07.2025 10:00:00 +02:00,0.00,4762.27,4762.27
24.07.2025 11:00:00 +02:00,85.43,3523.09,3437.66
24.07.2025 12:00:00 +02:00,493.41,3151.26,2657.84
24.07.2025 13:00:00 +02:00,847.03,3124.26,2277.24
24.07.2025 14:00:00 +02:00,991.20,3305.70,2314.50
24.07.2025 15:00:00 +02:00,625.26,3390.49,2765.23
24.07.2025 16:00:00 +02:00,309.69,3515.98,3206.29
24.07.2025 17:00:00 +02:00,273.00,4418.33,4145.33
24.07.2025 18:00:00 +02:00,121.86,4678.76,4556.90
24.07.2025 19:00:00 +02:00,0.00,5363.54,5363.54
24.07.2025 20:00:00 +02:00,0.03,5343.50,5343.47
24.07.2025 21:00:00 +02:00,0.20,5804.05,5803.85
24.07.2025 22:00:00 +02:00,0.16,5570.21,5570.05
24.07.2025 23:00:00 +02:00,0.00,5481.37,5481.37
25.07.2025 00:00:00 +02:00,184.62,5050.23,4865.62
25.07.2025 01:00:00 +02:00,0.00,5392.52,5392.52
25.07.2025 02:00:00 +02:00,0.00,5296.24,5296.24
25.07.2025 03:00:00 +02:00,0.00,4754.57,4754.57
25.07.2025 04:00:00 +02:00,0.00,4843.76,4843.76
25.07.2025 05:00:00 +02:00,0.00,5097.63,5097.63
25.07.2025 06:00:00 +02:00,0.00,5163.89,5163.89
25.07.2025 07:00:00 +02:00,0.00,5599.75,5599.75
25.07.2025 08:00:00 +02:00,16.97,5489.57,5472.60
25.07.2025 09:00:00 +02:00,97.92,4930.24,4832.32
25.07.2025 10:00:00 +02:00,440.05,4657.99,4217.94
25.07.2025 11:00:00 +02:00,624.04,3847.96,3223.92
25.07.2025 12:00:00 +02:00,849.24,3020.82,2171.57
25.07.2025 13:00:00 +02:00,882.23,2606.83,1724.60
25.07.2025 14:00:00 +02:00,1058.63,2671.14,1612.51
25.07.2025 15:00:00 +02:00,866.63,2730.25,1863.62
25.07.2025 16:00:00 +02:00,500.23,3039.50,2539.27
25.07.2025 17:00:00 +02:00,1.89,3924.53,3922.64
25.07.2025 18:00:00 +02:00,0.00,5180.54,5180.54
25.07.2025 19:00:00 +02:00,0.00,5776.36,5776.36
25.07.2025 20:00:00 +02:00,0.00,5900.82,5900.82
25.07.2025 21:00:00 +02:00,0.00,5492.98,5492.98
25.07.2025 22:00:00 +02:00,92.28,5095.14,5002.86
25.07.2025 23:00:00 +02:00,498.17,4794.49,4296.32
26.07.2025 00:00:00 +02:00,1715.94,4685.20,2969.27
26.07.2025 01:00:00 +02:00,2077.99,4553.43,2475.44
26.07.2025 02:00:00 +02:00,1841.99,4563.90,2721.91
26.07.2025 03:00:00 +02:00,2001.11,4405.38,2404.27
26.07.2025 04:00:00 +02:00,1969.97,4202.35,2232.38
26.07.2025 05:00:00 +02:00,1629.18,4684.20,3055.03
26.07.2025 06:00:00 +02:00,1533.43,4694.32,3160.89
26.07.2025 07:00:00 +02:00,1854.85,4662.19,2807.34
26.07.2025 08:00:00 +02:00,1878.44,4156.28,2277.84
26.07.2025 09:00:00 +02:00,2465.88,4133.86,1667.98
26.07.2025 10:00:00 +02:00,2612.66,3704.24,1091.58
26.07.2025 11:00:00 +02:00,2697.70,3108.56,410.86
26.07.2025 12:00:00 +02:00,2659.35,2648.00,-11.35
26.07.2025 13:00:00 +02:00,2268.70,2730.07,461.37
26.07.2025 14:00:00 +02:00,2270.31,2913.81,643.50
26.07.2025 15:00:00 +02:00,2478.06,3392.32,914.26
26.07.2025 16:00:00 +02:00,1908.88,3335.60,1426.72
26.07.2025 17:00:00 +02:00,1790.06,3893.04,2102.97
26.07.2025 18:00:00 +02:00,873.45,4515.82,3642.38
26.07.2025 19:00:00 +02:00,137.84,4969.07,4831.23
26.07.2025 20:00:00 +02:00,91.00,5493.04,5402.04
26.07.2025 21:00:00 +02:00,128.48,5228.36,5099.88
26.07.2025 22:00:00 +02:00,234.90,5007.83,4772.94
26.07.2025 23:00:00 +02:00,592.62,5051.66,4459.04
27.07.2025 00:00:00 +02:00,1044.20,4587.18,3542.97
27.07.2025 01:00:00 +02:00,1327.64,4623.96,3296.31
27.07.2025 02:00:00 +02:00,1297.06,4909.22,3612.16
27.07.2025 03:00:00 +02:00,1146.24,4940.14,3793.90
27.07.2025 04:00:00 +02:00,1127.58,4676.73,3549.14
27.07.2025 05:00:00 +02:00,1297.06,4676.30,3379.24
27.07.2025 06:00:00 +02:00,1210.20,4620.02,3409.82
27.07.2025 07:00:00 +02:00,1130.68,4191.31,3060.63
27.07.2025 08:00:00 +02:00,1403.72,3557.30,2153.59
27.07.2025 09:00:00 +02:00,2047.56,2902.22,854.65
27.07.2025 10:00:00 +02:00,2243.79,2396.42,152.63
27.07.2025 11:00:00 +02:00,2633.07,2025.85,-607.22
27.07.2025 12:00:00 +02:00,3172.87,2029.98,-1142.89
27.07.2025 13:00:00 +02:00,2960.50,1987.14,-973.36
27.07.2025 14:00:00 +02:00,3107.38,2266.40,-840.98
27.07.2025 15:00:00 +02:00,3100.80,1899.08,-1201.72
27.07.2025 16:00:00 +02:00,1788.80,2147.66,358.86
27.07.2025 17:00:00 +02:00,616.81,2721.85,2105.04
27.07.2025 18:00:00 +02:00,0.00,3887.91,3887.91
27.07.2025 19:00:00 +02:00,0.00,5239.25,5239.25
27.07.2025 20:00:00 +02:00,0.00,5722.12,5722.12
27.07.2025 21:00:00 +02:00,0.00,5860.26,5860.26
27.07.2025 22:00:00 +02:00,0.00,5480.01,5480.01
27.07.2025 23:00:00 +02:00,181.43,5152.76,4971.33
28.07.2025 00:00:00 +02:00,231.90,5150.41,4918.52
28.07.2025 01:00:00 +02:00,481.98,4651.80,4169.81
28.07.2025 02:00:00 +02:00,652.79,4143.16,3490.36
28.07.2025 03:00:00 +02:00,584.24,3769.05,3184.81
28.07.2025 04:00:00 +02:00,655.57,3642.94,2987.37
28.07.2025 05:00:00 +02:00,633.42,4183.73,3550.31
28.07.2025 06:00:00 +02:00,240.86,3705.18,3464.32
28.07.2025 07:00:00 +02:00,0.00,4725.75,4725.75
28.07.2025 08:00:00 +02:00,11.98,4748.33,4736.35
28.07.2025 09:00:00 +02:00,207.35,3922.14,3714.78
28.07.2025 10:00:00 +02:00,587.01,3729.12,3142.12
28.07.2025 11:00:00 +02:00,1005.64,3032.59,2026.95
28.07.2025 12:00:00 +02:00,1275.34,2683.58,1408.24
28.07.2025 13:00:00 +02:00,1344.53,2269.88,925.35
28.07.2025 14:00:00 +02:00,1428.28,2062.98,634.70
28.07.2025 15:00:00 +02:00,1342.38,2122.21,779.82
28.07.2025 16:00:00 +02:00,906.24,2312.78,1406.54
28.07.2025 17:00:00 +02:00,492.28,2584.65,2092.37
28.07.2025 18:00:00 +02:00,0.24,3603.23,3602.99
28.07.2025 19:00:00 +02:00,0.24,4324.70,4324.47
28.07.2025 20:00:00 +02:00,0.58,4472.72,4472.14
28.07.2025 21:00:00 +02:00,288.28,4484.06,4195.78
28.07.2025 22:00:00 +02:00,667.64,4491.76,3824.12
28.07.2025 23:00:00 +02:00,600.20,4408.24,3808.04
29.07.2025 00:00:00 +02:00,1158.12,4149.07,2990.94
29.07.2025 01:00:00 +02:00,980.70,4033.86,3053.16
29.07.2025 02:00:00 +02:00,419.05,3687.54,3268.48
29.07.2025 03:00:00 +02:00,443.01,3519.27,3076.26
29.07.2025 04:00:00 +02:00,864.05,3276.26,2412.20
29.07.2025 05:00:00 +02:00,978.00,3134.82,2156.83
29.07.2025 06:00:00 +02:00,629.72,3156.65,2526.93
29.07.2025 07:00:00 +02:00,816.52,3221.26,2404.74
29.07.2025 08:00:00 +02:00,1430.98,2813.84,1382.86
29.07.2025 09:00:00 +02:00,2480.06,2680.48,200.42
29.07.2025 10:00:00 +02:00,2959.75,2270.12,-689.63
29.07.2025 11:00:00 +02:00,3235.02,2007.51,-1227.52
29.07.2025 12:00:00 +02:00,3091.75,1494.21,-1597.54
29.07.2025 13:00:00 +02:00,3157.67,1472.85,-1684.82
29.07.2025 14:00:00 +02:00,2945.55,1484.80,-1460.76
29.07.2025 15:00:00 +02:00,2812.62,1496.08,-1316.54
29.07.2025 16:00:00 +02:00,1735.65,1712.34,-23.31
29.07.2025 17:00:00 +02:00,1105.63,2363.24,1257.61
29.07.2025 18:00:00 +02:00,1085.46,3422.74,2337.28
29.07.2025 19:00:00 +02:00,1108.27,4240.53,3132.26
29.07.2025 20:00:00 +02:00,1062.14,4173.42,3111.29
29.07.2025 21:00:00 +02:00,999.71,4287.17,3287.46
29.07.2025 22:00:00 +02:00,691.71,4406.95,3715.24
29.07.2025 23:00:00 +02:00,904.40,4425.12,3520.71
30.07.2025 00:00:00 +02:00,2301.56,4389.45,2087.89
30.07.2025 01:00:00 +02:00,2367.38,4344.86,1977.48
30.07.2025 02:00:00 +02:00,1336.73,4070.28,2733.56
30.07.2025 03:00:00 +02:00,1220.40,4033.22,2812.82
30.07.2025 04:00:00 +02:00,1458.52,3735.98,2277.46
30.07.2025 05:00:00 +02:00,2054.12,3878.14,1824.01
30.07.2025 06:00:00 +02:00,1503.02,3828.20,2325.18
30.07.2025 07:00:00 +02:00,1049.44,3770.10,2720.66
30.07.2025 08:00:00 +02:00,1020.34,3181.06,2160.72
30.07.2025 09:00:00 +02:00,1495.32,2359.90,864.58
30.07.2025 10:00:00 +02:00,1985.36,1727.93,-257.43
30.07.2025 11:00:00 +02:00,2778.54,1554.24,-1224.30
30.07.2025 12:00:00 +02:00,2932.28,1647.13,-1285.14
30.07.2025 13:00:00 +02:00,3072.72,1579.48,-1493.24
30.07.2025 14:00:00 +02:00,2640.16,1773.72,-866.44
30.07.2025 15:00:00 +02:00,2990.02,1598.89,-1391.13
30.07.2025 16:00:00 +02:00,2599.95,2111.45,-488.50
30.07.2025 17:00:00 +02:00,1097.30,2701.08,1603.78
30.07.2025 18:00:00 +02:00,138.67,3555.32,3416.65
30.07.2025 19:00:00 +02:00,52.52,4480.54,4428.02
30.07.2025 20:00:00 +02:00,198.54,4204.88,4006.34
30.07.2025 21:00:00 +02:00,395.61,4197.99,3802.38
30.07.2025 22:00:00 +02:00,797.27,4353.41,3556.14
30.07.2025 23:00:00 +02:00,1281.81,4181.20,2899.39
31.07.2025 00:00:00 +02:00,867.30,4458.62,3591.32
31.07.2025 01:00:00 +02:00,593.43,4509.99,3916.56
31.07.2025 02:00:00 +02:00,652.38,4117.31,3464.92
31.07.2025 03:00:00 +02:00,622.80,3803.74,3180.94
31.07.2025 04:00:00 +02:00,632.03,4210.59,3578.56
31.07.2025 05:00:00 +02:00,597.26,4298.73,3701.47
31.07.2025 06:00:00 +02:00,724.29,4253.66,3529.37
31.07.2025 07:00:00 +02:00,699.98,4369.22,3669.24
31.07.2025 08:00:00 +02:00,756.14,4197.41,3441.28
31.07.2025 09:00:00 +02:00,1050.36,3966.24,2915.88
31.07.2025 10:00:00 +02:00,1088.82,2949.40,1860.58
31.07.2025 11:00:00 +02:00,1138.74,2289.80,1151.05
31.07.2025 12:00:00 +02:00,1453.81,1744.96,291.16
31.07.2025 13:00:00 +02:00,1470.46,1655.93,185.47
31.07.2025 14:00:00 +02:00,1282.45,1628.06,345.62
31.07.2025 15:00:00 +02:00,1610.40,1938.31,327.91
31.07.2025 16:00:00 +02:00,1244.58,2678.53,1433.95
31.07.2025 17:00:00 +02:00,684.43,3622.56,2938.13
31.07.2025 18:00:00 +02:00,331.73,4276.66,3944.93
31.07.2025 19:00:00 +02:00,273.27,4592.06,4318.79
31.07.2025 20:00:00 +02:00,6.54,4859.06,4852.51
31.07.2025 21:00:00 +02:00,170.58,5000.28,4829.69
31.07.2025 22:00:00 +02:00,125.54,5109.11,4983.57
31.07.2025 23:00:00 +02:00,504.47,4977.57,4473.10
01.08.2025 00:00:00 +02:00,18.76,5031.44,5012.68
01.08.2025 01:00:00 +02:00,254.29,5022.22,4767.93
01.08.2025 02:00:00 +02:00,132.52,5046.52,4914.00
01.08.2025 03:00:00 +02:00,158.50,4640.39,4481.89
01.08.2025 04:00:00 +02:00,162.00,4409.23,4247.23
01.08.2025 05:00:00 +02:00,213.48,4286.74,4073.25
01.08.2025 06:00:00 +02:00,0.00,4606.11,4606.11
01.08.2025 07:00:00 +02:00,0.00,5562.87,5562.87
01.08.2025 08:00:00 +02:00,0.00,5497.66,5497.66
01.08.2025 09:00:00 +02:00,85.25,4767.25,4682.00
01.08.2025 10:00:00 +02:00,333.22,4426.84,4093.62
01.08.2025 11:00:00 +02:00,629.59,3281.55,2651.96
01.08.2025 12:00:00 +02:00,1019.37,2460.38,1441.00
01.08.2025 13:00:00 +02:00,1357.80,1504.00,146.20
01.08.2025 14:00:00 +02:00,1822.80,898.62,-924.18
01.08.2025 15:00:00 +02:00,1431.23,1284.77,-146.46
01.08.2025 16:00:00 +02:00,1043.00,1775.65,732.64
01.08.2025 17:00:00 +02:00,439.16,3643.02,3203.87
01.08.2025 18:00:00 +02:00,0.00,4714.87,4714.87
01.08.2025 19:00:00 +02:00,0.00,5840.19,5840.19
01.08.2025 20:00:00 +02:00,0.00,5957.12,5957.12
01.08.2025 21:00:00 +02:00,0.00,6248.97,6248.97
01.08.2025 22:00:00 +02:00,0.00,6243.69,6243.69
01.08.2025 23:00:00 +02:00,0.00,6086.89,6086.89
02.08.2025 00:00:00 +02:00,466.42,5177.71,4711.29
02.08.2025 01:00:00 +02:00,369.50,5179.54,4810.04
02.08.2025 02:00:00 +02:00,697.16,4994.35,4297.19
02.08.2025 03:00:00 +02:00,621.52,4714.90,4093.39
02.08.2025 04:00:00 +02:00,415.78,4809.00,4393.23
02.08.2025 05:00:00 +02:00,437.92,4202.96,3765.04
02.08.2025 06:00:00 +02:00,644.54,3505.36,2860.82
02.08.2025 07:00:00 +02:00,610.09,2972.12,2362.02
02.08.2025 08:00:00 +02:00,1113.40,2654.42,1541.02
02.08.2025 09:00:00 +02:00,1955.64,2223.68,268.03
02.08.2025 10:00:00 +02:00,2779.37,1538.53,-1240.84
02.08.2025 11:00:00 +02:00,3504.33,1646.21,-1858.12
02.08.2025 12:00:00 +02:00,3524.32,1554.28,-1970.04
02.08.2025 13:00:00 +02:00,3439.43,1577.19,-1862.24
02.08.2025 14:00:00 +02:00,3299.91,1670.86,-1629.05
02.08.2025 15:00:00 +02:00,3185.01,1859.80,-1325.21
02.08.2025 16:00:00 +02:00,1992.78,1672.46,-320.31
02.08.2025 17:00:00 +02:00,733.49,2342.70,1609.22
02.08.2025 18:00:00 +02:00,10.99,3584.74,3573.76
02.08.2025 19:00:00 +02:00,0.00,4931.09,4931.09
02.08.2025 20:00:00 +02:00,0.00,5418.86,5418.86
02.08.2025 21:00:00 +02:00,0.00,5433.94,5433.94
02.08.2025 22:00:00 +02:00,0.00,5329.56,5329.56
02.08.2025 23:00:00 +02:00,0.00,5337.09,5337.09
03.08.2025 00:00:00 +02:00,792.26,4207.36,3415.10
03.08.2025 01:00:00 +02:00,1105.46,3953.87,2848.40
03.08.2025 02:00:00 +02:00,643.55,2547.44,1903.89
03.08.2025 03:00:00 +02:00,567.24,2272.06,1704.83
03.08.2025 04:00:00 +02:00,657.21,1965.69,1308.48
03.08.2025 05:00:00 +02:00,1014.51,1305.32,290.81
03.08.2025 06:00:00 +02:00,1245.34,800.85,-444.49
03.08.2025 07:00:00 +02:00,1028.70,722.88,-305.82
03.08.2025 08:00:00 +02:00,967.28,267.27,-700.01
03.08.2025 09:00:00 +02:00,2301.83,377.67,-1924.16
03.08.2025 10:00:00 +02:00,2405.38,864.39,-1540.98
03.08.2025 11:00:00 +02:00,2798.82,1362.15,-1436.67
03.08.2025 12:00:00 +02:00,3275.43,1505.11,-1770.32
03.08.2025 13:00:00 +02:00,3017.84,987.34,-2030.50
03.08.2025 14:00:00 +02:00,3006.09,685.66,-2320.44
03.08.2025 15:00:00 +02:00,3009.85,545.27,-2464.58
03.08.2025 16:00:00 +02:00,3044.04,719.65,-2324.39
03.08.2025 17:00:00 +02:00,2260.58,967.94,-1292.64
03.08.2025 18:00:00 +02:00,846.71,1994.84,1148.12
03.08.2025 19:00:00 +02:00,310.51,3214.44,2903.94
03.08.2025 20:00:00 +02:00,249.07,3951.68,3702.62
03.08.2025 21:00:00 +02:00,291.16,4217.31,3926.15
03.08.2025 22:00:00 +02:00,1031.06,4647.06,3616.01
03.08.2025 23:00:00 +02:00,1273.52,4305.68,3032.16
04.08.2025 00:00:00 +02:00,909.94,4470.08,3560.15
04.08.2025 01:00:00 +02:00,1203.35,3870.70,2667.36
04.08.2025 02:00:00 +02:00,1022.92,3958.42,2935.50
04.08.2025 03:00:00 +02:00,655.57,4175.12,3519.54
04.08.2025 04:00:00 +02:00,532.50,4610.76,4078.26
04.08.2025 05:00:00 +02:00,502.39,5243.17,4740.78
04.08.2025 06:00:00 +02:00,57.36,5187.34,5129.98
04.08.2025 07:00:00 +02:00,0.00,5576.26,5576.26
04.08.2025 08:00:00 +02:00,0.00,5141.66,5141.66
04.08.2025 09:00:00 +02:00,0.00,4015.38,4015.38
04.08.2025 10:00:00 +02:00,204.12,2827.94,2623.82
04.08.2025 11:00:00 +02:00,1535.85,2086.76,550.92
04.08.2025 12:00:00 +02:00,1733.06,1172.51,-560.55
04.08.2025 13:00:00 +02:00,2436.60,810.78,-1625.82
04.08.2025 14:00:00 +02:00,2627.12,965.24,-1661.89
04.08.2025 15:00:00 +02:00,2696.46,1320.24,-1376.22
04.08.2025 16:00:00 +02:00,1906.51,1589.24,-317.27
04.08.2025 17:00:00 +02:00,850.67,2137.22,1286.54
04.08.2025 18:00:00 +02:00,405.94,2649.68,2243.73
04.08.2025 19:00:00 +02:00,30.92,3107.28,3076.37
04.08.2025 20:00:00 +02:00,466.37,3702.82,3236.45
04.08.2025 21:00:00 +02:00,248.18,3336.20,3088.02
04.08.2025 22:00:00 +02:00,455.24,3164.22,2708.98
04.08.2025 23:00:00 +02:00,531.54,2078.38,1546.84
05.08.2025 00:00:00 +02:00,1840.48,1607.34,-233.14
05.08.2025 01:00:00 +02:00,1912.85,2018.05,105.20
05.08.2025 02:00:00 +02:00,1964.29,2084.56,120.27
05.08.2025 03:00:00 +02:00,2363.51,2216.22,-147.29
05.08.2025 04:00:00 +02:00,2504.56,2302.50,-202.06
05.08.2025 05:00:00 +02:00,2179.00,2318.02,139.01
05.08.2025 06:00:00 +02:00,2056.37,2646.93,590.56
05.08.2025 07:00:00 +02:00,1407.68,3057.82,1650.14
05.08.2025 08:00:00 +02:00,1305.07,2647.84,1342.77
05.08.2025 09:00:00 +02:00,2112.50,1568.49,-544.01
05.08.2025 10:00:00 +02:00,3215.16,929.29,-2285.87
05.08.2025 11:00:00 +02:00,2913.65,467.73,-2445.92
05.08.2025 12:00:00 +02:00,3627.16,312.16,-3315.00
05.08.2025 13:00:00 +02:00,3609.02,200.99,-3408.02
05.08.2025 14:00:00 +02:00,3467.40,186.42,-3280.98
05.08.2025 15:00:00 +02:00,3757.80,273.12,-3484.68
05.08.2025 16:00:00 +02:00,3650.79,570.86,-3079.93
05.08.2025 17:00:00 +02:00,3162.48,779.82,-2382.66
05.08.2025 18:00:00 +02:00,2338.10,1647.89,-690.22
05.08.2025 19:00:00 +02:00,1515.22,2879.72,1364.50
05.08.2025 20:00:00 +02:00,1565.34,3383.38,1818.03
05.08.2025 21:00:00 +02:00,1714.23,3694.21,1979.98
05.08.2025 22:00:00 +02:00,1904.60,3475.30,1570.70
05.08.2025 23:00:00 +02:00,2045.45,3190.51,1145.06
06.08.2025 00:00:00 +02:00,1958.97,2969.18,1010.21
06.08.2025 01:00:00 +02:00,1907.47,2992.14,1084.66
06.08.2025 02:00:00 +02:00,2094.30,2951.38,857.08
06.08.2025 03:00:00 +02:00,2233.08,2949.32,716.24
06.08.2025 04:00:00 +02:00,2186.63,2899.59,712.96
06.08.2025 05:00:00 +02:00,1785.04,2937.13,1152.09
06.08.2025 06:00:00 +02:00,2257.06,2987.38,730.32
06.08.2025 07:00:00 +02:00,2438.04,2995.53,557.49
06.08.2025 08:00:00 +02:00,2699.69,2962.46,262.77
06.08.2025 09:00:00 +02:00,3066.04,2672.05,-393.98
06.08.2025 10:00:00 +02:00,3285.37,2128.35,-1157.02
06.08.2025 11:00:00 +02:00,3552.76,1902.40,-1650.36
06.08.2025 12:00:00 +02:00,3572.94,1618.24,-1954.71
06.08.2025 13:00:00 +02:00,3472.66,1481.94,-1990.72
06.08.2025 14:00:00 +02:00,3202.60,1497.77,-1704.82
06.08.2025 15:00:00 +02:00,3074.54,1767.51,-1307.04
06.08.2025 16:00:00 +02:00,2618.16,1922.23,-695.93
06.08.2025 17:00:00 +02:00,2213.80,2794.18,580.38
06.08.2025 18:00:00 +02:00,1638.48,3039.32,1400.84
06.08.2025 19:00:00 +02:00,921.40,3600.23,2678.82
06.08.2025 20:00:00 +02:00,903.19,4156.88,3253.69
06.08.2025 21:00:00 +02:00,1080.42,4591.62,3511.20
06.08.2025 22:00:00 +02:00,1872.38,4613.64,2741.26
06.08.2025 23:00:00 +02:00,2167.53,4665.66,2498.13
07.08.2025 00:00:00 +02:00,1484.79,4444.85,2960.06
07.08.2025 01:00:00 +02:00,1327.44,4144.10,2816.66
07.08.2025 02:00:00 +02:00,1239.50,3592.22,2352.72
07.08.2025 03:00:00 +02:00,1523.54,3189.90,1666.36
07.08.2025 04:00:00 +02:00,2171.58,3191.76,1020.18
07.08.2025 05:00:00 +02:00,1953.69,3170.09,1216.40
07.08.2025 06:00:00 +02:00,1534.73,2742.64,1207.91
07.08.2025 07:00:00 +02:00,411.01,2493.58,2082.57
07.08.2025 08:00:00 +02:00,1104.26,2575.73,1471.47
07.08.2025 09:00:00 +02:00,1533.75,2468.85,935.10
07.08.2025 10:00:00 +02:00,2369.00,1833.39,-535.61
07.08.2025 11:00:00 +02:00,2824.07,1089.44,-1734.63
07.08.2025 12:00:00 +02:00,3614.07,1145.48,-2468.59
07.08.2025 13:00:00 +02:00,3753.53,859.45,-2894.08
07.08.2025 14:00:00 +02:00,3315.80,690.00,-2625.80
07.08.2025 15:00:00 +02:00,3016.94,542.42,-2474.52
07.08.2025 16:00:00 +02:00,2173.06,845.52,-1327.55
07.08.2025 17:00:00 +02:00,228.10,2154.48,1926.38
07.08.2025 18:00:00 +02:00,36.63,3490.48,3453.86
07.08.2025 19:00:00 +02:00,0.00,4724.90,4724.90
07.08.2025 20:00:00 +02:00,17.86,5183.10,5165.24
07.08.2025 21:00:00 +02:00,0.00,5550.96,5550.96
07.08.2025 22:00:00 +02:00,10.92,5260.86,5249.95
07.08.2025 23:00:00 +02:00,191.69,5121.46,4929.77
08.08.2025 00:00:00 +02:00,933.94,5182.95,4249.01
08.08.2025 01:00:00 +02:00,1077.28,5111.67,4034.39
08.08.2025 02:00:00 +02:00,1173.30,4948.02,3774.73
08.08.2025 03:00:00 +02:00,1114.36,4299.46,3185.10
08.08.2025 04:00:00 +02:00,1389.95,4213.37,2823.42
08.08.2025 05:00:00 +02:00,1256.15,3799.44,2543.29
08.08.2025 06:00:00 +02:00,334.70,4078.88,3744.17
08.08.2025 07:00:00 +02:00,21.93,4999.02,4977.09
08.08.2025 08:00:00 +02:00,44.33,4853.79,4809.46
08.08.2025 09:00:00 +02:00,581.65,3964.28,3382.63
08.08.2025 10:00:00 +02:00,973.91,2530.78,1556.88
08.08.2025 11:00:00 +02:00,1859.14,1017.30,-841.84
08.08.2025 12:00:00 +02:00,2116.27,838.67,-1277.60
08.08.2025 13:00:00 +02:00,1997.86,797.28,-1200.58
08.08.2025 14:00:00 +02:00,2148.62,650.93,-1497.69
08.08.2025 15:00:00 +02:00,2367.13,250.60,-2116.53
08.08.2025 16:00:00 +02:00,2020.58,933.21,-1087.38
08.08.2025 17:00:00 +02:00,465.61,2288.34,1822.74
08.08.2025 18:00:00 +02:00,260.85,4133.78,3872.93
08.08.2025 19:00:00 +02:00,144.08,4919.87,4775.78
08.08.2025 20:00:00 +02:00,147.57,4963.33,4815.76
08.08.2025 21:00:00 +02:00,341.78,5065.33,4723.56
08.08.2025 22:00:00 +02:00,817.05,4949.59,4132.54
08.08.2025 23:00:00 +02:00,850.02,4910.44,4060.42
09.08.2025 00:00:00 +02:00,1056.09,4663.41,3607.32
09.08.2025 01:00:00 +02:00,1184.13,4413.41,3229.28
09.08.2025 02:00:00 +02:00,1039.29,3705.22,2665.94
09.08.2025 03:00:00 +02:00,1149.78,3455.12,2305.34
09.08.2025 04:00:00 +02:00,1640.18,3503.38,1863.20
09.08.2025 05:00:00 +02:00,2201.72,3589.69,1387.97
09.08.2025 06:00:00 +02:00,2801.34,3460.16,658.82
09.08.2025 07:00:00 +02:00,2603.38,3484.22,880.85
09.08.2025 08:00:00 +02:00,2484.24,2797.79,313.54
09.08.2025 09:00:00 +02:00,2625.84,1506.78,-1119.06
09.08.2025 10:00:00 +02:00,1881.48,910.90,-970.58
09.08.2025 11:00:00 +02:00,2421.40,335.62,-2085.77
09.08.2025 12:00:00 +02:00,3186.54,197.20,-2989.34
09.08.2025 13:00:00 +02:00,3359.65,114.60,-3245.06
09.08.2025 14:00:00 +02:00,3394.05,136.44,-3257.61
09.08.2025 15:00:00 +02:00,3218.00,165.66,-3052.34
09.08.2025 16:00:00 +02:00,2110.68,486.96,-1623.72
09.08.2025 17:00:00 +02:00,2061.55,1107.10,-954.45
09.08.2025 18:00:00 +02:00,555.01,2113.22,1558.21
09.08.2025 19:00:00 +02:00,154.95,3518.50,3363.54
09.08.2025 20:00:00 +02:00,315.16,4249.44,3934.28
09.08.2025 21:00:00 +02:00,449.98,5017.45,4567.47
09.08.2025 22:00:00 +02:00,621.97,5079.90,4457.92
09.08.2025 23:00:00 +02:00,733.73,4777.66,4043.93
10.08.2025 00:00:00 +02:00,1572.79,4682.11,3109.32
10.08.2025 01:00:00 +02:00,1365.98,4531.86,3165.88
10.08.2025 02:00:00 +02:00,1472.55,4419.32,2946.77
10.08.2025 03:00:00 +02:00,1389.54,4244.62,2855.08
10.08.2025 04:00:00 +02:00,1402.70,3708.74,2306.04
10.08.2025 05:00:00 +02:00,1735.23,3379.03,1643.80
10.08.2025 06:00:00 +02:00,1378.58,2750.04,1371.45
10.08.2025 07:00:00 +02:00,1345.11,2454.95,1109.84
10.08.2025 08:00:00 +02:00,1866.60,2069.85,203.24
10.08.2025 09:00:00 +02:00,1892.91,1535.81,-357.10
10.08.2025 10:00:00 +02:00,3191.28,1446.88,-1744.41
10.08.2025 11:00:00 +02:00,3840.76,1446.96,-2393.81
10.08.2025 12:00:00 +02:00,3719.37,1447.05,-2272.32
10.08.2025 13:00:00 +02:00,3673.03,1446.84,-2226.20
10.08.2025 14:00:00 +02:00,3627.79,1446.80,-2180.99
10.08.2025 15:00:00 +02:00,3623.56,1447.15,-2176.41
10.08.2025 16:00:00 +02:00,3443.86,1447.18,-1996.68
10.08.2025 17:00:00 +02:00,2397.12,1494.64,-902.48
10.08.2025 18:00:00 +02:00,1536.81,2542.69,1005.88
10.08.2025 19:00:00 +02:00,757.31,4158.51,3401.20
10.08.2025 20:00:00 +02:00,473.26,4788.78,4315.52
10.08.2025 21:00:00 +02:00,77.74,4927.42,4849.68
10.08.2025 22:00:00 +02:00,932.92,4877.67,3944.76
10.08.2025 23:00:00 +02:00,1811.48,4909.35,3097.87
11.08.2025 00:00:00 +02:00,976.25,4625.58,3649.33
11.08.2025 01:00:00 +02:00,1167.50,4159.13,2991.63
11.08.2025 02:00:00 +02:00,1199.69,3740.46,2540.77
11.08.2025 03:00:00 +02:00,1144.58,3607.06,2462.48
11.08.2025 04:00:00 +02:00,1092.91,3628.93,2536.02
11.08.2025 05:00:00 +02:00,398.56,3596.30,3197.74
11.08.2025 06:00:00 +02:00,292.61,4399.42,4106.81
11.08.2025 07:00:00 +02:00,22.20,4631.43,4609.23
11.08.2025 08:00:00 +02:00,189.11,3583.76,3394.66
11.08.2025 09:00:00 +02:00,585.26,2189.54,1604.28
11.08.2025 10:00:00 +02:00,2413.68,1837.48,-576.20
11.08.2025 11:00:00 +02:00,2881.96,1581.55,-1300.41
11.08.2025 12:00:00 +02:00,3414.72,1563.36,-1851.36
11.08.2025 13:00:00 +02:00,3617.38,1609.78,-2007.60
11.08.2025 14:00:00 +02:00,3464.56,1694.78,-1769.78
11.08.2025 15:00:00 +02:00,2745.20,1715.36,-1029.84
11.08.2025 16:00:00 +02:00,2123.41,2259.10,135.70
11.08.2025 17:00:00 +02:00,695.55,3671.28,2975.72
11.08.2025 18:00:00 +02:00,705.48,4658.25,3952.76
11.08.2025 19:00:00 +02:00,0.00,4840.01,4840.01
11.08.2025 20:00:00 +02:00,21.26,4837.46,4816.20
11.08.2025 21:00:00 +02:00,456.22,4822.84,4366.62
11.08.2025 22:00:00 +02:00,900.84,4826.69,3925.85
11.08.2025 23:00:00 +02:00,1393.40,5347.32,3953.92
12.08.2025 00:00:00 +02:00,1266.57,5283.76,4017.18
12.08.2025 01:00:00 +02:00,1087.67,4849.65,3761.98
12.08.2025 02:00:00 +02:00,983.00,4691.25,3708.25
12.08.2025 03:00:00 +02:00,946.14,4436.65,3490.51
12.08.2025 04:00:00 +02:00,1199.98,4360.26,3160.28
12.08.2025 05:00:00 +02:00,892.32,4276.38,3384.06
12.08.2025 06:00:00 +02:00,142.55,4492.28,4349.73
12.08.2025 07:00:00 +02:00,0.00,4444.65,4444.65
12.08.2025 08:00:00 +02:00,90.87,3139.02,3048.14
12.08.2025 09:00:00 +02:00,370.94,2313.33,1942.39
12.08.2025 10:00:00 +02:00,2309.39,1893.03,-416.36
12.08.2025 11:00:00 +02:00,3493.47,1914.75,-1578.72
12.08.2025 12:00:00 +02:00,3268.05,1867.92,-1400.14
12.08.2025 13:00:00 +02:00,3507.46,1769.10,-1738.36
12.08.2025 14:00:00 +02:00,3295.13,1777.82,-1517.31
12.08.2025 15:00:00 +02:00,3300.30,1641.96,-1658.33
12.08.2025 16:00:00 +02:00,1885.35,2193.97,308.62
12.08.2025 17:00:00 +02:00,995.38,3269.34,2273.97
12.08.2025 18:00:00 +02:00,667.16,3761.81,3094.66
12.08.2025 19:00:00 +02:00,106.35,4038.90,3932.55
12.08.2025 20:00:00 +02:00,472.08,4562.96,4090.88
12.08.2025 21:00:00 +02:00,596.26,4778.51,4182.26
12.08.2025 22:00:00 +02:00,832.34,4969.22,4136.87
12.08.2025 23:00:00 +02:00,1123.02,5017.30,3894.28
13.08.2025 00:00:00 +02:00,518.28,4618.68,4100.39
13.08.2025 01:00:00 +02:00,301.95,4144.00,3842.05
13.08.2025 02:00:00 +02:00,473.30,4043.25,3569.95
13.08.2025 03:00:00 +02:00,559.75,3827.00,3267.25
13.08.2025 04:00:00 +02:00,618.93,4089.09,3470.16
13.08.2025 05:00:00 +02:00,81.99,4369.25,4287.26
13.08.2025 06:00:00 +02:00,230.36,4593.96,4363.60
13.08.2025 07:00:00 +02:00,267.74,4333.00,4065.26
13.08.2025 08:00:00 +02:00,313.85,4058.84,3744.99
13.08.2025 09:00:00 +02:00,980.30,3369.60,2389.31
13.08.2025 10:00:00 +02:00,1196.68,2593.50,1396.82
13.08.2025 11:00:00 +02:00,1703.92,1770.11,66.20
13.08.2025 12:00:00 +02:00,2542.14,1755.90,-786.24
13.08.2025 13:00:00 +02:00,2640.85,1658.40,-982.45
13.08.2025 14:00:00 +02:00,2483.76,1655.98,-827.79
13.08.2025 15:00:00 +02:00,1329.90,2003.58,673.68
13.08.2025 16:00:00 +02:00,1323.81,3037.19,1713.38
13.08.2025 17:00:00 +02:00,1169.63,4224.61,3054.98
13.08.2025 18:00:00 +02:00,889.78,5218.59,4328.82
13.08.2025 19:00:00 +02:00,11.74,5257.89,5246.15
13.08.2025 20:00:00 +02:00,237.78,5193.49,4955.71
13.08.2025 21:00:00 +02:00,42.12,5032.75,4990.64
13.08.2025 22:00:00 +02:00,112.66,4856.06,4743.40
13.08.2025 23:00:00 +02:00,232.42,4763.37,4530.96
14.08.2025 00:00:00 +02:00,341.02,5156.44,4815.42
14.08.2025 01:00:00 +02:00,552.67,5145.13,4592.46
14.08.2025 02:00:00 +02:00,976.79,4731.57,3754.78
14.08.2025 03:00:00 +02:00,1077.71,4845.75,3768.04
14.08.2025 04:00:00 +02:00,904.71,4827.41,3922.70
14.08.2025 05:00:00 +02:00,0.00,5179.22,5179.22
14.08.2025 06:00:00 +02:00,19.38,5882.39,5863.01
14.08.2025 07:00:00 +02:00,2.91,5933.90,5931.00
14.08.2025 08:00:00 +02:00,0.00,5350.42,5350.42
14.08.2025 09:00:00 +02:00,0.00,4680.19,4680.19
14.08.2025 10:00:00 +02:00,184.26,3017.48,2833.22
14.08.2025 11:00:00 +02:00,956.88,2223.06,1266.18
14.08.2025 12:00:00 +02:00,1241.44,1874.00,632.56
14.08.2025 13:00:00 +02:00,1740.25,1945.76,205.51
14.08.2025 14:00:00 +02:00,1633.69,2061.87,428.18
14.08.2025 15:00:00 +02:00,745.96,2302.62,1556.66
14.08.2025 16:00:00 +02:00,1137.60,3472.40,2334.80
14.08.2025 17:00:00 +02:00,52.52,4511.25,4458.73
14.08.2025 18:00:00 +02:00,0.00,5625.66,5625.66
14.08.2025 19:00:00 +02:00,27.47,5550.13,5522.66
14.08.2025 20:00:00 +02:00,108.31,5684.86,5576.54
14.08.2025 21:00:00 +02:00,59.16,5663.46,5604.30
14.08.2025 22:00:00 +02:00,65.20,5685.75,5620.55
14.08.2025 23:00:00 +02:00,55.08,5259.19,5204.12
15.08.2025 00:00:00 +02:00,518.11,4931.90,4413.80
15.08.2025 01:00:00 +02:00,391.98,4684.95,4292.98
15.08.2025 02:00:00 +02:00,711.29,4499.32,3788.03
15.08.2025 03:00:00 +02:00,822.52,4388.84,3566.32
15.08.2025 04:00:00 +02:00,957.78,4250.10,3292.32
15.08.2025 05:00:00 +02:00,452.98,3999.54,3546.56
15.08.2025 06:00:00 +02:00,105.67,3913.96,3808.29
15.08.2025 07:00:00 +02:00,11.09,4173.94,4162.84
15.08.2025 08:00:00 +02:00,0.00,3419.44,3419.44
15.08.2025 09:00:00 +02:00,474.06,2684.06,2210.00
15.08.2025 10:00:00 +02:00,1687.79,1796.07,108.28
15.08.2025 11:00:00 +02:00,2289.67,1559.55,-730.12
15.08.2025 12:00:00 +02:00,3188.12,1525.42,-1662.70
15.08.2025 13:00:00 +02:00,3536.51,1477.60,-2058.91
15.08.2025 14:00:00 +02:00,3176.07,1453.77,-1722.30
15.08.2025 15:00:00 +02:00,2423.80,1489.80,-934.00
15.08.2025 16:00:00 +02:00,1630.93,1859.90,228.97
15.08.2025 17:00:00 +02:00,748.58,3231.86,2483.28
15.08.2025 18:00:00 +02:00,236.27,3788.42,3552.14
15.08.2025 19:00:00 +02:00,219.31,4542.59,4323.28
15.08.2025 20:00:00 +02:00,0.00,5425.16,5425.16
15.08.2025 21:00:00 +02:00,142.04,4791.64,4649.60
15.08.2025 22:00:00 +02:00,791.32,4912.28,4120.96
15.08.2025 23:00:00 +02:00,1052.57,4950.50,3897.92
16.08.2025 00:00:00 +02:00,1214.65,4550.05,3335.40
16.08.2025 01:00:00 +02:00,1198.80,4458.31,3259.50
16.08.2025 02:00:00 +02:00,1148.76,4807.88,3659.12
16.08.2025 03:00:00 +02:00,1059.20,4208.27,3149.06
16.08.2025 04:00:00 +02:00,1083.52,4003.40,2919.88
16.08.2025 05:00:00 +02:00,923.52,3777.00,2853.49
16.08.2025 06:00:00 +02:00,720.31,3326.08,2605.77
16.08.2025 07:00:00 +02:00,514.98,2929.59,2414.61
16.08.2025 08:00:00 +02:00,751.29,2568.01,1816.72
16.08.2025 09:00:00 +02:00,1860.82,2501.61,640.79
16.08.2025 10:00:00 +02:00,2704.19,2142.05,-562.14
16.08.2025 11:00:00 +02:00,2940.94,1630.99,-1309.95
16.08.2025 12:00:00 +02:00,3516.99,1486.82,-2030.17
16.08.2025 13:00:00 +02:00,3884.02,1484.48,-2399.55
16.08.2025 14:00:00 +02:00,3873.63,1483.94,-2389.70
16.08.2025 15:00:00 +02:00,3369.29,1483.42,-1885.87
16.08.2025 16:00:00 +02:00,2730.96,1672.98,-1057.99
16.08.2025 17:00:00 +02:00,1964.63,1694.80,-269.82
16.08.2025 18:00:00 +02:00,741.13,2462.17,1721.04
16.08.2025 19:00:00 +02:00,0.00,3251.26,3251.26
16.08.2025 20:00:00 +02:00,0.00,3848.99,3848.99
16.08.2025 21:00:00 +02:00,0.00,4203.86,4203.86
16.08.2025 22:00:00 +02:00,340.11,4260.57,3920.46
16.08.2025 23:00:00 +02:00,670.42,4096.32,3425.90
17.08.2025 00:00:00 +02:00,1040.56,4035.14,2994.58
17.08.2025 01:00:00 +02:00,1606.19,3891.90,2285.70
17.08.2025 02:00:00 +02:00,1551.30,3797.46,2246.16
17.08.2025 03:00:00 +02:00,1692.10,3669.45,1977.35
17.08.2025 04:00:00 +02:00,1824.08,3985.11,2161.04
17.08.2025 05:00:00 +02:00,2160.17,3783.72,1623.55
17.08.2025 06:00:00 +02:00,2029.69,3136.38,1106.70
17.08.2025 07:00:00 +02:00,1572.44,2498.84,926.40
17.08.2025 08:00:00 +02:00,1816.12,2330.25,514.14
17.08.2025 09:00:00 +02:00,2319.60,1973.15,-346.45
17.08.2025 10:00:00 +02:00,3188.03,1671.23,-1516.80
17.08.2025 11:00:00 +02:00,3465.00,1645.43,-1819.56
17.08.2025 12:00:00 +02:00,4278.29,1491.48,-2786.81
17.08.2025 13:00:00 +02:00,4430.64,1530.91,-2899.73
17.08.2025 14:00:00 +02:00,3822.88,1581.87,-2241.01
17.08.2025 15:00:00 +02:00,3583.48,1661.15,-1922.33
17.08.2025 16:00:00 +02:00,2672.17,1732.20,-939.98
17.08.2025 17:00:00 +02:00,1126.68,2411.73,1285.06
17.08.2025 18:00:00 +02:00,43.83,4413.09,4369.26
17.08.2025 19:00:00 +02:00,0.00,5434.79,5434.79
17.08.2025 20:00:00 +02:00,0.00,5207.56,5207.56
17.08.2025 21:00:00 +02:00,42.08,5126.80,5084.72
17.08.2025 22:00:00 +02:00,243.45,5334.01,5090.56
17.08.2025 23:00:00 +02:00,0.00,5439.79,5439.79
18.08.2025 00:00:00 +02:00,166.82,5218.06,5051.25
18.08.2025 01:00:00 +02:00,22.18,4347.78,4325.60
18.08.2025 02:00:00 +02:00,31.92,4095.01,4063.09
18.08.2025 03:00:00 +02:00,0.00,4290.26,4290.26
18.08.2025 04:00:00 +02:00,0.09,4568.87,4568.78
18.08.2025 05:00:00 +02:00,0.71,4974.10,4973.40
18.08.2025 06:00:00 +02:00,0.00,4704.24,4704.24
18.08.2025 07:00:00 +02:00,91.25,4376.10,4284.85
18.08.2025 08:00:00 +02:00,237.21,3978.48,3741.26
18.08.2025 09:00:00 +02:00,1081.39,3403.44,2322.04
18.08.2025 10:00:00 +02:00,1617.99,2958.61,1340.62
18.08.2025 11:00:00 +02:00,2298.27,2365.90,67.63
18.08.2025 12:00:00 +02:00,3057.72,2314.04,-743.68
18.08.2025 13:00:00 +02:00,2925.33,2320.85,-604.48
18.08.2025 14:00:00 +02:00,3000.77,2397.80,-602.97
18.08.2025 15:00:00 +02:00,2299.00,2619.10,320.11
18.08.2025 16:00:00 +02:00,1798.92,2987.24,1188.33
18.08.2025 17:00:00 +02:00,1439.78,4328.69,2888.91
18.08.2025 18:00:00 +02:00,542.44,4938.24,4395.80
18.08.2025 19:00:00 +02:00,340.71,4930.10,4589.40
18.08.2025 20:00:00 +02:00,652.10,4508.37,3856.27
18.08.2025 21:00:00 +02:00,0.00,4519.65,4519.65
18.08.2025 22:00:00 +02:00,0.00,4971.30,4971.30
18.08.2025 23:00:00 +02:00,0.00,5112.94,5112.94
19.08.2025 00:00:00 +02:00,23.38,4261.67,4238.28
19.08.2025 01:00:00 +02:00,30.99,3898.50,3867.50
19.08.2025 02:00:00 +02:00,0.00,4182.23,4182.23
19.08.2025 03:00:00 +02:00,0.00,3830.36,3830.36
19.08.2025 04:00:00 +02:00,0.00,4219.99,4219.99
19.08.2025 05:00:00 +02:00,0.00,3908.44,3908.44
19.08.2025 06:00:00 +02:00,0.00,4047.79,4047.79
19.08.2025 07:00:00 +02:00,327.31,3270.76,2943.44
19.08.2025 08:00:00 +02:00,103.71,3207.27,3103.56
19.08.2025 09:00:00 +02:00,335.54,2310.59,1975.04
19.08.2025 10:00:00 +02:00,1491.78,2294.32,802.54
19.08.2025 11:00:00 +02:00,2528.71,2210.54,-318.17
19.08.2025 12:00:00 +02:00,2780.25,2013.42,-766.84
19.08.2025 13:00:00 +02:00,2877.42,1987.80,-889.63
19.08.2025 14:00:00 +02:00,2926.37,2317.96,-608.41
19.08.2025 15:00:00 +02:00,2349.29,2306.10,-43.19
19.08.2025 16:00:00 +02:00,1394.27,2439.97,1045.70
19.08.2025 17:00:00 +02:00,378.56,2448.22,2069.67
19.08.2025 18:00:00 +02:00,273.82,3443.10,3169.28
19.08.2025 19:00:00 +02:00,546.70,3629.52,3082.82
19.08.2025 20:00:00 +02:00,674.35,3334.44,2660.08
19.08.2025 21:00:00 +02:00,449.24,3703.00,3253.76
19.08.2025 22:00:00 +02:00,459.83,3421.78,2961.94
19.08.2025 23:00:00 +02:00,172.15,3372.55,3200.40
20.08.2025 00:00:00 +02:00,626.91,2854.62,2227.72
20.08.2025 01:00:00 +02:00,818.52,2450.00,1631.48
20.08.2025 02:00:00 +02:00,934.75,3041.43,2106.68
20.08.2025 03:00:00 +02:00,990.44,3047.90,2057.46
20.08.2025 04:00:00 +02:00,971.63,2727.08,1755.46
20.08.2025 05:00:00 +02:00,936.08,2360.50,1424.42
20.08.2025 06:00:00 +02:00,191.11,2013.34,1822.23
20.08.2025 07:00:00 +02:00,121.70,2826.90,2705.20
20.08.2025 08:00:00 +02:00,336.62,3296.90,2960.29
20.08.2025 09:00:00 +02:00,348.94,2427.10,2078.15
20.08.2025 10:00:00 +02:00,611.40,2115.97,1504.58
20.08.2025 11:00:00 +02:00,1476.41,2207.82,731.41
20.08.2025 12:00:00 +02:00,2361.06,2239.27,-121.79
20.08.2025 13:00:00 +02:00,2865.26,1915.44,-949.82
20.08.2025 14:00:00 +02:00,2432.78,1965.09,-467.69
20.08.2025 15:00:00 +02:00,1560.82,2362.64,801.82
20.08.2025 16:00:00 +02:00,657.62,2046.51,1388.90
20.08.2025 17:00:00 +02:00,131.17,3006.78,2875.61
20.08.2025 18:00:00 +02:00,0.00,3662.46,3662.46
20.08.2025 19:00:00 +02:00,0.00,4534.54,4534.54
20.08.2025 20:00:00 +02:00,1.93,4759.37,4757.44
20.08.2025 21:00:00 +02:00,431.95,5128.19,4696.24
20.08.2025 22:00:00 +02:00,327.48,4990.27,4662.78
20.08.2025 23:00:00 +02:00,126.20,4519.95,4393.75
21.08.2025 00:00:00 +02:00,677.77,4341.01,3663.24
21.08.2025 01:00:00 +02:00,642.34,3973.16,3330.82
21.08.2025 02:00:00 +02:00,360.01,3481.12,3121.12
21.08.2025 03:00:00 +02:00,324.81,3438.40,3113.60
21.08.2025 04:00:00 +02:00,246.38,3166.60,2920.22
21.08.2025 05:00:00 +02:00,140.72,3328.46,3187.75
21.08.2025 06:00:00 +02:00,299.52,3378.93,3079.41
21.08.2025 07:00:00 +02:00,287.09,3621.73,3334.64
21.08.2025 08:00:00 +02:00,682.29,4074.24,3391.96
21.08.2025 09:00:00 +02:00,1103.44,3679.68,2576.24
21.08.2025 10:00:00 +02:00,1003.25,2732.47,1729.22
21.08.2025 11:00:00 +02:00,1461.82,2280.97,819.14
21.08.2025 12:00:00 +02:00,2215.56,2072.56,-143.00
21.08.2025 13:00:00 +02:00,2134.91,2154.83,19.92
21.08.2025 14:00:00 +02:00,2186.34,2137.56,-48.78
21.08.2025 15:00:00 +02:00,1841.44,2248.41,406.98
21.08.2025 16:00:00 +02:00,1812.58,2577.47,764.89
21.08.2025 17:00:00 +02:00,1292.44,2759.68,1467.24
21.08.2025 18:00:00 +02:00,655.78,3472.65,2816.87
21.08.2025 19:00:00 +02:00,512.80,4625.79,4112.98
21.08.2025 20:00:00 +02:00,518.44,4914.37,4395.93
21.08.2025 21:00:00 +02:00,323.67,4759.54,4435.87
21.08.2025 22:00:00 +02:00,143.74,4574.28,4430.55
21.08.2025 23:00:00 +02:00,207.88,4180.64,3972.76
22.08.2025 00:00:00 +02:00,185.11,3322.62,3137.50
22.08.2025 01:00:00 +02:00,60.68,3367.62,3306.94
22.08.2025 02:00:00 +02:00,211.92,2895.10,2683.18
22.08.2025 03:00:00 +02:00,0.00,2495.91,2495.91
22.08.2025 04:00:00 +02:00,0.00,2507.43,2507.43
22.08.2025 05:00:00 +02:00,0.00,3609.06,3609.06
22.08.2025 06:00:00 +02:00,0.00,4406.88,4406.88
22.08.2025 07:00:00 +02:00,10.68,4520.37,4509.70
22.08.2025 08:00:00 +02:00,330.64,4334.16,4003.52
22.08.2025 09:00:00 +02:00,557.51,3153.01,2595.50
22.08.2025 10:00:00 +02:00,1862.86,2342.95,480.08
22.08.2025 11:00:00 +02:00,2756.96,2384.94,-372.02
22.08.2025 12:00:00 +02:00,3320.92,2066.48,-1254.43
22.08.2025 13:00:00 +02:00,4090.36,2066.64,-2023.73
22.08.2025 14:00:00 +02:00,4392.36,2046.11,-2346.26
22.08.2025 15:00:00 +02:00,3861.65,2067.96,-1793.68
22.08.2025 16:00:00 +02:00,2515.35,2083.80,-431.56
22.08.2025 17:00:00 +02:00,1414.98,2519.39,1104.41
22.08.2025 18:00:00 +02:00,233.26,4042.64,3809.38
22.08.2025 19:00:00 +02:00,0.00,5140.82,5140.82
22.08.2025 20:00:00 +02:00,0.00,5575.85,5575.85
22.08.2025 21:00:00 +02:00,1.22,4788.18,4786.96
22.08.2025 22:00:00 +02:00,59.75,3893.20,3833.45
22.08.2025 23:00:00 +02:00,311.48,3775.32,3463.83
23.08.2025 00:00:00 +02:00,510.78,3552.93,3042.15
23.08.2025 01:00:00 +02:00,738.33,2975.36,2237.03
23.08.2025 02:00:00 +02:00,843.90,2659.20,1815.30
23.08.2025 03:00:00 +02:00,855.07,2514.02,1658.96
23.08.2025 04:00:00 +02:00,825.81,2018.00,1192.20
23.08.2025 05:00:00 +02:00,882.24,2220.26,1338.02
23.08.2025 06:00:00 +02:00,849.80,1976.42,1126.62
23.08.2025 07:00:00 +02:00,717.35,1760.98,1043.62
23.08.2025 08:00:00 +02:00,1093.54,2083.22,989.68
23.08.2025 09:00:00 +02:00,2306.89,2227.99,-78.90
23.08.2025 10:00:00 +02:00,3587.14,1807.66,-1779.48
23.08.2025 11:00:00 +02:00,3851.18,2069.10,-1782.08
23.08.2025 12:00:00 +02:00,4027.61,2130.44,-1897.17
23.08.2025 13:00:00 +02:00,4033.14,2094.10,-1939.04
23.08.2025 14:00:00 +02:00,3790.88,2225.64,-1565.23
23.08.2025 15:00:00 +02:00,3774.75,2110.42,-1664.33
23.08.2025 16:00:00 +02:00,3187.52,1957.37,-1230.15
23.08.2025 17:00:00 +02:00,1956.48,1837.35,-119.12
23.08.2025 18:00:00 +02:00,264.62,2644.14,2379.52
23.08.2025 19:00:00 +02:00,0.00,4681.29,4681.29
23.08.2025 20:00:00 +02:00,0.00,4526.02,4526.02
23.08.2025 21:00:00 +02:00,0.00,4958.14,4958.14
23.08.2025 22:00:00 +02:00,119.08,5108.07,4989.00
23.08.2025 23:00:00 +02:00,602.61,5297.91,4695.30
24.08.2025 00:00:00 +02:00,1103.82,4584.12,3480.30
24.08.2025 01:00:00 +02:00,1368.45,4123.44,2754.99
24.08.2025 02:00:00 +02:00,1546.98,4164.84,2617.86
24.08.2025 03:00:00 +02:00,1431.37,3462.73,2031.36
24.08.2025 04:00:00 +02:00,1517.95,3239.67,1721.72
24.08.2025 05:00:00 +02:00,1577.77,2701.59,1123.82
24.08.2025 06:00:00 +02:00,1441.84,2490.66,1048.82
24.08.2025 07:00:00 +02:00,1511.67,2717.63,1205.96
24.08.2025 08:00:00 +02:00,2310.61,2595.43,284.82
24.08.2025 09:00:00 +02:00,3376.18,1969.27,-1406.91
24.08.2025 10:00:00 +02:00,3698.65,2052.33,-1646.32
24.08.2025 11:00:00 +02:00,4305.20,1667.24,-2637.96
24.08.2025 12:00:00 +02:00,4243.59,1670.64,-2572.96
24.08.2025 13:00:00 +02:00,3986.62,1723.87,-2262.76
24.08.2025 14:00:00 +02:00,3789.16,1934.12,-1855.04
24.08.2025 15:00:00 +02:00,3622.94,2137.42,-1485.53
24.08.2025 16:00:00 +02:00,3656.50,2130.32,-1526.19
24.08.2025 17:00:00 +02:00,2074.35,1969.51,-104.84
24.08.2025 18:00:00 +02:00,330.89,2982.86,2651.97
24.08.2025 19:00:00 +02:00,0.00,3785.93,3785.93
24.08.2025 20:00:00 +02:00,0.00,4392.50,4392.50
24.08.2025 21:00:00 +02:00,9.57,4596.68,4587.11
24.08.2025 22:00:00 +02:00,329.59,4403.30,4073.71
24.08.2025 23:00:00 +02:00,745.32,4023.60,3278.28
25.08.2025 00:00:00 +02:00,1510.45,3798.80,2288.35
25.08.2025 01:00:00 +02:00,1858.84,3034.32,1175.48
25.08.2025 02:00:00 +02:00,1884.52,2953.08,1068.56
25.08.2025 03:00:00 +02:00,1413.12,2378.20,965.08
25.08.2025 04:00:00 +02:00,1315.98,2653.24,1337.26
25.08.2025 05:00:00 +02:00,796.60,3379.61,2583.00
25.08.2025 06:00:00 +02:00,0.00,4042.16,4042.16
25.08.2025 07:00:00 +02:00,0.25,3233.22,3232.97
25.08.2025 08:00:00 +02:00,15.95,2261.30,2245.36
25.08.2025 09:00:00 +02:00,1426.26,1412.79,-13.47
25.08.2025 10:00:00 +02:00,1976.23,664.40,-1311.82
25.08.2025 11:00:00 +02:00,2889.04,546.38,-2342.66
25.08.2025 12:00:00 +02:00,3559.46,532.16,-3027.30
25.08.2025 13:00:00 +02:00,3803.20,587.89,-3215.31
25.08.2025 14:00:00 +02:00,3702.70,501.66,-3201.03
25.08.2025 15:00:00 +02:00,3548.32,455.76,-3092.57
25.08.2025 16:00:00 +02:00,2656.06,385.50,-2270.56
25.08.2025 17:00:00 +02:00,445.90,1329.03,883.12
25.08.2025 18:00:00 +02:00,168.99,3018.46,2849.48
25.08.2025 19:00:00 +02:00,418.96,2924.40,2505.45
25.08.2025 20:00:00 +02:00,54.61,3573.63,3519.02
25.08.2025 21:00:00 +02:00,18.96,3504.22,3485.26
25.08.2025 22:00:00 +02:00,13.54,4036.36,4022.83
25.08.2025 23:00:00 +02:00,24.98,4310.12,4285.14
26.08.2025 00:00:00 +02:00,525.00,3820.24,3295.24
26.08.2025 01:00:00 +02:00,647.28,3718.75,3071.47
26.08.2025 02:00:00 +02:00,645.35,3155.52,2510.18
26.08.2025 03:00:00 +02:00,648.37,2813.38,2165.01
26.08.2025 04:00:00 +02:00,805.96,2833.68,2027.73
26.08.2025 05:00:00 +02:00,640.27,3595.91,2955.64
26.08.2025 06:00:00 +02:00,755.14,2978.40,2223.26
26.08.2025 07:00:00 +02:00,730.38,2966.87,2236.48
26.08.2025 08:00:00 +02:00,569.66,2013.09,1443.43
26.08.2025 09:00:00 +02:00,1565.24,1346.01,-219.23
26.08.2025 10:00:00 +02:00,2026.59,939.36,-1087.23
26.08.2025 11:00:00 +02:00,2693.54,367.21,-2326.33
26.08.2025 12:00:00 +02:00,3132.59,355.58,-2777.00
26.08.2025 13:00:00 +02:00,3035.86,398.72,-2637.14
26.08.2025 14:00:00 +02:00,2840.16,405.24,-2434.92
26.08.2025 15:00:00 +02:00,2291.40,433.06,-1858.34
26.08.2025 16:00:00 +02:00,1317.01,1248.73,-68.28
26.08.2025 17:00:00 +02:00,640.63,2787.97,2147.34
26.08.2025 18:00:00 +02:00,492.94,3776.13,3283.18
26.08.2025 19:00:00 +02:00,54.16,4000.59,3946.44
26.08.2025 20:00:00 +02:00,0.00,4192.23,4192.23
26.08.2025 21:00:00 +02:00,0.00,4202.07,4202.07
26.08.2025 22:00:00 +02:00,0.00,4200.51,4200.51
26.08.2025 23:00:00 +02:00,0.00,3989.01,3989.01
27.08.2025 00:00:00 +02:00,62.64,3489.64,3427.00
27.08.2025 01:00:00 +02:00,440.97,2890.38,2449.41
27.08.2025 02:00:00 +02:00,868.29,2430.74,1562.45
27.08.2025 03:00:00 +02:00,804.60,2517.38,1712.78
27.08.2025 04:00:00 +02:00,874.88,2934.38,2059.50
27.08.2025 05:00:00 +02:00,0.00,3574.36,3574.36
27.08.2025 06:00:00 +02:00,0.00,3895.00,3895.00
27.08.2025 07:00:00 +02:00,0.00,3736.21,3736.21
27.08.2025 08:00:00 +02:00,106.97,3452.37,3345.40
27.08.2025 09:00:00 +02:00,35.04,2750.65,2715.61
27.08.2025 10:00:00 +02:00,1377.01,1468.26,91.25
27.08.2025 11:00:00 +02:00,1806.98,926.40,-880.58
27.08.2025 12:00:00 +02:00,2494.55,580.49,-1914.06
27.08.2025 13:00:00 +02:00,2967.44,446.58,-2520.86
27.08.2025 14:00:00 +02:00,2667.82,458.84,-2208.98
27.08.2025 15:00:00 +02:00,2189.21,934.53,-1254.68
27.08.2025 16:00:00 +02:00,1315.62,1613.50,297.89
27.08.2025 17:00:00 +02:00,230.64,3031.78,2801.14
27.08.2025 18:00:00 +02:00,62.01,3507.94,3445.94
27.08.2025 19:00:00 +02:00,0.00,4197.80,4197.80
27.08.2025 20:00:00 +02:00,0.00,4233.25,4233.25
27.08.2025 21:00:00 +02:00,0.00,4334.06,4334.06
27.08.2025 22:00:00 +02:00,0.00,4385.93,4385.93
27.08.2025 23:00:00 +02:00,0.00,4502.38,4502.38
28.08.2025 00:00:00 +02:00,0.00,3891.46,3891.46
28.08.2025 01:00:00 +02:00,0.00,3469.15,3469.15
28.08.2025 02:00:00 +02:00,0.00,2534.22,2534.22
28.08.2025 03:00:00 +02:00,0.00,2356.19,2356.19
28.08.2025 04:00:00 +02:00,0.00,2845.06,2845.06
28.08.2025 05:00:00 +02:00,0.00,3701.25,3701.25
28.08.2025 06:00:00 +02:00,0.00,4550.99,4550.99
28.08.2025 07:00:00 +02:00,0.00,4456.46,4456.46
28.08.2025 08:00:00 +02:00,0.00,4060.14,4060.14
28.08.2025 09:00:00 +02:00,0.00,4266.66,4266.66
28.08.2025 10:00:00 +02:00,106.50,4112.28,4005.78
28.08.2025 11:00:00 +02:00,511.82,3617.16,3105.34
28.08.2025 12:00:00 +02:00,644.98,2711.78,2066.80
28.08.2025 13:00:00 +02:00,647.04,2536.57,1889.53
28.08.2025 14:00:00 +02:00,649.82,2149.45,1499.63
28.08.2025 15:00:00 +02:00,649.82,2773.20,2123.38
28.08.2025 16:00:00 +02:00,709.02,3087.55,2378.53
28.08.2025 17:00:00 +02:00,533.48,4193.23,3659.75
28.08.2025 18:00:00 +02:00,463.85,3970.48,3506.64
28.08.2025 19:00:00 +02:00,0.00,4180.82,4180.82
28.08.2025 20:00:00 +02:00,0.00,4251.24,4251.24
28.08.2025 21:00:00 +02:00,0.00,4152.07,4152.07
28.08.2025 22:00:00 +02:00,163.06,3934.26,3771.20
28.08.2025 23:00:00 +02:00,464.51,3773.41,3308.90
29.08.2025 00:00:00 +02:00,1150.13,3140.55,1990.42
29.08.2025 01:00:00 +02:00,650.40,2778.87,2128.46
29.08.2025 02:00:00 +02:00,690.13,3010.81,2320.68
29.08.2025 03:00:00 +02:00,648.37,2880.81,2232.44
29.08.2025 04:00:00 +02:00,692.00,2917.03,2225.03
29.08.2025 05:00:00 +02:00,645.65,3591.50,2945.85
29.08.2025 06:00:00 +02:00,473.14,4065.10,3591.96
29.08.2025 07:00:00 +02:00,621.38,4042.30,3420.92
29.08.2025 08:00:00 +02:00,623.68,4157.62,3533.94
29.08.2025 09:00:00 +02:00,647.88,3290.14,2642.25
29.08.2025 10:00:00 +02:00,1028.66,2088.03,1059.37
29.08.2025 11:00:00 +02:00,1500.21,1694.82,194.61
29.08.2025 12:00:00 +02:00,1610.78,843.34,-767.44
29.08.2025 13:00:00 +02:00,2061.08,968.75,-1092.33
29.08.2025 14:00:00 +02:00,2087.54,1249.53,-838.01
29.08.2025 15:00:00 +02:00,1769.11,1327.46,-441.65
29.08.2025 16:00:00 +02:00,871.68,2273.43,1401.75
29.08.2025 17:00:00 +02:00,433.46,3684.19,3250.74
29.08.2025 18:00:00 +02:00,262.06,4163.62,3901.56
29.08.2025 19:00:00 +02:00,6.65,4468.77,4462.12
29.08.2025 20:00:00 +02:00,0.00,4792.77,4792.77
29.08.2025 21:00:00 +02:00,0.00,4820.29,4820.29
29.08.2025 22:00:00 +02:00,39.71,3669.23,3629.52
29.08.2025 23:00:00 +02:00,648.76,3394.36,2745.60
30.08.2025 00:00:00 +02:00,320.32,3747.81,3427.50
30.08.2025 01:00:00 +02:00,678.41,3930.54,3252.13
30.08.2025 02:00:00 +02:00,827.43,3457.56,2630.12
30.08.2025 03:00:00 +02:00,936.95,3235.50,2298.54
30.08.2025 04:00:00 +02:00,899.19,3592.31,2693.12
30.08.2025 05:00:00 +02:00,0.00,4028.90,4028.90
30.08.2025 06:00:00 +02:00,0.00,4100.21,4100.21
30.08.2025 07:00:00 +02:00,21.72,3588.00,3566.28
30.08.2025 08:00:00 +02:00,143.65,3029.37,2885.72
30.08.2025 09:00:00 +02:00,581.31,2218.35,1637.04
30.08.2025 10:00:00 +02:00,1798.90,1027.16,-771.74
30.08.2025 11:00:00 +02:00,2333.86,697.50,-1636.36
30.08.2025 12:00:00 +02:00,2460.34,775.53,-1684.81
30.08.2025 13:00:00 +02:00,2414.11,733.41,-1680.70
30.08.2025 14:00:00 +02:00,2547.85,664.40,-1883.45
30.08.2025 15:00:00 +02:00,2704.69,926.55,-1778.14
30.08.2025 16:00:00 +02:00,2340.34,827.83,-1512.51
30.08.2025 17:00:00 +02:00,888.34,2466.06,1577.71
30.08.2025 18:00:00 +02:00,169.08,3675.25,3506.17
30.08.2025 19:00:00 +02:00,0.74,4159.98,4159.24
30.08.2025 20:00:00 +02:00,2.29,4655.68,4653.39
30.08.2025 21:00:00 +02:00,2.31,4750.10,4747.79
30.08.2025 22:00:00 +02:00,1.30,4556.14,4554.83
30.08.2025 23:00:00 +02:00,15.50,4182.18,4166.68
31.08.2025 00:00:00 +02:00,596.50,3634.60,3038.10
31.08.2025 01:00:00 +02:00,1341.48,3358.23,2016.75
31.08.2025 02:00:00 +02:00,1096.92,2982.02,1885.11
31.08.2025 03:00:00 +02:00,843.00,3011.87,2168.87
31.08.2025 04:00:00 +02:00,901.86,3011.22,2109.36
31.08.2025 05:00:00 +02:00,656.01,2873.78,2217.78
31.08.2025 06:00:00 +02:00,476.71,2358.13,1881.42
31.08.2025 07:00:00 +02:00,576.81,1641.29,1064.48
31.08.2025 08:00:00 +02:00,947.47,890.81,-56.66
31.08.2025 09:00:00 +02:00,1773.23,650.44,-1122.79
31.08.2025 10:00:00 +02:00,2407.55,586.81,-1820.74
31.08.2025 11:00:00 +02:00,2619.88,575.37,-2044.51
31.08.2025 12:00:00 +02:00,2750.96,491.94,-2259.02
31.08.2025 13:00:00 +02:00,2679.19,797.96,-1881.23
31.08.2025 14:00:00 +02:00,2782.58,993.91,-1788.68
31.08.2025 15:00:00 +02:00,2581.34,956.85,-1624.49
31.08.2025 16:00:00 +02:00,2452.45,1062.38,-1390.07
31.08.2025 17:00:00 +02:00,872.02,2766.72,1894.70
31.08.2025 18:00:00 +02:00,43.62,3672.57,3628.95
31.08.2025 19:00:00 +02:00,5.87,4537.10,4531.23
31.08.2025 20:00:00 +02:00,2.02,4878.28,4876.26
31.08.2025 21:00:00 +02:00,0.10,4833.61,4833.51
31.08.2025 22:00:00 +02:00,0.00,4692.11,4692.11
31.08.2025 23:00:00 +02:00,308.40,4217.68,3909.27
01.09.2025 00:00:00 +02:00,564.62,3740.88,3176.26
01.09.2025 01:00:00 +02:00,757.02,4036.37,3279.35
01.09.2025 02:00:00 +02:00,687.41,3724.65,3037.24
01.09.2025 03:00:00 +02:00,565.48,3249.90,2684.42
01.09.2025 04:00:00 +02:00,930.34,3306.64,2376.30
01.09.2025 05:00:00 +02:00,0.00,4306.37,4306.37
01.09.2025 06:00:00 +02:00,0.40,4484.05,4483.65
01.09.2025 07:00:00 +02:00,4.50,4710.61,4706.11
01.09.2025 08:00:00 +02:00,6.81,4312.98,4306.17
01.09.2025 09:00:00 +02:00,5.63,3462.78,3457.16
01.09.2025 10:00:00 +02:00,237.17,2775.94,2538.76
01.09.2025 11:00:00 +02:00,1470.39,2565.93,1095.54
01.09.2025 12:00:00 +02:00,2348.38,1830.40,-517.97
01.09.2025 13:00:00 +02:00,2793.11,1707.72,-1085.39
01.09.2025 14:00:00 +02:00,2623.55,1549.32,-1074.23
01.09.2025 15:00:00 +02:00,1719.11,2135.25,416.14
01.09.2025 16:00:00 +02:00,978.22,3018.23,2040.01
01.09.2025 17:00:00 +02:00,234.12,3677.37,3443.24
01.09.2025 18:00:00 +02:00,1.64,4121.49,4119.85
01.09.2025 19:00:00 +02:00,3.23,4556.59,4553.36
01.09.2025 20:00:00 +02:00,3.78,4518.60,4514.82
01.09.2025 21:00:00 +02:00,0.03,4632.62,4632.59
01.09.2025 22:00:00 +02:00,0.00,4535.34,4535.34
01.09.2025 23:00:00 +02:00,41.59,4283.32,4241.73
02.09.2025 00:00:00 +02:00,177.06,4290.08,4113.02
02.09.2025 01:00:00 +02:00,361.97,4431.66,4069.69
02.09.2025 02:00:00 +02:00,116.46,4254.22,4137.76
02.09.2025 03:00:00 +02:00,102.58,4627.32,4524.74
02.09.2025 04:00:00 +02:00,18.64,4410.90,4392.26
02.09.2025 05:00:00 +02:00,0.00,4545.56,4545.56
02.09.2025 06:00:00 +02:00,0.00,4230.75,4230.75
02.09.2025 07:00:00 +02:00,0.00,4206.41,4206.41
02.09.2025 08:00:00 +02:00,0.00,3903.52,3903.52
02.09.2025 09:00:00 +02:00,298.21,3712.68,3414.48
02.09.2025 10:00:00 +02:00,948.90,3448.17,2499.27
02.09.2025 11:00:00 +02:00,908.20,2928.95,2020.75
02.09.2025 12:00:00 +02:00,1436.82,2660.18,1223.35
02.09.2025 13:00:00 +02:00,1385.30,2051.54,666.25
02.09.2025 14:00:00 +02:00,1117.60,1947.01,829.41
02.09.2025 15:00:00 +02:00,631.43,2858.00,2226.57
02.09.2025 16:00:00 +02:00,350.60,3507.42,3156.82
02.09.2025 17:00:00 +02:00,0.00,4116.26,4116.26
02.09.2025 18:00:00 +02:00,0.00,4354.04,4354.04
02.09.2025 19:00:00 +02:00,0.00,4524.06,4524.06
02.09.2025 20:00:00 +02:00,6.41,4353.10,4346.68
02.09.2025 21:00:00 +02:00,0.00,4414.31,4414.31
02.09.2025 22:00:00 +02:00,0.00,4565.58,4565.58
02.09.2025 23:00:00 +02:00,323.40,4267.92,3944.52
03.09.2025 00:00:00 +02:00,669.98,4182.30,3512.32
03.09.2025 01:00:00 +02:00,837.62,3946.19,3108.58
03.09.2025 02:00:00 +02:00,864.23,3926.20,3061.97
03.09.2025 03:00:00 +02:00,871.60,3762.77,2891.17
03.09.2025 04:00:00 +02:00,747.28,3831.55,3084.26
03.09.2025 05:00:00 +02:00,290.23,3745.17,3454.94
03.09.2025 06:00:00 +02:00,0.00,4042.55,4042.55
03.09.2025 07:00:00 +02:00,0.00,3729.39,3729.39
03.09.2025 08:00:00 +02:00,0.00,3431.90,3431.90
03.09.2025 09:00:00 +02:00,23.76,2262.42,2238.66
03.09.2025 10:00:00 +02:00,2410.05,549.82,-1860.22
03.09.2025 11:00:00 +02:00,2449.32,170.58,-2278.73
03.09.2025 12:00:00 +02:00,2828.82,46.08,-2782.73
03.09.2025 13:00:00 +02:00,2898.26,46.41,-2851.86
03.09.2025 14:00:00 +02:00,2893.65,48.22,-2845.44
03.09.2025 15:00:00 +02:00,2662.77,59.18,-2603.59
03.09.2025 16:00:00 +02:00,2168.12,101.52,-2066.59
03.09.2025 17:00:00 +02:00,850.83,1089.22,238.39
03.09.2025 18:00:00 +02:00,0.00,2824.44,2824.44
03.09.2025 19:00:00 +02:00,2.72,3196.84,3194.12
03.09.2025 20:00:00 +02:00,159.38,3321.29,3161.91
03.09.2025 21:00:00 +02:00,919.49,3191.06,2271.57
03.09.2025 22:00:00 +02:00,1037.67,3115.59,2077.92
03.09.2025 23:00:00 +02:00,1967.79,2640.54,672.75
04.09.2025 00:00:00 +02:00,1859.46,2329.10,469.64
04.09.2025 01:00:00 +02:00,1748.16,2383.75,635.59
04.09.2025 02:00:00 +02:00,1903.06,2686.74,783.68
04.09.2025 03:00:00 +02:00,1705.56,2607.33,901.76
04.09.2025 04:00:00 +02:00,1742.24,2858.00,1115.76
04.09.2025 05:00:00 +02:00,1630.49,3235.31,1604.82
04.09.2025 06:00:00 +02:00,1188.69,3767.02,2578.33
04.09.2025 07:00:00 +02:00,265.40,4016.18,3750.79
04.09.2025 08:00:00 +02:00,233.74,3729.54,3495.80
04.09.2025 09:00:00 +02:00,246.06,2404.52,2158.45
04.09.2025 10:00:00 +02:00,1932.64,1528.40,-404.24
04.09.2025 11:00:00 +02:00,2027.93,747.01,-1280.92
04.09.2025 12:00:00 +02:00,2800.75,826.52,-1974.24
04.09.2025 13:00:00 +02:00,2744.87,926.38,-1818.49
04.09.2025 14:00:00 +02:00,2440.15,1162.45,-1277.70
04.09.2025 15:00:00 +02:00,1279.64,2683.56,1403.91
04.09.2025 16:00:00 +02:00,396.34,3306.52,2910.18
04.09.2025 17:00:00 +02:00,0.00,4688.48,4688.48
04.09.2025 18:00:00 +02:00,0.00,4853.10,4853.10
04.09.2025 19:00:00 +02:00,0.00,4797.74,4797.74
04.09.2025 20:00:00 +02:00,0.00,4802.01,4802.01
04.09.2025 21:00:00 +02:00,0.00,4863.96,4863.96
04.09.2025 22:00:00 +02:00,0.00,4716.71,4716.71
04.09.2025 23:00:00 +02:00,0.00,4873.82,4873.82
05.09.2025 00:00:00 +02:00,0.00,4935.43,4935.43
05.09.2025 01:00:00 +02:00,0.00,4507.56,4507.56
05.09.2025 02:00:00 +02:00,0.00,4644.62,4644.62
05.09.2025 03:00:00 +02:00,0.00,4843.66,4843.66
05.09.2025 04:00:00 +02:00,0.00,4909.86,4909.86
05.09.2025 05:00:00 +02:00,0.00,4839.75,4839.75
05.09.2025 06:00:00 +02:00,0.00,4610.00,4610.00
05.09.2025 07:00:00 +02:00,0.00,5113.47,5113.47
05.09.2025 08:00:00 +02:00,0.00,4645.35,4645.35
05.09.2025 09:00:00 +02:00,0.00,4713.28,4713.28
05.09.2025 10:00:00 +02:00,0.00,4622.63,4622.63
05.09.2025 11:00:00 +02:00,0.00,4211.87,4211.87
05.09.2025 12:00:00 +02:00,0.00,3705.00,3705.00
05.09.2025 13:00:00 +02:00,638.11,2874.43,2236.32
05.09.2025 14:00:00 +02:00,549.73,2685.18,2135.44
05.09.2025 15:00:00 +02:00,42.84,4006.45,3963.60
05.09.2025 16:00:00 +02:00,0.00,4756.24,4756.24
05.09.2025 17:00:00 +02:00,0.00,5427.97,5427.97
05.09.2025 18:00:00 +02:00,0.00,5837.41,5837.41
05.09.2025 19:00:00 +02:00,0.00,6084.19,6084.19
05.09.2025 20:00:00 +02:00,0.00,6137.22,6137.22
05.09.2025 21:00:00 +02:00,0.00,6107.31,6107.31
05.09.2025 22:00:00 +02:00,0.00,5582.70,5582.70
05.09.2025 23:00:00 +02:00,0.00,5312.32,5312.32
06.09.2025 00:00:00 +02:00,145.74,5753.38,5607.64
06.09.2025 01:00:00 +02:00,400.83,5849.78,5448.96
06.09.2025 02:00:00 +02:00,291.42,6009.53,5718.10
06.09.2025 03:00:00 +02:00,414.07,5964.94,5550.88
06.09.2025 04:00:00 +02:00,395.40,5965.22,5569.82
06.09.2025 05:00:00 +02:00,420.62,5917.45,5496.84
06.09.2025 06:00:00 +02:00,226.72,5905.26,5678.54
06.09.2025 07:00:00 +02:00,41.96,5481.16,5439.20
06.09.2025 08:00:00 +02:00,203.35,5234.84,5031.49
06.09.2025 09:00:00 +02:00,752.58,4244.60,3492.03
06.09.2025 10:00:00 +02:00,1921.98,2062.01,140.02
06.09.2025 11:00:00 +02:00,2552.12,1722.45,-829.67
06.09.2025 12:00:00 +02:00,2960.53,1304.34,-1656.18
06.09.2025 13:00:00 +02:00,2547.87,726.66,-1821.21
06.09.2025 14:00:00 +02:00,2092.19,573.02,-1519.18
06.09.2025 15:00:00 +02:00,2382.51,866.90,-1515.62
06.09.2025 16:00:00 +02:00,1756.48,1933.01,176.53
06.09.2025 17:00:00 +02:00,0.00,4083.96,4083.96
06.09.2025 18:00:00 +02:00,0.00,5606.05,5606.05
06.09.2025 19:00:00 +02:00,0.00,5967.76,5967.76
06.09.2025 20:00:00 +02:00,0.00,5457.08,5457.08
06.09.2025 21:00:00 +02:00,0.00,5005.78,5005.78
06.09.2025 22:00:00 +02:00,337.97,4930.61,4592.64
06.09.2025 23:00:00 +02:00,786.16,4769.33,3983.17
07.09.2025 00:00:00 +02:00,1224.17,4224.29,3000.12
07.09.2025 01:00:00 +02:00,1390.00,4320.63,2930.63
07.09.2025 02:00:00 +02:00,1397.32,4352.46,2955.14
07.09.2025 03:00:00 +02:00,1399.54,4204.58,2805.04
07.09.2025 04:00:00 +02:00,1397.39,4009.58,2612.18
07.09.2025 05:00:00 +02:00,1410.34,3714.92,2304.58
07.09.2025 06:00:00 +02:00,1778.14,4004.27,2226.13
07.09.2025 07:00:00 +02:00,2115.80,3044.96,929.16
07.09.2025 08:00:00 +02:00,2749.02,1796.93,-952.09
07.09.2025 09:00:00 +02:00,2682.22,1061.92,-1620.30
07.09.2025 10:00:00 +02:00,2769.86,684.79,-2085.07
07.09.2025 11:00:00 +02:00,2840.68,537.93,-2302.74
07.09.2025 12:00:00 +02:00,2713.21,1186.22,-1526.98
07.09.2025 13:00:00 +02:00,3169.17,1364.22,-1804.96
07.09.2025 14:00:00 +02:00,2687.02,1288.01,-1399.00
07.09.2025 15:00:00 +02:00,2773.83,927.08,-1846.75
07.09.2025 16:00:00 +02:00,2345.66,1106.61,-1239.05
07.09.2025 17:00:00 +02:00,1142.70,1072.07,-70.63
07.09.2025 18:00:00 +02:00,210.32,3370.96,3160.64
07.09.2025 19:00:00 +02:00,0.00,4928.32,4928.32
07.09.2025 20:00:00 +02:00,0.00,5559.73,5559.73
07.09.2025 21:00:00 +02:00,0.00,5717.42,5717.42
07.09.2025 22:00:00 +02:00,0.00,5561.51,5561.51
07.09.2025 23:00:00 +02:00,0.00,5580.48,5580.48
08.09.2025 00:00:00 +02:00,0.00,5628.48,5628.48
08.09.2025 01:00:00 +02:00,147.66,5340.68,5193.02
08.09.2025 02:00:00 +02:00,4.38,5642.32,5637.94
08.09.2025 03:00:00 +02:00,58.20,5378.54,5320.34
08.09.2025 04:00:00 +02:00,0.00,5631.38,5631.38
08.09.2025 05:00:00 +02:00,27.23,5883.12,5855.89
08.09.2025 06:00:00 +02:00,240.40,5773.02,5532.61
08.09.2025 07:00:00 +02:00,157.28,5639.71,5482.43
08.09.2025 08:00:00 +02:00,69.80,5498.98,5429.18
08.09.2025 09:00:00 +02:00,16.97,5363.27,5346.30
08.09.2025 10:00:00 +02:00,0.00,5311.87,5311.87
08.09.2025 11:00:00 +02:00,0.00,4726.31,4726.31
08.09.2025 12:00:00 +02:00,327.08,3883.44,3556.36
08.09.2025 13:00:00 +02:00,370.01,3655.46,3285.45
08.09.2025 14:00:00 +02:00,164.04,4074.70,3910.66
08.09.2025 15:00:00 +02:00,163.01,4891.99,4728.98
08.09.2025 16:00:00 +02:00,30.18,5192.06,5161.88
08.09.2025 17:00:00 +02:00,0.00,6025.90,6025.90
08.09.2025 18:00:00 +02:00,0.00,6101.27,6101.27
08.09.2025 19:00:00 +02:00,0.00,6048.45,6048.45
08.09.2025 20:00:00 +02:00,48.52,5692.66,5644.15
08.09.2025 21:00:00 +02:00,77.80,5615.49,5537.69
08.09.2025 22:00:00 +02:00,135.53,5818.90,5683.37
08.09.2025 23:00:00 +02:00,93.34,5740.29,5646.94
09.09.2025 00:00:00 +02:00,202.17,5869.20,5667.02
09.09.2025 01:00:00 +02:00,253.05,5872.91,5619.86
09.09.2025 02:00:00 +02:00,210.22,5798.37,5588.16
09.09.2025 03:00:00 +02:00,189.71,5827.69,5637.98
09.09.2025 04:00:00 +02:00,209.96,6053.83,5843.86
09.09.2025 05:00:00 +02:00,239.86,6045.99,5806.13
09.09.2025 06:00:00 +02:00,90.38,6001.48,5911.11
09.09.2025 07:00:00 +02:00,19.08,5608.53,5589.44
09.09.2025 08:00:00 +02:00,16.06,5549.32,5533.26
09.09.2025 09:00:00 +02:00,51.08,5531.53,5480.46
09.09.2025 10:00:00 +02:00,18.85,5548.56,5529.71
09.09.2025 11:00:00 +02:00,0.00,5500.05,5500.05
09.09.2025 12:00:00 +02:00,0.00,4854.05,4854.05
09.09.2025 13:00:00 +02:00,206.69,4272.26,4065.56
09.09.2025 14:00:00 +02:00,503.89,4274.94,3771.05
09.09.2025 15:00:00 +02:00,112.91,4463.80,4350.89
09.09.2025 16:00:00 +02:00,91.40,4360.37,4268.97
09.09.2025 17:00:00 +02:00,53.51,4292.37,4238.86
09.09.2025 18:00:00 +02:00,21.72,4817.50,4795.78
09.09.2025 19:00:00 +02:00,63.99,5061.36,4997.38
09.09.2025 20:00:00 +02:00,326.82,5185.62,4858.80
09.09.2025 21:00:00 +02:00,241.69,5332.76,5091.07
09.09.2025 22:00:00 +02:00,586.35,5342.22,4755.88
09.09.2025 23:00:00 +02:00,429.04,5250.82,4821.78
10.09.2025 00:00:00 +02:00,888.86,5469.40,4580.54
10.09.2025 01:00:00 +02:00,1193.86,5106.18,3912.33
10.09.2025 02:00:00 +02:00,1327.94,4884.34,3556.40
10.09.2025 03:00:00 +02:00,1104.43,4830.10,3725.68
10.09.2025 04:00:00 +02:00,1122.99,5012.48,3889.50
10.09.2025 05:00:00 +02:00,966.34,4863.57,3897.24
10.09.2025 06:00:00 +02:00,519.50,4957.73,4438.23
10.09.2025 07:00:00 +02:00,447.63,5124.43,4676.80
10.09.2025 08:00:00 +02:00,186.33,5294.99,5108.66
10.09.2025 09:00:00 +02:00,466.76,5408.02,4941.26
10.09.2025 10:00:00 +02:00,624.80,5554.20,4929.40
10.09.2025 11:00:00 +02:00,768.67,5493.87,4725.20
10.09.2025 12:00:00 +02:00,1069.47,5197.42,4127.96
10.09.2025 13:00:00 +02:00,1050.17,5033.67,3983.50
10.09.2025 14:00:00 +02:00,903.65,4665.60,3761.95
10.09.2025 15:00:00 +02:00,783.24,4738.81,3955.56
10.09.2025 16:00:00 +02:00,683.34,4716.74,4033.41
10.09.2025 17:00:00 +02:00,900.58,5030.84,4130.27
10.09.2025 18:00:00 +02:00,1020.50,5135.54,4115.04
10.09.2025 19:00:00 +02:00,1008.64,4883.57,3874.92
10.09.2025 20:00:00 +02:00,727.38,5402.00,4674.61
10.09.2025 21:00:00 +02:00,520.30,5693.91,5173.60
10.09.2025 22:00:00 +02:00,1188.98,5243.75,4054.77
10.09.2025 23:00:00 +02:00,1302.29,4670.61,3368.32
11.09.2025 00:00:00 +02:00,1225.00,3710.39,2485.39
11.09.2025 01:00:00 +02:00,1816.24,3702.02,1885.78
11.09.2025 02:00:00 +02:00,2092.75,3713.38,1620.62
11.09.2025 03:00:00 +02:00,2707.26,3661.36,954.10
11.09.2025 04:00:00 +02:00,2698.71,3650.36,951.65
11.09.2025 05:00:00 +02:00,2305.88,3662.06,1356.17
11.09.2025 06:00:00 +02:00,1410.54,3355.44,1944.90
11.09.2025 07:00:00 +02:00,731.76,2966.53,2234.77
11.09.2025 08:00:00 +02:00,525.30,2804.00,2278.70
11.09.2025 09:00:00 +02:00,794.90,2870.29,2075.39
11.09.2025 10:00:00 +02:00,909.04,2140.26,1231.22
11.09.2025 11:00:00 +02:00,2239.56,1262.53,-977.04
11.09.2025 12:00:00 +02:00,2557.75,957.50,-1600.26
11.09.2025 13:00:00 +02:00,2057.76,359.89,-1697.87
11.09.2025 14:00:00 +02:00,2909.14,537.49,-2371.65
11.09.2025 15:00:00 +02:00,2622.03,159.24,-2462.79
11.09.2025 16:00:00 +02:00,2401.08,1273.39,-1127.69
11.09.2025 17:00:00 +02:00,1144.15,3013.79,1869.64
11.09.2025 18:00:00 +02:00,443.53,3843.03,3399.50
11.09.2025 19:00:00 +02:00,158.87,4551.99,4393.12
11.09.2025 20:00:00 +02:00,276.86,4725.69,4448.83
11.09.2025 21:00:00 +02:00,457.16,4895.52,4438.36
11.09.2025 22:00:00 +02:00,992.24,4592.80,3600.55
11.09.2025 23:00:00 +02:00,1510.90,3831.92,2321.02
12.09.2025 00:00:00 +02:00,1727.24,2812.32,1085.08
12.09.2025 01:00:00 +02:00,2125.75,2491.55,365.80
12.09.2025 02:00:00 +02:00,1960.44,1804.50,-155.94
12.09.2025 03:00:00 +02:00,2074.91,1854.38,-220.53
12.09.2025 04:00:00 +02:00,2268.06,1687.22,-580.84
12.09.2025 05:00:00 +02:00,2398.60,1832.97,-565.63
12.09.2025 06:00:00 +02:00,1772.62,2009.54,236.92
12.09.2025 07:00:00 +02:00,1027.09,1649.80,622.71
12.09.2025 08:00:00 +02:00,727.22,1455.44,728.21
12.09.2025 09:00:00 +02:00,1689.13,1360.50,-328.62
12.09.2025 10:00:00 +02:00,3179.76,953.38,-2226.39
12.09.2025 11:00:00 +02:00,3501.48,338.39,-3163.08
12.09.2025 12:00:00 +02:00,3497.21,119.02,-3378.18
12.09.2025 13:00:00 +02:00,3679.85,397.18,-3282.67
12.09.2025 14:00:00 +02:00,3380.74,616.49,-2764.25
12.09.2025 15:00:00 +02:00,3104.66,711.26,-2393.41
12.09.2025 16:00:00 +02:00,2406.44,1017.66,-1388.78
12.09.2025 17:00:00 +02:00,1706.86,2845.60,1138.74
12.09.2025 18:00:00 +02:00,269.29,4260.71,3991.42
12.09.2025 19:00:00 +02:00,288.47,5027.18,4738.71
12.09.2025 20:00:00 +02:00,252.92,4936.54,4683.61
12.09.2025 21:00:00 +02:00,303.27,5157.65,4854.38
12.09.2025 22:00:00 +02:00,703.62,4992.48,4288.86
12.09.2025 23:00:00 +02:00,879.25,4702.41,3823.16
13.09.2025 00:00:00 +02:00,990.25,3706.78,2716.53
13.09.2025 01:00:00 +02:00,1081.46,2863.74,1782.28
13.09.2025 02:00:00 +02:00,1066.46,2290.76,1224.30
13.09.2025 03:00:00 +02:00,1108.90,2199.90,1091.00
13.09.2025 04:00:00 +02:00,1257.80,2111.80,854.00
13.09.2025 05:00:00 +02:00,1211.10,2035.94,824.84
13.09.2025 06:00:00 +02:00,1473.60,2069.00,595.41
13.09.2025 07:00:00 +02:00,1394.00,2196.66,802.66
13.09.2025 08:00:00 +02:00,1048.49,2586.91,1538.42
13.09.2025 09:00:00 +02:00,1351.88,2397.96,1046.08
13.09.2025 10:00:00 +02:00,2832.31,1403.96,-1428.35
13.09.2025 11:00:00 +02:00,2693.01,613.90,-2079.11
13.09.2025 12:00:00 +02:00,2888.06,434.18,-2453.88
13.09.2025 13:00:00 +02:00,3441.34,773.36,-2667.98
13.09.2025 14:00:00 +02:00,3166.38,587.00,-2579.38
13.09.2025 15:00:00 +02:00,2798.28,959.34,-1838.94
13.09.2025 16:00:00 +02:00,2092.90,1682.42,-410.48
13.09.2025 17:00:00 +02:00,1149.44,3459.45,2310.02
13.09.2025 18:00:00 +02:00,666.82,4641.50,3974.67
13.09.2025 19:00:00 +02:00,400.14,4793.64,4393.50
13.09.2025 20:00:00 +02:00,352.90,4780.33,4427.43
13.09.2025 21:00:00 +02:00,302.31,4845.50,4543.18
13.09.2025 22:00:00 +02:00,583.96,4909.73,4325.76
13.09.2025 23:00:00 +02:00,949.90,5084.45,4134.55
14.09.2025 00:00:00 +02:00,1091.64,4479.18,3387.54
14.09.2025 01:00:00 +02:00,1352.09,4585.47,3233.38
14.09.2025 02:00:00 +02:00,1058.91,4623.05,3564.14
14.09.2025 03:00:00 +02:00,968.32,4698.76,3730.45
14.09.2025 04:00:00 +02:00,1070.82,4866.97,3796.14
14.09.2025 05:00:00 +02:00,933.14,5029.28,4096.15
14.09.2025 06:00:00 +02:00,810.61,5067.51,4256.90
14.09.2025 07:00:00 +02:00,631.54,4881.38,4249.85
14.09.2025 08:00:00 +02:00,661.20,4669.64,4008.44
14.09.2025 09:00:00 +02:00,752.22,4402.97,3650.76
14.09.2025 10:00:00 +02:00,1507.98,3993.51,2485.54
14.09.2025 11:00:00 +02:00,2329.01,2685.48,356.47
14.09.2025 12:00:00 +02:00,2411.74,2099.83,-311.91
14.09.2025 13:00:00 +02:00,2731.58,1874.96,-856.62
14.09.2025 14:00:00 +02:00,2290.08,1622.90,-667.18
14.09.2025 15:00:00 +02:00,2211.32,1326.73,-884.59
14.09.2025 16:00:00 +02:00,1563.67,2240.64,676.97
14.09.2025 17:00:00 +02:00,757.42,3606.49,2849.06
14.09.2025 18:00:00 +02:00,789.23,4009.18,3219.95
14.09.2025 19:00:00 +02:00,505.94,3760.43,3254.49
14.09.2025 20:00:00 +02:00,670.16,3529.09,2858.93
14.09.2025 21:00:00 +02:00,1212.45,3554.99,2342.54
14.09.2025 22:00:00 +02:00,1844.94,3666.20,1821.26
14.09.2025 23:00:00 +02:00,2829.87,2888.94,59.07
15.09.2025 00:00:00 +02:00,2591.52,2543.99,-47.52
15.09.2025 01:00:00 +02:00,2585.78,1758.64,-827.13
15.09.2025 02:00:00 +02:00,2431.54,1150.86,-1280.68
15.09.2025 03:00:00 +02:00,1921.86,721.58,-1200.28
15.09.2025 04:00:00 +02:00,1431.10,522.23,-908.88
15.09.2025 05:00:00 +02:00,1763.36,850.83,-912.53
15.09.2025 06:00:00 +02:00,1943.38,1043.26,-900.12
15.09.2025 07:00:00 +02:00,1475.06,750.38,-724.67
15.09.2025 08:00:00 +02:00,1173.55,536.72,-636.83
15.09.2025 09:00:00 +02:00,1909.87,610.63,-1299.24
15.09.2025 10:00:00 +02:00,3062.12,929.81,-2132.31
15.09.2025 11:00:00 +02:00,2977.03,510.22,-2466.80
15.09.2025 12:00:00 +02:00,3151.82,73.92,-3077.91
15.09.2025 13:00:00 +02:00,3451.83,59.47,-3392.36
15.09.2025 14:00:00 +02:00,3577.62,27.79,-3549.84
15.09.2025 15:00:00 +02:00,3179.20,78.38,-3100.82
15.09.2025 16:00:00 +02:00,3520.84,41.51,-3479.33
15.09.2025 17:00:00 +02:00,2495.78,188.57,-2307.21
15.09.2025 18:00:00 +02:00,2072.65,647.98,-1424.67
15.09.2025 19:00:00 +02:00,1560.82,1196.45,-364.38
15.09.2025 20:00:00 +02:00,2020.56,1398.12,-622.43
15.09.2025 21:00:00 +02:00,2472.07,940.80,-1531.27
15.09.2025 22:00:00 +02:00,2589.96,577.20,-2012.77
15.09.2025 23:00:00 +02:00,3241.06,36.79,-3204.26
16.09.2025 00:00:00 +02:00,3280.76,357.72,-2923.04
16.09.2025 01:00:00 +02:00,3462.67,610.00,-2852.66
16.09.2025 02:00:00 +02:00,3266.80,338.51,-2928.28
16.09.2025 03:00:00 +02:00,3195.25,96.36,-3098.90
16.09.2025 04:00:00 +02:00,2897.31,28.17,-2869.14
16.09.2025 05:00:00 +02:00,3054.40,156.56,-2897.84
16.09.2025 06:00:00 +02:00,2526.68,148.26,-2378.42
16.09.2025 07:00:00 +02:00,2394.86,527.27,-1867.58
16.09.2025 08:00:00 +02:00,2308.68,1039.48,-1269.20
16.09.2025 09:00:00 +02:00,3236.33,1473.28,-1763.05
16.09.2025 10:00:00 +02:00,2759.89,1016.87,-1743.02
16.09.2025 11:00:00 +02:00,2448.31,580.74,-1867.57
16.09.2025 12:00:00 +02:00,2408.85,132.39,-2276.46
16.09.2025 13:00:00 +02:00,2393.54,62.31,-2331.22
16.09.2025 14:00:00 +02:00,2832.64,30.60,-2802.04
16.09.2025 15:00:00 +02:00,2678.93,174.40,-2504.54
16.09.2025 16:00:00 +02:00,2696.69,651.12,-2045.57
16.09.2025 17:00:00 +02:00,2137.02,1421.50,-715.52
16.09.2025 18:00:00 +02:00,1169.56,2025.24,855.68
16.09.2025 19:00:00 +02:00,712.59,2315.18,1602.59
16.09.2025 20:00:00 +02:00,779.16,2283.07,1503.91
16.09.2025 21:00:00 +02:00,678.93,2305.94,1627.01
16.09.2025 22:00:00 +02:00,1250.22,2512.84,1262.62
16.09.2025 23:00:00 +02:00,1654.09,2614.72,960.63
17.09.2025 00:00:00 +02:00,1884.80,2481.80,597.00
17.09.2025 01:00:00 +02:00,1907.32,2639.04,731.72
17.09.2025 02:00:00 +02:00,2046.36,2565.66,519.30
17.09.2025 03:00:00 +02:00,1793.07,2604.48,811.41
17.09.2025 04:00:00 +02:00,1551.76,2673.55,1121.79
17.09.2025 05:00:00 +02:00,1104.94,2931.71,1826.77
17.09.2025 06:00:00 +02:00,613.74,3300.57,2686.82
17.09.2025 07:00:00 +02:00,0.00,3733.54,3733.54
17.09.2025 08:00:00 +02:00,0.00,3391.58,3391.58
17.09.2025 09:00:00 +02:00,54.54,2886.58,2832.04
17.09.2025 10:00:00 +02:00,266.52,2758.45,2491.94
17.09.2025 11:00:00 +02:00,1327.58,2485.28,1157.70
17.09.2025 12:00:00 +02:00,1903.19,1829.00,-74.19
17.09.2025 13:00:00 +02:00,2027.01,1782.22,-244.79
17.09.2025 14:00:00 +02:00,2085.48,1699.21,-386.28
17.09.2025 15:00:00 +02:00,1092.59,1518.09,425.50
17.09.2025 16:00:00 +02:00,449.02,1812.26,1363.25
17.09.2025 17:00:00 +02:00,134.24,2928.54,2794.31
17.09.2025 18:00:00 +02:00,208.05,3668.42,3460.36
17.09.2025 19:00:00 +02:00,385.92,3836.90,3450.98
17.09.2025 20:00:00 +02:00,973.61,4174.90,3201.30
17.09.2025 21:00:00 +02:00,654.32,4200.01,3545.69
17.09.2025 22:00:00 +02:00,709.11,3788.74,3079.63
17.09.2025 23:00:00 +02:00,949.80,3308.29,2358.49
18.09.2025 00:00:00 +02:00,1300.16,2424.53,1124.38
18.09.2025 01:00:00 +02:00,1619.18,1491.07,-128.11
18.09.2025 02:00:00 +02:00,1739.47,1328.69,-410.78
18.09.2025 03:00:00 +02:00,2108.24,1480.19,-628.04
18.09.2025 04:00:00 +02:00,2025.66,1944.17,-81.49
18.09.2025 05:00:00 +02:00,1247.58,2303.30,1055.72
18.09.2025 06:00:00 +02:00,617.62,2557.16,1939.54
18.09.2025 07:00:00 +02:00,247.16,3996.50,3749.34
18.09.2025 08:00:00 +02:00,0.00,4268.93,4268.93
18.09.2025 09:00:00 +02:00,0.00,4096.04,4096.04
18.09.2025 10:00:00 +02:00,696.80,2414.72,1717.92
18.09.2025 11:00:00 +02:00,1895.78,1661.17,-234.61
18.09.2025 12:00:00 +02:00,2482.99,792.11,-1690.88
18.09.2025 13:00:00 +02:00,2269.55,293.96,-1975.58
18.09.2025 14:00:00 +02:00,2654.27,160.58,-2493.68
18.09.2025 15:00:00 +02:00,2665.77,348.00,-2317.77
18.09.2025 16:00:00 +02:00,1841.76,702.82,-1138.95
18.09.2025 17:00:00 +02:00,640.11,2595.80,1955.69
18.09.2025 18:00:00 +02:00,346.57,3753.81,3407.24
18.09.2025 19:00:00 +02:00,179.30,4371.11,4191.80
18.09.2025 20:00:00 +02:00,335.15,4627.27,4292.12
18.09.2025 21:00:00 +02:00,734.90,4740.98,4006.08
18.09.2025 22:00:00 +02:00,1069.18,4590.03,3520.85
18.09.2025 23:00:00 +02:00,1247.73,4533.26,3285.54
19.09.2025 00:00:00 +02:00,1835.12,4383.52,2548.41
19.09.2025 01:00:00 +02:00,1797.63,4346.29,2548.66
19.09.2025 02:00:00 +02:00,1652.63,3912.94,2260.31
19.09.2025 03:00:00 +02:00,1533.94,3910.17,2376.22
19.09.2025 04:00:00 +02:00,1521.84,3742.88,2221.04
19.09.2025 05:00:00 +02:00,1473.89,3617.48,2143.59
19.09.2025 06:00:00 +02:00,1040.17,3962.68,2922.52
19.09.2025 07:00:00 +02:00,321.12,4565.18,4244.06
19.09.2025 08:00:00 +02:00,93.53,4511.64,4418.10
19.09.2025 09:00:00 +02:00,412.35,4441.54,4029.19
19.09.2025 10:00:00 +02:00,1351.72,3376.62,2024.89
19.09.2025 11:00:00 +02:00,2625.11,2411.84,-213.27
19.09.2025 12:00:00 +02:00,3426.18,1748.60,-1677.58
19.09.2025 13:00:00 +02:00,3564.48,1525.54,-2038.94
19.09.2025 14:00:00 +02:00,3007.60,1634.68,-1372.92
19.09.2025 15:00:00 +02:00,2548.89,2244.78,-304.11
19.09.2025 16:00:00 +02:00,986.56,3702.58,2716.02
19.09.2025 17:00:00 +02:00,455.93,4594.68,4138.75
19.09.2025 18:00:00 +02:00,421.10,3911.62,3490.52
19.09.2025 19:00:00 +02:00,831.43,4904.46,4073.04
19.09.2025 20:00:00 +02:00,964.03,5249.84,4285.81
19.09.2025 21:00:00 +02:00,1244.61,5147.32,3902.71
19.09.2025 22:00:00 +02:00,1602.09,5329.18,3727.10
19.09.2025 23:00:00 +02:00,1948.91,5086.27,3137.36
20.09.2025 00:00:00 +02:00,2045.01,4354.11,2309.10
20.09.2025 01:00:00 +02:00,2031.32,3703.60,1672.27
20.09.2025 02:00:00 +02:00,2150.20,3489.67,1339.47
20.09.2025 03:00:00 +02:00,1896.96,3476.74,1579.78
20.09.2025 04:00:00 +02:00,1845.13,3800.78,1955.65
20.09.2025 05:00:00 +02:00,1564.09,3821.86,2257.77
20.09.2025 06:00:00 +02:00,1690.22,3787.44,2097.22
20.09.2025 07:00:00 +02:00,1450.88,3669.06,2218.18
20.09.2025 08:00:00 +02:00,1545.51,2900.41,1354.90
20.09.2025 09:00:00 +02:00,2329.14,2008.73,-320.41
20.09.2025 10:00:00 +02:00,2840.23,1542.72,-1297.50
20.09.2025 11:00:00 +02:00,3700.27,1472.14,-2228.13
20.09.2025 12:00:00 +02:00,4156.65,1460.43,-2696.22
20.09.2025 13:00:00 +02:00,3431.82,1581.02,-1850.80
20.09.2025 14:00:00 +02:00,3452.35,2024.00,-1428.36
20.09.2025 15:00:00 +02:00,3252.27,2146.78,-1105.48
20.09.2025 16:00:00 +02:00,2194.63,2519.36,324.72
20.09.2025 17:00:00 +02:00,940.44,3646.97,2706.53
20.09.2025 18:00:00 +02:00,605.10,3844.99,3239.89
20.09.2025 19:00:00 +02:00,889.92,4163.76,3273.84
20.09.2025 20:00:00 +02:00,1287.46,3985.88,2698.42
20.09.2025 21:00:00 +02:00,1358.50,3983.07,2624.57
20.09.2025 22:00:00 +02:00,1370.48,3291.25,1920.76
20.09.2025 23:00:00 +02:00,1789.05,2445.88,656.83
21.09.2025 00:00:00 +02:00,2165.00,2169.18,4.18
21.09.2025 01:00:00 +02:00,1421.19,1258.95,-162.24
21.09.2025 02:00:00 +02:00,1500.37,1398.98,-101.39
21.09.2025 03:00:00 +02:00,1706.92,1184.20,-522.72
21.09.2025 04:00:00 +02:00,2125.26,1654.17,-471.08
21.09.2025 05:00:00 +02:00,1618.12,1835.41,217.30
21.09.2025 06:00:00 +02:00,1266.44,1764.34,497.90
21.09.2025 07:00:00 +02:00,1397.58,1348.31,-49.27
21.09.2025 08:00:00 +02:00,1967.82,1274.18,-693.63
21.09.2025 09:00:00 +02:00,3223.74,1495.67,-1728.07
21.09.2025 10:00:00 +02:00,3824.87,1602.54,-2222.33
21.09.2025 11:00:00 +02:00,3929.01,1972.28,-1956.73
21.09.2025 12:00:00 +02:00,3373.79,1774.45,-1599.34
21.09.2025 13:00:00 +02:00,3476.43,2060.51,-1415.92
21.09.2025 14:00:00 +02:00,3128.54,2062.98,-1065.56
21.09.2025 15:00:00 +02:00,2586.66,2077.05,-509.60
21.09.2025 16:00:00 +02:00,2056.88,2609.85,552.98
21.09.2025 17:00:00 +02:00,1901.32,3780.24,1878.91
21.09.2025 18:00:00 +02:00,1933.40,4242.49,2309.10
21.09.2025 19:00:00 +02:00,2019.91,4628.23,2608.32
21.09.2025 20:00:00 +02:00,2092.14,4691.58,2599.44
21.09.2025 21:00:00 +02:00,2167.64,4620.93,2453.28
21.09.2025 22:00:00 +02:00,2081.63,4667.41,2585.78
21.09.2025 23:00:00 +02:00,2080.42,4325.41,2245.00
22.09.2025 00:00:00 +02:00,2253.12,4443.08,2189.96
22.09.2025 01:00:00 +02:00,2499.79,4201.20,1701.42
22.09.2025 02:00:00 +02:00,2689.90,3996.50,1306.60
22.09.2025 03:00:00 +02:00,2613.92,4205.90,1591.99
22.09.2025 04:00:00 +02:00,2759.12,4426.22,1667.10
22.09.2025 05:00:00 +02:00,1658.45,4681.94,3023.49
22.09.2025 06:00:00 +02:00,1018.54,5008.71,3990.17
22.09.2025 07:00:00 +02:00,723.06,5061.07,4338.02
22.09.2025 08:00:00 +02:00,443.48,5104.36,4660.88
22.09.2025 09:00:00 +02:00,709.50,4758.69,4049.19
22.09.2025 10:00:00 +02:00,1258.33,4195.26,2936.93
22.09.2025 11:00:00 +02:00,1665.28,3596.54,1931.26
22.09.2025 12:00:00 +02:00,2435.78,3121.23,685.46
22.09.2025 13:00:00 +02:00,2393.14,2659.46,266.32
22.09.2025 14:00:00 +02:00,2424.35,2616.98,192.63
22.09.2025 15:00:00 +02:00,1846.46,2957.92,1111.46
22.09.2025 16:00:00 +02:00,1602.81,3860.07,2257.26
22.09.2025 17:00:00 +02:00,1001.87,4455.94,3454.07
22.09.2025 18:00:00 +02:00,577.54,4890.27,4312.73
22.09.2025 19:00:00 +02:00,839.69,4954.74,4115.06
22.09.2025 20:00:00 +02:00,575.16,5353.41,4778.25
22.09.2025 21:00:00 +02:00,802.44,5233.61,4431.17
22.09.2025 22:00:00 +02:00,997.10,5016.02,4018.91
22.09.2025 23:00:00 +02:00,1337.50,4560.68,3223.18
23.09.2025 00:00:00 +02:00,1315.66,3782.50,2466.84
23.09.2025 01:00:00 +02:00,1332.54,3413.40,2080.86
23.09.2025 02:00:00 +02:00,1231.84,3350.26,2118.42
23.09.2025 03:00:00 +02:00,1328.10,3339.55,2011.46
23.09.2025 04:00:00 +02:00,1358.72,3290.93,1932.21
23.09.2025 05:00:00 +02:00,1155.24,3879.72,2724.48
23.09.2025 06:00:00 +02:00,567.36,4124.67,3557.30
23.09.2025 07:00:00 +02:00,270.29,4269.24,3998.94
23.09.2025 08:00:00 +02:00,561.95,4441.63,3879.68
23.09.2025 09:00:00 +02:00,659.63,4251.10,3591.47
23.09.2025 10:00:00 +02:00,839.74,3831.14,2991.40
23.09.2025 11:00:00 +02:00,926.94,3670.92,2743.98
23.09.2025 12:00:00 +02:00,1406.99,3377.31,1970.32
23.09.2025 13:00:00 +02:00,1685.52,4026.63,2341.11
23.09.2025 14:00:00 +02:00,1682.26,3978.84,2296.59
23.09.2025 15:00:00 +02:00,965.46,3766.77,2801.31
23.09.2025 16:00:00 +02:00,399.23,3586.66,3187.43
23.09.2025 17:00:00 +02:00,375.60,4214.36,3838.77
23.09.2025 18:00:00 +02:00,908.84,4667.85,3759.00
23.09.2025 19:00:00 +02:00,1038.01,4557.20,3519.19
23.09.2025 20:00:00 +02:00,1007.71,4137.96,3130.25
23.09.2025 21:00:00 +02:00,164.78,3822.17,3657.38
23.09.2025 22:00:00 +02:00,263.78,3633.34,3369.56
23.09.2025 23:00:00 +02:00,376.16,3882.50,3506.34
24.09.2025 00:00:00 +02:00,155.22,3757.88,3602.66
24.09.2025 01:00:00 +02:00,315.30,4118.54,3803.24
24.09.2025 02:00:00 +02:00,352.98,4026.24,3673.26
24.09.2025 03:00:00 +02:00,362.71,3870.87,3508.16
24.09.2025 04:00:00 +02:00,625.36,3822.88,3197.52
24.09.2025 05:00:00 +02:00,152.86,4172.90,4020.05
24.09.2025 06:00:00 +02:00,270.28,4258.99,3988.72
24.09.2025 07:00:00 +02:00,291.43,4641.92,4350.49
24.09.2025 08:00:00 +02:00,266.86,3866.30,3599.43
24.09.2025 09:00:00 +02:00,370.96,3374.59,3003.64
24.09.2025 10:00:00 +02:00,1287.79,2902.28,1614.48
24.09.2025 11:00:00 +02:00,1615.68,2486.71,871.04
24.09.2025 12:00:00 +02:00,2824.36,2004.18,-820.19
24.09.2025 13:00:00 +02:00,3379.46,1730.75,-1648.71
24.09.2025 14:00:00 +02:00,3149.11,1716.14,-1432.97
24.09.2025 15:00:00 +02:00,2356.54,2089.00,-267.55
24.09.2025 16:00:00 +02:00,1425.46,2383.21,957.75
24.09.2025 17:00:00 +02:00,736.87,2865.85,2128.98
24.09.2025 18:00:00 +02:00,819.08,3884.70,3065.62
24.09.2025 19:00:00 +02:00,1026.64,4281.74,3255.10
24.09.2025 20:00:00 +02:00,886.99,4224.18,3337.19
24.09.2025 21:00:00 +02:00,1235.66,3616.39,2380.73
24.09.2025 22:00:00 +02:00,1080.12,3735.71,2655.60
24.09.2025 23:00:00 +02:00,902.76,3403.20,2500.44
25.09.2025 00:00:00 +02:00,1257.13,3027.15,1770.02
25.09.2025 01:00:00 +02:00,947.07,2771.64,1824.57
25.09.2025 02:00:00 +02:00,891.12,2997.90,2106.79
25.09.2025 03:00:00 +02:00,755.14,3207.16,2452.02
25.09.2025 04:00:00 +02:00,827.56,3433.74,2606.17
25.09.2025 05:00:00 +02:00,1241.49,3562.36,2320.87
25.09.2025 06:00:00 +02:00,1427.84,3851.36,2423.52
25.09.2025 07:00:00 +02:00,995.62,4272.45,3276.83
25.09.2025 08:00:00 +02:00,934.08,4035.65,3101.57
25.09.2025 09:00:00 +02:00,911.52,3254.06,2342.54
25.09.2025 10:00:00 +02:00,1056.16,2868.39,1812.23
25.09.2025 11:00:00 +02:00,1013.63,2781.36,1767.74
25.09.2025 12:00:00 +02:00,2134.56,2410.22,275.66
25.09.2025 13:00:00 +02:00,2386.49,2708.66,322.17
25.09.2025 14:00:00 +02:00,2491.64,2519.58,27.94
25.09.2025 15:00:00 +02:00,1303.05,2447.99,1144.94
25.09.2025 16:00:00 +02:00,1005.07,2631.49,1626.42
25.09.2025 17:00:00 +02:00,616.67,3308.01,2691.34
25.09.2025 18:00:00 +02:00,735.68,3477.43,2741.75
25.09.2025 19:00:00 +02:00,1138.88,3746.48,2607.60
25.09.2025 20:00:00 +02:00,992.90,4173.97,3181.07
25.09.2025 21:00:00 +02:00,856.74,3734.40,2877.66
25.09.2025 22:00:00 +02:00,684.76,3822.92,3138.15
25.09.2025 23:00:00 +02:00,525.64,3519.67,2994.04
26.09.2025 00:00:00 +02:00,633.32,3511.96,2878.64
26.09.2025 01:00:00 +02:00,695.11,3407.72,2712.60
26.09.2025 02:00:00 +02:00,727.07,3564.04,2836.97
26.09.2025 03:00:00 +02:00,859.02,3611.24,2752.22
26.09.2025 04:00:00 +02:00,740.06,3741.42,3001.36
26.09.2025 05:00:00 +02:00,761.17,3848.24,3087.07
26.09.2025 06:00:00 +02:00,680.84,4111.26,3430.42
26.09.2025 07:00:00 +02:00,442.48,4534.41,4091.93
26.09.2025 08:00:00 +02:00,541.32,4940.10,4398.78
26.09.2025 09:00:00 +02:00,514.90,4488.21,3973.31
26.09.2025 10:00:00 +02:00,431.38,3886.95,3455.57
26.09.2025 11:00:00 +02:00,447.37,3554.93,3107.56
26.09.2025 12:00:00 +02:00,594.04,3290.35,2696.30
26.09.2025 13:00:00 +02:00,667.98,3213.68,2545.69
26.09.2025 14:00:00 +02:00,874.26,3411.34,2537.08
26.09.2025 15:00:00 +02:00,740.93,3503.94,2763.01
26.09.2025 16:00:00 +02:00,603.65,3784.86,3181.21
26.09.2025 17:00:00 +02:00,875.36,4410.34,3534.97
26.09.2025 18:00:00 +02:00,658.70,5310.18,4651.48
26.09.2025 19:00:00 +02:00,800.42,5566.34,4765.92
26.09.2025 20:00:00 +02:00,726.14,5128.93,4402.79
26.09.2025 21:00:00 +02:00,827.75,4869.88,4042.14
26.09.2025 22:00:00 +02:00,1051.90,4655.42,3603.52
26.09.2025 23:00:00 +02:00,883.34,4747.79,3864.45
27.09.2025 00:00:00 +02:00,1220.51,4460.76,3240.26
27.09.2025 01:00:00 +02:00,987.04,4268.16,3281.12
27.09.2025 02:00:00 +02:00,966.31,4657.49,3691.18
27.09.2025 03:00:00 +02:00,899.36,4435.93,3536.57
27.09.2025 04:00:00 +02:00,968.62,4318.37,3349.74
27.09.2025 05:00:00 +02:00,840.33,4453.72,3613.40
27.09.2025 06:00:00 +02:00,950.18,4562.33,3612.16
27.09.2025 07:00:00 +02:00,1052.23,4808.40,3756.18
27.09.2025 08:00:00 +02:00,1145.41,4746.87,3601.46
27.09.2025 09:00:00 +02:00,1274.62,4668.02,3393.40
27.09.2025 10:00:00 +02:00,1212.99,4073.56,2860.57
27.09.2025 11:00:00 +02:00,1578.47,3590.72,2012.25
27.09.2025 12:00:00 +02:00,1663.20,3200.14,1536.95
27.09.2025 13:00:00 +02:00,1630.20,3026.95,1396.75
27.09.2025 14:00:00 +02:00,1604.97,3478.88,1873.92
27.09.2025 15:00:00 +02:00,1108.76,3921.02,2812.26
27.09.2025 16:00:00 +02:00,872.22,4298.26,3426.04
27.09.2025 17:00:00 +02:00,412.52,4291.10,3878.58
27.09.2025 18:00:00 +02:00,278.96,4682.64,4403.69
27.09.2025 19:00:00 +02:00,375.02,4927.65,4552.62
27.09.2025 20:00:00 +02:00,422.06,4896.22,4474.16
27.09.2025 21:00:00 +02:00,631.49,5253.21,4621.72
27.09.2025 22:00:00 +02:00,700.73,5360.29,4659.56
27.09.2025 23:00:00 +02:00,942.19,4833.01,3890.82
28.09.2025 00:00:00 +02:00,1097.22,4588.38,3491.16
28.09.2025 01:00:00 +02:00,1095.92,4765.17,3669.24
28.09.2025 02:00:00 +02:00,979.06,4839.27,3860.21
28.09.2025 03:00:00 +02:00,1032.57,4871.64,3839.08
28.09.2025 04:00:00 +02:00,1051.86,4677.66,3625.80
28.09.2025 05:00:00 +02:00,1071.54,4609.02,3537.48
28.09.2025 06:00:00 +02:00,1025.65,4583.66,3558.01
28.09.2025 07:00:00 +02:00,977.72,4709.04,3731.32
28.09.2025 08:00:00 +02:00,970.64,4761.18,3790.53
28.09.2025 09:00:00 +02:00,1020.53,4629.20,3608.68
28.09.2025 10:00:00 +02:00,1319.98,4295.75,2975.77
28.09.2025 11:00:00 +02:00,1697.50,2717.78,1020.28
28.09.2025 12:00:00 +02:00,2204.04,2170.10,-33.94
28.09.2025 13:00:00 +02:00,2755.63,2170.38,-585.24
28.09.2025 14:00:00 +02:00,2274.58,2218.32,-56.26
28.09.2025 15:00:00 +02:00,1252.66,3423.72,2171.07
28.09.2025 16:00:00 +02:00,796.87,4361.86,3564.99
28.09.2025 17:00:00 +02:00,703.22,4346.84,3643.62
28.09.2025 18:00:00 +02:00,792.55,4906.01,4113.46
28.09.2025 19:00:00 +02:00,1263.02,5018.37,3755.36
28.09.2025 20:00:00 +02:00,1415.85,4800.34,3384.49
28.09.2025 21:00:00 +02:00,1182.00,4796.57,3614.58
28.09.2025 22:00:00 +02:00,1616.14,4419.19,2803.04
28.09.2025 23:00:00 +02:00,1779.89,3943.27,2163.38
29.09.2025 00:00:00 +02:00,1513.95,4191.55,2677.60
29.09.2025 01:00:00 +02:00,1551.13,4210.00,2658.88
29.09.2025 02:00:00 +02:00,1590.10,4219.08,2628.99
29.09.2025 03:00:00 +02:00,1581.52,4233.43,2651.90
29.09.2025 04:00:00 +02:00,1434.42,4166.22,2731.80
29.09.2025 05:00:00 +02:00,1048.00,4472.49,3424.48
29.09.2025 06:00:00 +02:00,1367.58,4238.72,2871.14
29.09.2025 07:00:00 +02:00,1262.75,4182.95,2920.20
29.09.2025 08:00:00 +02:00,1289.01,4002.63,2713.62
29.09.2025 09:00:00 +02:00,1065.45,4123.30,3057.85
29.09.2025 10:00:00 +02:00,1303.50,4276.52,2973.02
29.09.2025 11:00:00 +02:00,1180.24,3784.49,2604.25
29.09.2025 12:00:00 +02:00,1101.39,3834.76,2733.37
29.09.2025 13:00:00 +02:00,1302.12,3406.55,2104.44
29.09.2025 14:00:00 +02:00,1308.95,3333.44,2024.49
29.09.2025 15:00:00 +02:00,1247.52,3873.22,2625.70
29.09.2025 16:00:00 +02:00,1287.67,4091.85,2804.18
29.09.2025 17:00:00 +02:00,897.22,4585.94,3688.72
29.09.2025 18:00:00 +02:00,939.43,4970.20,4030.78
29.09.2025 19:00:00 +02:00,953.42,5136.34,4182.92
29.09.2025 20:00:00 +02:00,1196.23,4803.51,3607.28
29.09.2025 21:00:00 +02:00,1546.30,4387.66,2841.36
29.09.2025 22:00:00 +02:00,1578.15,4197.94,2619.80
29.09.2025 23:00:00 +02:00,1155.67,4655.76,3500.09
30.09.2025 00:00:00 +02:00,1132.70,4540.73,3408.03
30.09.2025 01:00:00 +02:00,1013.02,4685.50,3672.48
30.09.2025 02:00:00 +02:00,1029.14,4605.29,3576.15
30.09.2025 03:00:00 +02:00,1112.79,4676.41,3563.62
30.09.2025 04:00:00 +02:00,1069.61,4387.05,3317.44
30.09.2025 05:00:00 +02:00,785.90,4362.57,3576.67
30.09.2025 06:00:00 +02:00,450.07,4666.00,4215.92
30.09.2025 07:00:00 +02:00,755.38,5019.20,4263.82
30.09.2025 08:00:00 +02:00,366.70,4543.32,4176.62
30.09.2025 09:00:00 +02:00,277.70,4868.55,4590.85
30.09.2025 10:00:00 +02:00,492.86,4304.78,3811.92
30.09.2025 11:00:00 +02:00,613.70,4317.18,3703.48
30.09.2025 12:00:00 +02:00,712.35,4153.91,3441.56
30.09.2025 13:00:00 +02:00,614.84,4288.18,3673.34
30.09.2025 14:00:00 +02:00,538.29,4343.47,3805.18
30.09.2025 15:00:00 +02:00,776.01,4193.62,3417.61
30.09.2025 16:00:00 +02:00,394.89,4135.73,3740.84
30.09.2025 17:00:00 +02:00,503.88,4508.14,4004.26
30.09.2025 18:00:00 +02:00,699.21,4609.18,3909.97
30.09.2025 19:00:00 +02:00,882.37,5127.23,4244.86
30.09.2025 20:00:00 +02:00,938.18,5105.76,4167.58
30.09.2025 21:00:00 +02:00,850.26,4686.24,3835.98
30.09.2025 22:00:00 +02:00,1011.62,4285.78,3274.16
30.09.2025 23:00:00 +02:00,1192.62,4034.88,2842.26
01.10.2025 00:00:00 +02:00,1016.21,4701.84,3685.64
01.10.2025 01:00:00 +02:00,851.39,4599.54,3748.15
01.10.2025 02:00:00 +02:00,896.68,4551.26,3654.58
01.10.2025 03:00:00 +02:00,982.76,4978.71,3995.94
01.10.2025 04:00:00 +02:00,848.14,4720.70,3872.55
01.10.2025 05:00:00 +02:00,770.11,4724.30,3954.19
01.10.2025 06:00:00 +02:00,499.63,4722.48,4222.85
01.10.2025 07:00:00 +02:00,398.58,5186.47,4787.88
01.10.2025 08:00:00 +02:00,432.48,5431.55,4999.06
01.10.2025 09:00:00 +02:00,666.42,5204.00,4537.58
01.10.2025 10:00:00 +02:00,718.48,4909.09,4190.60
01.10.2025 11:00:00 +02:00,1077.28,4408.40,3331.12
01.10.2025 12:00:00 +02:00,1349.31,4506.65,3157.34
01.10.2025 13:00:00 +02:00,1439.80,4543.08,3103.28
01.10.2025 14:00:00 +02:00,1226.98,4513.46,3286.48
01.10.2025 15:00:00 +02:00,1057.82,4699.92,3642.10
01.10.2025 16:00:00 +02:00,928.84,4917.06,3988.23
01.10.2025 17:00:00 +02:00,486.10,5399.96,4913.86
01.10.2025 18:00:00 +02:00,474.93,5724.64,5249.72
01.10.2025 19:00:00 +02:00,454.13,5646.42,5192.28
01.10.2025 20:00:00 +02:00,639.91,5389.45,4749.54
01.10.2025 21:00:00 +02:00,811.23,4974.60,4163.38
01.10.2025 22:00:00 +02:00,870.56,4866.70,3996.15
01.10.2025 23:00:00 +02:00,930.91,4332.60,3401.69
02.10.2025 00:00:00 +02:00,1099.27,4695.12,3595.85
02.10.2025 01:00:00 +02:00,1096.49,4831.49,3735.00
02.10.2025 02:00:00 +02:00,1329.31,4512.18,3182.88
02.10.2025 03:00:00 +02:00,1425.24,4397.76,2972.51
02.10.2025 04:00:00 +02:00,1113.78,4458.60,3344.82
02.10.2025 05:00:00 +02:00,754.42,5006.17,4251.75
02.10.2025 06:00:00 +02:00,700.07,5510.24,4810.18
02.10.2025 07:00:00 +02:00,1014.48,5334.54,4320.06
02.10.2025 08:00:00 +02:00,1077.95,5134.50,4056.55
02.10.2025 09:00:00 +02:00,1218.40,4969.14,3750.74
02.10.2025 10:00:00 +02:00,1156.87,5027.34,3870.47
02.10.2025 11:00:00 +02:00,1169.56,4558.05,3388.49
02.10.2025 12:00:00 +02:00,1355.26,3258.69,1903.43
02.10.2025 13:00:00 +02:00,1997.21,2732.61,735.40
02.10.2025 14:00:00 +02:00,1299.68,3308.04,2008.36
02.10.2025 15:00:00 +02:00,1194.26,4646.26,3452.00
02.10.2025 16:00:00 +02:00,1236.77,4919.67,3682.90
02.10.2025 17:00:00 +02:00,806.77,5224.40,4417.64
02.10.2025 18:00:00 +02:00,914.21,5485.78,4571.56
02.10.2025 19:00:00 +02:00,787.72,5730.08,4942.36
02.10.2025 20:00:00 +02:00,793.89,5219.52,4425.63
02.10.2025 21:00:00 +02:00,1426.67,4703.91,3277.24
02.10.2025 22:00:00 +02:00,1326.10,4312.99,2986.89
02.10.2025 23:00:00 +02:00,1263.09,3454.39,2191.30
03.10.2025 00:00:00 +02:00,1070.19,2994.34,1924.15
03.10.2025 01:00:00 +02:00,1256.32,3234.98,1978.66
03.10.2025 02:00:00 +02:00,1529.42,3136.48,1607.06
03.10.2025 03:00:00 +02:00,1624.09,2965.52,1341.43
03.10.2025 04:00:00 +02:00,1271.28,3257.69,1986.40
03.10.2025 05:00:00 +02:00,880.47,3419.26,2538.79
03.10.2025 06:00:00 +02:00,1021.68,3993.20,2971.52
03.10.2025 07:00:00 +02:00,1469.06,4107.08,2638.01
03.10.2025 08:00:00 +02:00,879.68,4515.26,3635.58
03.10.2025 09:00:00 +02:00,994.34,4364.87,3370.53
03.10.2025 10:00:00 +02:00,1468.03,2670.94,1202.91
03.10.2025 11:00:00 +02:00,2529.26,2247.92,-281.34
03.10.2025 12:00:00 +02:00,3107.68,2252.60,-855.09
03.10.2025 13:00:00 +02:00,3737.80,2173.06,-1564.75
03.10.2025 14:00:00 +02:00,3114.74,2333.28,-781.45
03.10.2025 15:00:00 +02:00,2209.93,2217.25,7.32
03.10.2025 16:00:00 +02:00,1164.21,2429.78,1265.57
03.10.2025 17:00:00 +02:00,922.45,4048.04,3125.59
03.10.2025 18:00:00 +02:00,1273.96,4616.99,3343.03
03.10.2025 19:00:00 +02:00,1492.57,4568.15,3075.58
03.10.2025 20:00:00 +02:00,1367.86,3202.31,1834.46
03.10.2025 21:00:00 +02:00,1839.93,1554.38,-285.55
03.10.2025 22:00:00 +02:00,2578.34,1033.16,-1545.18
03.10.2025 23:00:00 +02:00,3241.22,661.90,-2579.32
04.10.2025 00:00:00 +02:00,4001.22,873.96,-3127.27
04.10.2025 01:00:00 +02:00,3408.32,936.77,-2471.55
04.10.2025 02:00:00 +02:00,3497.76,929.15,-2568.61
04.10.2025 03:00:00 +02:00,3495.54,807.99,-2687.55
04.10.2025 04:00:00 +02:00,3053.01,804.94,-2248.07
04.10.2025 05:00:00 +02:00,3123.39,743.64,-2379.74
04.10.2025 06:00:00 +02:00,2897.48,751.08,-2146.39
04.10.2025 07:00:00 +02:00,3502.76,738.22,-2764.55
04.10.2025 08:00:00 +02:00,2598.47,868.82,-1729.65
04.10.2025 09:00:00 +02:00,3322.56,284.54,-3038.02
04.10.2025 10:00:00 +02:00,3174.88,163.90,-3010.98
04.10.2025 11:00:00 +02:00,3702.25,694.91,-3007.34
04.10.2025 12:00:00 +02:00,4040.71,525.82,-3514.89
04.10.2025 13:00:00 +02:00,3845.50,799.13,-3046.38
04.10.2025 14:00:00 +02:00,3734.80,852.17,-2882.62
04.10.2025 15:00:00 +02:00,3862.32,790.66,-3071.65
04.10.2025 16:00:00 +02:00,3438.48,589.24,-2849.24
04.10.2025 17:00:00 +02:00,2413.22,1026.10,-1387.12
04.10.2025 18:00:00 +02:00,2226.35,863.40,-1362.95
04.10.2025 19:00:00 +02:00,2564.70,1250.94,-1313.75
04.10.2025 20:00:00 +02:00,2724.75,1446.55,-1278.21
04.10.2025 21:00:00 +02:00,2760.46,1196.92,-1563.54
04.10.2025 22:00:00 +02:00,3006.44,1279.90,-1726.55
04.10.2025 23:00:00 +02:00,2846.63,1105.32,-1741.30
05.10.2025 00:00:00 +02:00,3946.58,890.94,-3055.63
05.10.2025 01:00:00 +02:00,4500.15,914.12,-3586.03
05.10.2025 02:00:00 +02:00,4293.98,767.64,-3526.34
05.10.2025 03:00:00 +02:00,4600.77,1131.20,-3469.57
05.10.2025 04:00:00 +02:00,4814.22,1193.00,-3621.22
05.10.2025 05:00:00 +02:00,4803.54,1202.44,-3601.09
05.10.2025 06:00:00 +02:00,5141.70,1345.11,-3796.60
05.10.2025 07:00:00 +02:00,4858.99,1298.61,-3560.38
05.10.2025 08:00:00 +02:00,5110.44,1299.42,-3811.02
05.10.2025 09:00:00 +02:00,4637.87,1010.54,-3627.33
05.10.2025 10:00:00 +02:00,4752.13,1266.70,-3485.43
05.10.2025 11:00:00 +02:00,4601.22,891.46,-3709.76
05.10.2025 12:00:00 +02:00,4620.08,1345.23,-3274.85
05.10.2025 13:00:00 +02:00,4264.93,913.25,-3351.68
05.10.2025 14:00:00 +02:00,4108.99,1334.20,-2774.80
05.10.2025 15:00:00 +02:00,3696.93,462.68,-3234.25
05.10.2025 16:00:00 +02:00,3319.84,268.20,-3051.64
05.10.2025 17:00:00 +02:00,3052.18,1127.50,-1924.69
05.10.2025 18:00:00 +02:00,1742.04,2104.00,361.96
05.10.2025 19:00:00 +02:00,1267.44,3164.07,1896.63
05.10.2025 20:00:00 +02:00,1507.72,3016.55,1508.84
05.10.2025 21:00:00 +02:00,2318.16,2774.40,456.24
05.10.2025 22:00:00 +02:00,2424.68,2970.76,546.08
05.10.2025 23:00:00 +02:00,2179.33,2668.38,489.04
06.10.2025 00:00:00 +02:00,2547.80,2230.77,-317.04
06.10.2025 01:00:00 +02:00,2952.06,2457.56,-494.50
06.10.2025 02:00:00 +02:00,2759.68,2116.59,-643.09
06.10.2025 03:00:00 +02:00,2427.00,1842.60,-584.41
06.10.2025 04:00:00 +02:00,1776.99,1248.43,-528.56
06.10.2025 05:00:00 +02:00,1805.60,1712.64,-92.96
06.10.2025 06:00:00 +02:00,973.72,3161.95,2188.23
06.10.2025 07:00:00 +02:00,596.74,3976.37,3379.63
06.10.2025 08:00:00 +02:00,161.13,4502.43,4341.30
06.10.2025 09:00:00 +02:00,178.26,4467.52,4289.27
06.10.2025 10:00:00 +02:00,468.78,3922.70,3453.92
06.10.2025 11:00:00 +02:00,784.87,3830.34,3045.48
06.10.2025 12:00:00 +02:00,694.07,3601.05,2906.98
06.10.2025 13:00:00 +02:00,409.11,3688.86,3279.75
06.10.2025 14:00:00 +02:00,284.19,3669.38,3385.19
06.10.2025 15:00:00 +02:00,390.70,3995.49,3604.79
06.10.2025 16:00:00 +02:00,96.68,4613.50,4516.81
06.10.2025 17:00:00 +02:00,63.72,5430.06,5366.34
06.10.2025 18:00:00 +02:00,20.05,5558.71,5538.66
06.10.2025 19:00:00 +02:00,143.09,5236.26,5093.18
06.10.2025 20:00:00 +02:00,261.08,4749.83,4488.74
06.10.2025 21:00:00 +02:00,392.43,4630.40,4237.98
06.10.2025 22:00:00 +02:00,632.90,4299.46,3666.55
06.10.2025 23:00:00 +02:00,863.66,3730.43,2866.77
07.10.2025 00:00:00 +02:00,1152.88,3514.46,2361.58
07.10.2025 01:00:00 +02:00,1375.80,3387.95,2012.14
07.10.2025 02:00:00 +02:00,1239.08,3245.36,2006.28
07.10.2025 03:00:00 +02:00,1370.35,3267.20,1896.84
07.10.2025 04:00:00 +02:00,1469.58,3404.68,1935.10
07.10.2025 05:00:00 +02:00,1491.26,3741.17,2249.92
07.10.2025 06:00:00 +02:00,1109.09,4734.97,3625.88
07.10.2025 07:00:00 +02:00,1498.21,5349.57,3851.36
07.10.2025 08:00:00 +02:00,1731.92,5227.05,3495.12
07.10.2025 09:00:00 +02:00,1786.94,5140.87,3353.93
07.10.2025 10:00:00 +02:00,1450.41,5560.28,4109.87
07.10.2025 11:00:00 +02:00,1548.41,5181.47,3633.07
07.10.2025 12:00:00 +02:00,1389.34,4997.80,3608.46
07.10.2025 13:00:00 +02:00,1572.79,4656.29,3083.50
07.10.2025 14:00:00 +02:00,1511.24,4138.45,2627.22
07.10.2025 15:00:00 +02:00,1654.07,4446.51,2792.43
07.10.2025 16:00:00 +02:00,1600.26,4639.02,3038.76
07.10.2025 17:00:00 +02:00,1560.94,4839.33,3278.39
07.10.2025 18:00:00 +02:00,1676.05,4861.15,3185.10
07.10.2025 19:00:00 +02:00,1501.33,4788.31,3286.98
07.10.2025 20:00:00 +02:00,1269.42,4766.15,3496.73
07.10.2025 21:00:00 +02:00,1172.23,4652.85,3480.62
07.10.2025 22:00:00 +02:00,1108.66,4577.90,3469.24
07.10.2025 23:00:00 +02:00,1339.98,4078.48,2738.49
08.10.2025 00:00:00 +02:00,1451.08,4550.86,3099.78
08.10.2025 01:00:00 +02:00,1374.65,4738.95,3364.30
08.10.2025 02:00:00 +02:00,1382.56,4643.78,3261.22
08.10.2025 03:00:00 +02:00,1431.00,4655.95,3224.96
08.10.2025 04:00:00 +02:00,1305.80,4235.28,2929.48
08.10.2025 05:00:00 +02:00,1187.68,4453.34,3265.65
08.10.2025 06:00:00 +02:00,865.24,4925.95,4060.72
08.10.2025 07:00:00 +02:00,1273.65,4966.43,3692.78
08.10.2025 08:00:00 +02:00,1190.78,5183.14,3992.36
08.10.2025 09:00:00 +02:00,692.38,5051.85,4359.47
08.10.2025 10:00:00 +02:00,614.26,4905.12,4290.87
08.10.2025 11:00:00 +02:00,560.89,4384.20,3823.31
08.10.2025 12:00:00 +02:00,636.68,4605.82,3969.14
08.10.2025 13:00:00 +02:00,579.45,4796.42,4216.98
08.10.2025 14:00:00 +02:00,740.48,4511.44,3770.96
08.10.2025 15:00:00 +02:00,677.33,4814.40,4137.08
08.10.2025 16:00:00 +02:00,884.98,4634.37,3749.39
08.10.2025 17:00:00 +02:00,1053.18,4909.64,3856.46
08.10.2025 18:00:00 +02:00,944.80,5233.97,4289.17
08.10.2025 19:00:00 +02:00,1073.59,5350.44,4276.85
08.10.2025 20:00:00 +02:00,1352.40,5006.18,3653.77
08.10.2025 21:00:00 +02:00,1788.12,4910.87,3122.75
08.10.2025 22:00:00 +02:00,1812.03,4916.17,3104.14
08.10.2025 23:00:00 +02:00,1561.56,4569.81,3008.25
09.10.2025 00:00:00 +02:00,1484.42,4778.93,3294.51
09.10.2025 01:00:00 +02:00,974.59,4850.82,3876.22
09.10.2025 02:00:00 +02:00,705.01,4971.97,4266.95
09.10.2025 03:00:00 +02:00,794.80,4994.38,4199.58
09.10.2025 04:00:00 +02:00,1105.80,4972.41,3866.61
09.10.2025 05:00:00 +02:00,1540.64,4921.32,3380.68
09.10.2025 06:00:00 +02:00,849.49,5127.25,4277.76
09.10.2025 07:00:00 +02:00,921.52,5300.02,4378.50
09.10.2025 08:00:00 +02:00,862.10,5081.48,4219.38
09.10.2025 09:00:00 +02:00,1620.67,4827.65,3206.97
09.10.2025 10:00:00 +02:00,1715.19,4854.32,3139.13
09.10.2025 11:00:00 +02:00,1694.89,4713.46,3018.57
09.10.2025 12:00:00 +02:00,1162.15,4562.14,3400.00
09.10.2025 13:00:00 +02:00,939.25,4230.86,3291.61
09.10.2025 14:00:00 +02:00,691.36,3753.82,3062.46
09.10.2025 15:00:00 +02:00,672.60,3834.98,3162.38
09.10.2025 16:00:00 +02:00,732.83,4086.13,3353.29
09.10.2025 17:00:00 +02:00,744.90,3793.57,3048.67
09.10.2025 18:00:00 +02:00,937.85,4123.24,3185.39
09.10.2025 19:00:00 +02:00,811.57,4108.32,3296.74
09.10.2025 20:00:00 +02:00,875.95,4054.40,3178.45
09.10.2025 21:00:00 +02:00,1124.33,3669.59,2545.26
09.10.2025 22:00:00 +02:00,1320.56,3480.87,2160.31
09.10.2025 23:00:00 +02:00,1516.56,3191.56,1675.00
10.10.2025 00:00:00 +02:00,1919.18,3201.61,1282.43
10.10.2025 01:00:00 +02:00,1941.53,3294.93,1353.40
10.10.2025 02:00:00 +02:00,1914.25,3275.19,1360.93
10.10.2025 03:00:00 +02:00,1926.90,3188.47,1261.57
10.10.2025 04:00:00 +02:00,1717.42,3235.16,1517.74
10.10.2025 05:00:00 +02:00,1439.78,3552.68,2112.91
10.10.2025 06:00:00 +02:00,880.76,4010.97,3130.21
10.10.2025 07:00:00 +02:00,1069.97,4200.04,3130.07
10.10.2025 08:00:00 +02:00,1247.54,4183.07,2935.53
10.10.2025 09:00:00 +02:00,691.16,4309.66,3618.50
10.10.2025 10:00:00 +02:00,809.02,3755.02,2946.00
10.10.2025 11:00:00 +02:00,665.77,3311.94,2646.17
10.10.2025 12:00:00 +02:00,701.66,3230.37,2528.72
10.10.2025 13:00:00 +02:00,891.61,3271.39,2379.77
10.10.2025 14:00:00 +02:00,1047.51,3637.88,2590.36
10.10.2025 15:00:00 +02:00,1095.71,4168.88,3073.17
10.10.2025 16:00:00 +02:00,1014.54,4296.85,3282.31
10.10.2025 17:00:00 +02:00,1113.31,4463.72,3350.41
10.10.2025 18:00:00 +02:00,1327.86,4576.65,3248.79
10.10.2025 19:00:00 +02:00,1580.95,4607.69,3026.74
10.10.2025 20:00:00 +02:00,1618.49,4546.90,2928.42
10.10.2025 21:00:00 +02:00,1600.52,4428.00,2827.48
10.10.2025 22:00:00 +02:00,1657.21,3976.37,2319.17
10.10.2025 23:00:00 +02:00,1588.88,3461.49,1872.60
11.10.2025 00:00:00 +02:00,1823.14,3691.15,1868.01
11.10.2025 01:00:00 +02:00,1920.18,3587.40,1667.22
11.10.2025 02:00:00 +02:00,1969.47,3463.15,1493.68
11.10.2025 03:00:00 +02:00,1895.46,3516.36,1620.90
11.10.2025 04:00:00 +02:00,1937.63,3555.56,1617.93
11.10.2025 05:00:00 +02:00,1973.97,3591.26,1617.30
11.10.2025 06:00:00 +02:00,1993.14,3879.73,1886.60
11.10.2025 07:00:00 +02:00,1824.63,4393.60,2568.97
11.10.2025 08:00:00 +02:00,1704.06,4438.85,2734.79
11.10.2025 09:00:00 +02:00,1494.74,4259.77,2765.03
11.10.2025 10:00:00 +02:00,1286.97,4046.80,2759.84
11.10.2025 11:00:00 +02:00,1544.20,3553.11,2008.91
11.10.2025 12:00:00 +02:00,1953.92,3438.02,1484.10
11.10.2025 13:00:00 +02:00,2127.82,3481.28,1353.46
11.10.2025 14:00:00 +02:00,1761.50,3380.21,1618.71
11.10.2025 15:00:00 +02:00,1014.90,4112.34,3097.44
11.10.2025 16:00:00 +02:00,589.60,4910.05,4320.45
11.10.2025 17:00:00 +02:00,894.48,5037.30,4142.82
11.10.2025 18:00:00 +02:00,690.98,5140.07,4449.09
11.10.2025 19:00:00 +02:00,784.45,5296.56,4512.11
11.10.2025 20:00:00 +02:00,1279.82,5200.37,3920.55
11.10.2025 21:00:00 +02:00,1620.58,5059.79,3439.21
11.10.2025 22:00:00 +02:00,1943.45,4608.59,2665.14
11.10.2025 23:00:00 +02:00,1915.79,4278.84,2363.06
12.10.2025 00:00:00 +02:00,1922.22,4847.84,2925.62
12.10.2025 01:00:00 +02:00,1870.24,4804.04,2933.80
12.10.2025 02:00:00 +02:00,2009.63,4756.18,2746.54
12.10.2025 03:00:00 +02:00,2016.72,4652.16,2635.43
12.10.2025 04:00:00 +02:00,2119.79,4494.97,2375.18
12.10.2025 05:00:00 +02:00,1985.22,4438.71,2453.50
12.10.2025 06:00:00 +02:00,1864.47,4513.44,2648.97
12.10.2025 07:00:00 +02:00,1917.64,4851.09,2933.45
12.10.2025 08:00:00 +02:00,1710.93,5207.63,3496.69
12.10.2025 09:00:00 +02:00,1925.08,5026.86,3101.78
12.10.2025 10:00:00 +02:00,1681.14,4821.23,3140.09
12.10.2025 11:00:00 +02:00,1805.31,4682.47,2877.16
12.10.2025 12:00:00 +02:00,1895.19,4132.92,2237.73
12.10.2025 13:00:00 +02:00,1984.09,3773.17,1789.09
12.10.2025 14:00:00 +02:00,1856.37,3968.05,2111.69
12.10.2025 15:00:00 +02:00,1869.02,4503.04,2634.02
12.10.2025 16:00:00 +02:00,1543.90,4949.82,3405.92
12.10.2025 17:00:00 +02:00,1181.00,5108.12,3927.12
12.10.2025 18:00:00 +02:00,1106.91,5281.48,4174.56
12.10.2025 19:00:00 +02:00,985.90,5291.52,4305.63
12.10.2025 20:00:00 +02:00,1058.22,5163.08,4104.86
12.10.2025 21:00:00 +02:00,1091.10,4835.49,3744.39
12.10.2025 22:00:00 +02:00,1389.72,4533.89,3144.18
12.10.2025 23:00:00 +02:00,1663.15,4146.22,2483.07
13.10.2025 00:00:00 +02:00,1582.79,4353.31,2770.53
13.10.2025 01:00:00 +02:00,1563.31,4452.73,2889.42
13.10.2025 02:00:00 +02:00,1540.56,4431.27,2890.71
13.10.2025 03:00:00 +02:00,1630.81,4624.74,2993.92
13.10.2025 04:00:00 +02:00,1336.09,4877.70,3541.60
13.10.2025 05:00:00 +02:00,899.13,5048.86,4149.73
13.10.2025 06:00:00 +02:00,1594.51,4538.00,2943.49
13.10.2025 07:00:00 +02:00,1706.93,4377.03,2670.10
13.10.2025 08:00:00 +02:00,1312.67,4359.58,3046.90
13.10.2025 09:00:00 +02:00,1563.25,4508.77,2945.52
13.10.2025 10:00:00 +02:00,941.16,4648.75,3707.59
13.10.2025 11:00:00 +02:00,1025.04,4684.19,3659.15
13.10.2025 12:00:00 +02:00,1161.07,4740.61,3579.53
13.10.2025 13:00:00 +02:00,1118.81,4695.81,3577.00
13.10.2025 14:00:00 +02:00,1226.46,4543.13,3316.67
13.10.2025 15:00:00 +02:00,1065.89,4580.10,3514.21
13.10.2025 16:00:00 +02:00,860.40,4554.21,3693.81
13.10.2025 17:00:00 +02:00,585.39,4708.56,4123.17
13.10.2025 18:00:00 +02:00,631.37,4724.65,4093.28
13.10.2025 19:00:00 +02:00,720.52,4721.88,4001.36
13.10.2025 20:00:00 +02:00,1038.23,4477.73,3439.50
13.10.2025 21:00:00 +02:00,1014.41,4545.08,3530.67
13.10.2025 22:00:00 +02:00,829.29,4574.15,3744.86
13.10.2025 23:00:00 +02:00,923.42,4570.24,3646.82
14.10.2025 00:00:00 +02:00,772.23,4822.13,4049.89
14.10.2025 01:00:00 +02:00,927.06,4860.52,3933.46
14.10.2025 02:00:00 +02:00,913.02,4870.63,3957.61
14.10.2025 03:00:00 +02:00,1007.37,4820.61,3813.24
14.10.2025 04:00:00 +02:00,1018.78,4797.11,3778.33
14.10.2025 05:00:00 +02:00,1051.65,4653.99,3602.34
14.10.2025 06:00:00 +02:00,316.33,4914.49,4598.16
14.10.2025 07:00:00 +02:00,606.53,4881.61,4275.08
14.10.2025 08:00:00 +02:00,413.76,4706.05,4292.29
14.10.2025 09:00:00 +02:00,335.47,4639.68,4304.21
14.10.2025 10:00:00 +02:00,201.28,4297.82,4096.54
14.10.2025 11:00:00 +02:00,391.76,3912.11,3520.35
14.10.2025 12:00:00 +02:00,453.78,4181.27,3727.49
14.10.2025 13:00:00 +02:00,793.02,4337.13,3544.10
14.10.2025 14:00:00 +02:00,753.70,4505.03,3751.33
14.10.2025 15:00:00 +02:00,646.03,4521.00,3874.97
14.10.2025 16:00:00 +02:00,568.55,4699.43,4130.88
14.10.2025 17:00:00 +02:00,555.22,4489.46,3934.24
14.10.2025 18:00:00 +02:00,646.33,4670.96,4024.63
14.10.2025 19:00:00 +02:00,671.81,4588.14,3916.33
14.10.2025 20:00:00 +02:00,939.89,4555.28,3615.39
14.10.2025 21:00:00 +02:00,1407.68,4493.29,3085.61
14.10.2025 22:00:00 +02:00,2351.85,4573.20,2221.35
14.10.2025 23:00:00 +02:00,2010.51,4568.40,2557.89
15.10.2025 00:00:00 +02:00,1256.15,5053.49,3797.35
15.10.2025 01:00:00 +02:00,1441.65,5005.14,3563.49
15.10.2025 02:00:00 +02:00,1443.59,4971.39,3527.80
15.10.2025 03:00:00 +02:00,1405.24,4913.21,3507.97
15.10.2025 04:00:00 +02:00,1466.26,4673.64,3207.38
15.10.2025 05:00:00 +02:00,1591.83,4374.10,2782.27
15.10.2025 06:00:00 +02:00,1936.60,4185.00,2248.40
15.10.2025 07:00:00 +02:00,1872.73,4263.66,2390.94
15.10.2025 08:00:00 +02:00,1699.38,4403.08,2703.70
15.10.2025 09:00:00 +02:00,1607.72,4333.05,2725.33
15.10.2025 10:00:00 +02:00,1666.04,4445.09,2779.04
15.10.2025 11:00:00 +02:00,1569.52,4449.88,2880.36
15.10.2025 12:00:00 +02:00,1671.26,4486.17,2814.90
15.10.2025 13:00:00 +02:00,1160.51,4536.88,3376.37
15.10.2025 14:00:00 +02:00,1285.44,4204.82,2919.38
15.10.2025 15:00:00 +02:00,1397.80,4524.54,3126.73
15.10.2025 16:00:00 +02:00,1669.89,4428.98,2759.09
15.10.2025 17:00:00 +02:00,1341.88,4388.95,3047.07
15.10.2025 18:00:00 +02:00,1044.89,4413.36,3368.47
15.10.2025 19:00:00 +02:00,592.69,4712.09,4119.40
15.10.2025 20:00:00 +02:00,160.20,5010.08,4849.87
15.10.2025 21:00:00 +02:00,23.63,5306.12,5282.49
15.10.2025 22:00:00 +02:00,109.88,5255.43,5145.55
15.10.2025 23:00:00 +02:00,464.32,5286.51,4822.19
16.10.2025 00:00:00 +02:00,904.60,5095.54,4190.93
16.10.2025 01:00:00 +02:00,973.23,5160.61,4187.38
16.10.2025 02:00:00 +02:00,860.50,5184.76,4324.26
16.10.2025 03:00:00 +02:00,943.64,5169.07,4225.43
16.10.2025 04:00:00 +02:00,986.55,5146.31,4159.76
16.10.2025 05:00:00 +02:00,1061.03,5052.04,3991.01
16.10.2025 06:00:00 +02:00,1148.83,4771.53,3622.70
16.10.2025 07:00:00 +02:00,1190.70,4591.67,3400.97
16.10.2025 08:00:00 +02:00,854.20,4635.13,3780.93
16.10.2025 09:00:00 +02:00,816.83,4499.69,3682.86
16.10.2025 10:00:00 +02:00,1436.97,4645.07,3208.09
16.10.2025 11:00:00 +02:00,1539.57,4777.61,3238.04
16.10.2025 12:00:00 +02:00,1602.88,4342.46,2739.58
16.10.2025 13:00:00 +02:00,1419.26,3895.07,2475.81
16.10.2025 14:00:00 +02:00,1439.27,4217.42,2778.16
16.10.2025 15:00:00 +02:00,1413.59,4705.90,3292.30
16.10.2025 16:00:00 +02:00,1446.17,4737.24,3291.07
16.10.2025 17:00:00 +02:00,1203.18,4401.42,3198.24
16.10.2025 18:00:00 +02:00,1759.29,4299.02,2539.73
16.10.2025 19:00:00 +02:00,1658.74,4298.68,2639.95
16.10.2025 20:00:00 +02:00,1083.81,4282.87,3199.06
16.10.2025 21:00:00 +02:00,1215.03,4369.17,3154.14
16.10.2025 22:00:00 +02:00,1248.01,4518.65,3270.64
16.10.2025 23:00:00 +02:00,986.47,4886.14,3899.67
17.10.2025 00:00:00 +02:00,792.80,4520.02,3727.22
17.10.2025 01:00:00 +02:00,630.91,4559.32,3928.40
17.10.2025 02:00:00 +02:00,668.41,4604.59,3936.18
17.10.2025 03:00:00 +02:00,735.65,4492.01,3756.35
17.10.2025 04:00:00 +02:00,535.08,4369.74,3834.66
17.10.2025 05:00:00 +02:00,776.70,4353.82,3577.12
17.10.2025 06:00:00 +02:00,765.36,4180.45,3415.09
17.10.2025 07:00:00 +02:00,1212.04,4124.61,2912.57
17.10.2025 08:00:00 +02:00,1097.42,4263.64,3166.22
17.10.2025 09:00:00 +02:00,804.76,4311.74,3506.98
17.10.2025 10:00:00 +02:00,744.79,4368.78,3623.99
17.10.2025 11:00:00 +02:00,706.54,4271.08,3564.55
17.10.2025 12:00:00 +02:00,554.88,4035.32,3480.45
17.10.2025 13:00:00 +02:00,797.41,3743.92,2946.51
17.10.2025 14:00:00 +02:00,879.96,3877.63,2997.66
17.10.2025 15:00:00 +02:00,692.80,4020.48,3327.68
17.10.2025 16:00:00 +02:00,630.20,4117.23,3487.03
17.10.2025 17:00:00 +02:00,592.33,4350.51,3758.17
17.10.2025 18:00:00 +02:00,453.00,4255.49,3802.49
17.10.2025 19:00:00 +02:00,703.54,4248.70,3545.16
17.10.2025 20:00:00 +02:00,809.69,4321.07,3511.37
17.10.2025 21:00:00 +02:00,1023.64,4580.24,3556.60
17.10.2025 22:00:00 +02:00,1056.53,4695.69,3639.16
17.10.2025 23:00:00 +02:00,1120.12,4763.18,3643.06
18.10.2025 00:00:00 +02:00,1455.37,4640.07,3184.70
18.10.2025 01:00:00 +02:00,1314.31,4716.94,3402.63
18.10.2025 02:00:00 +02:00,1350.66,4896.32,3545.67
18.10.2025 03:00:00 +02:00,1250.41,4833.36,3582.94
18.10.2025 04:00:00 +02:00,1047.72,4870.19,3822.47
18.10.2025 05:00:00 +02:00,974.29,4950.79,3976.50
18.10.2025 06:00:00 +02:00,736.50,4989.34,4252.84
18.10.2025 07:00:00 +02:00,671.40,4972.00,4300.60
18.10.2025 08:00:00 +02:00,576.87,4998.37,4421.50
18.10.2025 09:00:00 +02:00,659.53,4878.74,4219.21
18.10.2025 10:00:00 +02:00,483.30,4850.29,4366.98
18.10.2025 11:00:00 +02:00,675.20,4721.36,4046.16
18.10.2025 12:00:00 +02:00,819.00,3837.57,3018.57
18.10.2025 13:00:00 +02:00,852.55,2556.97,1704.42
18.10.2025 14:00:00 +02:00,781.68,3764.53,2982.85
18.10.2025 15:00:00 +02:00,601.54,4702.92,4101.38
18.10.2025 16:00:00 +02:00,579.94,4701.31,4121.37
18.10.2025 17:00:00 +02:00,429.71,4876.25,4446.54
18.10.2025 18:00:00 +02:00,444.47,4900.45,4455.98
18.10.2025 19:00:00 +02:00,294.44,5010.87,4716.43
18.10.2025 20:00:00 +02:00,373.80,5000.49,4626.69
18.10.2025 21:00:00 +02:00,398.01,5096.70,4698.69
18.10.2025 22:00:00 +02:00,485.58,5132.04,4646.46
18.10.2025 23:00:00 +02:00,803.38,5053.31,4249.93
19.10.2025 00:00:00 +02:00,690.60,4804.51,4113.92
19.10.2025 01:00:00 +02:00,926.29,4261.01,3334.72
19.10.2025 02:00:00 +02:00,986.13,3774.44,2788.30
19.10.2025 03:00:00 +02:00,1128.41,3580.06,2451.65
19.10.2025 04:00:00 +02:00,1126.18,3542.04,2415.86
19.10.2025 05:00:00 +02:00,1499.32,3372.37,1873.05
19.10.2025 06:00:00 +02:00,1485.41,3368.03,1882.62
19.10.2025 07:00:00 +02:00,1255.00,3330.88,2075.88
19.10.2025 08:00:00 +02:00,807.82,3232.86,2425.04
19.10.2025 09:00:00 +02:00,985.22,2881.94,1896.72
19.10.2025 10:00:00 +02:00,986.74,1752.53,765.79
19.10.2025 11:00:00 +02:00,1728.03,782.71,-945.33
19.10.2025 12:00:00 +02:00,3057.67,608.14,-2449.53
19.10.2025 13:00:00 +02:00,3644.34,799.60,-2844.75
19.10.2025 14:00:00 +02:00,2784.96,846.78,-1938.18
19.10.2025 15:00:00 +02:00,1128.05,1161.28,33.23
19.10.2025 16:00:00 +02:00,514.42,3292.24,2777.82
19.10.2025 17:00:00 +02:00,478.61,4559.32,4080.71
19.10.2025 18:00:00 +02:00,526.98,4479.40,3952.42
19.10.2025 19:00:00 +02:00,727.10,4169.69,3442.58
19.10.2025 20:00:00 +02:00,1017.94,3671.65,2653.71
19.10.2025 21:00:00 +02:00,892.58,3119.06,2226.48
19.10.2025 22:00:00 +02:00,1052.42,2847.20,1794.78
19.10.2025 23:00:00 +02:00,1403.42,2175.26,771.85
20.10.2025 00:00:00 +02:00,1311.93,1975.78,663.85
20.10.2025 01:00:00 +02:00,1489.80,2051.11,561.31
20.10.2025 02:00:00 +02:00,1811.57,2472.67,661.10
20.10.2025 03:00:00 +02:00,1957.39,2681.40,724.02
20.10.2025 04:00:00 +02:00,1864.26,2818.26,954.00
20.10.2025 05:00:00 +02:00,1422.04,2564.54,1142.50
20.10.2025 06:00:00 +02:00,1340.63,3367.15,2026.52
20.10.2025 07:00:00 +02:00,879.40,4452.73,3573.33
20.10.2025 08:00:00 +02:00,386.24,4450.03,4063.80
20.10.2025 09:00:00 +02:00,684.55,3933.03,3248.48
20.10.2025 10:00:00 +02:00,858.32,3331.87,2473.55
20.10.2025 11:00:00 +02:00,1094.18,3072.65,1978.47
20.10.2025 12:00:00 +02:00,1696.37,3511.57,1815.20
20.10.2025 13:00:00 +02:00,1499.27,3517.27,2018.01
20.10.2025 14:00:00 +02:00,1405.99,3715.85,2309.86
20.10.2025 15:00:00 +02:00,1014.64,4261.29,3246.65
20.10.2025 16:00:00 +02:00,952.83,4501.16,3548.33
20.10.2025 17:00:00 +02:00,979.80,4697.95,3718.15
20.10.2025 18:00:00 +02:00,1178.39,4620.52,3442.13
20.10.2025 19:00:00 +02:00,1344.88,4473.88,3129.00
20.10.2025 20:00:00 +02:00,1477.66,3798.06,2320.40
20.10.2025 21:00:00 +02:00,1462.51,3427.31,1964.80
20.10.2025 22:00:00 +02:00,1725.48,2960.92,1235.44
20.10.2025 23:00:00 +02:00,2305.47,2318.11,12.65
21.10.2025 00:00:00 +02:00,2490.47,2195.87,-294.60
21.10.2025 01:00:00 +02:00,2673.93,1964.97,-708.96
21.10.2025 02:00:00 +02:00,2484.58,1715.23,-769.35
21.10.2025 03:00:00 +02:00,2595.56,1630.25,-965.31
21.10.2025 04:00:00 +02:00,2667.81,1605.69,-1062.12
21.10.2025 05:00:00 +02:00,2304.12,2291.34,-12.78
21.10.2025 06:00:00 +02:00,1882.88,3620.52,1737.63
21.10.2025 07:00:00 +02:00,1164.57,4346.13,3181.56
21.10.2025 08:00:00 +02:00,917.19,4357.21,3440.02
21.10.2025 09:00:00 +02:00,1064.27,4289.35,3225.08
21.10.2025 10:00:00 +02:00,1007.09,3849.36,2842.27
21.10.2025 11:00:00 +02:00,960.69,2914.97,1954.28
21.10.2025 12:00:00 +02:00,1727.92,1719.52,-8.40
21.10.2025 13:00:00 +02:00,2743.90,1632.53,-1111.36
21.10.2025 14:00:00 +02:00,2342.04,1658.86,-683.19
21.10.2025 15:00:00 +02:00,1479.27,2265.13,785.86
21.10.2025 16:00:00 +02:00,1296.24,3339.43,2043.18
21.10.2025 17:00:00 +02:00,1203.87,4019.86,2815.99
21.10.2025 18:00:00 +02:00,1350.17,4838.18,3488.01
21.10.2025 19:00:00 +02:00,1470.43,4648.54,3178.11
21.10.2025 20:00:00 +02:00,1851.62,4257.90,2406.29
21.10.2025 21:00:00 +02:00,2026.54,3790.15,1763.60
21.10.2025 22:00:00 +02:00,1965.07,3582.35,1617.28
21.10.2025 23:00:00 +02:00,1741.96,3277.99,1536.03
22.10.2025 00:00:00 +02:00,2071.33,2875.55,804.22
22.10.2025 01:00:00 +02:00,1878.99,2640.86,761.87
22.10.2025 02:00:00 +02:00,2023.32,2641.06,617.74
22.10.2025 03:00:00 +02:00,1984.40,2754.80,770.40
22.10.2025 04:00:00 +02:00,1815.15,2956.17,1141.02
22.10.2025 05:00:00 +02:00,1809.72,2839.11,1029.40
22.10.2025 06:00:00 +02:00,1275.68,3705.45,2429.77
22.10.2025 07:00:00 +02:00,831.36,4579.32,3747.96
22.10.2025 08:00:00 +02:00,818.67,4664.28,3845.60
22.10.2025 09:00:00 +02:00,668.88,4919.27,4250.39
22.10.2025 10:00:00 +02:00,762.43,4834.84,4072.40
22.10.2025 11:00:00 +02:00,646.51,4583.01,3936.50
22.10.2025 12:00:00 +02:00,700.01,4558.93,3858.92
22.10.2025 13:00:00 +02:00,739.96,4531.98,3792.02
22.10.2025 14:00:00 +02:00,748.16,4515.01,3766.84
22.10.2025 15:00:00 +02:00,812.10,4832.00,4019.90
22.10.2025 16:00:00 +02:00,600.26,5089.60,4489.34
22.10.2025 17:00:00 +02:00,467.35,5232.06,4764.71
22.10.2025 18:00:00 +02:00,359.66,5213.50,4853.84
22.10.2025 19:00:00 +02:00,476.89,5270.54,4793.64
22.10.2025 20:00:00 +02:00,603.20,5324.84,4721.64
22.10.2025 21:00:00 +02:00,643.22,5163.48,4520.26
22.10.2025 22:00:00 +02:00,1142.15,5291.03,4148.88
22.10.2025 23:00:00 +02:00,1274.55,5274.57,4000.02
23.10.2025 00:00:00 +02:00,1225.42,5312.67,4087.25
23.10.2025 01:00:00 +02:00,1322.81,5394.97,4072.16
23.10.2025 02:00:00 +02:00,1316.07,5215.84,3899.77
23.10.2025 03:00:00 +02:00,1648.84,4803.59,3154.76
23.10.2025 04:00:00 +02:00,1530.94,4540.18,3009.24
23.10.2025 05:00:00 +02:00,1556.21,3909.08,2352.87
23.10.2025 06:00:00 +02:00,684.99,3694.89,3009.90
23.10.2025 07:00:00 +02:00,530.15,4654.39,4124.24
23.10.2025 08:00:00 +02:00,427.63,4855.25,4427.62
23.10.2025 09:00:00 +02:00,413.99,4878.97,4464.98
23.10.2025 10:00:00 +02:00,396.12,4435.25,4039.13
23.10.2025 11:00:00 +02:00,241.87,3196.02,2954.16
23.10.2025 12:00:00 +02:00,1117.74,2703.90,1586.16
23.10.2025 13:00:00 +02:00,901.25,2541.33,1640.08
23.10.2025 14:00:00 +02:00,633.81,2516.46,1882.65
23.10.2025 15:00:00 +02:00,332.22,3576.31,3244.09
23.10.2025 16:00:00 +02:00,714.57,4508.40,3793.83
23.10.2025 17:00:00 +02:00,738.84,5175.54,4436.70
23.10.2025 18:00:00 +02:00,909.79,5311.06,4401.28
23.10.2025 19:00:00 +02:00,1139.18,4938.34,3799.16
23.10.2025 20:00:00 +02:00,1057.69,4709.64,3651.95
23.10.2025 21:00:00 +02:00,1119.33,4348.22,3228.89
23.10.2025 22:00:00 +02:00,1413.69,3743.34,2329.65
23.10.2025 23:00:00 +02:00,1997.24,1930.25,-66.99
24.10.2025 00:00:00 +02:00,2827.76,1279.78,-1547.98
24.10.2025 01:00:00 +02:00,2966.35,1196.29,-1770.06
24.10.2025 02:00:00 +02:00,3107.14,768.14,-2339.00
24.10.2025 03:00:00 +02:00,3005.13,652.85,-2352.28
24.10.2025 04:00:00 +02:00,2801.97,638.16,-2163.81
24.10.2025 05:00:00 +02:00,2325.02,459.91,-1865.11
24.10.2025 06:00:00 +02:00,1718.81,1012.45,-706.36
24.10.2025 07:00:00 +02:00,1062.39,2885.98,1823.59
24.10.2025 08:00:00 +02:00,1121.22,3988.96,2867.74
24.10.2025 09:00:00 +02:00,1301.45,3585.02,2283.57
24.10.2025 10:00:00 +02:00,1775.62,2233.80,458.17
24.10.2025 11:00:00 +02:00,3040.60,1813.00,-1227.60
24.10.2025 12:00:00 +02:00,3851.08,1911.88,-1939.20
24.10.2025 13:00:00 +02:00,3989.72,1922.77,-2066.95
24.10.2025 14:00:00 +02:00,4242.01,1921.45,-2320.56
24.10.2025 15:00:00 +02:00,4201.35,1888.82,-2312.53
24.10.2025 16:00:00 +02:00,3172.59,1810.52,-1362.07
24.10.2025 17:00:00 +02:00,1644.46,2519.32,874.86
24.10.2025 18:00:00 +02:00,1434.96,3539.21,2104.25
24.10.2025 19:00:00 +02:00,1288.74,3149.65,1860.91
24.10.2025 20:00:00 +02:00,2164.88,2405.53,240.65
24.10.2025 21:00:00 +02:00,3001.51,1878.85,-1122.65
24.10.2025 22:00:00 +02:00,3754.20,1401.63,-2352.57
24.10.2025 23:00:00 +02:00,4079.00,954.64,-3124.36
25.10.2025 00:00:00 +02:00,3788.21,934.56,-2853.64
25.10.2025 01:00:00 +02:00,3804.39,1733.66,-2070.73
25.10.2025 02:00:00 +02:00,4028.66,1734.62,-2294.04
25.10.2025 03:00:00 +02:00,4540.29,1555.13,-2985.17
25.10.2025 04:00:00 +02:00,4724.57,1427.98,-3296.60
25.10.2025 05:00:00 +02:00,4516.43,1365.38,-3151.05
25.10.2025 06:00:00 +02:00,4633.11,1721.82,-2911.30
25.10.2025 07:00:00 +02:00,3929.36,1330.17,-2599.19
25.10.2025 08:00:00 +02:00,3698.40,1056.32,-2642.07
25.10.2025 09:00:00 +02:00,3639.00,861.29,-2777.71
25.10.2025 10:00:00 +02:00,3779.83,1124.98,-2654.85
25.10.2025 11:00:00 +02:00,3567.78,813.27,-2754.51
25.10.2025 12:00:00 +02:00,3161.12,261.94,-2899.18
25.10.2025 13:00:00 +02:00,4054.10,704.95,-3349.14
25.10.2025 14:00:00 +02:00,3709.17,1156.89,-2552.28
25.10.2025 15:00:00 +02:00,3915.70,1135.33,-2780.38
25.10.2025 16:00:00 +02:00,3148.96,728.27,-2420.69
25.10.2025 17:00:00 +02:00,3145.61,1145.37,-2000.24
25.10.2025 18:00:00 +02:00,1785.96,1854.79,68.83
25.10.2025 19:00:00 +02:00,1737.61,2619.04,881.43
25.10.2025 20:00:00 +02:00,3233.20,2003.36,-1229.84
25.10.2025 21:00:00 +02:00,3915.76,1524.92,-2390.84
25.10.2025 22:00:00 +02:00,3844.23,1060.41,-2783.83
25.10.2025 23:00:00 +02:00,4064.60,701.17,-3363.43
26.10.2025 00:00:00 +02:00,3960.82,563.92,-3396.89
26.10.2025 01:00:00 +02:00,4216.32,373.92,-3842.41
26.10.2025 02:00:00 +02:00,4576.41,277.62,-4298.78
26.10.2025 02:00:00 +01:00,4605.16,80.05,-4525.11
26.10.2025 03:00:00 +01:00,4806.52,305.48,-4501.04
26.10.2025 04:00:00 +01:00,5047.45,14.06,-5033.39
26.10.2025 05:00:00 +01:00,5272.08,212.44,-5059.64
26.10.2025 06:00:00 +01:00,4728.10,39.78,-4688.32
26.10.2025 07:00:00 +01:00,4371.03,347.06,-4023.98
26.10.2025 08:00:00 +01:00,4497.18,601.14,-3896.04
26.10.2025 09:00:00 +01:00,3889.64,708.56,-3181.07
26.10.2025 10:00:00 +01:00,3775.12,535.11,-3240.00
26.10.2025 11:00:00 +01:00,4204.25,648.62,-3555.63
26.10.2025 12:00:00 +01:00,4490.57,1208.85,-3281.72
26.10.2025 13:00:00 +01:00,4950.61,1737.86,-3212.75
26.10.2025 14:00:00 +01:00,4750.13,1688.38,-3061.75
26.10.2025 15:00:00 +01:00,4363.04,1666.32,-2696.72
26.10.2025 16:00:00 +01:00,3248.31,1826.68,-1421.63
26.10.2025 17:00:00 +01:00,2463.32,2106.42,-356.90
26.10.2025 18:00:00 +01:00,2456.93,2361.80,-95.12
26.10.2025 19:00:00 +01:00,3204.48,2130.82,-1073.66
26.10.2025 20:00:00 +01:00,3973.90,1857.63,-2116.27
26.10.2025 21:00:00 +01:00,4014.63,1696.63,-2317.99
26.10.2025 22:00:00 +01:00,4074.93,1110.74,-2964.19
26.10.2025 23:00:00 +01:00,3683.15,652.70,-3030.45
27.10.2025 00:00:00 +01:00,3579.59,1339.01,-2240.58
27.10.2025 01:00:00 +01:00,4193.47,1351.30,-2842.16
27.10.2025 02:00:00 +01:00,4234.69,1338.13,-2896.56
27.10.2025 03:00:00 +01:00,4279.86,1180.53,-3099.33
27.10.2025 04:00:00 +01:00,4308.65,1289.06,-3019.60
27.10.2025 05:00:00 +01:00,3394.46,878.69,-2515.78
27.10.2025 06:00:00 +01:00,1971.61,1999.04,27.42
27.10.2025 07:00:00 +01:00,1009.72,3737.91,2728.20
27.10.2025 08:00:00 +01:00,705.88,4601.81,3895.93
27.10.2025 09:00:00 +01:00,827.95,5195.70,4367.74
27.10.2025 10:00:00 +01:00,853.45,5414.93,4561.49
27.10.2025 11:00:00 +01:00,939.79,5302.25,4362.46
27.10.2025 12:00:00 +01:00,1059.12,5185.98,4126.87
27.10.2025 13:00:00 +01:00,1264.89,5129.37,3864.48
27.10.2025 14:00:00 +01:00,1295.71,5082.59,3786.89
27.10.2025 15:00:00 +01:00,1010.22,5284.04,4273.82
27.10.2025 16:00:00 +01:00,1020.10,5584.63,4564.54
27.10.2025 17:00:00 +01:00,1146.24,5367.74,4221.50
27.10.2025 18:00:00 +01:00,917.37,5248.34,4330.97
27.10.2025 19:00:00 +01:00,932.31,5432.73,4500.42
27.10.2025 20:00:00 +01:00,1061.15,5631.36,4570.21
27.10.2025 21:00:00 +01:00,951.34,5175.67,4224.33
27.10.2025 22:00:00 +01:00,1052.74,4961.90,3909.16
27.10.2025 23:00:00 +01:00,1141.37,3588.00,2446.63
28.10.2025 00:00:00 +01:00,2330.65,2252.45,-78.20
28.10.2025 01:00:00 +01:00,2940.34,1030.55,-1909.79
28.10.2025 02:00:00 +01:00,3454.83,885.34,-2569.49
28.10.2025 03:00:00 +01:00,3008.31,626.74,-2381.58
28.10.2025 04:00:00 +01:00,3075.56,411.51,-2664.05
28.10.2025 05:00:00 +01:00,2918.84,686.18,-2232.65
28.10.2025 06:00:00 +01:00,2001.76,2449.96,448.20
28.10.2025 07:00:00 +01:00,1632.87,4007.92,2375.05
28.10.2025 08:00:00 +01:00,1351.87,4823.28,3471.41
28.10.2025 09:00:00 +01:00,1257.95,4286.51,3028.56
28.10.2025 10:00:00 +01:00,1636.21,4137.43,2501.22
28.10.2025 11:00:00 +01:00,1547.26,3166.39,1619.13
28.10.2025 12:00:00 +01:00,1865.93,2547.49,681.56
28.10.2025 13:00:00 +01:00,1755.97,1975.67,219.70
28.10.2025 14:00:00 +01:00,1699.92,2541.27,841.34
28.10.2025 15:00:00 +01:00,1336.10,3798.53,2462.43
28.10.2025 16:00:00 +01:00,1089.82,4608.88,3519.06
28.10.2025 17:00:00 +01:00,1157.58,5377.15,4219.57
28.10.2025 18:00:00 +01:00,1075.96,5394.00,4318.04
28.10.2025 19:00:00 +01:00,1126.29,5522.30,4396.00
28.10.2025 20:00:00 +01:00,1262.22,5521.19,4258.96
28.10.2025 21:00:00 +01:00,1395.56,5152.86,3757.31
28.10.2025 22:00:00 +01:00,1219.45,4968.75,3749.31
28.10.2025 23:00:00 +01:00,1055.69,4014.24,2958.54
29.10.2025 00:00:00 +01:00,1708.34,2990.86,1282.52
29.10.2025 01:00:00 +01:00,1528.58,2723.65,1195.07
29.10.2025 02:00:00 +01:00,1260.06,2192.76,932.70
29.10.2025 03:00:00 +01:00,1010.52,1883.93,873.41
29.10.2025 04:00:00 +01:00,1581.58,2218.99,637.41
29.10.2025 05:00:00 +01:00,1112.24,3121.56,2009.32
29.10.2025 06:00:00 +01:00,1104.08,4453.81,3349.73
29.10.2025 07:00:00 +01:00,861.88,4777.92,3916.04
29.10.2025 08:00:00 +01:00,525.19,4803.47,4278.28
29.10.2025 09:00:00 +01:00,614.09,4334.83,3720.74
29.10.2025 10:00:00 +01:00,624.26,3253.43,2629.17
29.10.2025 11:00:00 +01:00,452.56,2813.47,2360.91
29.10.2025 12:00:00 +01:00,414.70,3026.67,2611.98
29.10.2025 13:00:00 +01:00,51.60,4464.06,4412.46
29.10.2025 14:00:00 +01:00,297.98,4974.58,4676.60
29.10.2025 15:00:00 +01:00,365.65,5267.95,4902.30
29.10.2025 16:00:00 +01:00,367.34,5053.96,4686.62
29.10.2025 17:00:00 +01:00,551.10,5620.40,5069.31
29.10.2025 18:00:00 +01:00,549.33,5494.73,4945.40
29.10.2025 19:00:00 +01:00,424.06,5478.15,5054.09
29.10.2025 20:00:00 +01:00,506.83,5450.52,4943.69
29.10.2025 21:00:00 +01:00,522.87,5561.15,5038.28
29.10.2025 22:00:00 +01:00,708.75,5366.38,4657.63
29.10.2025 23:00:00 +01:00,930.57,5042.72,4112.15
30.10.2025 00:00:00 +01:00,1034.55,4682.98,3648.43
30.10.2025 01:00:00 +01:00,1266.96,4627.69,3360.73
30.10.2025 02:00:00 +01:00,1207.86,4155.26,2947.39
30.10.2025 03:00:00 +01:00,1195.15,3379.55,2184.40
30.10.2025 04:00:00 +01:00,1340.36,2884.78,1544.43
30.10.2025 05:00:00 +01:00,986.69,2899.00,1912.31
30.10.2025 06:00:00 +01:00,838.59,4377.77,3539.19
30.10.2025 07:00:00 +01:00,563.85,5237.76,4673.91
30.10.2025 08:00:00 +01:00,515.29,4494.80,3979.51
30.10.2025 09:00:00 +01:00,1011.49,2928.99,1917.50
30.10.2025 10:00:00 +01:00,1763.51,2223.32,459.81
30.10.2025 11:00:00 +01:00,2958.76,2246.95,-711.80
30.10.2025 12:00:00 +01:00,3062.94,2320.30,-742.64
30.10.2025 13:00:00 +01:00,3448.92,2081.49,-1367.42
30.10.2025 14:00:00 +01:00,2994.56,1942.44,-1052.12
30.10.2025 15:00:00 +01:00,1094.86,2536.45,1441.59
30.10.2025 16:00:00 +01:00,797.50,3738.10,2940.60
30.10.2025 17:00:00 +01:00,926.00,4445.39,3519.39
30.10.2025 18:00:00 +01:00,1222.64,5056.52,3833.88
30.10.2025 19:00:00 +01:00,1752.47,4885.55,3133.07
30.10.2025 20:00:00 +01:00,2000.45,4485.40,2484.95
30.10.2025 21:00:00 +01:00,2124.81,4160.03,2035.22
30.10.2025 22:00:00 +01:00,2014.07,3838.57,1824.50
30.10.2025 23:00:00 +01:00,2198.93,3586.42,1387.50
31.10.2025 00:00:00 +01:00,2633.89,3645.32,1011.43
31.10.2025 01:00:00 +01:00,3094.00,3758.16,664.16
31.10.2025 02:00:00 +01:00,3126.50,3722.22,595.72
31.10.2025 03:00:00 +01:00,3125.18,3730.13,604.94
31.10.2025 04:00:00 +01:00,3000.93,3900.78,899.85
31.10.2025 05:00:00 +01:00,2662.33,3600.39,938.06
31.10.2025 06:00:00 +01:00,1642.95,3202.06,1559.11
31.10.2025 07:00:00 +01:00,1405.46,3381.59,1976.13
31.10.2025 08:00:00 +01:00,896.66,3319.76,2423.10
31.10.2025 09:00:00 +01:00,808.88,3943.66,3134.78
31.10.2025 10:00:00 +01:00,938.53,4560.68,3622.15
31.10.2025 11:00:00 +01:00,902.92,4987.67,4084.74
31.10.2025 12:00:00 +01:00,1028.39,4816.90,3788.51
31.10.2025 13:00:00 +01:00,904.10,5002.42,4098.32
31.10.2025 14:00:00 +01:00,1085.12,5205.92,4120.81
31.10.2025 15:00:00 +01:00,1053.51,5213.42,4159.90
31.10.2025 16:00:00 +01:00,945.92,5252.35,4306.43
31.10.2025 17:00:00 +01:00,1443.16,5381.73,3938.56
31.10.2025 18:00:00 +01:00,1412.99,5282.15,3869.16
31.10.2025 19:00:00 +01:00,1526.50,5375.28,3848.78
31.10.2025 20:00:00 +01:00,1321.36,5506.88,4185.53
31.10.2025 21:00:00 +01:00,1248.42,5124.73,3876.31
31.10.2025 22:00:00 +01:00,1031.79,4265.18,3233.39
31.10.2025 23:00:00 +01:00,748.68,2529.38,1780.70
01.11.2025 00:00:00 +01:00,1469.65,1822.92,353.27
01.11.2025 01:00:00 +01:00,1508.88,1855.01,346.14
01.11.2025 02:00:00 +01:00,1691.88,1772.04,80.16
01.11.2025 03:00:00 +01:00,1843.89,1660.08,-183.80
01.11.2025 04:00:00 +01:00,1983.86,1544.75,-439.11
01.11.2025 05:00:00 +01:00,2205.91,1390.42,-815.50
01.11.2025 06:00:00 +01:00,1958.27,857.35,-1100.92
01.11.2025 07:00:00 +01:00,2273.44,676.90,-1596.54
01.11.2025 08:00:00 +01:00,2111.36,217.81,-1893.55
01.11.2025 09:00:00 +01:00,2398.31,91.21,-2307.10
01.11.2025 10:00:00 +01:00,2636.04,195.37,-2440.67
01.11.2025 11:00:00 +01:00,2436.08,89.80,-2346.28
01.11.2025 12:00:00 +01:00,2036.65,250.42,-1786.22
01.11.2025 13:00:00 +01:00,2086.03,834.24,-1251.78
01.11.2025 14:00:00 +01:00,1461.80,1653.62,191.83
01.11.2025 15:00:00 +01:00,496.41,2444.19,1947.78
01.11.2025 16:00:00 +01:00,0.00,3981.25,3981.25
01.11.2025 17:00:00 +01:00,0.00,5424.99,5424.99
01.11.2025 18:00:00 +01:00,0.00,5521.81,5521.81
01.11.2025 19:00:00 +01:00,0.00,5590.01,5590.01
01.11.2025 20:00:00 +01:00,0.00,5483.28,5483.28
01.11.2025 21:00:00 +01:00,0.00,5507.35,5507.35
01.11.2025 22:00:00 +01:00,0.00,5085.34,5085.34
01.11.2025 23:00:00 +01:00,0.00,4582.42,4582.42
02.11.2025 00:00:00 +01:00,0.00,4072.44,4072.44
02.11.2025 01:00:00 +01:00,0.00,3593.12,3593.12
02.11.2025 02:00:00 +01:00,0.00,3417.60,3417.60
02.11.2025 03:00:00 +01:00,0.00,3663.01,3663.01
02.11.2025 04:00:00 +01:00,18.10,3493.45,3475.35
02.11.2025 05:00:00 +01:00,30.66,3272.15,3241.49
02.11.2025 06:00:00 +01:00,44.56,3202.88,3158.32
02.11.2025 07:00:00 +01:00,75.38,3317.87,3242.49
02.11.2025 08:00:00 +01:00,145.87,3410.24,3264.37
02.11.2025 09:00:00 +01:00,49.53,3850.61,3801.08
02.11.2025 10:00:00 +01:00,76.61,2890.73,2814.12
02.11.2025 11:00:00 +01:00,48.84,2783.55,2734.71
02.11.2025 12:00:00 +01:00,230.88,3380.33,3149.44
02.11.2025 13:00:00 +01:00,0.00,3741.73,3741.73
02.11.2025 14:00:00 +01:00,0.00,4689.80,4689.80
02.11.2025 15:00:00 +01:00,0.00,5204.28,5204.28
02.11.2025 16:00:00 +01:00,0.00,5728.82,5728.82
02.11.2025 17:00:00 +01:00,0.00,5586.30,5586.30
02.11.2025 18:00:00 +01:00,0.00,5750.24,5750.24
02.11.2025 19:00:00 +01:00,0.00,5815.04,5815.04
02.11.2025 20:00:00 +01:00,0.00,5746.22,5746.22
02.11.2025 21:00:00 +01:00,0.00,5744.04,5744.04
02.11.2025 22:00:00 +01:00,0.00,5353.85,5353.85
02.11.2025 23:00:00 +01:00,0.00,4819.00,4819.00
03.11.2025 00:00:00 +01:00,88.59,4518.41,4429.82
03.11.2025 01:00:00 +01:00,536.02,4496.72,3960.69
03.11.2025 02:00:00 +01:00,983.35,4388.32,3404.98
03.11.2025 03:00:00 +01:00,1378.82,4203.54,2824.72
03.11.2025 04:00:00 +01:00,1395.07,4200.73,2805.65
03.11.2025 05:00:00 +01:00,1329.62,3958.25,2628.63
03.11.2025 06:00:00 +01:00,897.71,3440.53,2542.82
03.11.2025 07:00:00 +01:00,680.16,2297.89,1617.72
03.11.2025 08:00:00 +01:00,410.06,2665.67,2255.61
03.11.2025 09:00:00 +01:00,289.05,3169.81,2880.76
03.11.2025 10:00:00 +01:00,154.41,3543.62,3389.21
03.11.2025 11:00:00 +01:00,103.41,3649.54,3546.13
03.11.2025 12:00:00 +01:00,266.64,3033.56,2766.92
03.11.2025 13:00:00 +01:00,271.69,2907.01,2635.32
03.11.2025 14:00:00 +01:00,353.35,3385.54,3032.19
03.11.2025 15:00:00 +01:00,526.23,3555.48,3029.25
03.11.2025 16:00:00 +01:00,251.25,3747.61,3496.36
03.11.2025 17:00:00 +01:00,143.33,4585.77,4442.44
03.11.2025 18:00:00 +01:00,0.00,4519.94,4519.94
03.11.2025 19:00:00 +01:00,7.33,3731.99,3724.66
03.11.2025 20:00:00 +01:00,299.59,2946.39,2646.80
03.11.2025 21:00:00 +01:00,501.00,2221.97,1720.97
03.11.2025 22:00:00 +01:00,1049.57,1629.96,580.39
03.11.2025 23:00:00 +01:00,1486.06,1282.53,-203.52
04.11.2025 00:00:00 +01:00,1810.81,1091.85,-718.95
04.11.2025 01:00:00 +01:00,1994.52,1453.47,-541.05
04.11.2025 02:00:00 +01:00,2182.79,1726.58,-456.22
04.11.2025 03:00:00 +01:00,2241.10,1828.89,-412.22
04.11.2025 04:00:00 +01:00,1997.33,1608.68,-388.65
04.11.2025 05:00:00 +01:00,1690.34,1677.06,-13.27
04.11.2025 06:00:00 +01:00,1103.74,1912.08,808.34
04.11.2025 07:00:00 +01:00,687.55,1735.54,1047.98
04.11.2025 08:00:00 +01:00,489.27,2300.01,1810.74
04.11.2025 09:00:00 +01:00,326.06,2667.00,2340.94
04.11.2025 10:00:00 +01:00,430.93,2783.50,2352.57
04.11.2025 11:00:00 +01:00,636.43,2705.62,2069.20
04.11.2025 12:00:00 +01:00,699.66,2802.16,2102.50
04.11.2025 13:00:00 +01:00,267.31,2917.05,2649.74
04.11.2025 14:00:00 +01:00,5.14,3663.16,3658.02
04.11.2025 15:00:00 +01:00,0.00,4281.05,4281.05
04.11.2025 16:00:00 +01:00,0.00,4400.14,4400.14
04.11.2025 17:00:00 +01:00,0.00,5386.98,5386.98
04.11.2025 18:00:00 +01:00,0.00,5204.62,5204.62
04.11.2025 19:00:00 +01:00,0.00,5193.21,5193.21
04.11.2025 20:00:00 +01:00,0.00,5150.25,5150.25
04.11.2025 21:00:00 +01:00,0.00,5060.05,5060.05
04.11.2025 22:00:00 +01:00,0.00,4733.95,4733.95
04.11.2025 23:00:00 +01:00,9.49,4471.45,4461.96
05.11.2025 00:00:00 +01:00,31.98,4308.98,4276.99
05.11.2025 01:00:00 +01:00,76.75,3742.01,3665.26
05.11.2025 02:00:00 +01:00,44.52,3723.73,3679.22
05.11.2025 03:00:00 +01:00,79.96,3616.47,3536.51
05.11.2025 04:00:00 +01:00,111.68,3551.87,3440.20
05.11.2025 05:00:00 +01:00,49.00,4053.03,4004.03
05.11.2025 06:00:00 +01:00,21.03,4387.33,4366.30
05.11.2025 07:00:00 +01:00,6.35,3839.62,3833.27
05.11.2025 08:00:00 +01:00,139.60,3860.47,3720.86
05.11.2025 09:00:00 +01:00,169.09,4128.42,3959.32
05.11.2025 10:00:00 +01:00,188.49,3658.05,3469.55
05.11.2025 11:00:00 +01:00,117.85,3560.47,3442.61
05.11.2025 12:00:00 +01:00,116.41,3647.46,3531.05
05.11.2025 13:00:00 +01:00,69.12,4371.53,4302.42
05.11.2025 14:00:00 +01:00,0.00,4878.19,4878.19
05.11.2025 15:00:00 +01:00,5.50,4839.30,4833.80
05.11.2025 16:00:00 +01:00,0.00,5137.07,5137.07
05.11.2025 17:00:00 +01:00,0.00,5929.12,5929.12
05.11.2025 18:00:00 +01:00,0.00,5809.81,5809.81
05.11.2025 19:00:00 +01:00,0.00,5804.95,5804.95
05.11.2025 20:00:00 +01:00,0.00,5729.11,5729.11
05.11.2025 21:00:00 +01:00,0.12,5614.72,5614.60
05.11.2025 22:00:00 +01:00,0.41,5600.78,5600.38
05.11.2025 23:00:00 +01:00,32.73,5598.51,5565.78
06.11.2025 00:00:00 +01:00,197.84,5468.84,5271.00
06.11.2025 01:00:00 +01:00,215.44,5316.22,5100.78
06.11.2025 02:00:00 +01:00,257.51,4994.10,4736.59
06.11.2025 03:00:00 +01:00,279.69,5164.75,4885.06
06.11.2025 04:00:00 +01:00,355.18,5189.50,4834.32
06.11.2025 05:00:00 +01:00,347.88,5211.49,4863.62
06.11.2025 06:00:00 +01:00,114.22,5135.29,5021.07
06.11.2025 07:00:00 +01:00,21.77,4620.10,4598.33
06.11.2025 08:00:00 +01:00,2.49,4800.02,4797.53
06.11.2025 09:00:00 +01:00,60.94,4582.85,4521.91
06.11.2025 10:00:00 +01:00,2.68,4778.65,4775.96
06.11.2025 11:00:00 +01:00,11.37,4298.97,4287.60
06.11.2025 12:00:00 +01:00,15.31,4106.12,4090.81
06.11.2025 13:00:00 +01:00,107.05,3878.24,3771.19
06.11.2025 14:00:00 +01:00,107.10,3941.94,3834.84
06.11.2025 15:00:00 +01:00,9.37,4456.21,4446.84
06.11.2025 16:00:00 +01:00,52.42,4606.30,4553.88
06.11.2025 17:00:00 +01:00,14.54,5293.88,5279.33
06.11.2025 18:00:00 +01:00,11.98,5315.46,5303.48
06.11.2025 19:00:00 +01:00,0.00,5455.86,5455.86
06.11.2025 20:00:00 +01:00,0.00,5605.50,5605.50
06.11.2025 21:00:00 +01:00,0.00,5740.87,5740.87
06.11.2025 22:00:00 +01:00,0.00,5711.39,5711.39
06.11.2025 23:00:00 +01:00,8.59,5558.95,5550.36
07.11.2025 00:00:00 +01:00,86.80,5289.12,5202.32
07.11.2025 01:00:00 +01:00,75.49,5351.91,5276.43
07.11.2025 02:00:00 +01:00,72.65,5224.84,5152.18
07.11.2025 03:00:00 +01:00,137.05,5259.71,5122.66
07.11.2025 04:00:00 +01:00,72.13,5352.46,5280.33
07.11.2025 05:00:00 +01:00,0.00,5619.49,5619.49
07.11.2025 06:00:00 +01:00,0.00,5408.85,5408.85
07.11.2025 07:00:00 +01:00,17.91,4674.82,4656.92
07.11.2025 08:00:00 +01:00,0.00,4721.38,4721.38
07.11.2025 09:00:00 +01:00,0.00,5087.27,5087.27
07.11.2025 10:00:00 +01:00,0.00,5108.32,5108.32
07.11.2025 11:00:00 +01:00,0.00,5075.74,5075.74
07.11.2025 12:00:00 +01:00,0.00,5012.98,5012.98
07.11.2025 13:00:00 +01:00,0.00,5026.47,5026.47
07.11.2025 14:00:00 +01:00,0.00,4971.80,4971.80
07.11.2025 15:00:00 +01:00,0.00,5058.00,5058.00
07.11.2025 16:00:00 +01:00,0.00,5237.10,5237.10
07.11.2025 17:00:00 +01:00,0.00,5552.35,5552.35
07.11.2025 18:00:00 +01:00,0.00,5434.31,5434.31
07.11.2025 19:00:00 +01:00,0.00,5468.47,5468.47
07.11.2025 20:00:00 +01:00,0.00,5493.74,5493.74
07.11.2025 21:00:00 +01:00,0.00,5515.07,5515.07
07.11.2025 22:00:00 +01:00,0.00,5513.23,5513.23
07.11.2025 23:00:00 +01:00,0.00,5480.62,5480.62
08.11.2025 00:00:00 +01:00,0.00,5367.03,5367.03
08.11.2025 01:00:00 +01:00,0.00,5510.90,5510.90
08.11.2025 02:00:00 +01:00,0.00,5503.19,5503.19
08.11.2025 03:00:00 +01:00,0.00,5097.31,5097.31
08.11.2025 04:00:00 +01:00,0.00,4886.03,4886.03
08.11.2025 05:00:00 +01:00,12.72,4764.29,4751.57
08.11.2025 06:00:00 +01:00,14.94,5140.21,5125.28
08.11.2025 07:00:00 +01:00,0.00,5556.53,5556.53
08.11.2025 08:00:00 +01:00,0.00,5740.06,5740.06
08.11.2025 09:00:00 +01:00,0.00,5749.38,5749.38
08.11.2025 10:00:00 +01:00,0.00,5845.81,5845.81
08.11.2025 11:00:00 +01:00,0.00,5795.71,5795.71
08.11.2025 12:00:00 +01:00,0.00,5849.86,5849.86
08.11.2025 13:00:00 +01:00,0.00,5747.43,5747.43
08.11.2025 14:00:00 +01:00,0.00,5603.51,5603.51
08.11.2025 15:00:00 +01:00,0.00,5522.70,5522.70
08.11.2025 16:00:00 +01:00,0.99,5139.41,5138.42
08.11.2025 17:00:00 +01:00,0.00,5347.25,5347.25
08.11.2025 18:00:00 +01:00,0.00,5472.66,5472.66
08.11.2025 19:00:00 +01:00,0.00,5594.48,5594.48
08.11.2025 20:00:00 +01:00,0.00,5705.73,5705.73
08.11.2025 21:00:00 +01:00,0.00,5870.42,5870.42
08.11.2025 22:00:00 +01:00,0.00,5786.36,5786.36
08.11.2025 23:00:00 +01:00,0.00,5693.38,5693.38
09.11.2025 00:00:00 +01:00,0.00,6003.45,6003.45
09.11.2025 01:00:00 +01:00,0.00,5869.54,5869.54
09.11.2025 02:00:00 +01:00,0.00,5886.48,5886.48
09.11.2025 03:00:00 +01:00,0.00,5596.24,5596.24
09.11.2025 04:00:00 +01:00,0.00,5346.30,5346.30
09.11.2025 05:00:00 +01:00,0.00,5351.26,5351.26
09.11.2025 06:00:00 +01:00,0.00,5504.77,5504.77
09.11.2025 07:00:00 +01:00,0.00,5642.93,5642.93
09.11.2025 08:00:00 +01:00,0.00,5704.66,5704.66
09.11.2025 09:00:00 +01:00,0.00,5763.46,5763.46
09.11.2025 10:00:00 +01:00,0.00,5703.54,5703.54
09.11.2025 11:00:00 +01:00,0.00,5756.61,5756.61
09.11.2025 12:00:00 +01:00,0.00,5713.82,5713.82
09.11.2025 13:00:00 +01:00,0.00,5719.60,5719.60
09.11.2025 14:00:00 +01:00,0.00,5644.49,5644.49
09.11.2025 15:00:00 +01:00,0.00,5579.34,5579.34
09.11.2025 16:00:00 +01:00,0.00,5567.57,5567.57
09.11.2025 17:00:00 +01:00,0.00,5560.73,5560.73
09.11.2025 18:00:00 +01:00,0.00,5530.60,5530.60
09.11.2025 19:00:00 +01:00,0.00,5617.15,5617.15
09.11.2025 20:00:00 +01:00,0.00,5586.78,5586.78
09.11.2025 21:00:00 +01:00,0.00,5497.34,5497.34
09.11.2025 22:00:00 +01:00,0.00,5643.48,5643.48
09.11.2025 23:00:00 +01:00,0.00,5635.54,5635.54
10.11.2025 00:00:00 +01:00,0.00,5708.30,5708.30
10.11.2025 01:00:00 +01:00,0.00,5734.40,5734.40
10.11.2025 02:00:00 +01:00,0.00,5906.80,5906.80
10.11.2025 03:00:00 +01:00,0.00,5922.05,5922.05
10.11.2025 04:00:00 +01:00,0.00,5857.20,5857.20
10.11.2025 05:00:00 +01:00,0.00,5522.13,5522.13
10.11.2025 06:00:00 +01:00,0.00,4492.82,4492.82
10.11.2025 07:00:00 +01:00,0.00,4643.54,4643.54
10.11.2025 08:00:00 +01:00,0.00,5512.69,5512.69
10.11.2025 09:00:00 +01:00,0.00,5942.00,5942.00
10.11.2025 10:00:00 +01:00,0.00,6214.34,6214.34
10.11.2025 11:00:00 +01:00,0.00,6354.92,6354.92
10.11.2025 12:00:00 +01:00,20.14,6310.76,6290.62
10.11.2025 13:00:00 +01:00,73.21,6418.58,6345.37
10.11.2025 14:00:00 +01:00,102.02,6476.42,6374.40
10.11.2025 15:00:00 +01:00,16.16,6691.16,6675.00
10.11.2025 16:00:00 +01:00,0.00,6722.18,6722.18
10.11.2025 17:00:00 +01:00,0.00,6803.58,6803.58
10.11.2025 18:00:00 +01:00,0.00,6922.93,6922.93
10.11.2025 19:00:00 +01:00,0.00,6860.97,6860.97
10.11.2025 20:00:00 +01:00,0.00,7230.07,7230.07
10.11.2025 21:00:00 +01:00,0.00,7278.52,7278.52
10.11.2025 22:00:00 +01:00,0.00,6598.57,6598.57
10.11.2025 23:00:00 +01:00,0.00,5983.32,5983.32
11.11.2025 00:00:00 +01:00,0.00,5808.52,5808.52
11.11.2025 01:00:00 +01:00,0.00,5747.00,5747.00
11.11.2025 02:00:00 +01:00,0.00,5826.58,5826.58
11.11.2025 03:00:00 +01:00,0.00,5901.70,5901.70
11.11.2025 04:00:00 +01:00,0.00,5507.51,5507.51
11.11.2025 05:00:00 +01:00,0.00,5579.74,5579.74
11.11.2025 06:00:00 +01:00,0.00,5536.27,5536.27
11.11.2025 07:00:00 +01:00,0.00,4342.72,4342.72
11.11.2025 08:00:00 +01:00,0.00,4683.81,4683.81
11.11.2025 09:00:00 +01:00,11.65,4804.04,4792.39
11.11.2025 10:00:00 +01:00,187.96,4469.78,4281.83
11.11.2025 11:00:00 +01:00,110.92,4129.89,4018.97
11.11.2025 12:00:00 +01:00,105.38,3939.11,3833.72
11.11.2025 13:00:00 +01:00,92.98,3999.34,3906.36
11.11.2025 14:00:00 +01:00,109.85,4832.98,4723.13
11.11.2025 15:00:00 +01:00,365.49,4647.60,4282.11
11.11.2025 16:00:00 +01:00,243.68,4805.48,4561.81
11.11.2025 17:00:00 +01:00,201.88,5250.78,5048.91
11.11.2025 18:00:00 +01:00,93.58,5382.24,5288.66
11.11.2025 19:00:00 +01:00,8.26,5380.10,5371.84
11.11.2025 20:00:00 +01:00,21.57,5262.02,5240.44
11.11.2025 21:00:00 +01:00,84.39,5288.28,5203.88
11.11.2025 22:00:00 +01:00,244.08,4510.82,4266.74
11.11.2025 23:00:00 +01:00,397.14,3558.34,3161.19
12.11.2025 00:00:00 +01:00,573.72,3112.16,2538.44
12.11.2025 01:00:00 +01:00,591.31,2909.16,2317.85
12.11.2025 02:00:00 +01:00,820.64,2906.59,2085.95
12.11.2025 03:00:00 +01:00,1245.80,2844.42,1598.62
12.11.2025 04:00:00 +01:00,1515.71,2826.23,1310.52
12.11.2025 05:00:00 +01:00,1491.94,3093.78,1601.85
12.11.2025 06:00:00 +01:00,1291.02,2822.41,1531.39
12.11.2025 07:00:00 +01:00,1121.12,2173.33,1052.22
12.11.2025 08:00:00 +01:00,1175.55,2178.02,1002.47
12.11.2025 09:00:00 +01:00,1701.88,2140.92,439.04
12.11.2025 10:00:00 +01:00,1301.38,2164.94,863.57
12.11.2025 11:00:00 +01:00,1947.71,2160.29,212.59
12.11.2025 12:00:00 +01:00,2070.86,2159.95,89.08
12.11.2025 13:00:00 +01:00,1640.71,2171.96,531.25
12.11.2025 14:00:00 +01:00,1117.08,2721.33,1604.25
12.11.2025 15:00:00 +01:00,814.86,2762.48,1947.62
12.11.2025 16:00:00 +01:00,394.26,3027.75,2633.49
12.11.2025 17:00:00 +01:00,201.17,4166.65,3965.49
12.11.2025 18:00:00 +01:00,321.32,4003.15,3681.83
12.11.2025 19:00:00 +01:00,394.28,3513.92,3119.64
12.11.2025 20:00:00 +01:00,438.91,3622.07,3183.17
12.11.2025 21:00:00 +01:00,441.43,3784.40,3342.97
12.11.2025 22:00:00 +01:00,607.51,3268.17,2660.67
12.11.2025 23:00:00 +01:00,890.75,2765.73,1874.97
13.11.2025 00:00:00 +01:00,2094.06,1732.79,-361.27
13.11.2025 01:00:00 +01:00,2596.28,1220.42,-1375.86
13.11.2025 02:00:00 +01:00,2204.18,656.49,-1547.69
13.11.2025 03:00:00 +01:00,2327.51,633.19,-1694.32
13.11.2025 04:00:00 +01:00,2684.55,667.93,-2016.62
13.11.2025 05:00:00 +01:00,2397.75,911.59,-1486.16
13.11.2025 06:00:00 +01:00,1101.41,1399.84,298.43
13.11.2025 07:00:00 +01:00,498.35,2292.67,1794.32
13.11.2025 08:00:00 +01:00,612.10,2554.58,1942.48
13.11.2025 09:00:00 +01:00,1060.94,2052.74,991.80
13.11.2025 10:00:00 +01:00,2015.10,1584.47,-430.64
13.11.2025 11:00:00 +01:00,2721.79,1573.34,-1148.45
13.11.2025 12:00:00 +01:00,2392.40,1652.31,-740.09
13.11.2025 13:00:00 +01:00,1286.15,2427.68,1141.53
13.11.2025 14:00:00 +01:00,701.76,2891.27,2189.51
13.11.2025 15:00:00 +01:00,650.28,3806.65,3156.38
13.11.2025 16:00:00 +01:00,549.42,4165.73,3616.30
13.11.2025 17:00:00 +01:00,390.85,4964.09,4573.24
13.11.2025 18:00:00 +01:00,233.62,4885.84,4652.22
13.11.2025 19:00:00 +01:00,462.36,4996.74,4534.38
13.11.2025 20:00:00 +01:00,502.83,5179.73,4676.90
13.11.2025 21:00:00 +01:00,441.76,4951.81,4510.05
13.11.2025 22:00:00 +01:00,436.82,5005.94,4569.12
13.11.2025 23:00:00 +01:00,406.77,5062.67,4655.90
14.11.2025 00:00:00 +01:00,434.42,4958.15,4523.73
14.11.2025 01:00:00 +01:00,349.74,4929.79,4580.05
14.11.2025 02:00:00 +01:00,398.13,4332.66,3934.53
14.11.2025 03:00:00 +01:00,334.50,4024.14,3689.64
14.11.2025 04:00:00 +01:00,174.96,4163.00,3988.04
14.11.2025 05:00:00 +01:00,273.69,3970.55,3696.85
14.11.2025 06:00:00 +01:00,95.34,4026.92,3931.58
14.11.2025 07:00:00 +01:00,918.64,4024.88,3106.24
14.11.2025 08:00:00 +01:00,775.88,4659.02,3883.14
14.11.2025 09:00:00 +01:00,337.11,5026.74,4689.63
14.11.2025 10:00:00 +01:00,358.84,5204.82,4845.98
14.11.2025 11:00:00 +01:00,298.32,4894.84,4596.52
14.11.2025 12:00:00 +01:00,333.71,4735.71,4402.01
14.11.2025 13:00:00 +01:00,461.96,4655.68,4193.73
14.11.2025 14:00:00 +01:00,632.85,4618.69,3985.84
14.11.2025 15:00:00 +01:00,831.74,4556.19,3724.45
14.11.2025 16:00:00 +01:00,845.60,4568.79,3723.19
14.11.2025 17:00:00 +01:00,514.50,4869.45,4354.95
14.11.2025 18:00:00 +01:00,317.64,5056.89,4739.25
14.11.2025 19:00:00 +01:00,202.34,4965.53,4763.19
14.11.2025 20:00:00 +01:00,137.32,5046.26,4908.94
14.11.2025 21:00:00 +01:00,146.46,4275.41,4128.95
14.11.2025 22:00:00 +01:00,297.95,3287.86,2989.91
14.11.2025 23:00:00 +01:00,795.50,2373.37,1577.87
15.11.2025 00:00:00 +01:00,1295.10,2074.99,779.89
15.11.2025 01:00:00 +01:00,1682.99,2088.58,405.58
15.11.2025 02:00:00 +01:00,1841.95,1970.82,128.87
15.11.2025 03:00:00 +01:00,1967.12,1983.84,16.73
15.11.2025 04:00:00 +01:00,2234.00,1965.83,-268.16
15.11.2025 05:00:00 +01:00,2026.01,1695.72,-330.30
15.11.2025 06:00:00 +01:00,1579.18,1660.53,81.35
15.11.2025 07:00:00 +01:00,565.95,1962.66,1396.71
15.11.2025 08:00:00 +01:00,0.00,3018.21,3018.21
15.11.2025 09:00:00 +01:00,5.29,3947.26,3941.97
15.11.2025 10:00:00 +01:00,0.00,4561.75,4561.75
15.11.2025 11:00:00 +01:00,0.00,4634.03,4634.03
15.11.2025 12:00:00 +01:00,0.00,4880.58,4880.58
15.11.2025 13:00:00 +01:00,6.71,5099.15,5092.45
15.11.2025 14:00:00 +01:00,14.00,5030.73,5016.73
15.11.2025 15:00:00 +01:00,0.00,5123.55,5123.55
15.11.2025 16:00:00 +01:00,0.00,5473.99,5473.99
15.11.2025 17:00:00 +01:00,0.00,5616.39,5616.39
15.11.2025 18:00:00 +01:00,0.00,5700.43,5700.43
15.11.2025 19:00:00 +01:00,30.73,5425.40,5394.67
15.11.2025 20:00:00 +01:00,40.14,5350.23,5310.09
15.11.2025 21:00:00 +01:00,35.68,5174.67,5139.00
15.11.2025 22:00:00 +01:00,26.90,5260.03,5233.13
15.11.2025 23:00:00 +01:00,47.86,5140.47,5092.61
16.11.2025 00:00:00 +01:00,160.67,5085.65,4924.98
16.11.2025 01:00:00 +01:00,96.97,5136.72,5039.76
16.11.2025 02:00:00 +01:00,38.43,5346.32,5307.89
16.11.2025 03:00:00 +01:00,28.74,5483.35,5454.61
16.11.2025 04:00:00 +01:00,28.77,5521.05,5492.29
16.11.2025 05:00:00 +01:00,10.25,5608.59,5598.34
16.11.2025 06:00:00 +01:00,0.00,5779.40,5779.40
16.11.2025 07:00:00 +01:00,0.00,5843.32,5843.32
16.11.2025 08:00:00 +01:00,0.00,5640.08,5640.08
16.11.2025 09:00:00 +01:00,0.00,5413.40,5413.40
16.11.2025 10:00:00 +01:00,0.00,5617.32,5617.32
16.11.2025 11:00:00 +01:00,0.00,5510.91,5510.91
16.11.2025 12:00:00 +01:00,0.00,5576.29,5576.29
16.11.2025 13:00:00 +01:00,0.00,5680.82,5680.82
16.11.2025 14:00:00 +01:00,0.00,5583.37,5583.37
16.11.2025 15:00:00 +01:00,31.03,5319.57,5288.54
16.11.2025 16:00:00 +01:00,74.64,5243.79,5169.15
16.11.2025 17:00:00 +01:00,15.90,5249.42,5233.52
16.11.2025 18:00:00 +01:00,0.00,5134.76,5134.76
16.11.2025 19:00:00 +01:00,0.00,5193.92,5193.92
16.11.2025 20:00:00 +01:00,0.00,5329.12,5329.12
16.11.2025 21:00:00 +01:00,0.00,5340.78,5340.78
16.11.2025 22:00:00 +01:00,0.00,4723.12,4723.12
16.11.2025 23:00:00 +01:00,0.00,3621.49,3621.49
17.11.2025 00:00:00 +01:00,0.00,3797.74,3797.74
17.11.2025 01:00:00 +01:00,21.91,3484.43,3462.53
17.11.2025 02:00:00 +01:00,108.96,3130.67,3021.71
17.11.2025 03:00:00 +01:00,300.74,2627.39,2326.65
17.11.2025 04:00:00 +01:00,349.08,2365.81,2016.72
17.11.2025 05:00:00 +01:00,59.94,2664.45,2604.50
17.11.2025 06:00:00 +01:00,0.00,3240.57,3240.57
17.11.2025 07:00:00 +01:00,0.00,4061.58,4061.58
17.11.2025 08:00:00 +01:00,0.00,3860.77,3860.77
17.11.2025 09:00:00 +01:00,174.86,3849.32,3674.46
17.11.2025 10:00:00 +01:00,408.06,3795.20,3387.14
17.11.2025 11:00:00 +01:00,599.30,3472.73,2873.43
17.11.2025 12:00:00 +01:00,643.17,3316.00,2672.83
17.11.2025 13:00:00 +01:00,637.49,3558.26,2920.77
17.11.2025 14:00:00 +01:00,605.36,4210.52,3605.16
17.11.2025 15:00:00 +01:00,341.68,4250.78,3909.11
17.11.2025 16:00:00 +01:00,160.70,4282.66,4121.96
17.11.2025 17:00:00 +01:00,0.00,4857.26,4857.26
17.11.2025 18:00:00 +01:00,0.00,4628.33,4628.33
17.11.2025 19:00:00 +01:00,101.72,4941.44,4839.71
17.11.2025 20:00:00 +01:00,39.69,5221.12,5181.43
17.11.2025 21:00:00 +01:00,12.77,5148.86,5136.10
17.11.2025 22:00:00 +01:00,147.89,5218.96,5071.07
17.11.2025 23:00:00 +01:00,0.00,4881.07,4881.07
18.11.2025 00:00:00 +01:00,229.15,4327.85,4098.70
18.11.2025 01:00:00 +01:00,117.26,3836.75,3719.49
18.11.2025 02:00:00 +01:00,11.74,3600.83,3589.09
18.11.2025 03:00:00 +01:00,309.01,3444.79,3135.78
18.11.2025 04:00:00 +01:00,55.01,3279.10,3224.09
18.11.2025 05:00:00 +01:00,329.10,3675.81,3346.71
18.11.2025 06:00:00 +01:00,513.15,4246.84,3733.70
18.11.2025 07:00:00 +01:00,539.89,3939.02,3399.13
18.11.2025 08:00:00 +01:00,384.69,3466.29,3081.60
18.11.2025 09:00:00 +01:00,476.12,3132.75,2656.64
18.11.2025 10:00:00 +01:00,303.12,2871.20,2568.08
18.11.2025 11:00:00 +01:00,146.15,2835.82,2689.68
18.11.2025 12:00:00 +01:00,600.09,2740.16,2140.07
18.11.2025 13:00:00 +01:00,600.40,3197.10,2596.70
18.11.2025 14:00:00 +01:00,465.04,3019.36,2554.32
18.11.2025 15:00:00 +01:00,305.62,3091.97,2786.34
18.11.2025 16:00:00 +01:00,496.88,3419.26,2922.38
18.11.2025 17:00:00 +01:00,295.21,3295.46,3000.25
18.11.2025 18:00:00 +01:00,337.42,3380.79,3043.37
18.11.2025 19:00:00 +01:00,310.41,3627.04,3316.63
18.11.2025 20:00:00 +01:00,153.62,3693.94,3540.32
18.11.2025 21:00:00 +01:00,245.93,3913.51,3667.58
18.11.2025 22:00:00 +01:00,52.55,3992.51,3939.96
18.11.2025 23:00:00 +01:00,106.33,4141.87,4035.54
19.11.2025 00:00:00 +01:00,198.23,4240.89,4042.66
19.11.2025 01:00:00 +01:00,77.86,4154.34,4076.48
19.11.2025 02:00:00 +01:00,359.37,4420.32,4060.96
19.11.2025 03:00:00 +01:00,664.31,4706.38,4042.07
19.11.2025 04:00:00 +01:00,699.54,4795.63,4096.09
19.11.2025 05:00:00 +01:00,827.28,4910.16,4082.88
19.11.2025 06:00:00 +01:00,1059.58,4287.51,3227.93
19.11.2025 07:00:00 +01:00,1400.17,4109.28,2709.11
19.11.2025 08:00:00 +01:00,1054.61,3334.97,2280.36
19.11.2025 09:00:00 +01:00,578.61,3075.23,2496.61
19.11.2025 10:00:00 +01:00,275.89,2596.49,2320.60
19.11.2025 11:00:00 +01:00,328.28,2711.45,2383.17
19.11.2025 12:00:00 +01:00,459.67,2860.47,2400.80
19.11.2025 13:00:00 +01:00,882.83,3614.09,2731.26
19.11.2025 14:00:00 +01:00,1466.21,3861.79,2395.58
19.11.2025 15:00:00 +01:00,1656.37,3426.15,1769.79
19.11.2025 16:00:00 +01:00,1748.98,3337.24,1588.26
19.11.2025 17:00:00 +01:00,1324.69,3234.15,1909.46
19.11.2025 18:00:00 +01:00,886.56,3213.80,2327.24
19.11.2025 19:00:00 +01:00,658.06,3002.70,2344.64
19.11.2025 20:00:00 +01:00,648.37,3053.59,2405.22
19.11.2025 21:00:00 +01:00,648.37,3278.32,2629.95
19.11.2025 22:00:00 +01:00,648.37,3698.99,3050.62
19.11.2025 23:00:00 +01:00,612.43,3748.54,3136.11
20.11.2025 00:00:00 +01:00,658.44,3459.40,2800.96
20.11.2025 01:00:00 +01:00,646.31,3515.62,2869.31
20.11.2025 02:00:00 +01:00,629.05,3495.12,2866.06
20.11.2025 03:00:00 +01:00,446.90,3648.77,3201.88
20.11.2025 04:00:00 +01:00,199.13,3690.56,3491.43
20.11.2025 05:00:00 +01:00,195.43,3730.39,3534.96
20.11.2025 06:00:00 +01:00,643.68,3310.32,2666.64
20.11.2025 07:00:00 +01:00,1249.29,2966.48,1717.19
20.11.2025 08:00:00 +01:00,1543.34,3020.24,1476.90
20.11.2025 09:00:00 +01:00,1564.89,3189.87,1624.98
20.11.2025 10:00:00 +01:00,1288.27,3156.91,1868.64
20.11.2025 11:00:00 +01:00,1389.77,3369.33,1979.56
20.11.2025 12:00:00 +01:00,1392.39,3548.77,2156.38
20.11.2025 13:00:00 +01:00,1282.03,3445.52,2163.48
20.11.2025 14:00:00 +01:00,1391.47,3556.34,2164.86
20.11.2025 15:00:00 +01:00,1395.23,3174.01,1778.77
20.11.2025 16:00:00 +01:00,1329.66,2592.50,1262.84
20.11.2025 17:00:00 +01:00,897.66,2847.24,1949.58
20.11.2025 18:00:00 +01:00,449.56,2375.98,1926.43
20.11.2025 19:00:00 +01:00,19.66,2188.46,2168.80
20.11.2025 20:00:00 +01:00,0.00,2407.09,2407.09
20.11.2025 21:00:00 +01:00,0.00,2677.93,2677.93
20.11.2025 22:00:00 +01:00,0.00,3034.58,3034.58
20.11.2025 23:00:00 +01:00,0.00,3274.43,3274.43
21.11.2025 00:00:00 +01:00,0.00,3243.68,3243.68
21.11.2025 01:00:00 +01:00,0.00,3501.05,3501.05
21.11.2025 02:00:00 +01:00,0.00,3892.70,3892.70
21.11.2025 03:00:00 +01:00,0.00,4081.82,4081.82
21.11.2025 04:00:00 +01:00,17.15,4235.45,4218.30
21.11.2025 05:00:00 +01:00,443.95,3865.68,3421.73
21.11.2025 06:00:00 +01:00,877.05,3900.36,3023.32
21.11.2025 07:00:00 +01:00,1014.83,2756.95,1742.12
21.11.2025 08:00:00 +01:00,501.20,2742.93,2241.73
21.11.2025 09:00:00 +01:00,127.66,2393.98,2266.32
21.11.2025 10:00:00 +01:00,607.72,3351.77,2744.05
21.11.2025 11:00:00 +01:00,713.26,3340.32,2627.06
21.11.2025 12:00:00 +01:00,1314.82,3612.71,2297.90
21.11.2025 13:00:00 +01:00,1765.84,3991.18,2225.34
21.11.2025 14:00:00 +01:00,1941.13,4313.30,2372.17
21.11.2025 15:00:00 +01:00,1694.25,4348.93,2654.68
21.11.2025 16:00:00 +01:00,1490.61,4277.89,2787.29
21.11.2025 17:00:00 +01:00,949.96,3646.18,2696.22
21.11.2025 18:00:00 +01:00,501.48,3885.73,3384.24
21.11.2025 19:00:00 +01:00,71.37,4399.85,4328.48
21.11.2025 20:00:00 +01:00,73.80,4564.76,4490.96
21.11.2025 21:00:00 +01:00,3.36,4494.45,4491.09
21.11.2025 22:00:00 +01:00,0.00,4738.21,4738.21
21.11.2025 23:00:00 +01:00,0.00,5270.10,5270.10
22.11.2025 00:00:00 +01:00,0.00,4871.56,4871.56
22.11.2025 01:00:00 +01:00,0.00,5055.98,5055.98
22.11.2025 02:00:00 +01:00,0.00,5005.23,5005.23
22.11.2025 03:00:00 +01:00,1.88,4605.29,4603.41
22.11.2025 04:00:00 +01:00,13.43,4008.80,3995.37
22.11.2025 05:00:00 +01:00,114.38,3569.41,3455.03
22.11.2025 06:00:00 +01:00,151.49,4056.97,3905.48
22.11.2025 07:00:00 +01:00,118.73,4340.03,4221.30
22.11.2025 08:00:00 +01:00,184.31,4247.63,4063.32
22.11.2025 09:00:00 +01:00,254.41,3534.55,3280.14
22.11.2025 10:00:00 +01:00,179.75,3338.65,3158.90
22.11.2025 11:00:00 +01:00,267.30,2842.84,2575.54
22.11.2025 12:00:00 +01:00,379.97,2604.58,2224.61
22.11.2025 13:00:00 +01:00,354.57,2258.53,1903.96
22.11.2025 14:00:00 +01:00,723.71,3192.93,2469.22
22.11.2025 15:00:00 +01:00,365.37,3456.26,3090.89
22.11.2025 16:00:00 +01:00,399.22,3362.47,2963.25
22.11.2025 17:00:00 +01:00,490.47,3341.86,2851.39
22.11.2025 18:00:00 +01:00,247.43,3404.73,3157.30
22.11.2025 19:00:00 +01:00,617.02,3333.01,2715.99
22.11.2025 20:00:00 +01:00,925.14,3377.15,2452.01
22.11.2025 21:00:00 +01:00,1053.15,3289.94,2236.79
22.11.2025 22:00:00 +01:00,1281.30,3275.67,1994.36
22.11.2025 23:00:00 +01:00,1164.75,3139.84,1975.09
23.11.2025 00:00:00 +01:00,1315.18,3293.13,1977.95
23.11.2025 01:00:00 +01:00,1319.25,3155.02,1835.76
23.11.2025 02:00:00 +01:00,1404.20,3012.32,1608.13
23.11.2025 03:00:00 +01:00,1482.31,2682.60,1200.29
23.11.2025 04:00:00 +01:00,1465.99,2483.33,1017.34
23.11.2025 05:00:00 +01:00,1434.44,2467.59,1033.16
23.11.2025 06:00:00 +01:00,1457.99,2365.53,907.55
23.11.2025 07:00:00 +01:00,1555.78,2671.22,1115.44
23.11.2025 08:00:00 +01:00,1001.40,2729.08,1727.68
23.11.2025 09:00:00 +01:00,669.77,2712.99,2043.22
23.11.2025 10:00:00 +01:00,359.66,2427.27,2067.62
23.11.2025 11:00:00 +01:00,768.56,2749.59,1981.04
23.11.2025 12:00:00 +01:00,775.89,2474.51,1698.62
23.11.2025 13:00:00 +01:00,489.69,2170.18,1680.49
23.11.2025 14:00:00 +01:00,395.53,2451.78,2056.26
23.11.2025 15:00:00 +01:00,386.37,3591.53,3205.15
23.11.2025 16:00:00 +01:00,22.91,3472.19,3449.28
23.11.2025 17:00:00 +01:00,19.79,3184.11,3164.33
23.11.2025 18:00:00 +01:00,280.05,3742.82,3462.77
23.11.2025 19:00:00 +01:00,336.65,3869.25,3532.60
23.11.2025 20:00:00 +01:00,634.52,3997.27,3362.75
23.11.2025 21:00:00 +01:00,610.94,4090.56,3479.63
23.11.2025 22:00:00 +01:00,123.57,4051.12,3927.56
23.11.2025 23:00:00 +01:00,4.90,3724.34,3719.44
24.11.2025 00:00:00 +01:00,129.23,3339.56,3210.33
24.11.2025 01:00:00 +01:00,117.96,3565.16,3447.20
24.11.2025 02:00:00 +01:00,140.19,3732.08,3591.89
24.11.2025 03:00:00 +01:00,112.99,3793.14,3680.15
24.11.2025 04:00:00 +01:00,0.00,3721.30,3721.30
24.11.2025 05:00:00 +01:00,9.67,3803.55,3793.88
24.11.2025 06:00:00 +01:00,0.00,4561.72,4561.72
24.11.2025 07:00:00 +01:00,168.73,4572.35,4403.62
24.11.2025 08:00:00 +01:00,612.03,4570.02,3958.00
24.11.2025 09:00:00 +01:00,940.26,4589.65,3649.39
24.11.2025 10:00:00 +01:00,811.21,4586.16,3774.95
24.11.2025 11:00:00 +01:00,409.00,4537.79,4128.79
24.11.2025 12:00:00 +01:00,391.02,4774.97,4383.95
24.11.2025 13:00:00 +01:00,391.02,4831.98,4440.96
24.11.2025 14:00:00 +01:00,391.02,4809.68,4418.67
24.11.2025 15:00:00 +01:00,397.58,4668.30,4270.72
24.11.2025 16:00:00 +01:00,785.16,4052.48,3267.32
24.11.2025 17:00:00 +01:00,1401.62,3876.99,2475.37
24.11.2025 18:00:00 +01:00,1401.43,4317.82,2916.39
24.11.2025 19:00:00 +01:00,1411.11,4178.94,2767.83
24.11.2025 20:00:00 +01:00,1388.55,4060.96,2672.41
24.11.2025 21:00:00 +01:00,1050.23,4127.81,3077.57
24.11.2025 22:00:00 +01:00,628.99,3973.98,3344.99
24.11.2025 23:00:00 +01:00,417.69,3623.40,3205.71
25.11.2025 00:00:00 +01:00,16.78,3383.13,3366.35
25.11.2025 01:00:00 +01:00,9.86,3233.04,3223.18
25.11.2025 02:00:00 +01:00,75.46,3188.91,3113.45
25.11.2025 03:00:00 +01:00,80.80,3076.23,2995.43
25.11.2025 04:00:00 +01:00,247.14,3031.81,2784.67
25.11.2025 05:00:00 +01:00,623.21,3639.53,3016.32
25.11.2025 06:00:00 +01:00,1067.75,3645.12,2577.37
25.11.2025 07:00:00 +01:00,1391.24,3674.39,2283.15
25.11.2025 08:00:00 +01:00,1407.95,3218.60,1810.64
25.11.2025 09:00:00 +01:00,1400.51,3314.85,1914.35
25.11.2025 10:00:00 +01:00,1396.87,3607.44,2210.57
25.11.2025 11:00:00 +01:00,1399.85,3468.86,2069.01
25.11.2025 12:00:00 +01:00,1441.10,3163.62,1722.52
25.11.2025 13:00:00 +01:00,1489.45,3321.32,1831.87
25.11.2025 14:00:00 +01:00,1593.51,3437.75,1844.24
25.11.2025 15:00:00 +01:00,1729.99,3168.50,1438.51
25.11.2025 16:00:00 +01:00,1412.86,2773.15,1360.29
25.11.2025 17:00:00 +01:00,1022.29,2741.66,1719.37
25.11.2025 18:00:00 +01:00,441.51,2655.63,2214.12
25.11.2025 19:00:00 +01:00,428.29,3086.79,2658.50
25.11.2025 20:00:00 +01:00,624.01,3630.14,3006.13
25.11.2025 21:00:00 +01:00,574.41,3787.85,3213.44
25.11.2025 22:00:00 +01:00,703.91,3612.30,2908.39
25.11.2025 23:00:00 +01:00,789.37,3660.14,2870.77
26.11.2025 00:00:00 +01:00,779.33,4096.68,3317.35
26.11.2025 01:00:00 +01:00,547.15,3990.05,3442.90
26.11.2025 02:00:00 +01:00,430.43,3944.17,3513.74
26.11.2025 03:00:00 +01:00,544.30,3408.92,2864.62
26.11.2025 04:00:00 +01:00,476.00,2897.99,2421.98
26.11.2025 05:00:00 +01:00,1127.05,2994.08,1867.03
26.11.2025 06:00:00 +01:00,1709.27,2927.03,1217.76
26.11.2025 07:00:00 +01:00,1377.05,4615.14,3238.09
26.11.2025 08:00:00 +01:00,1396.96,4332.16,2935.21
26.11.2025 09:00:00 +01:00,1397.26,4429.47,3032.21
26.11.2025 10:00:00 +01:00,1397.06,4220.06,2823.00
26.11.2025 11:00:00 +01:00,1396.94,4499.57,3102.63
26.11.2025 12:00:00 +01:00,1397.16,4476.80,3079.65
26.11.2025 13:00:00 +01:00,1397.24,4642.45,3245.21
26.11.2025 14:00:00 +01:00,1397.38,4662.65,3265.27
26.11.2025 15:00:00 +01:00,1397.41,4621.90,3224.49
26.11.2025 16:00:00 +01:00,1397.00,4359.67,2962.67
26.11.2025 17:00:00 +01:00,1380.53,5064.00,3683.47
26.11.2025 18:00:00 +01:00,980.40,5252.87,4272.47
26.11.2025 19:00:00 +01:00,533.37,5159.25,4625.88
26.11.2025 20:00:00 +01:00,84.59,4561.99,4477.39
26.11.2025 21:00:00 +01:00,45.28,4085.90,4040.61
26.11.2025 22:00:00 +01:00,226.17,4062.33,3836.16
26.11.2025 23:00:00 +01:00,540.78,4342.40,3801.62
27.11.2025 00:00:00 +01:00,663.32,4463.86,3800.54
27.11.2025 01:00:00 +01:00,688.85,4344.92,3656.07
27.11.2025 02:00:00 +01:00,504.93,3551.44,3046.51
27.11.2025 03:00:00 +01:00,433.21,3009.34,2576.13
27.11.2025 04:00:00 +01:00,719.18,2239.23,1520.05
27.11.2025 05:00:00 +01:00,850.63,1857.65,1007.02
27.11.2025 06:00:00 +01:00,861.40,2688.98,1827.58
27.11.2025 07:00:00 +01:00,986.04,3178.82,2192.78
27.11.2025 08:00:00 +01:00,1003.26,3078.46,2075.19
27.11.2025 09:00:00 +01:00,882.74,3434.21,2551.47
27.11.2025 10:00:00 +01:00,941.09,3281.98,2340.89
27.11.2025 11:00:00 +01:00,979.70,2735.41,1755.70
27.11.2025 12:00:00 +01:00,1308.78,2281.35,972.57
27.11.2025 13:00:00 +01:00,1419.61,2029.43,609.82
27.11.2025 14:00:00 +01:00,1151.60,1620.85,469.25
27.11.2025 15:00:00 +01:00,1161.44,1642.94,481.50
27.11.2025 16:00:00 +01:00,979.23,2725.05,1745.82
27.11.2025 17:00:00 +01:00,1038.06,3381.25,2343.19
27.11.2025 18:00:00 +01:00,1212.01,3211.34,1999.34
27.11.2025 19:00:00 +01:00,1428.43,3225.02,1796.60
27.11.2025 20:00:00 +01:00,2155.29,3221.91,1066.62
27.11.2025 21:00:00 +01:00,2168.74,3224.93,1056.20
27.11.2025 22:00:00 +01:00,2350.60,3146.54,795.94
27.11.2025 23:00:00 +01:00,2523.52,2454.12,-69.40
28.11.2025 00:00:00 +01:00,2436.37,1965.82,-470.55
28.11.2025 01:00:00 +01:00,2520.59,1917.33,-603.26
28.11.2025 02:00:00 +01:00,2493.80,1787.28,-706.53
28.11.2025 03:00:00 +01:00,2529.74,1542.11,-987.63
28.11.2025 04:00:00 +01:00,2655.76,1711.37,-944.39
28.11.2025 05:00:00 +01:00,2814.80,1933.53,-881.28
28.11.2025 06:00:00 +01:00,2360.33,2393.28,32.95
28.11.2025 07:00:00 +01:00,1303.59,2861.18,1557.58
28.11.2025 08:00:00 +01:00,857.80,3570.10,2712.30
28.11.2025 09:00:00 +01:00,793.56,3541.84,2748.29
28.11.2025 10:00:00 +01:00,1078.78,3609.01,2530.23
28.11.2025 11:00:00 +01:00,1037.58,3269.19,2231.61
28.11.2025 12:00:00 +01:00,1446.78,3239.20,1792.43
28.11.2025 13:00:00 +01:00,1109.77,3268.05,2158.28
28.11.2025 14:00:00 +01:00,1232.02,3415.90,2183.88
28.11.2025 15:00:00 +01:00,1331.05,3671.10,2340.05
28.11.2025 16:00:00 +01:00,1093.28,3489.03,2395.75
28.11.2025 17:00:00 +01:00,1060.64,3443.19,2382.55
28.11.2025 18:00:00 +01:00,1059.69,3526.04,2466.36
28.11.2025 19:00:00 +01:00,1274.91,3268.32,1993.41
28.11.2025 20:00:00 +01:00,1690.60,3275.58,1584.99
28.11.2025 21:00:00 +01:00,1840.15,3257.95,1417.80
28.11.2025 22:00:00 +01:00,2063.47,3249.90,1186.42
28.11.2025 23:00:00 +01:00,2092.53,3234.16,1141.63
29.11.2025 00:00:00 +01:00,2254.44,3186.27,931.83
29.11.2025 01:00:00 +01:00,1987.71,3186.36,1198.65
29.11.2025 02:00:00 +01:00,2148.87,3191.76,1042.89
29.11.2025 03:00:00 +01:00,2298.48,3211.49,913.00
29.11.2025 04:00:00 +01:00,2105.80,3234.77,1128.97
29.11.2025 05:00:00 +01:00,2155.41,3238.39,1082.98
29.11.2025 06:00:00 +01:00,1558.59,3247.14,1688.55
29.11.2025 07:00:00 +01:00,1083.47,3299.84,2216.37
29.11.2025 08:00:00 +01:00,1023.16,3538.98,2515.82
29.11.2025 09:00:00 +01:00,1055.62,3695.27,2639.66
29.11.2025 10:00:00 +01:00,1155.02,3868.14,2713.12
29.11.2025 11:00:00 +01:00,1065.99,4103.40,3037.41
29.11.2025 12:00:00 +01:00,1056.11,4598.11,3542.00
29.11.2025 13:00:00 +01:00,1071.85,4730.68,3658.83
29.11.2025 14:00:00 +01:00,1048.40,4762.47,3714.07
29.11.2025 15:00:00 +01:00,1074.27,4973.67,3899.40
29.11.2025 16:00:00 +01:00,1004.22,4720.77,3716.55
29.11.2025 17:00:00 +01:00,1170.57,4700.47,3529.91
29.11.2025 18:00:00 +01:00,1029.48,4871.36,3841.88
29.11.2025 19:00:00 +01:00,1069.76,4596.09,3526.33
29.11.2025 20:00:00 +01:00,1103.17,4775.76,3672.59
29.11.2025 21:00:00 +01:00,869.40,4929.11,4059.71
29.11.2025 22:00:00 +01:00,966.77,4781.28,3814.50
29.11.2025 23:00:00 +01:00,1030.48,4327.52,3297.04
30.11.2025 00:00:00 +01:00,1082.72,3267.95,2185.23
30.11.2025 01:00:00 +01:00,1258.16,2723.54,1465.38
30.11.2025 02:00:00 +01:00,1308.38,2687.10,1378.72
30.11.2025 03:00:00 +01:00,1646.71,2295.97,649.27
30.11.2025 04:00:00 +01:00,1686.37,1899.34,212.97
30.11.2025 05:00:00 +01:00,1565.47,1872.31,306.84
30.11.2025 06:00:00 +01:00,1821.93,2316.90,494.97
30.11.2025 07:00:00 +01:00,1633.15,2765.80,1132.65
30.11.2025 08:00:00 +01:00,1588.63,3154.83,1566.20
30.11.2025 09:00:00 +01:00,1529.00,3291.33,1762.33
30.11.2025 10:00:00 +01:00,1935.49,3308.06,1372.57
30.11.2025 11:00:00 +01:00,2137.42,3015.65,878.22
30.11.2025 12:00:00 +01:00,2150.63,3012.62,861.99
30.11.2025 13:00:00 +01:00,1877.39,3224.07,1346.67
30.11.2025 14:00:00 +01:00,1310.29,3333.42,2023.13
30.11.2025 15:00:00 +01:00,818.30,3496.60,2678.29
30.11.2025 16:00:00 +01:00,520.23,3700.21,3179.98
30.11.2025 17:00:00 +01:00,406.93,3777.05,3370.12
30.11.2025 18:00:00 +01:00,745.45,3769.04,3023.59
30.11.2025 19:00:00 +01:00,1024.46,3727.13,2702.67
30.11.2025 20:00:00 +01:00,1049.64,3558.92,2509.28
30.11.2025 21:00:00 +01:00,1347.16,3426.71,2079.55
30.11.2025 22:00:00 +01:00,1364.41,3393.75,2029.34
30.11.2025 23:00:00 +01:00,1208.34,3336.93,2128.60
01.12.2025 00:00:00 +01:00,1212.15,3081.57,1869.41
01.12.2025 01:00:00 +01:00,3354.79,2458.64,-896.15
01.12.2025 02:00:00 +01:00,3500.49,1975.09,-1525.41
01.12.2025 03:00:00 +01:00,4122.44,1882.76,-2239.67
01.12.2025 04:00:00 +01:00,3889.91,1869.14,-2020.77
01.12.2025 05:00:00 +01:00,3393.32,1866.36,-1526.97
01.12.2025 06:00:00 +01:00,2362.31,1951.95,-410.37
01.12.2025 07:00:00 +01:00,1127.62,3333.03,2205.41
01.12.2025 08:00:00 +01:00,1266.01,3666.70,2400.69
01.12.2025 09:00:00 +01:00,1502.62,4376.60,2873.98
01.12.2025 10:00:00 +01:00,1285.62,4354.00,3068.37
01.12.2025 11:00:00 +01:00,1107.00,4008.67,2901.66
01.12.2025 12:00:00 +01:00,1384.70,3609.56,2224.87
01.12.2025 13:00:00 +01:00,1176.56,3652.48,2475.91
01.12.2025 14:00:00 +01:00,767.80,3784.81,3017.00
01.12.2025 15:00:00 +01:00,544.42,3756.48,3212.06
01.12.2025 16:00:00 +01:00,703.19,3758.46,3055.27
01.12.2025 17:00:00 +01:00,535.04,3663.20,3128.16
01.12.2025 18:00:00 +01:00,730.61,3361.56,2630.94
01.12.2025 19:00:00 +01:00,1402.07,3282.35,1880.28
01.12.2025 20:00:00 +01:00,1928.07,3127.46,1199.39
01.12.2025 21:00:00 +01:00,2185.68,2967.88,782.20
01.12.2025 22:00:00 +01:00,2292.75,2924.73,631.98
01.12.2025 23:00:00 +01:00,2731.90,2760.83,28.94
02.12.2025 00:00:00 +01:00,3340.24,2797.83,-542.40
02.12.2025 01:00:00 +01:00,3707.38,2809.27,-898.11
02.12.2025 02:00:00 +01:00,3685.84,2444.43,-1241.41
02.12.2025 03:00:00 +01:00,3530.52,2007.97,-1522.55
02.12.2025 04:00:00 +01:00,3733.45,1921.67,-1811.78
02.12.2025 05:00:00 +01:00,3705.68,2580.40,-1125.28
02.12.2025 06:00:00 +01:00,3100.68,3112.24,11.56
02.12.2025 07:00:00 +01:00,2173.08,3176.18,1003.10
02.12.2025 08:00:00 +01:00,2151.06,3240.58,1089.52
02.12.2025 09:00:00 +01:00,1992.65,3328.68,1336.04
02.12.2025 10:00:00 +01:00,1935.71,3492.41,1556.70
02.12.2025 11:00:00 +01:00,2326.31,3754.85,1428.54
02.12.2025 12:00:00 +01:00,1764.24,4332.42,2568.18
02.12.2025 13:00:00 +01:00,1905.78,4460.49,2554.71
02.12.2025 14:00:00 +01:00,1342.65,4704.73,3362.09
02.12.2025 15:00:00 +01:00,1456.96,4826.10,3369.14
02.12.2025 16:00:00 +01:00,1175.52,4824.03,3648.51
02.12.2025 17:00:00 +01:00,905.87,4741.12,3835.24
02.12.2025 18:00:00 +01:00,1008.86,4752.40,3743.54
02.12.2025 19:00:00 +01:00,1410.64,4785.79,3375.15
02.12.2025 20:00:00 +01:00,1703.94,4858.93,3154.99
02.12.2025 21:00:00 +01:00,1905.05,4851.74,2946.69
02.12.2025 22:00:00 +01:00,2109.99,4858.72,2748.73
02.12.2025 23:00:00 +01:00,2416.79,4846.04,2429.26
03.12.2025 00:00:00 +01:00,2202.17,4744.10,2541.93
03.12.2025 01:00:00 +01:00,2242.74,4859.73,2616.99
03.12.2025 02:00:00 +01:00,2038.55,4735.94,2697.39
03.12.2025 03:00:00 +01:00,2068.18,4600.70,2532.52
03.12.2025 04:00:00 +01:00,1898.00,4331.73,2433.73
03.12.2025 05:00:00 +01:00,1515.55,4464.35,2948.79
03.12.2025 06:00:00 +01:00,872.49,4365.57,3493.08
03.12.2025 07:00:00 +01:00,362.42,4636.81,4274.39
03.12.2025 08:00:00 +01:00,54.24,4749.44,4695.20
03.12.2025 09:00:00 +01:00,16.38,5041.69,5025.31
03.12.2025 10:00:00 +01:00,31.98,4734.61,4702.63
03.12.2025 11:00:00 +01:00,15.37,4720.11,4704.74
03.12.2025 12:00:00 +01:00,8.88,4736.30,4727.42
03.12.2025 13:00:00 +01:00,56.24,4755.06,4698.82
03.12.2025 14:00:00 +01:00,11.34,5118.53,5107.19
03.12.2025 15:00:00 +01:00,82.70,4872.30,4789.59
03.12.2025 16:00:00 +01:00,9.83,4642.75,4632.92
03.12.2025 17:00:00 +01:00,21.26,5025.19,5003.93
03.12.2025 18:00:00 +01:00,61.75,5280.93,5219.17
03.12.2025 19:00:00 +01:00,29.24,5603.18,5573.95
03.12.2025 20:00:00 +01:00,45.70,5506.78,5461.08
03.12.2025 21:00:00 +01:00,69.13,5405.90,5336.76
03.12.2025 22:00:00 +01:00,168.75,4987.91,4819.16
03.12.2025 23:00:00 +01:00,204.19,4766.56,4562.37
04.12.2025 00:00:00 +01:00,296.74,4877.22,4580.48
04.12.2025 01:00:00 +01:00,371.40,4929.74,4558.33
04.12.2025 02:00:00 +01:00,494.09,4879.56,4385.47
04.12.2025 03:00:00 +01:00,313.12,4479.72,4166.60
04.12.2025 04:00:00 +01:00,318.11,4124.56,3806.45
04.12.2025 05:00:00 +01:00,57.89,3810.38,3752.50
04.12.2025 06:00:00 +01:00,80.43,3961.00,3880.57
04.12.2025 07:00:00 +01:00,257.73,4726.33,4468.60
04.12.2025 08:00:00 +01:00,656.38,4794.47,4138.09
04.12.2025 09:00:00 +01:00,707.03,4632.10,3925.07
04.12.2025 10:00:00 +01:00,360.40,4757.08,4396.68
04.12.2025 11:00:00 +01:00,220.47,4504.55,4284.08
04.12.2025 12:00:00 +01:00,492.96,4418.53,3925.57
04.12.2025 13:00:00 +01:00,424.47,4520.95,4096.48
04.12.2025 14:00:00 +01:00,492.30,4814.90,4322.61
04.12.2025 15:00:00 +01:00,45.48,4329.35,4283.87
04.12.2025 16:00:00 +01:00,3.02,4112.97,4109.95
04.12.2025 17:00:00 +01:00,0.00,4546.61,4546.61
04.12.2025 18:00:00 +01:00,0.00,4462.82,4462.82
04.12.2025 19:00:00 +01:00,0.00,5008.02,5008.02
04.12.2025 20:00:00 +01:00,0.00,5685.02,5685.02
04.12.2025 21:00:00 +01:00,0.00,6048.80,6048.80
04.12.2025 22:00:00 +01:00,0.00,6124.41,6124.41
04.12.2025 23:00:00 +01:00,0.00,5475.43,5475.43
05.12.2025 00:00:00 +01:00,0.00,5235.54,5235.54
05.12.2025 01:00:00 +01:00,0.00,5202.72,5202.72
05.12.2025 02:00:00 +01:00,0.00,5298.54,5298.54
05.12.2025 03:00:00 +01:00,0.00,5364.19,5364.19
05.12.2025 04:00:00 +01:00,0.00,5208.65,5208.65
05.12.2025 05:00:00 +01:00,0.00,5277.04,5277.04
05.12.2025 06:00:00 +01:00,0.00,5426.53,5426.53
05.12.2025 07:00:00 +01:00,14.50,4902.50,4888.00
05.12.2025 08:00:00 +01:00,155.37,4908.94,4753.57
05.12.2025 09:00:00 +01:00,208.35,4986.10,4777.75
05.12.2025 10:00:00 +01:00,23.85,5004.87,4981.02
05.12.2025 11:00:00 +01:00,354.39,5141.93,4787.54
05.12.2025 12:00:00 +01:00,564.85,5297.14,4732.29
05.12.2025 13:00:00 +01:00,395.79,5325.27,4929.47
05.12.2025 14:00:00 +01:00,520.36,5400.37,4880.01
05.12.2025 15:00:00 +01:00,322.22,5597.56,5275.33
05.12.2025 16:00:00 +01:00,659.85,5394.89,4735.04
05.12.2025 17:00:00 +01:00,674.23,5542.16,4867.93
05.12.2025 18:00:00 +01:00,470.89,5406.12,4935.22
05.12.2025 19:00:00 +01:00,44.21,5460.94,5416.73
05.12.2025 20:00:00 +01:00,0.00,5511.07,5511.07
05.12.2025 21:00:00 +01:00,0.00,5637.11,5637.11
05.12.2025 22:00:00 +01:00,8.88,5084.34,5075.46
05.12.2025 23:00:00 +01:00,298.96,4128.83,3829.87
06.12.2025 00:00:00 +01:00,584.98,3436.73,2851.75
06.12.2025 01:00:00 +01:00,773.00,3293.59,2520.59
06.12.2025 02:00:00 +01:00,768.06,3131.90,2363.83
06.12.2025 03:00:00 +01:00,956.70,2875.30,1918.60
06.12.2025 04:00:00 +01:00,581.17,2305.93,1724.76
06.12.2025 05:00:00 +01:00,713.11,1927.04,1213.93
06.12.2025 06:00:00 +01:00,916.47,1581.41,664.94
06.12.2025 07:00:00 +01:00,812.27,1917.75,1105.48
06.12.2025 08:00:00 +01:00,276.11,2721.26,2445.15
06.12.2025 09:00:00 +01:00,0.00,3825.97,3825.97
06.12.2025 10:00:00 +01:00,12.69,4416.74,4404.05
06.12.2025 11:00:00 +01:00,0.00,4742.36,4742.36
06.12.2025 12:00:00 +01:00,0.00,5266.76,5266.76
06.12.2025 13:00:00 +01:00,0.00,5173.84,5173.84
06.12.2025 14:00:00 +01:00,0.00,5507.35,5507.35
06.12.2025 15:00:00 +01:00,0.00,5620.37,5620.37
06.12.2025 16:00:00 +01:00,2.16,5689.94,5687.77
06.12.2025 17:00:00 +01:00,17.89,5570.11,5552.22
06.12.2025 18:00:00 +01:00,0.00,5429.74,5429.74
06.12.2025 19:00:00 +01:00,46.43,4765.15,4718.72
06.12.2025 20:00:00 +01:00,123.54,4083.73,3960.18
06.12.2025 21:00:00 +01:00,167.09,3242.77,3075.68
06.12.2025 22:00:00 +01:00,676.07,2666.78,1990.71
06.12.2025 23:00:00 +01:00,921.61,1944.22,1022.60
07.12.2025 00:00:00 +01:00,1613.91,2314.99,701.07
07.12.2025 01:00:00 +01:00,1901.53,2683.27,781.74
07.12.2025 02:00:00 +01:00,2330.79,2908.93,578.14
07.12.2025 03:00:00 +01:00,2104.96,2794.04,689.08
07.12.2025 04:00:00 +01:00,1901.28,2868.00,966.72
07.12.2025 05:00:00 +01:00,1704.80,2789.95,1085.15
07.12.2025 06:00:00 +01:00,1750.64,3438.56,1687.92
07.12.2025 07:00:00 +01:00,1695.72,4406.10,2710.38
07.12.2025 08:00:00 +01:00,1141.64,4929.81,3788.17
07.12.2025 09:00:00 +01:00,523.32,5047.90,4524.58
07.12.2025 10:00:00 +01:00,153.26,5127.93,4974.67
07.12.2025 11:00:00 +01:00,32.49,5303.67,5271.18
07.12.2025 12:00:00 +01:00,26.60,5341.91,5315.31
07.12.2025 13:00:00 +01:00,0.00,5452.39,5452.39
07.12.2025 14:00:00 +01:00,0.00,5554.74,5554.74
07.12.2025 15:00:00 +01:00,0.00,5783.58,5783.58
07.12.2025 16:00:00 +01:00,0.00,5997.13,5997.13
07.12.2025 17:00:00 +01:00,0.00,6205.00,6205.00
07.12.2025 18:00:00 +01:00,0.00,6019.41,6019.41
07.12.2025 19:00:00 +01:00,26.35,5134.70,5108.36
07.12.2025 20:00:00 +01:00,309.40,4040.22,3730.82
07.12.2025 21:00:00 +01:00,613.46,2288.30,1674.84
07.12.2025 22:00:00 +01:00,1771.78,855.58,-916.20
07.12.2025 23:00:00 +01:00,3053.79,172.52,-2881.27
08.12.2025 00:00:00 +01:00,3890.97,304.64,-3586.33
08.12.2025 01:00:00 +01:00,5502.76,1026.27,-4476.49
08.12.2025 02:00:00 +01:00,5602.17,509.08,-5093.08
08.12.2025 03:00:00 +01:00,5616.79,571.20,-5045.59
08.12.2025 04:00:00 +01:00,5645.36,845.27,-4800.09
08.12.2025 05:00:00 +01:00,4370.99,712.41,-3658.58
08.12.2025 06:00:00 +01:00,2370.92,1144.18,-1226.74
08.12.2025 07:00:00 +01:00,1503.73,2362.99,859.25
08.12.2025 08:00:00 +01:00,1193.64,3074.21,1880.56
08.12.2025 09:00:00 +01:00,1257.40,3102.49,1845.09
08.12.2025 10:00:00 +01:00,1483.29,3168.63,1685.34
08.12.2025 11:00:00 +01:00,1896.93,3507.09,1610.16
08.12.2025 12:00:00 +01:00,1696.51,3423.40,1726.89
08.12.2025 13:00:00 +01:00,1811.15,3528.87,1717.73
08.12.2025 14:00:00 +01:00,1401.53,3586.75,2185.22
08.12.2025 15:00:00 +01:00,1661.88,3855.99,2194.11
08.12.2025 16:00:00 +01:00,1434.12,3996.80,2562.68
08.12.2025 17:00:00 +01:00,1404.04,3875.96,2471.91
08.12.2025 18:00:00 +01:00,1538.58,3711.51,2172.93
08.12.2025 19:00:00 +01:00,1680.85,3564.60,1883.75
08.12.2025 20:00:00 +01:00,1897.91,3430.49,1532.58
08.12.2025 21:00:00 +01:00,2130.69,3327.14,1196.45
08.12.2025 22:00:00 +01:00,2404.07,3459.21,1055.14
08.12.2025 23:00:00 +01:00,2769.84,3194.37,424.53
09.12.2025 00:00:00 +01:00,2865.80,3389.92,524.12
09.12.2025 01:00:00 +01:00,2649.79,3877.21,1227.42
09.12.2025 02:00:00 +01:00,1913.11,3467.13,1554.02
09.12.2025 03:00:00 +01:00,1938.43,3139.54,1201.12
09.12.2025 04:00:00 +01:00,2117.39,2793.04,675.65
09.12.2025 05:00:00 +01:00,2185.57,2898.30,712.73
09.12.2025 06:00:00 +01:00,1454.09,3614.50,2160.41
09.12.2025 07:00:00 +01:00,22.55,4366.53,4343.98
09.12.2025 08:00:00 +01:00,0.00,4553.20,4553.20
09.12.2025 09:00:00 +01:00,2.98,4039.78,4036.80
09.12.2025 10:00:00 +01:00,0.00,4081.25,4081.25
09.12.2025 11:00:00 +01:00,0.00,4201.40,4201.40
09.12.2025 12:00:00 +01:00,0.00,3895.75,3895.75
09.12.2025 13:00:00 +01:00,0.00,3973.35,3973.35
09.12.2025 14:00:00 +01:00,0.00,4443.06,4443.06
09.12.2025 15:00:00 +01:00,0.00,5062.63,5062.63
09.12.2025 16:00:00 +01:00,0.00,5063.11,5063.11
09.12.2025 17:00:00 +01:00,0.00,5327.69,5327.69
09.12.2025 18:00:00 +01:00,0.00,5343.69,5343.69
09.12.2025 19:00:00 +01:00,0.00,5292.31,5292.31
09.12.2025 20:00:00 +01:00,0.00,5233.11,5233.11
09.12.2025 21:00:00 +01:00,0.00,3705.06,3705.06
09.12.2025 22:00:00 +01:00,584.44,2200.42,1615.98
09.12.2025 23:00:00 +01:00,2159.05,1194.77,-964.28
10.12.2025 00:00:00 +01:00,3157.42,1252.28,-1905.14
10.12.2025 01:00:00 +01:00,3136.75,984.29,-2152.46
10.12.2025 02:00:00 +01:00,3040.22,1150.44,-1889.78
10.12.2025 03:00:00 +01:00,3263.19,1563.54,-1699.65
10.12.2025 04:00:00 +01:00,3474.79,2023.95,-1450.85
10.12.2025 05:00:00 +01:00,3416.94,1871.16,-1545.78
10.12.2025 06:00:00 +01:00,2292.06,1854.22,-437.84
10.12.2025 07:00:00 +01:00,795.18,2262.66,1467.49
10.12.2025 08:00:00 +01:00,726.11,3393.85,2667.74
10.12.2025 09:00:00 +01:00,1043.12,4219.87,3176.74
10.12.2025 10:00:00 +01:00,1292.59,4095.74,2803.15
10.12.2025 11:00:00 +01:00,1404.23,3714.20,2309.97
10.12.2025 12:00:00 +01:00,1551.99,3389.91,1837.91
10.12.2025 13:00:00 +01:00,1845.24,3502.20,1656.96
10.12.2025 14:00:00 +01:00,1437.81,3810.99,2373.18
10.12.2025 15:00:00 +01:00,1495.92,4267.18,2771.26
10.12.2025 16:00:00 +01:00,1626.60,4171.97,2545.37
10.12.2025 17:00:00 +01:00,1802.33,4113.66,2311.33
10.12.2025 18:00:00 +01:00,2299.87,3556.69,1256.83
10.12.2025 19:00:00 +01:00,2833.25,3247.90,414.65
10.12.2025 20:00:00 +01:00,3364.83,3215.08,-149.76
10.12.2025 21:00:00 +01:00,3508.19,3233.40,-274.79
10.12.2025 22:00:00 +01:00,3463.38,3227.35,-236.03
10.12.2025 23:00:00 +01:00,3747.69,3226.29,-521.40
11.12.2025 00:00:00 +01:00,4034.99,3228.93,-806.06
11.12.2025 01:00:00 +01:00,3902.42,3214.32,-688.10
11.12.2025 02:00:00 +01:00,3550.89,3242.09,-308.79
11.12.2025 03:00:00 +01:00,3550.94,2907.94,-643.00
11.12.2025 04:00:00 +01:00,3218.14,2658.36,-559.78
11.12.2025 05:00:00 +01:00,2929.35,2847.56,-81.79
11.12.2025 06:00:00 +01:00,1944.75,3510.60,1565.85
11.12.2025 07:00:00 +01:00,1366.15,3470.35,2104.20
11.12.2025 08:00:00 +01:00,676.89,3762.48,3085.59
11.12.2025 09:00:00 +01:00,836.67,3927.58,3090.92
11.12.2025 10:00:00 +01:00,921.83,4190.77,3268.94
11.12.2025 11:00:00 +01:00,985.00,4342.52,3357.53
11.12.2025 12:00:00 +01:00,1031.53,4516.81,3485.28
11.12.2025 13:00:00 +01:00,1055.27,4083.37,3028.10
11.12.2025 14:00:00 +01:00,883.14,3758.46,2875.32
11.12.2025 15:00:00 +01:00,794.80,4217.15,3422.36
11.12.2025 16:00:00 +01:00,672.02,4622.92,3950.90
11.12.2025 17:00:00 +01:00,481.23,5062.90,4581.68
11.12.2025 18:00:00 +01:00,411.56,5091.52,4679.96
11.12.2025 19:00:00 +01:00,402.10,5211.09,4808.99
11.12.2025 20:00:00 +01:00,473.32,5170.59,4697.27
11.12.2025 21:00:00 +01:00,295.38,5214.25,4918.86
11.12.2025 22:00:00 +01:00,198.31,5146.70,4948.39
11.12.2025 23:00:00 +01:00,462.46,4990.99,4528.53
12.12.2025 00:00:00 +01:00,432.32,5104.35,4672.02
12.12.2025 01:00:00 +01:00,185.63,5312.51,5126.88
12.12.2025 02:00:00 +01:00,137.78,5471.04,5333.26
12.12.2025 03:00:00 +01:00,208.13,5400.28,5192.15
12.12.2025 04:00:00 +01:00,30.17,5644.23,5614.06
12.12.2025 05:00:00 +01:00,0.00,6321.36,6321.36
12.12.2025 06:00:00 +01:00,0.00,7037.41,7037.41
12.12.2025 07:00:00 +01:00,0.00,6536.68,6536.68
12.12.2025 08:00:00 +01:00,0.00,6507.69,6507.69
12.12.2025 09:00:00 +01:00,0.00,6193.96,6193.96
12.12.2025 10:00:00 +01:00,0.00,6363.81,6363.81
12.12.2025 11:00:00 +01:00,0.00,6346.88,6346.88
12.12.2025 12:00:00 +01:00,0.00,6581.99,6581.99
12.12.2025 13:00:00 +01:00,0.00,6821.88,6821.88
12.12.2025 14:00:00 +01:00,0.00,6612.80,6612.80
12.12.2025 15:00:00 +01:00,0.00,6323.99,6323.99
12.12.2025 16:00:00 +01:00,48.18,6220.98,6172.80
12.12.2025 17:00:00 +01:00,164.35,6214.45,6050.10
12.12.2025 18:00:00 +01:00,170.11,6447.19,6277.09
12.12.2025 19:00:00 +01:00,0.00,7228.51,7228.51
12.12.2025 20:00:00 +01:00,0.00,7462.36,7462.36
12.12.2025 21:00:00 +01:00,0.00,7067.64,7067.64
12.12.2025 22:00:00 +01:00,0.00,6599.24,6599.24
12.12.2025 23:00:00 +01:00,0.00,6263.17,6263.17
13.12.2025 00:00:00 +01:00,0.00,5897.37,5897.37
13.12.2025 01:00:00 +01:00,0.00,5701.49,5701.49
13.12.2025 02:00:00 +01:00,39.96,5502.51,5462.55
13.12.2025 03:00:00 +01:00,0.00,5687.07,5687.07
13.12.2025 04:00:00 +01:00,0.00,6065.58,6065.58
13.12.2025 05:00:00 +01:00,0.00,6059.48,6059.48
13.12.2025 06:00:00 +01:00,0.00,6144.64,6144.64
13.12.2025 07:00:00 +01:00,0.00,5981.59,5981.59
13.12.2025 08:00:00 +01:00,0.00,6008.95,6008.95
13.12.2025 09:00:00 +01:00,0.00,6159.57,6159.57
13.12.2025 10:00:00 +01:00,0.00,6086.57,6086.57
13.12.2025 11:00:00 +01:00,0.00,6089.34,6089.34
13.12.2025 12:00:00 +01:00,0.00,5745.94,5745.94
13.12.2025 13:00:00 +01:00,0.00,5825.83,5825.83
13.12.2025 14:00:00 +01:00,0.00,5824.99,5824.99
13.12.2025 15:00:00 +01:00,0.00,6004.45,6004.45
13.12.2025 16:00:00 +01:00,0.00,6073.96,6073.96
13.12.2025 17:00:00 +01:00,0.00,5896.41,5896.41
13.12.2025 18:00:00 +01:00,12.31,5558.68,5546.36
13.12.2025 19:00:00 +01:00,85.24,5069.16,4983.92
13.12.2025 20:00:00 +01:00,347.86,4976.29,4628.43
13.12.2025 21:00:00 +01:00,476.65,5110.47,4633.83
13.12.2025 22:00:00 +01:00,942.18,4841.69,3899.51
13.12.2025 23:00:00 +01:00,1228.82,4230.49,3001.67
14.12.2025 00:00:00 +01:00,1418.77,3427.13,2008.35
14.12.2025 01:00:00 +01:00,2008.61,3161.13,1152.53
14.12.2025 02:00:00 +01:00,2421.88,3077.19,655.31
14.12.2025 03:00:00 +01:00,2640.91,2614.71,-26.20
14.12.2025 04:00:00 +01:00,2325.18,2174.37,-150.81
14.12.2025 05:00:00 +01:00,2142.74,2031.83,-110.91
14.12.2025 06:00:00 +01:00,2617.41,2397.17,-220.24
14.12.2025 07:00:00 +01:00,2526.75,2808.74,281.99
14.12.2025 08:00:00 +01:00,2658.21,3234.29,576.08
14.12.2025 09:00:00 +01:00,2580.02,3223.91,643.89
14.12.2025 10:00:00 +01:00,2501.65,3229.50,727.84
14.12.2025 11:00:00 +01:00,2635.07,3255.10,620.03
14.12.2025 12:00:00 +01:00,2694.88,3246.74,551.86
14.12.2025 13:00:00 +01:00,2648.51,3095.57,447.07
14.12.2025 14:00:00 +01:00,2439.49,2821.64,382.15
14.12.2025 15:00:00 +01:00,2011.99,2827.50,815.51
14.12.2025 16:00:00 +01:00,1726.40,2833.39,1106.99
14.12.2025 17:00:00 +01:00,1335.44,2556.49,1221.05
14.12.2025 18:00:00 +01:00,1648.83,3225.35,1576.52
14.12.2025 19:00:00 +01:00,2244.12,3252.10,1007.98
14.12.2025 20:00:00 +01:00,3070.33,3002.04,-68.29
14.12.2025 21:00:00 +01:00,3506.14,3261.98,-244.15
14.12.2025 22:00:00 +01:00,3487.60,3277.63,-209.97
14.12.2025 23:00:00 +01:00,3480.85,3278.99,-201.86
15.12.2025 00:00:00 +01:00,3598.05,3265.04,-333.01
15.12.2025 01:00:00 +01:00,3496.74,3264.17,-232.56
15.12.2025 02:00:00 +01:00,3212.89,3273.14,60.25
15.12.2025 03:00:00 +01:00,3046.13,3282.88,236.75
15.12.2025 04:00:00 +01:00,3503.35,3281.41,-221.94
15.12.2025 05:00:00 +01:00,3681.90,3301.28,-380.62
15.12.2025 06:00:00 +01:00,3027.80,3211.56,183.76
15.12.2025 07:00:00 +01:00,1521.38,3448.35,1926.97
15.12.2025 08:00:00 +01:00,1495.09,4220.94,2725.85
15.12.2025 09:00:00 +01:00,1779.16,4321.64,2542.48
15.12.2025 10:00:00 +01:00,1825.37,4409.34,2583.97
15.12.2025 11:00:00 +01:00,1442.77,4328.01,2885.24
15.12.2025 12:00:00 +01:00,1198.78,4342.97,3144.19
15.12.2025 13:00:00 +01:00,535.62,4432.73,3897.11
15.12.2025 14:00:00 +01:00,538.86,4451.78,3912.92
15.12.2025 15:00:00 +01:00,290.54,4593.09,4302.56
15.12.2025 16:00:00 +01:00,221.13,4694.26,4473.13
15.12.2025 17:00:00 +01:00,64.23,5526.76,5462.53
15.12.2025 18:00:00 +01:00,15.28,5687.51,5672.23
15.12.2025 19:00:00 +01:00,15.56,5691.27,5675.71
15.12.2025 20:00:00 +01:00,12.22,5506.00,5493.78
15.12.2025 21:00:00 +01:00,131.58,5142.34,5010.76
15.12.2025 22:00:00 +01:00,690.36,5014.35,4323.99
15.12.2025 23:00:00 +01:00,1168.70,4953.50,3784.80
16.12.2025 00:00:00 +01:00,1533.82,5050.23,3516.41
16.12.2025 01:00:00 +01:00,1538.18,5035.27,3497.09
16.12.2025 02:00:00 +01:00,1394.40,5122.00,3727.60
16.12.2025 03:00:00 +01:00,1354.35,5245.79,3891.45
16.12.2025 04:00:00 +01:00,1184.31,5277.27,4092.96
16.12.2025 05:00:00 +01:00,334.07,5497.57,5163.50
16.12.2025 06:00:00 +01:00,57.81,6153.55,6095.74
16.12.2025 07:00:00 +01:00,18.09,6915.37,6897.28
16.12.2025 08:00:00 +01:00,0.28,7105.59,7105.31
16.12.2025 09:00:00 +01:00,0.00,6860.88,6860.88
16.12.2025 10:00:00 +01:00,10.06,6862.31,6852.26
16.12.2025 11:00:00 +01:00,2.38,6857.00,6854.61
16.12.2025 12:00:00 +01:00,9.57,6708.20,6698.63
16.12.2025 13:00:00 +01:00,19.75,6526.53,6506.78
16.12.2025 14:00:00 +01:00,3.96,6823.36,6819.40
16.12.2025 15:00:00 +01:00,14.68,6698.61,6683.93
16.12.2025 16:00:00 +01:00,0.00,6635.62,6635.62
16.12.2025 17:00:00 +01:00,0.46,6560.93,6560.47
16.12.2025 18:00:00 +01:00,3.99,6903.56,6899.57
16.12.2025 19:00:00 +01:00,0.00,7177.76,7177.76
16.12.2025 20:00:00 +01:00,0.00,7165.37,7165.37
16.12.2025 21:00:00 +01:00,0.00,6826.92,6826.92
16.12.2025 22:00:00 +01:00,0.00,5981.23,5981.23
16.12.2025 23:00:00 +01:00,94.88,5190.34,5095.46
17.12.2025 00:00:00 +01:00,374.58,5306.16,4931.58
17.12.2025 01:00:00 +01:00,654.13,5331.47,4677.34
17.12.2025 02:00:00 +01:00,942.26,5179.32,4237.05
17.12.2025 03:00:00 +01:00,1011.77,5163.78,4152.01
17.12.2025 04:00:00 +01:00,911.11,5174.02,4262.90
17.12.2025 05:00:00 +01:00,464.56,4964.43,4499.87
17.12.2025 06:00:00 +01:00,18.99,5086.30,5067.30
17.12.2025 07:00:00 +01:00,0.00,5539.57,5539.57
17.12.2025 08:00:00 +01:00,2.15,5418.59,5416.44
17.12.2025 09:00:00 +01:00,1.03,5217.56,5216.53
17.12.2025 10:00:00 +01:00,0.00,5430.61,5430.61
17.12.2025 11:00:00 +01:00,4.55,5550.73,5546.18
17.12.2025 12:00:00 +01:00,8.83,5590.32,5581.49
17.12.2025 13:00:00 +01:00,4.08,5741.12,5737.04
17.12.2025 14:00:00 +01:00,3.43,5408.38,5404.95
17.12.2025 15:00:00 +01:00,1.24,5424.81,5423.56
17.12.2025 16:00:00 +01:00,3.81,6029.52,6025.71
17.12.2025 17:00:00 +01:00,1.92,6907.43,6905.51
17.12.2025 18:00:00 +01:00,11.07,7203.72,7192.65
17.12.2025 19:00:00 +01:00,0.57,7282.85,7282.28
17.12.2025 20:00:00 +01:00,0.00,7166.61,7166.61
17.12.2025 21:00:00 +01:00,0.00,6820.50,6820.50
17.12.2025 22:00:00 +01:00,0.17,5928.69,5928.52
17.12.2025 23:00:00 +01:00,887.92,5179.08,4291.16
18.12.2025 00:00:00 +01:00,2268.05,4648.92,2380.87
18.12.2025 01:00:00 +01:00,2792.96,4224.09,1431.13
18.12.2025 02:00:00 +01:00,2940.07,3072.12,132.05
18.12.2025 03:00:00 +01:00,3171.52,2482.20,-689.32
18.12.2025 04:00:00 +01:00,2962.73,1910.94,-1051.79
18.12.2025 05:00:00 +01:00,3214.89,1871.84,-1343.06
18.12.2025 06:00:00 +01:00,3500.05,2308.75,-1191.30
18.12.2025 07:00:00 +01:00,2764.78,3254.32,489.55
18.12.2025 08:00:00 +01:00,2690.07,3848.13,1158.05
18.12.2025 09:00:00 +01:00,3228.10,4168.99,940.89
18.12.2025 10:00:00 +01:00,3263.34,3946.73,683.39
18.12.2025 11:00:00 +01:00,3625.36,3942.01,316.65
18.12.2025 12:00:00 +01:00,3488.12,3704.98,216.86
18.12.2025 13:00:00 +01:00,3468.72,4085.91,617.20
18.12.2025 14:00:00 +01:00,3519.66,4832.76,1313.11
18.12.2025 15:00:00 +01:00,2690.43,4828.40,2137.97
18.12.2025 16:00:00 +01:00,1941.49,4924.62,2983.13
18.12.2025 17:00:00 +01:00,1151.96,4937.65,3785.70
18.12.2025 18:00:00 +01:00,2037.33,4797.07,2759.74
18.12.2025 19:00:00 +01:00,2767.56,4521.51,1753.95
18.12.2025 20:00:00 +01:00,3172.05,3573.69,401.64
18.12.2025 21:00:00 +01:00,3572.76,2224.00,-1348.76
18.12.2025 22:00:00 +01:00,4137.72,2123.70,-2014.02
18.12.2025 23:00:00 +01:00,3748.15,1109.28,-2638.87
19.12.2025 00:00:00 +01:00,4386.11,975.92,-3410.19
19.12.2025 01:00:00 +01:00,4470.64,1063.02,-3407.62
19.12.2025 02:00:00 +01:00,4215.01,684.44,-3530.57
19.12.2025 03:00:00 +01:00,3720.51,429.01,-3291.50
19.12.2025 04:00:00 +01:00,3649.26,537.48,-3111.78
19.12.2025 05:00:00 +01:00,4629.11,1626.29,-3002.83
19.12.2025 06:00:00 +01:00,4446.48,2573.58,-1872.90
19.12.2025 07:00:00 +01:00,3505.05,3195.76,-309.30
19.12.2025 08:00:00 +01:00,3431.84,3697.79,265.95
19.12.2025 09:00:00 +01:00,3318.37,4221.44,903.07
19.12.2025 10:00:00 +01:00,3214.10,4487.03,1272.93
19.12.2025 11:00:00 +01:00,3225.55,4546.63,1321.08
19.12.2025 12:00:00 +01:00,3405.69,4823.25,1417.56
19.12.2025 13:00:00 +01:00,3388.81,4807.86,1419.05
19.12.2025 14:00:00 +01:00,3262.59,4594.62,1332.03
19.12.2025 15:00:00 +01:00,3392.09,4820.67,1428.58
19.12.2025 16:00:00 +01:00,3445.28,4837.11,1391.82
19.12.2025 17:00:00 +01:00,3212.53,4874.57,1662.04
19.12.2025 18:00:00 +01:00,3196.29,4831.24,1634.95
19.12.2025 19:00:00 +01:00,3180.35,4915.94,1735.59
19.12.2025 20:00:00 +01:00,3089.96,4618.13,1528.17
19.12.2025 21:00:00 +01:00,3074.73,4728.81,1654.08
19.12.2025 22:00:00 +01:00,3261.09,4777.54,1516.45
19.12.2025 23:00:00 +01:00,3244.62,4881.72,1637.10
20.12.2025 00:00:00 +01:00,2973.46,4889.88,1916.42
20.12.2025 01:00:00 +01:00,3130.11,4954.76,1824.66
20.12.2025 02:00:00 +01:00,2870.57,4928.49,2057.92
20.12.2025 03:00:00 +01:00,3049.57,4778.49,1728.93
20.12.2025 04:00:00 +01:00,2961.21,4935.87,1974.66
20.12.2025 05:00:00 +01:00,2893.92,5038.42,2144.50
20.12.2025 06:00:00 +01:00,3027.43,5098.15,2070.72
20.12.2025 07:00:00 +01:00,2826.09,5102.55,2276.46
20.12.2025 08:00:00 +01:00,3029.23,5072.22,2042.98
20.12.2025 09:00:00 +01:00,2891.15,5102.27,2211.13
20.12.2025 10:00:00 +01:00,2979.56,5101.11,2121.55
20.12.2025 11:00:00 +01:00,2896.69,5001.88,2105.19
20.12.2025 12:00:00 +01:00,2979.85,5035.83,2055.98
20.12.2025 13:00:00 +01:00,3079.79,5104.39,2024.60
20.12.2025 14:00:00 +01:00,3104.07,5103.79,1999.72
20.12.2025 15:00:00 +01:00,3337.81,5068.63,1730.81
20.12.2025 16:00:00 +01:00,3287.96,5026.45,1738.49
20.12.2025 17:00:00 +01:00,3243.57,5052.10,1808.53
20.12.2025 18:00:00 +01:00,3091.72,5093.48,2001.76
20.12.2025 19:00:00 +01:00,3154.47,5054.48,1900.02
20.12.2025 20:00:00 +01:00,3270.87,4983.05,1712.17
20.12.2025 21:00:00 +01:00,3421.53,5013.03,1591.50
20.12.2025 22:00:00 +01:00,3482.16,4990.87,1508.71
20.12.2025 23:00:00 +01:00,3350.04,4993.11,1643.07
21.12.2025 00:00:00 +01:00,3185.70,4950.48,1764.78
21.12.2025 01:00:00 +01:00,3209.06,4938.39,1729.34
21.12.2025 02:00:00 +01:00,3259.75,4939.90,1680.16
21.12.2025 03:00:00 +01:00,3345.01,4934.82,1589.81
21.12.2025 04:00:00 +01:00,3315.47,4934.78,1619.31
21.12.2025 05:00:00 +01:00,3471.64,4935.16,1463.52
21.12.2025 06:00:00 +01:00,3356.80,4888.51,1531.71
21.12.2025 07:00:00 +01:00,3082.75,4894.14,1811.40
21.12.2025 08:00:00 +01:00,2947.71,4949.14,2001.43
21.12.2025 09:00:00 +01:00,2685.01,4859.55,2174.55
21.12.2025 10:00:00 +01:00,2370.45,4930.33,2559.88
21.12.2025 11:00:00 +01:00,2157.20,4851.83,2694.63
21.12.2025 12:00:00 +01:00,1978.03,4764.58,2786.55
21.12.2025 13:00:00 +01:00,2163.47,4673.35,2509.87
21.12.2025 14:00:00 +01:00,2338.62,4840.00,2501.38
21.12.2025 15:00:00 +01:00,1813.19,4766.03,2952.84
21.12.2025 16:00:00 +01:00,1164.69,4770.19,3605.50
21.12.2025 17:00:00 +01:00,865.99,4791.10,3925.11
21.12.2025 18:00:00 +01:00,1223.25,4877.28,3654.03
21.12.2025 19:00:00 +01:00,1371.82,4834.26,3462.43
21.12.2025 20:00:00 +01:00,2260.05,4866.45,2606.40
21.12.2025 21:00:00 +01:00,2481.53,4901.47,2419.93
21.12.2025 22:00:00 +01:00,2711.38,4916.24,2204.87
21.12.2025 23:00:00 +01:00,2969.32,4805.26,1835.93
22.12.2025 00:00:00 +01:00,2935.51,4587.36,1651.85
22.12.2025 01:00:00 +01:00,2599.19,4738.71,2139.53
22.12.2025 02:00:00 +01:00,2513.62,4727.55,2213.93
22.12.2025 03:00:00 +01:00,2465.05,4318.11,1853.06
22.12.2025 04:00:00 +01:00,2107.97,3863.78,1755.81
22.12.2025 05:00:00 +01:00,1885.90,4316.96,2431.06
22.12.2025 06:00:00 +01:00,1254.64,4710.25,3455.60
22.12.2025 07:00:00 +01:00,51.12,5566.23,5515.11
22.12.2025 08:00:00 +01:00,0.00,5663.81,5663.81
22.12.2025 09:00:00 +01:00,0.00,5859.29,5859.29
22.12.2025 10:00:00 +01:00,0.00,6150.45,6150.45
22.12.2025 11:00:00 +01:00,0.00,6424.12,6424.12
22.12.2025 12:00:00 +01:00,0.00,6546.93,6546.93
22.12.2025 13:00:00 +01:00,0.00,6634.21,6634.21
22.12.2025 14:00:00 +01:00,0.00,6973.38,6973.38
22.12.2025 15:00:00 +01:00,0.00,7040.55,7040.55
22.12.2025 16:00:00 +01:00,0.00,7070.62,7070.62
22.12.2025 17:00:00 +01:00,0.00,7229.46,7229.46
22.12.2025 18:00:00 +01:00,0.00,7115.13,7115.13
22.12.2025 19:00:00 +01:00,0.00,6852.42,6852.42
22.12.2025 20:00:00 +01:00,0.00,6285.99,6285.99
22.12.2025 21:00:00 +01:00,0.00,6371.62,6371.62
22.12.2025 22:00:00 +01:00,91.38,5618.16,5526.77
22.12.2025 23:00:00 +01:00,778.63,5066.97,4288.34
23.12.2025 00:00:00 +01:00,1044.48,4728.71,3684.24
23.12.2025 01:00:00 +01:00,1244.76,3505.51,2260.74
23.12.2025 02:00:00 +01:00,1131.83,3493.63,2361.80
23.12.2025 03:00:00 +01:00,1124.45,2759.40,1634.95
23.12.2025 04:00:00 +01:00,1315.55,2545.79,1230.23
23.12.2025 05:00:00 +01:00,1458.37,2554.91,1096.54
23.12.2025 06:00:00 +01:00,1620.17,3772.09,2151.92
23.12.2025 07:00:00 +01:00,811.88,4868.83,4056.95
23.12.2025 08:00:00 +01:00,135.36,5139.01,5003.65
23.12.2025 09:00:00 +01:00,0.00,5656.22,5656.22
23.12.2025 10:00:00 +01:00,252.97,5105.52,4852.55
23.12.2025 11:00:00 +01:00,956.15,4968.43,4012.28
23.12.2025 12:00:00 +01:00,1002.11,4957.31,3955.19
23.12.2025 13:00:00 +01:00,1199.86,4985.45,3785.59
23.12.2025 14:00:00 +01:00,1085.21,5011.99,3926.78
23.12.2025 15:00:00 +01:00,267.17,5193.08,4925.91
23.12.2025 16:00:00 +01:00,346.84,5272.28,4925.43
23.12.2025 17:00:00 +01:00,420.37,4968.98,4548.61
23.12.2025 18:00:00 +01:00,73.80,5002.21,4928.41
23.12.2025 19:00:00 +01:00,1222.00,5154.71,3932.71
23.12.2025 20:00:00 +01:00,1430.21,5106.78,3676.58
23.12.2025 21:00:00 +01:00,2390.00,4547.89,2157.89
23.12.2025 22:00:00 +01:00,2449.71,4257.19,1807.48
23.12.2025 23:00:00 +01:00,2404.10,2327.31,-76.79
24.12.2025 00:00:00 +01:00,2735.49,1757.06,-978.43
24.12.2025 01:00:00 +01:00,3784.98,1709.79,-2075.18
24.12.2025 02:00:00 +01:00,4287.85,1821.66,-2466.19
24.12.2025 03:00:00 +01:00,4405.38,1639.42,-2765.97
24.12.2025 04:00:00 +01:00,4418.87,1602.34,-2816.54
24.12.2025 05:00:00 +01:00,3958.43,1669.54,-2288.90
24.12.2025 06:00:00 +01:00,3283.11,1698.03,-1585.08
24.12.2025 07:00:00 +01:00,2755.75,2867.47,111.72
24.12.2025 08:00:00 +01:00,2331.81,4562.33,2230.53
24.12.2025 09:00:00 +01:00,2127.94,4813.34,2685.40
24.12.2025 10:00:00 +01:00,2449.13,4295.65,1846.52
24.12.2025 11:00:00 +01:00,2579.79,3074.26,494.47
24.12.2025 12:00:00 +01:00,2857.43,2266.42,-591.01
24.12.2025 13:00:00 +01:00,3157.70,2608.91,-548.79
24.12.2025 14:00:00 +01:00,2933.98,3416.90,482.92
24.12.2025 15:00:00 +01:00,2630.60,3926.11,1295.51
24.12.2025 16:00:00 +01:00,2185.01,4575.80,2390.79
24.12.2025 17:00:00 +01:00,1826.08,4847.49,3021.41
24.12.2025 18:00:00 +01:00,2126.05,4627.65,2501.60
24.12.2025 19:00:00 +01:00,2444.01,3259.53,815.52
24.12.2025 20:00:00 +01:00,2412.38,2925.16,512.78
24.12.2025 21:00:00 +01:00,2632.37,2758.38,126.02
24.12.2025 22:00:00 +01:00,2750.71,2601.26,-149.45
24.12.2025 23:00:00 +01:00,2715.17,1770.26,-944.91
25.12.2025 00:00:00 +01:00,3145.65,1590.14,-1555.51
25.12.2025 01:00:00 +01:00,3326.51,1480.15,-1846.36
25.12.2025 02:00:00 +01:00,3840.62,1498.01,-2342.61
25.12.2025 03:00:00 +01:00,4025.90,1728.42,-2297.48
25.12.2025 04:00:00 +01:00,4031.68,1453.02,-2578.66
25.12.2025 05:00:00 +01:00,3797.79,1216.21,-2581.59
25.12.2025 06:00:00 +01:00,3617.58,866.10,-2751.48
25.12.2025 07:00:00 +01:00,3461.84,1295.01,-2166.83
25.12.2025 08:00:00 +01:00,2856.00,2584.75,-271.25
25.12.2025 09:00:00 +01:00,2856.09,2765.60,-90.49
25.12.2025 10:00:00 +01:00,4151.77,2405.18,-1746.59
25.12.2025 11:00:00 +01:00,4645.02,2459.72,-2185.30
25.12.2025 12:00:00 +01:00,4245.54,2109.92,-2135.63
25.12.2025 13:00:00 +01:00,3297.22,1952.56,-1344.66
25.12.2025 14:00:00 +01:00,2732.83,3317.25,584.42
25.12.2025 15:00:00 +01:00,2172.32,4824.57,2652.25
25.12.2025 16:00:00 +01:00,2186.96,5162.17,2975.20
25.12.2025 17:00:00 +01:00,2327.65,5058.56,2730.92
25.12.2025 18:00:00 +01:00,2252.24,5085.13,2832.88
25.12.2025 19:00:00 +01:00,2333.76,5051.83,2718.07
25.12.2025 20:00:00 +01:00,2324.06,5139.74,2815.68
25.12.2025 21:00:00 +01:00,2457.56,5118.41,2660.86
25.12.2025 22:00:00 +01:00,2486.70,5115.47,2628.77
25.12.2025 23:00:00 +01:00,2620.45,4990.88,2370.43
26.12.2025 00:00:00 +01:00,2447.12,5062.86,2615.74
26.12.2025 01:00:00 +01:00,2379.58,5071.87,2692.29
26.12.2025 02:00:00 +01:00,2410.22,5035.07,2624.85
26.12.2025 03:00:00 +01:00,2411.65,5058.73,2647.08
26.12.2025 04:00:00 +01:00,2574.66,5084.72,2510.06
26.12.2025 05:00:00 +01:00,2460.31,5004.17,2543.86
26.12.2025 06:00:00 +01:00,2456.04,4965.08,2509.04
26.12.2025 07:00:00 +01:00,2583.13,4986.77,2403.64
26.12.2025 08:00:00 +01:00,2749.89,5144.06,2394.17
26.12.2025 09:00:00 +01:00,2892.59,5031.18,2138.59
26.12.2025 10:00:00 +01:00,2687.49,5056.46,2368.96
26.12.2025 11:00:00 +01:00,2882.07,5040.72,2158.65
26.12.2025 12:00:00 +01:00,2754.73,5070.09,2315.36
26.12.2025 13:00:00 +01:00,2825.49,4916.66,2091.17
26.12.2025 14:00:00 +01:00,2455.11,5084.30,2629.19
26.12.2025 15:00:00 +01:00,1876.03,5139.02,3262.99
26.12.2025 16:00:00 +01:00,1537.32,5060.09,3522.78
26.12.2025 17:00:00 +01:00,1063.78,5044.23,3980.45
26.12.2025 18:00:00 +01:00,1091.19,5224.67,4133.48
26.12.2025 19:00:00 +01:00,1365.92,5188.41,3822.49
26.12.2025 20:00:00 +01:00,1680.18,5192.49,3512.31
26.12.2025 21:00:00 +01:00,2079.56,5187.17,3107.62
26.12.2025 22:00:00 +01:00,2489.40,5034.76,2545.36
26.12.2025 23:00:00 +01:00,2124.02,5016.65,2892.63
27.12.2025 00:00:00 +01:00,2691.69,4957.50,2265.81
27.12.2025 01:00:00 +01:00,2664.57,4925.43,2260.86
27.12.2025 02:00:00 +01:00,2794.02,5028.47,2234.44
27.12.2025 03:00:00 +01:00,2565.85,5133.21,2567.36
27.12.2025 04:00:00 +01:00,2783.78,5045.76,2261.98
27.12.2025 05:00:00 +01:00,2908.95,4728.59,1819.65
27.12.2025 06:00:00 +01:00,2808.66,4558.19,1749.53
27.12.2025 07:00:00 +01:00,2875.47,4422.00,1546.53
27.12.2025 08:00:00 +01:00,2935.44,4024.51,1089.06
27.12.2025 09:00:00 +01:00,2811.22,3829.06,1017.84
27.12.2025 10:00:00 +01:00,2675.02,3391.87,716.86
27.12.2025 11:00:00 +01:00,2900.18,3254.62,354.44
27.12.2025 12:00:00 +01:00,3458.22,3149.66,-308.55
27.12.2025 13:00:00 +01:00,3051.29,2939.49,-111.80
27.12.2025 14:00:00 +01:00,2431.82,3614.49,1182.66
27.12.2025 15:00:00 +01:00,2176.37,4651.92,2475.55
27.12.2025 16:00:00 +01:00,2511.12,4877.71,2366.59
27.12.2025 17:00:00 +01:00,2592.97,4911.90,2318.93
27.12.2025 18:00:00 +01:00,2809.04,4903.24,2094.21
27.12.2025 19:00:00 +01:00,2386.92,4901.54,2514.62
27.12.2025 20:00:00 +01:00,2473.90,5003.16,2529.26
27.12.2025 21:00:00 +01:00,2469.45,5085.52,2616.07
27.12.2025 22:00:00 +01:00,2792.51,5070.52,2278.02
27.12.2025 23:00:00 +01:00,2539.68,4953.64,2413.96
28.12.2025 00:00:00 +01:00,2861.98,5062.40,2200.43
28.12.2025 01:00:00 +01:00,2833.05,5106.22,2273.18
28.12.2025 02:00:00 +01:00,2725.54,5105.20,2379.66
28.12.2025 03:00:00 +01:00,2907.36,5105.98,2198.62
28.12.2025 04:00:00 +01:00,2809.24,5076.71,2267.47
28.12.2025 05:00:00 +01:00,2412.95,4996.91,2583.96
28.12.2025 06:00:00 +01:00,2557.85,5097.39,2539.54
28.12.2025 07:00:00 +01:00,2556.66,5095.59,2538.93
28.12.2025 08:00:00 +01:00,2672.45,5118.75,2446.30
28.12.2025 09:00:00 +01:00,2745.07,5120.94,2375.87
28.12.2025 10:00:00 +01:00,2839.56,5002.81,2163.24
28.12.2025 11:00:00 +01:00,2719.67,4790.73,2071.06
28.12.2025 12:00:00 +01:00,2559.88,4909.70,2349.83
28.12.2025 13:00:00 +01:00,2613.95,4881.32,2267.37
28.12.2025 14:00:00 +01:00,2521.14,4945.44,2424.30
28.12.2025 15:00:00 +01:00,2720.01,4924.66,2204.65
28.12.2025 16:00:00 +01:00,2732.34,4867.21,2134.87
28.12.2025 17:00:00 +01:00,2848.42,4692.67,1844.25
28.12.2025 18:00:00 +01:00,2616.11,4278.18,1662.06
28.12.2025 19:00:00 +01:00,2836.64,3777.44,940.80
28.12.2025 20:00:00 +01:00,2966.08,3489.32,523.24
28.12.2025 21:00:00 +01:00,2894.09,3245.51,351.42
28.12.2025 22:00:00 +01:00,2688.70,3296.76,608.06
28.12.2025 23:00:00 +01:00,3087.07,3247.15,160.08
29.12.2025 00:00:00 +01:00,3145.79,3262.99,117.20
29.12.2025 01:00:00 +01:00,3007.20,3260.31,253.11
29.12.2025 02:00:00 +01:00,3205.67,3222.23,16.56
29.12.2025 03:00:00 +01:00,3234.64,3237.90,3.26
29.12.2025 04:00:00 +01:00,3106.84,3239.27,132.44
29.12.2025 05:00:00 +01:00,2994.03,3302.36,308.32
29.12.2025 06:00:00 +01:00,3164.99,3465.54,300.55
29.12.2025 07:00:00 +01:00,3136.51,3980.23,843.72
29.12.2025 08:00:00 +01:00,3199.61,4356.55,1156.94
29.12.2025 09:00:00 +01:00,2937.70,4312.55,1374.85
29.12.2025 10:00:00 +01:00,3009.98,4411.51,1401.53
29.12.2025 11:00:00 +01:00,3151.07,4124.27,973.20
29.12.2025 12:00:00 +01:00,3126.39,3722.11,595.72
29.12.2025 13:00:00 +01:00,3067.42,3757.80,690.38
29.12.2025 14:00:00 +01:00,3180.61,4291.69,1111.08
29.12.2025 15:00:00 +01:00,3086.89,4580.97,1494.08
29.12.2025 16:00:00 +01:00,3078.09,4749.20,1671.12
29.12.2025 17:00:00 +01:00,2983.35,4887.02,1903.67
29.12.2025 18:00:00 +01:00,2902.35,4808.79,1906.44
29.12.2025 19:00:00 +01:00,3062.93,4705.69,1642.76
29.12.2025 20:00:00 +01:00,3001.38,4895.45,1894.07
29.12.2025 21:00:00 +01:00,2992.76,4618.33,1625.58
29.12.2025 22:00:00 +01:00,2862.36,4774.22,1911.85
29.12.2025 23:00:00 +01:00,2828.77,4795.34,1966.57
30.12.2025 00:00:00 +01:00,2679.31,4551.95,1872.63
30.12.2025 01:00:00 +01:00,2771.75,4229.73,1457.98
30.12.2025 02:00:00 +01:00,2884.34,3678.27,793.93
30.12.2025 03:00:00 +01:00,3088.26,2468.32,-619.94
30.12.2025 04:00:00 +01:00,3233.44,2302.60,-930.83
30.12.2025 05:00:00 +01:00,2945.32,3448.23,502.90
30.12.2025 06:00:00 +01:00,2964.83,4170.52,1205.69
30.12.2025 07:00:00 +01:00,3021.51,4719.67,1698.16
30.12.2025 08:00:00 +01:00,3207.75,4902.03,1694.28
30.12.2025 09:00:00 +01:00,3382.29,4793.00,1410.71
30.12.2025 10:00:00 +01:00,3355.48,4580.36,1224.88
30.12.2025 11:00:00 +01:00,3156.80,4125.68,968.88
30.12.2025 12:00:00 +01:00,3189.25,3841.78,652.52
30.12.2025 13:00:00 +01:00,2944.88,3771.75,826.87
30.12.2025 14:00:00 +01:00,2262.89,4449.04,2186.15
30.12.2025 15:00:00 +01:00,1232.18,4015.00,2782.83
30.12.2025 16:00:00 +01:00,641.40,3677.88,3036.48
30.12.2025 17:00:00 +01:00,378.93,3627.59,3248.66
30.12.2025 18:00:00 +01:00,331.24,3856.81,3525.58
30.12.2025 19:00:00 +01:00,709.56,4318.08,3608.52
30.12.2025 20:00:00 +01:00,692.81,4901.23,4208.42
30.12.2025 21:00:00 +01:00,679.78,4847.65,4167.87
30.12.2025 22:00:00 +01:00,733.50,5029.65,4296.14
30.12.2025 23:00:00 +01:00,653.12,5176.81,4523.68
31.12.2025 00:00:00 +01:00,746.80,5021.71,4274.91
31.12.2025 01:00:00 +01:00,1026.93,4409.45,3382.52
31.12.2025 02:00:00 +01:00,1035.31,3721.12,2685.81
31.12.2025 03:00:00 +01:00,1032.28,3200.03,2167.75
31.12.2025 04:00:00 +01:00,1243.52,3021.78,1778.26
31.12.2025 05:00:00 +01:00,1228.81,3204.32,1975.52
31.12.2025 06:00:00 +01:00,865.28,3651.03,2785.75
31.12.2025 07:00:00 +01:00,233.86,3988.62,3754.76
31.12.2025 08:00:00 +01:00,168.29,4446.61,4278.32
31.12.2025 09:00:00 +01:00,1.05,4130.88,4129.83
31.12.2025 10:00:00 +01:00,0.04,4003.47,4003.43
31.12.2025 11:00:00 +01:00,10.21,3611.20,3600.99
31.12.2025 12:00:00 +01:00,7.33,3525.98,3518.64
31.12.2025 13:00:00 +01:00,162.33,3529.36,3367.03
31.12.2025 14:00:00 +01:00,54.91,4181.82,4126.91
31.12.2025 15:00:00 +01:00,0.00,4770.62,4770.62
31.12.2025 16:00:00 +01:00,0.00,4349.57,4349.57
31.12.2025 17:00:00 +01:00,0.00,4224.13,4224.13
31.12.2025 18:00:00 +01:00,0.00,4555.36,4555.36
31.12.2025 19:00:00 +01:00,44.25,4158.00,4113.75
31.12.2025 20:00:00 +01:00,997.66,3941.43,2943.76
31.12.2025 21:00:00 +01:00,1379.38,3347.26,1967.88
31.12.2025 22:00:00 +01:00,1696.30,3287.51,1591.22
31.12.2025 23:00:00 +01:00,3211.34,3030.54,-180.81
