modell,nullverdi,p_wcr,akseptert_5pst
D7_g_B999,0.015837414174397095,0.001,0
D7_g_B999,0.01584443571422565,0.001,0
D7_g_B999,0.01585145725405421,0.001,0
D7_g_B999,0.015858478793882767,0.001,0
D7_g_B999,0.015865500333711324,0.001,0
D7_g_B999,0.015872521873539883,0.001,0
D7_g_B999,0.01587954341336844,0.001,0
D7_g_B999,0.015886564953196996,0.001,0
D7_g_B999,0.015893586493025556,0.001,0
D7_g_B999,0.015900608032854112,0.001,0
D7_g_B999,0.015907629572682668,0.001,0
D7_g_B999,0.015914651112511228,0.001,0
D7_g_B999,0.015921672652339784,0.001,0
D7_g_B999,0.015928694192168344,0.001,0
D7_g_B999,0.0159357157319969,0.001,0
D7_g_B999,0.015942737271825456,0.001,0
D7_g_B999,0.015949758811654016,0.001,0
D7_g_B999,0.015956780351482572,0.001,0
D7_g_B999,0.01596380189131113,0.001,0
D7_g_B999,0.01597082343113969,0.001,0
D7_g_B999,0.015977844970968245,0.001,0
D7_g_B999,0.0159848665107968,0.001,0
D7_g_B999,0.01599188805062536,0.001,0
D7_g_B999,0.015998909590453917,0.001,0
D7_g_B999,0.016005931130282473,0.001,0
D7_g_B999,0.016012952670111033,0.001,0
D7_g_B999,0.01601997420993959,0.001,0
D7_g_B999,0.016026995749768146,0.001,0
D7_g_B999,0.016034017289596705,0.001,0
D7_g_B999,0.01604103882942526,0.001,0
D7_g_B999,0.016048060369253818,0.001,0
D7_g_B999,0.016055081909082378,0.001,0
D7_g_B999,0.016062103448910934,0.001,0
D7_g_B999,0.01606912498873949,0.001,0
D7_g_B999,0.01607614652856805,0.001,0
D7_g_B999,0.016083168068396606,0.001,0
D7_g_B999,0.016090189608225162,0.001,0
D7_g_B999,0.016097211148053722,0.001,0
D7_g_B999,0.01610423268788228,0.001,0
D7_g_B999,0.016111254227710838,0.001,0
D7_g_B999,0.016118275767539395,0.001,0
D7_g_B999,0.01612529730736795,0.001,0
D7_g_B999,0.01613231884719651,0.001,0
D7_g_B999,0.016139340387025067,0.001,0
D7_g_B999,0.016146361926853623,0.001,0
D7_g_B999,0.016153383466682183,0.001,0
D7_g_B999,0.01616040500651074,0.001,0
D7_g_B999,0.016167426546339295,0.001,0
D7_g_B999,0.016174448086167855,0.001,0
D7_g_B999,0.01618146962599641,0.001,0
D7_g_B999,0.016188491165824968,0.001,0
D7_g_B999,0.016195512705653527,0.001,0
D7_g_B999,0.016202534245482084,0.001,0
D7_g_B999,0.01620955578531064,0.001,0
D7_g_B999,0.0162165773251392,0.001,0
D7_g_B999,0.016223598864967756,0.001,0
D7_g_B999,0.016230620404796312,0.001,0
D7_g_B999,0.016237641944624872,0.001,0
D7_g_B999,0.016244663484453428,0.001,0
D7_g_B999,0.016251685024281984,0.001,0
D7_g_B999,0.016258706564110544,0.001,0
D7_g_B999,0.0162657281039391,0.001,0
D7_g_B999,0.016272749643767657,0.001,0
D7_g_B999,0.016279771183596217,0.001,0
D7_g_B999,0.016286792723424773,0.001,0
D7_g_B999,0.016293814263253333,0.001,0
D7_g_B999,0.01630083580308189,0.001,0
D7_g_B999,0.016307857342910445,0.001,0
D7_g_B999,0.016314878882739005,0.001,0
D7_g_B999,0.01632190042256756,0.001,0
D7_g_B999,0.016328921962396117,0.001,0
D7_g_B999,0.016335943502224677,0.001,0
D7_g_B999,0.016342965042053233,0.001,0
D7_g_B999,0.01634998658188179,0.001,0
D7_g_B999,0.01635700812171035,0.001,0
D7_g_B999,0.016364029661538906,0.001,0
D7_g_B999,0.016371051201367462,0.001,0
D7_g_B999,0.01637807274119602,0.001,0
D7_g_B999,0.016385094281024578,0.001,0
D7_g_B999,0.016392115820853134,0.001,0
D7_g_B999,0.016399137360681694,0.001,0
D7_g_B999,0.01640615890051025,0.001,0
D7_g_B999,0.016413180440338807,0.001,0
D7_g_B999,0.016420201980167366,0.001,0
D7_g_B999,0.016427223519995923,0.001,0
D7_g_B999,0.01643424505982448,0.001,0
D7_g_B999,0.01644126659965304,0.001,0
D7_g_B999,0.016448288139481595,0.001,0
D7_g_B999,0.01645530967931015,0.001,0
D7_g_B999,0.01646233121913871,0.001,0
D7_g_B999,0.016469352758967267,0.001,0
D7_g_B999,0.016476374298795827,0.001,0
D7_g_B999,0.016483395838624383,0.001,0
D7_g_B999,0.01649041737845294,0.001,0
D7_g_B999,0.0164974389182815,0.001,0
D7_g_B999,0.016504460458110055,0.001,0
D7_g_B999,0.01651148199793861,0.001,0
D7_g_B999,0.01651850353776717,0.001,0
D7_g_B999,0.016525525077595728,0.001,0
D7_g_B999,0.016532546617424284,0.001,0
D7_g_B999,0.016539568157252844,0.001,0
D7_g_B999,0.0165465896970814,0.001,0
D7_g_B999,0.016553611236909956,0.001,0
D7_g_B999,0.016560632776738516,0.001,0
D7_g_B999,0.016567654316567072,0.001,0
D7_g_B999,0.01657467585639563,0.001,0
D7_g_B999,0.01658169739622419,0.001,0
D7_g_B999,0.016588718936052745,0.001,0
D7_g_B999,0.0165957404758813,0.001,0
D7_g_B999,0.01660276201570986,0.001,0
D7_g_B999,0.016609783555538417,0.001,0
D7_g_B999,0.016616805095366973,0.001,0
D7_g_B999,0.016623826635195533,0.001,0
D7_g_B999,0.01663084817502409,0.001,0
D7_g_B999,0.01663786971485265,0.001,0
D7_g_B999,0.016644891254681205,0.001,0
D7_g_B999,0.01665191279450976,0.001,0
D7_g_B999,0.01665893433433832,0.001,0
D7_g_B999,0.016665955874166877,0.001,0
D7_g_B999,0.016672977413995434,0.001,0
D7_g_B999,0.016679998953823993,0.001,0
D7_g_B999,0.01668702049365255,0.001,0
D7_g_B999,0.016694042033481106,0.001,0
D7_g_B999,0.016701063573309666,0.001,0
D7_g_B999,0.016708085113138222,0.001,0
D7_g_B999,0.01671510665296678,0.001,0
D7_g_B999,0.016722128192795338,0.001,0
D7_g_B999,0.016729149732623894,0.001,0
D7_g_B999,0.01673617127245245,0.001,0
D7_g_B999,0.01674319281228101,0.001,0
D7_g_B999,0.016750214352109567,0.001,0
D7_g_B999,0.016757235891938123,0.001,0
D7_g_B999,0.016764257431766683,0.001,0
D7_g_B999,0.01677127897159524,0.001,0
D7_g_B999,0.016778300511423795,0.001,0
D7_g_B999,0.016785322051252355,0.001,0
D7_g_B999,0.01679234359108091,0.001,0
D7_g_B999,0.016799365130909467,0.001,0
D7_g_B999,0.016806386670738027,0.001,0
D7_g_B999,0.016813408210566583,0.001,0
D7_g_B999,0.01682042975039514,0.001,0
D7_g_B999,0.0168274512902237,0.001,0
D7_g_B999,0.016834472830052256,0.001,0
D7_g_B999,0.016841494369880815,0.001,0
D7_g_B999,0.016848515909709372,0.001,0
D7_g_B999,0.016855537449537928,0.001,0
D7_g_B999,0.016862558989366488,0.001,0
D7_g_B999,0.016869580529195044,0.001,0
D7_g_B999,0.0168766020690236,0.001,0
D7_g_B999,0.01688362360885216,0.001,0
D7_g_B999,0.016890645148680716,0.001,0
D7_g_B999,0.016897666688509273,0.001,0
D7_g_B999,0.016904688228337832,0.001,0
D7_g_B999,0.01691170976816639,0.001,0
D7_g_B999,0.016918731307994945,0.001,0
D7_g_B999,0.016925752847823505,0.001,0
D7_g_B999,0.01693277438765206,0.001,0
D7_g_B999,0.016939795927480617,0.001,0
D7_g_B999,0.016946817467309177,0.001,0
D7_g_B999,0.016953839007137733,0.001,0
D7_g_B999,0.01696086054696629,0.001,0
D7_g_B999,0.01696788208679485,0.001,0
D7_g_B999,0.016974903626623405,0.001,0
D7_g_B999,0.016981925166451965,0.001,0
D7_g_B999,0.01698894670628052,0.001,0
D7_g_B999,0.016995968246109078,0.001,0
D7_g_B999,0.017002989785937637,0.001,0
D7_g_B999,0.017010011325766194,0.001,0
D7_g_B999,0.01701703286559475,0.001,0
D7_g_B999,0.01702405440542331,0.001,0
D7_g_B999,0.017031075945251866,0.001,0
D7_g_B999,0.017038097485080422,0.001,0
D7_g_B999,0.017045119024908982,0.001,0
D7_g_B999,0.01705214056473754,0.001,0
D7_g_B999,0.017059162104566095,0.001,0
D7_g_B999,0.017066183644394654,0.001,0
D7_g_B999,0.01707320518422321,0.001,0
D7_g_B999,0.017080226724051767,0.001,0
D7_g_B999,0.017087248263880327,0.001,0
D7_g_B999,0.017094269803708883,0.001,0
D7_g_B999,0.01710129134353744,0.001,0
D7_g_B999,0.017108312883366,0.001,0
D7_g_B999,0.017115334423194555,0.001,0
D7_g_B999,0.01712235596302311,0.001,0
D7_g_B999,0.01712937750285167,0.001,0
D7_g_B999,0.017136399042680227,0.001,0
D7_g_B999,0.017143420582508784,0.001,0
D7_g_B999,0.017150442122337343,0.001,0
D7_g_B999,0.0171574636621659,0.001,0
D7_g_B999,0.017164485201994456,0.001,0
D7_g_B999,0.017171506741823016,0.001,0
D7_g_B999,0.017178528281651572,0.001,0
D7_g_B999,0.01718554982148013,0.001,0
D7_g_B999,0.017192571361308688,0.001,0
D7_g_B999,0.017199592901137244,0.001,0
D7_g_B999,0.017206614440965804,0.001,0
D7_g_B999,0.01721363598079436,0.001,0
D7_g_B999,0.017220657520622917,0.001,0
D7_g_B999,0.017227679060451476,0.001,0
D7_g_B999,0.017234700600280033,0.001,0
D7_g_B999,0.01724172214010859,0.001,0
D7_g_B999,0.01724874367993715,0.001,0
D7_g_B999,0.017255765219765705,0.001,0
D7_g_B999,0.01726278675959426,0.001,0
D7_g_B999,0.01726980829942282,0.001,0
D7_g_B999,0.017276829839251377,0.001,0
D7_g_B999,0.017283851379079933,0.001,0
D7_g_B999,0.017290872918908493,0.001,0
D7_g_B999,0.01729789445873705,0.001,0
D7_g_B999,0.017304915998565606,0.001,0
D7_g_B999,0.017311937538394166,0.001,0
D7_g_B999,0.017318959078222722,0.001,0
D7_g_B999,0.017325980618051278,0.001,0
D7_g_B999,0.017333002157879838,0.001,0
D7_g_B999,0.017340023697708394,0.001,0
D7_g_B999,0.017347045237536954,0.001,0
D7_g_B999,0.01735406677736551,0.001,0
D7_g_B999,0.017361088317194066,0.001,0
D7_g_B999,0.017368109857022626,0.001,0
D7_g_B999,0.017375131396851182,0.001,0
D7_g_B999,0.01738215293667974,0.001,0
D7_g_B999,0.0173891744765083,0.001,0
D7_g_B999,0.017396196016336855,0.001,0
D7_g_B999,0.01740321755616541,0.001,0
D7_g_B999,0.01741023909599397,0.001,0
D7_g_B999,0.017417260635822527,0.001,0
D7_g_B999,0.017424282175651083,0.001,0
D7_g_B999,0.017431303715479643,0.001,0
D7_g_B999,0.0174383252553082,0.001,0
D7_g_B999,0.017445346795136756,0.001,0
D7_g_B999,0.017452368334965315,0.001,0
D7_g_B999,0.01745938987479387,0.001,0
D7_g_B999,0.017466411414622428,0.001,0
D7_g_B999,0.017473432954450988,0.001,0
D7_g_B999,0.017480454494279544,0.001,0
D7_g_B999,0.0174874760341081,0.001,0
D7_g_B999,0.01749449757393666,0.001,0
D7_g_B999,0.017501519113765216,0.001,0
D7_g_B999,0.017508540653593772,0.001,0
D7_g_B999,0.017515562193422332,0.001,0
D7_g_B999,0.01752258373325089,0.001,0
D7_g_B999,0.017529605273079445,0.001,0
D7_g_B999,0.017536626812908004,0.001,0
D7_g_B999,0.01754364835273656,0.001,0
D7_g_B999,0.017550669892565117,0.001,0
D7_g_B999,0.017557691432393677,0.001,0
D7_g_B999,0.017564712972222233,0.001,0
D7_g_B999,0.017571734512050793,0.001,0
D7_g_B999,0.01757875605187935,0.001,0
D7_g_B999,0.017585777591707905,0.001,0
D7_g_B999,0.017592799131536465,0.001,0
D7_g_B999,0.01759982067136502,0.001,0
D7_g_B999,0.017606842211193578,0.001,0
D7_g_B999,0.017613863751022137,0.001,0
D7_g_B999,0.017620885290850694,0.001,0
D7_g_B999,0.01762790683067925,0.001,0
D7_g_B999,0.01763492837050781,0.001,0
D7_g_B999,0.017641949910336366,0.001,0
D7_g_B999,0.017648971450164922,0.001,0
D7_g_B999,0.017655992989993482,0.001,0
D7_g_B999,0.017663014529822038,0.001,0
D7_g_B999,0.017670036069650594,0.001,0
D7_g_B999,0.017677057609479154,0.001,0
D7_g_B999,0.01768407914930771,0.001,0
D7_g_B999,0.017691100689136267,0.001,0
D7_g_B999,0.017698122228964826,0.001,0
D7_g_B999,0.017705143768793383,0.001,0
D7_g_B999,0.017712165308621942,0.001,0
D7_g_B999,0.0177191868484505,0.001,0
D7_g_B999,0.017726208388279055,0.001,0
D7_g_B999,0.017733229928107615,0.001,0
D7_g_B999,0.01774025146793617,0.001,0
D7_g_B999,0.017747273007764727,0.001,0
D7_g_B999,0.017754294547593287,0.001,0
D7_g_B999,0.017761316087421843,0.001,0
D7_g_B999,0.0177683376272504,0.001,0
D7_g_B999,0.01777535916707896,0.001,0
D7_g_B999,0.017782380706907516,0.001,0
D7_g_B999,0.017789402246736072,0.001,0
D7_g_B999,0.01779642378656463,0.001,0
D7_g_B999,0.017803445326393188,0.001,0
D7_g_B999,0.017810466866221744,0.001,0
D7_g_B999,0.017817488406050304,0.001,0
D7_g_B999,0.01782450994587886,0.001,0
D7_g_B999,0.017831531485707416,0.001,0
D7_g_B999,0.017838553025535976,0.001,0
D7_g_B999,0.017845574565364532,0.001,0
D7_g_B999,0.01785259610519309,0.001,0
D7_g_B999,0.01785961764502165,0.001,0
D7_g_B999,0.017866639184850205,0.001,0
D7_g_B999,0.01787366072467876,0.001,0
D7_g_B999,0.01788068226450732,0.001,0
D7_g_B999,0.017887703804335877,0.001,0
D7_g_B999,0.017894725344164433,0.001,0
D7_g_B999,0.017901746883992993,0.001,0
D7_g_B999,0.01790876842382155,0.001,0
D7_g_B999,0.017915789963650106,0.001,0
D7_g_B999,0.017922811503478665,0.001,0
D7_g_B999,0.01792983304330722,0.001,0
D7_g_B999,0.01793685458313578,0.001,0
D7_g_B999,0.017943876122964338,0.001,0
D7_g_B999,0.017950897662792894,0.001,0
D7_g_B999,0.017957919202621454,0.001,0
D7_g_B999,0.01796494074245001,0.001,0
D7_g_B999,0.017971962282278566,0.001,0
D7_g_B999,0.017978983822107126,0.001,0
D7_g_B999,0.017986005361935682,0.001,0
D7_g_B999,0.01799302690176424,0.001,0
D7_g_B999,0.018000048441592798,0.001,0
D7_g_B999,0.018007069981421354,0.001,0
D7_g_B999,0.01801409152124991,0.001,0
D7_g_B999,0.01802111306107847,0.001,0
D7_g_B999,0.018028134600907027,0.001,0
D7_g_B999,0.018035156140735583,0.001,0
D7_g_B999,0.018042177680564143,0.001,0
D7_g_B999,0.0180491992203927,0.001,0
D7_g_B999,0.01805622076022126,0.001,0
D7_g_B999,0.018063242300049815,0.001,0
D7_g_B999,0.01807026383987837,0.001,0
D7_g_B999,0.01807728537970693,0.001,0
D7_g_B999,0.018084306919535487,0.001,0
D7_g_B999,0.018091328459364044,0.001,0
D7_g_B999,0.018098349999192603,0.001,0
D7_g_B999,0.01810537153902116,0.001,0
D7_g_B999,0.018112393078849716,0.001,0
D7_g_B999,0.018119414618678276,0.001,0
D7_g_B999,0.018126436158506832,0.001,0
D7_g_B999,0.018133457698335388,0.001,0
D7_g_B999,0.018140479238163948,0.001,0
D7_g_B999,0.018147500777992504,0.001,0
D7_g_B999,0.01815452231782106,0.001,0
D7_g_B999,0.01816154385764962,0.001,0
D7_g_B999,0.018168565397478176,0.001,0
D7_g_B999,0.018175586937306733,0.001,0
D7_g_B999,0.018182608477135292,0.001,0
D7_g_B999,0.01818963001696385,0.001,0
D7_g_B999,0.018196651556792405,0.001,0
D7_g_B999,0.018203673096620965,0.001,0
D7_g_B999,0.01821069463644952,0.001,0
D7_g_B999,0.018217716176278077,0.001,0
D7_g_B999,0.018224737716106637,0.001,0
D7_g_B999,0.018231759255935193,0.001,0
D7_g_B999,0.01823878079576375,0.001,0
D7_g_B999,0.01824580233559231,0.001,0
D7_g_B999,0.018252823875420866,0.001,0
D7_g_B999,0.018259845415249422,0.001,0
D7_g_B999,0.01826686695507798,0.001,0
D7_g_B999,0.018273888494906538,0.001,0
D7_g_B999,0.018280910034735094,0.001,0
D7_g_B999,0.018287931574563654,0.001,0
D7_g_B999,0.01829495311439221,0.001,0
D7_g_B999,0.01830197465422077,0.001,0
D7_g_B999,0.018308996194049326,0.001,0
D7_g_B999,0.018316017733877882,0.001,0
D7_g_B999,0.018323039273706442,0.001,0
D7_g_B999,0.018330060813535,0.001,0
D7_g_B999,0.018337082353363555,0.001,0
D7_g_B999,0.018344103893192115,0.001,0
D7_g_B999,0.01835112543302067,0.001,0
D7_g_B999,0.018358146972849227,0.001,0
D7_g_B999,0.018365168512677787,0.001,0
D7_g_B999,0.018372190052506343,0.001,0
D7_g_B999,0.0183792115923349,0.001,0
D7_g_B999,0.01838623313216346,0.001,0
D7_g_B999,0.018393254671992015,0.001,0
D7_g_B999,0.018400276211820575,0.001,0
D7_g_B999,0.01840729775164913,0.001,0
D7_g_B999,0.018414319291477688,0.001,0
D7_g_B999,0.018421340831306247,0.001,0
D7_g_B999,0.018428362371134804,0.001,0
D7_g_B999,0.01843538391096336,0.001,0
D7_g_B999,0.01844240545079192,0.001,0
D7_g_B999,0.018449426990620476,0.001,0
D7_g_B999,0.018456448530449032,0.001,0
D7_g_B999,0.018463470070277592,0.001,0
D7_g_B999,0.018470491610106148,0.001,0
D7_g_B999,0.018477513149934705,0.001,0
D7_g_B999,0.018484534689763264,0.001,0
D7_g_B999,0.01849155622959182,0.001,0
D7_g_B999,0.018498577769420377,0.001,0
D7_g_B999,0.018505599309248937,0.001,0
D7_g_B999,0.018512620849077493,0.001,0
D7_g_B999,0.01851964238890605,0.001,0
D7_g_B999,0.01852666392873461,0.001,0
D7_g_B999,0.018533685468563165,0.001,0
D7_g_B999,0.01854070700839172,0.001,0
D7_g_B999,0.01854772854822028,0.001,0
D7_g_B999,0.018554750088048837,0.001,0
D7_g_B999,0.018561771627877394,0.001,0
D7_g_B999,0.018568793167705953,0.001,0
D7_g_B999,0.01857581470753451,0.001,0
D7_g_B999,0.018582836247363066,0.001,0
D7_g_B999,0.018589857787191626,0.001,0
D7_g_B999,0.018596879327020182,0.001,0
D7_g_B999,0.018603900866848738,0.001,0
D7_g_B999,0.018610922406677298,0.001,0
D7_g_B999,0.018617943946505854,0.001,0
D7_g_B999,0.01862496548633441,0.001,0
D7_g_B999,0.01863198702616297,0.001,0
D7_g_B999,0.018639008565991527,0.001,0
D7_g_B999,0.018646030105820086,0.001,0
D7_g_B999,0.018653051645648643,0.001,0
D7_g_B999,0.0186600731854772,0.001,0
D7_g_B999,0.01866709472530576,0.001,0
D7_g_B999,0.018674116265134315,0.001,0
D7_g_B999,0.01868113780496287,0.001,0
D7_g_B999,0.01868815934479143,0.001,0
D7_g_B999,0.018695180884619987,0.001,0
D7_g_B999,0.018702202424448543,0.001,0
D7_g_B999,0.018709223964277103,0.001,0
D7_g_B999,0.01871624550410566,0.001,0
D7_g_B999,0.018723267043934216,0.001,0
D7_g_B999,0.018730288583762775,0.001,0
D7_g_B999,0.01873731012359133,0.001,0
D7_g_B999,0.018744331663419888,0.001,0
D7_g_B999,0.018751353203248448,0.001,0
D7_g_B999,0.018758374743077004,0.001,0
D7_g_B999,0.018765396282905564,0.001,0
D7_g_B999,0.01877241782273412,0.001,0
D7_g_B999,0.018779439362562676,0.001,0
D7_g_B999,0.018786460902391236,0.001,0
D7_g_B999,0.018793482442219792,0.001,0
D7_g_B999,0.01880050398204835,0.001,0
D7_g_B999,0.01880752552187691,0.001,0
D7_g_B999,0.018814547061705465,0.001,0
D7_g_B999,0.01882156860153402,0.001,0
D7_g_B999,0.01882859014136258,0.001,0
D7_g_B999,0.018835611681191137,0.001,0
D7_g_B999,0.018842633221019693,0.001,0
D7_g_B999,0.018849654760848253,0.001,0
D7_g_B999,0.01885667630067681,0.001,0
D7_g_B999,0.018863697840505365,0.001,0
D7_g_B999,0.018870719380333925,0.001,0
D7_g_B999,0.01887774092016248,0.001,0
D7_g_B999,0.018884762459991038,0.001,0
D7_g_B999,0.018891783999819597,0.001,0
D7_g_B999,0.018898805539648154,0.001,0
D7_g_B999,0.01890582707947671,0.001,0
D7_g_B999,0.01891284861930527,0.001,0
D7_g_B999,0.018919870159133826,0.001,0
D7_g_B999,0.018926891698962382,0.001,0
D7_g_B999,0.018933913238790942,0.001,0
D7_g_B999,0.0189409347786195,0.001,0
D7_g_B999,0.018947956318448055,0.001,0
D7_g_B999,0.018954977858276614,0.001,0
D7_g_B999,0.01896199939810517,0.001,0
D7_g_B999,0.018969020937933727,0.001,0
D7_g_B999,0.018976042477762287,0.001,0
D7_g_B999,0.018983064017590843,0.001,0
D7_g_B999,0.0189900855574194,0.001,0
D7_g_B999,0.01899710709724796,0.001,0
D7_g_B999,0.019004128637076515,0.001,0
D7_g_B999,0.019011150176905075,0.001,0
D7_g_B999,0.01901817171673363,0.001,0
D7_g_B999,0.019025193256562187,0.001,0
D7_g_B999,0.019032214796390747,0.001,0
D7_g_B999,0.019039236336219303,0.001,0
D7_g_B999,0.01904625787604786,0.001,0
D7_g_B999,0.01905327941587642,0.001,0
D7_g_B999,0.019060300955704976,0.001,0
D7_g_B999,0.019067322495533532,0.001,0
D7_g_B999,0.019074344035362092,0.001,0
D7_g_B999,0.019081365575190648,0.001,0
D7_g_B999,0.019088387115019204,0.001,0
D7_g_B999,0.019095408654847764,0.001,0
D7_g_B999,0.01910243019467632,0.001,0
D7_g_B999,0.01910945173450488,0.001,0
D7_g_B999,0.019116473274333436,0.001,0
D7_g_B999,0.019123494814161993,0.001,0
D7_g_B999,0.019130516353990552,0.001,0
D7_g_B999,0.01913753789381911,0.001,0
D7_g_B999,0.019144559433647665,0.001,0
D7_g_B999,0.019151580973476225,0.001,0
D7_g_B999,0.01915860251330478,0.001,0
D7_g_B999,0.019165624053133337,0.001,0
D7_g_B999,0.019172645592961897,0.001,0
D7_g_B999,0.019179667132790453,0.001,0
D7_g_B999,0.01918668867261901,0.001,0
D7_g_B999,0.01919371021244757,0.001,0
D7_g_B999,0.019200731752276125,0.001,0
D7_g_B999,0.019207753292104682,0.001,0
D7_g_B999,0.01921477483193324,0.001,0
D7_g_B999,0.019221796371761798,0.001,0
D7_g_B999,0.019228817911590354,0.001,0
D7_g_B999,0.019235839451418914,0.001,0
D7_g_B999,0.01924286099124747,0.001,0
D7_g_B999,0.019249882531076026,0.001,0
D7_g_B999,0.019256904070904586,0.001,0
D7_g_B999,0.019263925610733142,0.001,0
D7_g_B999,0.0192709471505617,0.001,0
D7_g_B999,0.01927796869039026,0.001,0
D7_g_B999,0.019284990230218815,0.001,0
D7_g_B999,0.01929201177004737,0.001,0
D7_g_B999,0.01929903330987593,0.001,0
D7_g_B999,0.019306054849704487,0.001,0
D7_g_B999,0.019313076389533043,0.001,0
D7_g_B999,0.019320097929361603,0.001,0
D7_g_B999,0.01932711946919016,0.001,0
D7_g_B999,0.019334141009018715,0.001,0
D7_g_B999,0.019341162548847275,0.001,0
D7_g_B999,0.01934818408867583,0.001,0
D7_g_B999,0.01935520562850439,0.001,0
D7_g_B999,0.019362227168332947,0.001,0
D7_g_B999,0.019369248708161504,0.001,0
D7_g_B999,0.019376270247990064,0.001,0
D7_g_B999,0.01938329178781862,0.001,0
D7_g_B999,0.019390313327647176,0.001,0
D7_g_B999,0.019397334867475736,0.001,0
D7_g_B999,0.019404356407304292,0.001,0
D7_g_B999,0.01941137794713285,0.001,0
D7_g_B999,0.019418399486961408,0.001,0
D7_g_B999,0.019425421026789964,0.001,0
D7_g_B999,0.01943244256661852,0.001,0
D7_g_B999,0.01943946410644708,0.001,0
D7_g_B999,0.019446485646275637,0.001,0
D7_g_B999,0.019453507186104193,0.001,0
D7_g_B999,0.019460528725932753,0.001,0
D7_g_B999,0.01946755026576131,0.001,0
D7_g_B999,0.01947457180558987,0.001,0
D7_g_B999,0.019481593345418425,0.001,0
D7_g_B999,0.01948861488524698,0.001,0
D7_g_B999,0.01949563642507554,0.001,0
D7_g_B999,0.019502657964904097,0.001,0
D7_g_B999,0.019509679504732653,0.001,0
D7_g_B999,0.019516701044561213,0.001,0
D7_g_B999,0.01952372258438977,0.001,0
D7_g_B999,0.019530744124218326,0.001,0
D7_g_B999,0.019537765664046886,0.001,0
D7_g_B999,0.019544787203875442,0.001,0
D7_g_B999,0.019551808743703998,0.001,0
D7_g_B999,0.019558830283532558,0.001,0
D7_g_B999,0.019565851823361114,0.001,0
D7_g_B999,0.01957287336318967,0.001,0
D7_g_B999,0.01957989490301823,0.001,0
D7_g_B999,0.019586916442846786,0.001,0
D7_g_B999,0.019593937982675343,0.001,0
D7_g_B999,0.019600959522503902,0.001,0
D7_g_B999,0.01960798106233246,0.001,0
D7_g_B999,0.019615002602161015,0.001,0
D7_g_B999,0.019622024141989575,0.001,0
D7_g_B999,0.01962904568181813,0.001,0
D7_g_B999,0.019636067221646687,0.001,0
D7_g_B999,0.019643088761475247,0.001,0
D7_g_B999,0.019650110301303803,0.001,0
D7_g_B999,0.01965713184113236,0.001,0
D7_g_B999,0.01966415338096092,0.001,0
D7_g_B999,0.019671174920789476,0.001,0
D7_g_B999,0.019678196460618032,0.001,0
D7_g_B999,0.01968521800044659,0.001,0
D7_g_B999,0.019692239540275148,0.001,0
D7_g_B999,0.019699261080103704,0.001,0
D7_g_B999,0.019706282619932264,0.001,0
D7_g_B999,0.01971330415976082,0.001,0
D7_g_B999,0.01972032569958938,0.001,0
D7_g_B999,0.019727347239417936,0.001,0
D7_g_B999,0.019734368779246492,0.001,0
D7_g_B999,0.019741390319075052,0.001,0
D7_g_B999,0.01974841185890361,0.001,0
D7_g_B999,0.019755433398732165,0.001,0
D7_g_B999,0.019762454938560724,0.001,0
D7_g_B999,0.01976947647838928,0.001,0
D7_g_B999,0.019776498018217837,0.001,0
D7_g_B999,0.019783519558046397,0.001,0
D7_g_B999,0.019790541097874953,0.001,0
D7_g_B999,0.019797562637703513,0.001,0
D7_g_B999,0.01980458417753207,0.001,0
D7_g_B999,0.019811605717360625,0.001,0
D7_g_B999,0.019818627257189185,0.001,0
D7_g_B999,0.01982564879701774,0.001,0
D7_g_B999,0.019832670336846298,0.001,0
D7_g_B999,0.019839691876674857,0.001,0
D7_g_B999,0.019846713416503414,0.001,0
D7_g_B999,0.01985373495633197,0.001,0
D7_g_B999,0.01986075649616053,0.001,0
D7_g_B999,0.019867778035989086,0.001,0
D7_g_B999,0.019874799575817642,0.001,0
D7_g_B999,0.019881821115646202,0.001,0
D7_g_B999,0.019888842655474758,0.001,0
D7_g_B999,0.019895864195303314,0.001,0
D7_g_B999,0.019902885735131874,0.001,0
D7_g_B999,0.01990990727496043,0.001,0
D7_g_B999,0.019916928814788987,0.001,0
D7_g_B999,0.019923950354617546,0.001,0
D7_g_B999,0.019930971894446103,0.001,0
D7_g_B999,0.01993799343427466,0.001,0
D7_g_B999,0.01994501497410322,0.001,0
D7_g_B999,0.019952036513931775,0.001,0
D7_g_B999,0.01995905805376033,0.001,0
D7_g_B999,0.01996607959358889,0.001,0
D7_g_B999,0.019973101133417447,0.001,0
D7_g_B999,0.019980122673246004,0.001,0
D7_g_B999,0.019987144213074563,0.001,0
D7_g_B999,0.01999416575290312,0.001,0
D7_g_B999,0.020001187292731676,0.001,0
D7_g_B999,0.020008208832560236,0.001,0
D7_g_B999,0.020015230372388792,0.001,0
D7_g_B999,0.020022251912217348,0.001,0
D7_g_B999,0.020029273452045908,0.001,0
D7_g_B999,0.020036294991874464,0.001,0
D7_g_B999,0.02004331653170302,0.001,0
D7_g_B999,0.02005033807153158,0.001,0
D7_g_B999,0.020057359611360136,0.001,0
D7_g_B999,0.020064381151188693,0.001,0
D7_g_B999,0.020071402691017252,0.001,0
D7_g_B999,0.02007842423084581,0.001,0
D7_g_B999,0.020085445770674365,0.001,0
D7_g_B999,0.020092467310502925,0.001,0
D7_g_B999,0.02009948885033148,0.001,0
D7_g_B999,0.02010651039016004,0.001,0
D7_g_B999,0.020113531929988597,0.001,0
D7_g_B999,0.020120553469817153,0.001,0
D7_g_B999,0.020127575009645713,0.001,0
D7_g_B999,0.02013459654947427,0.001,0
D7_g_B999,0.020141618089302826,0.001,0
D7_g_B999,0.020148639629131385,0.001,0
D7_g_B999,0.02015566116895994,0.001,0
D7_g_B999,0.0201626827087885,0.001,0
D7_g_B999,0.020169704248617058,0.001,0
D7_g_B999,0.020176725788445614,0.001,0
D7_g_B999,0.020183747328274174,0.001,0
D7_g_B999,0.02019076886810273,0.001,0
D7_g_B999,0.020197790407931286,0.001,0
D7_g_B999,0.020204811947759846,0.001,0
D7_g_B999,0.020211833487588402,0.001,0
D7_g_B999,0.02021885502741696,0.001,0
D7_g_B999,0.020225876567245518,0.001,0
D7_g_B999,0.020232898107074074,0.001,0
D7_g_B999,0.02023991964690263,0.001,0
D7_g_B999,0.02024694118673119,0.001,0
D7_g_B999,0.020253962726559747,0.001,0
D7_g_B999,0.020260984266388303,0.001,0
D7_g_B999,0.020268005806216863,0.001,0
D7_g_B999,0.02027502734604542,0.001,0
D7_g_B999,0.020282048885873975,0.001,0
D7_g_B999,0.020289070425702535,0.001,0
D7_g_B999,0.02029609196553109,0.001,0
D7_g_B999,0.020303113505359648,0.001,0
D7_g_B999,0.020310135045188207,0.001,0
D7_g_B999,0.020317156585016764,0.001,0
D7_g_B999,0.02032417812484532,0.001,0
D7_g_B999,0.02033119966467388,0.001,0
D7_g_B999,0.020338221204502436,0.001,0
D7_g_B999,0.020345242744330992,0.001,0
D7_g_B999,0.020352264284159552,0.001,0
D7_g_B999,0.020359285823988108,0.001,0
D7_g_B999,0.020366307363816664,0.001,0
D7_g_B999,0.020373328903645224,0.001,0
D7_g_B999,0.02038035044347378,0.001,0
D7_g_B999,0.020387371983302337,0.001,0
D7_g_B999,0.020394393523130896,0.001,0
D7_g_B999,0.020401415062959453,0.001,0
D7_g_B999,0.02040843660278801,0.001,0
D7_g_B999,0.02041545814261657,0.001,0
D7_g_B999,0.020422479682445125,0.001,0
D7_g_B999,0.02042950122227368,0.001,0
D7_g_B999,0.02043652276210224,0.001,0
D7_g_B999,0.020443544301930797,0.001,0
D7_g_B999,0.020450565841759354,0.001,0
D7_g_B999,0.020457587381587913,0.001,0
D7_g_B999,0.02046460892141647,0.001,0
D7_g_B999,0.02047163046124503,0.001,0
D7_g_B999,0.020478652001073586,0.001,0
D7_g_B999,0.020485673540902142,0.001,0
D7_g_B999,0.0204926950807307,0.001,0
D7_g_B999,0.020499716620559258,0.001,0
D7_g_B999,0.020506738160387818,0.001,0
D7_g_B999,0.020513759700216374,0.001,0
D7_g_B999,0.02052078124004493,0.001,0
D7_g_B999,0.02052780277987349,0.001,0
D7_g_B999,0.020534824319702046,0.001,0
D7_g_B999,0.020541845859530602,0.001,0
D7_g_B999,0.020548867399359162,0.001,0
D7_g_B999,0.02055588893918772,0.001,0
D7_g_B999,0.020562910479016275,0.001,0
D7_g_B999,0.020569932018844835,0.001,0
D7_g_B999,0.02057695355867339,0.001,0
D7_g_B999,0.020583975098501947,0.001,0
D7_g_B999,0.020590996638330507,0.001,0
D7_g_B999,0.020598018178159063,0.001,0
D7_g_B999,0.02060503971798762,0.001,0
D7_g_B999,0.02061206125781618,0.001,0
D7_g_B999,0.020619082797644735,0.001,0
D7_g_B999,0.02062610433747329,0.001,0
D7_g_B999,0.02063312587730185,0.001,0
D7_g_B999,0.020640147417130408,0.001,0
D7_g_B999,0.020647168956958964,0.001,0
D7_g_B999,0.020654190496787524,0.001,0
D7_g_B999,0.02066121203661608,0.001,0
D7_g_B999,0.020668233576444636,0.001,0
D7_g_B999,0.020675255116273196,0.001,0
D7_g_B999,0.020682276656101752,0.001,0
D7_g_B999,0.02068929819593031,0.001,0
D7_g_B999,0.020696319735758868,0.001,0
D7_g_B999,0.020703341275587425,0.001,0
D7_g_B999,0.02071036281541598,0.001,0
D7_g_B999,0.02071738435524454,0.001,0
D7_g_B999,0.020724405895073097,0.001,0
D7_g_B999,0.020731427434901653,0.001,0
D7_g_B999,0.020738448974730213,0.001,0
D7_g_B999,0.02074547051455877,0.001,0
D7_g_B999,0.020752492054387325,0.001,0
D7_g_B999,0.020759513594215885,0.001,0
D7_g_B999,0.02076653513404444,0.001,0
D7_g_B999,0.020773556673872998,0.001,0
D7_g_B999,0.020780578213701557,0.001,0
D7_g_B999,0.020787599753530114,0.001,0
D7_g_B999,0.02079462129335867,0.001,0
D7_g_B999,0.02080164283318723,0.001,0
D7_g_B999,0.020808664373015786,0.001,0
D7_g_B999,0.020815685912844342,0.001,0
D7_g_B999,0.020822707452672902,0.001,0
D7_g_B999,0.020829728992501458,0.001,0
D7_g_B999,0.020836750532330018,0.001,0
D7_g_B999,0.020843772072158574,0.001,0
D7_g_B999,0.02085079361198713,0.001,0
D7_g_B999,0.02085781515181569,0.001,0
D7_g_B999,0.020864836691644247,0.001,0
D7_g_B999,0.020871858231472806,0.001,0
D7_g_B999,0.020878879771301363,0.001,0
D7_g_B999,0.02088590131112992,0.001,0
D7_g_B999,0.02089292285095848,0.001,0
D7_g_B999,0.020899944390787035,0.001,0
D7_g_B999,0.02090696593061559,0.001,0
D7_g_B999,0.02091398747044415,0.001,0
D7_g_B999,0.020921009010272707,0.001,0
D7_g_B999,0.020928030550101263,0.001,0
D7_g_B999,0.020935052089929823,0.001,0
D7_g_B999,0.02094207362975838,0.001,0
D7_g_B999,0.020949095169586936,0.001,0
D7_g_B999,0.020956116709415495,0.001,0
D7_g_B999,0.02096313824924405,0.001,0
D7_g_B999,0.020970159789072608,0.001,0
D7_g_B999,0.020977181328901168,0.001,0
D7_g_B999,0.020984202868729724,0.001,0
D7_g_B999,0.02099122440855828,0.001,0
D7_g_B999,0.02099824594838684,0.002,0
D7_g_B999,0.021005267488215396,0.002,0
D7_g_B999,0.021012289028043953,0.002,0
D7_g_B999,0.021019310567872512,0.002,0
D7_g_B999,0.02102633210770107,0.002,0
D7_g_B999,0.021033353647529625,0.002,0
D7_g_B999,0.021040375187358185,0.002,0
D7_g_B999,0.02104739672718674,0.002,0
D7_g_B999,0.021054418267015297,0.002,0
D7_g_B999,0.021061439806843857,0.002,0
D7_g_B999,0.021068461346672413,0.002,0
D7_g_B999,0.02107548288650097,0.002,0
D7_g_B999,0.02108250442632953,0.002,0
D7_g_B999,0.021089525966158085,0.002,0
D7_g_B999,0.02109654750598664,0.002,0
D7_g_B999,0.0211035690458152,0.002,0
D7_g_B999,0.021110590585643758,0.002,0
D7_g_B999,0.021117612125472314,0.002,0
D7_g_B999,0.021124633665300874,0.002,0
D7_g_B999,0.02113165520512943,0.002,0
D7_g_B999,0.021138676744957986,0.002,0
D7_g_B999,0.021145698284786546,0.002,0
D7_g_B999,0.021152719824615102,0.002,0
D7_g_B999,0.02115974136444366,0.002,0
D7_g_B999,0.02116676290427222,0.002,0
D7_g_B999,0.021173784444100775,0.002,0
D7_g_B999,0.021180805983929334,0.003,0
D7_g_B999,0.02118782752375789,0.003,0
D7_g_B999,0.021194849063586447,0.003,0
D7_g_B999,0.021201870603415007,0.003,0
D7_g_B999,0.021208892143243563,0.003,0
D7_g_B999,0.02121591368307212,0.003,0
D7_g_B999,0.02122293522290068,0.003,0
D7_g_B999,0.021229956762729235,0.003,0
D7_g_B999,0.021236978302557795,0.003,0
D7_g_B999,0.02124399984238635,0.003,0
D7_g_B999,0.021251021382214907,0.003,0
D7_g_B999,0.021258042922043467,0.003,0
D7_g_B999,0.021265064461872023,0.003,0
D7_g_B999,0.02127208600170058,0.003,0
D7_g_B999,0.02127910754152914,0.003,0
D7_g_B999,0.021286129081357696,0.003,0
D7_g_B999,0.021293150621186252,0.003,0
D7_g_B999,0.021300172161014812,0.003,0
D7_g_B999,0.021307193700843368,0.003,0
D7_g_B999,0.021314215240671924,0.003,0
D7_g_B999,0.021321236780500484,0.003,0
D7_g_B999,0.02132825832032904,0.003,0
D7_g_B999,0.021335279860157597,0.003,0
D7_g_B999,0.021342301399986156,0.003,0
D7_g_B999,0.021349322939814713,0.003,0
D7_g_B999,0.02135634447964327,0.003,0
D7_g_B999,0.02136336601947183,0.003,0
D7_g_B999,0.021370387559300385,0.003,0
D7_g_B999,0.02137740909912894,0.003,0
D7_g_B999,0.0213844306389575,0.003,0
D7_g_B999,0.021391452178786057,0.003,0
D7_g_B999,0.021398473718614613,0.003,0
D7_g_B999,0.021405495258443173,0.003,0
D7_g_B999,0.02141251679827173,0.003,0
D7_g_B999,0.021419538338100286,0.003,0
D7_g_B999,0.021426559877928845,0.003,0
D7_g_B999,0.021433581417757402,0.003,0
D7_g_B999,0.021440602957585958,0.003,0
D7_g_B999,0.021447624497414518,0.003,0
D7_g_B999,0.021454646037243074,0.003,0
D7_g_B999,0.02146166757707163,0.003,0
D7_g_B999,0.02146868911690019,0.003,0
D7_g_B999,0.021475710656728746,0.003,0
D7_g_B999,0.021482732196557303,0.003,0
D7_g_B999,0.021489753736385862,0.003,0
D7_g_B999,0.02149677527621442,0.003,0
D7_g_B999,0.021503796816042975,0.003,0
D7_g_B999,0.021510818355871535,0.003,0
D7_g_B999,0.02151783989570009,0.003,0
D7_g_B999,0.021524861435528647,0.003,0
D7_g_B999,0.021531882975357207,0.003,0
D7_g_B999,0.021538904515185763,0.003,0
D7_g_B999,0.021545926055014323,0.003,0
D7_g_B999,0.02155294759484288,0.003,0
D7_g_B999,0.021559969134671435,0.003,0
D7_g_B999,0.021566990674499995,0.003,0
D7_g_B999,0.02157401221432855,0.003,0
D7_g_B999,0.02158103375415711,0.003,0
D7_g_B999,0.021588055293985667,0.003,0
D7_g_B999,0.021595076833814224,0.003,0
D7_g_B999,0.021602098373642784,0.003,0
D7_g_B999,0.02160911991347134,0.003,0
D7_g_B999,0.021616141453299896,0.003,0
D7_g_B999,0.021623162993128456,0.003,0
D7_g_B999,0.021630184532957012,0.003,0
D7_g_B999,0.02163720607278557,0.003,0
D7_g_B999,0.021644227612614128,0.003,0
D7_g_B999,0.021651249152442684,0.003,0
D7_g_B999,0.02165827069227124,0.003,0
D7_g_B999,0.0216652922320998,0.003,0
D7_g_B999,0.021672313771928357,0.003,0
D7_g_B999,0.021679335311756913,0.003,0
D7_g_B999,0.021686356851585473,0.003,0
D7_g_B999,0.02169337839141403,0.003,0
D7_g_B999,0.021700399931242585,0.003,0
D7_g_B999,0.021707421471071145,0.003,0
D7_g_B999,0.0217144430108997,0.003,0
D7_g_B999,0.021721464550728257,0.003,0
D7_g_B999,0.021728486090556817,0.003,0
D7_g_B999,0.021735507630385374,0.003,0
D7_g_B999,0.02174252917021393,0.003,0
D7_g_B999,0.02174955071004249,0.003,0
D7_g_B999,0.021756572249871046,0.003,0
D7_g_B999,0.021763593789699602,0.003,0
D7_g_B999,0.021770615329528162,0.003,0
D7_g_B999,0.021777636869356718,0.003,0
D7_g_B999,0.021784658409185274,0.003,0
D7_g_B999,0.021791679949013834,0.003,0
D7_g_B999,0.02179870148884239,0.003,0
D7_g_B999,0.021805723028670947,0.003,0
D7_g_B999,0.021812744568499506,0.003,0
D7_g_B999,0.021819766108328063,0.003,0
D7_g_B999,0.02182678764815662,0.003,0
D7_g_B999,0.02183380918798518,0.003,0
D7_g_B999,0.021840830727813735,0.003,0
D7_g_B999,0.02184785226764229,0.003,0
D7_g_B999,0.02185487380747085,0.003,0
D7_g_B999,0.021861895347299407,0.003,0
D7_g_B999,0.021868916887127963,0.003,0
D7_g_B999,0.021875938426956523,0.003,0
D7_g_B999,0.02188295996678508,0.003,0
D7_g_B999,0.02188998150661364,0.003,0
D7_g_B999,0.021897003046442196,0.003,0
D7_g_B999,0.021904024586270752,0.003,0
D7_g_B999,0.02191104612609931,0.003,0
D7_g_B999,0.021918067665927868,0.003,0
D7_g_B999,0.021925089205756424,0.003,0
D7_g_B999,0.021932110745584984,0.003,0
D7_g_B999,0.02193913228541354,0.003,0
D7_g_B999,0.0219461538252421,0.003,0
D7_g_B999,0.021953175365070656,0.003,0
D7_g_B999,0.021960196904899212,0.003,0
D7_g_B999,0.021967218444727772,0.003,0
D7_g_B999,0.02197423998455633,0.003,0
D7_g_B999,0.021981261524384885,0.003,0
D7_g_B999,0.021988283064213444,0.003,0
D7_g_B999,0.021995304604042,0.003,0
D7_g_B999,0.022002326143870557,0.003,0
D7_g_B999,0.022009347683699117,0.003,0
D7_g_B999,0.022016369223527673,0.003,0
D7_g_B999,0.02202339076335623,0.003,0
D7_g_B999,0.02203041230318479,0.003,0
D7_g_B999,0.022037433843013345,0.003,0
D7_g_B999,0.0220444553828419,0.003,0
D7_g_B999,0.02205147692267046,0.003,0
D7_g_B999,0.022058498462499018,0.003,0
D7_g_B999,0.022065520002327574,0.003,0
D7_g_B999,0.022072541542156134,0.003,0
D7_g_B999,0.02207956308198469,0.003,0
D7_g_B999,0.022086584621813246,0.003,0
D7_g_B999,0.022093606161641806,0.003,0
D7_g_B999,0.022100627701470362,0.003,0
D7_g_B999,0.02210764924129892,0.003,0
D7_g_B999,0.022114670781127478,0.003,0
D7_g_B999,0.022121692320956034,0.003,0
D7_g_B999,0.02212871386078459,0.003,0
D7_g_B999,0.02213573540061315,0.003,0
D7_g_B999,0.022142756940441707,0.003,0
D7_g_B999,0.022149778480270263,0.003,0
D7_g_B999,0.022156800020098823,0.003,0
D7_g_B999,0.02216382155992738,0.003,0
D7_g_B999,0.022170843099755935,0.003,0
D7_g_B999,0.022177864639584495,0.003,0
D7_g_B999,0.02218488617941305,0.003,0
D7_g_B999,0.022191907719241608,0.003,0
D7_g_B999,0.022198929259070167,0.003,0
D7_g_B999,0.022205950798898724,0.003,0
D7_g_B999,0.02221297233872728,0.003,0
D7_g_B999,0.02221999387855584,0.003,0
D7_g_B999,0.022227015418384396,0.003,0
D7_g_B999,0.022234036958212952,0.003,0
D7_g_B999,0.022241058498041512,0.003,0
D7_g_B999,0.022248080037870068,0.003,0
D7_g_B999,0.022255101577698628,0.003,0
D7_g_B999,0.022262123117527184,0.003,0
D7_g_B999,0.02226914465735574,0.003,0
D7_g_B999,0.0222761661971843,0.003,0
D7_g_B999,0.022283187737012856,0.003,0
D7_g_B999,0.022290209276841413,0.003,0
D7_g_B999,0.022297230816669972,0.003,0
D7_g_B999,0.02230425235649853,0.003,0
D7_g_B999,0.02231127389632709,0.003,0
D7_g_B999,0.022318295436155645,0.003,0
D7_g_B999,0.0223253169759842,0.003,0
D7_g_B999,0.02233233851581276,0.003,0
D7_g_B999,0.022339360055641317,0.003,0
D7_g_B999,0.022346381595469873,0.003,0
D7_g_B999,0.022353403135298433,0.003,0
D7_g_B999,0.02236042467512699,0.003,0
D7_g_B999,0.022367446214955546,0.004,0
D7_g_B999,0.022374467754784105,0.004,0
D7_g_B999,0.02238148929461266,0.004,0
D7_g_B999,0.022388510834441218,0.004,0
D7_g_B999,0.022395532374269778,0.004,0
D7_g_B999,0.022402553914098334,0.004,0
D7_g_B999,0.02240957545392689,0.004,0
D7_g_B999,0.02241659699375545,0.004,0
D7_g_B999,0.022423618533584006,0.004,0
D7_g_B999,0.022430640073412562,0.004,0
D7_g_B999,0.022437661613241122,0.004,0
D7_g_B999,0.02244468315306968,0.004,0
D7_g_B999,0.022451704692898235,0.004,0
D7_g_B999,0.022458726232726794,0.004,0
D7_g_B999,0.02246574777255535,0.004,0
D7_g_B999,0.022472769312383907,0.004,0
D7_g_B999,0.022479790852212467,0.004,0
D7_g_B999,0.022486812392041023,0.004,0
D7_g_B999,0.02249383393186958,0.004,0
D7_g_B999,0.02250085547169814,0.004,0
D7_g_B999,0.022507877011526695,0.004,0
D7_g_B999,0.02251489855135525,0.004,0
D7_g_B999,0.02252192009118381,0.004,0
D7_g_B999,0.022528941631012368,0.004,0
D7_g_B999,0.022535963170840924,0.004,0
D7_g_B999,0.022542984710669484,0.004,0
D7_g_B999,0.02255000625049804,0.004,0
D7_g_B999,0.022557027790326596,0.004,0
D7_g_B999,0.022564049330155156,0.004,0
D7_g_B999,0.022571070869983712,0.004,0
D7_g_B999,0.02257809240981227,0.005,0
D7_g_B999,0.022585113949640828,0.005,0
D7_g_B999,0.022592135489469384,0.005,0
D7_g_B999,0.02259915702929794,0.005,0
D7_g_B999,0.0226061785691265,0.005,0
D7_g_B999,0.022613200108955057,0.005,0
D7_g_B999,0.022620221648783616,0.005,0
D7_g_B999,0.022627243188612173,0.005,0
D7_g_B999,0.02263426472844073,0.005,0
D7_g_B999,0.02264128626826929,0.005,0
D7_g_B999,0.022648307808097845,0.005,0
D7_g_B999,0.022655329347926405,0.005,0
D7_g_B999,0.02266235088775496,0.005,0
D7_g_B999,0.022669372427583517,0.005,0
D7_g_B999,0.022676393967412077,0.005,0
D7_g_B999,0.022683415507240633,0.005,0
D7_g_B999,0.02269043704706919,0.005,0
D7_g_B999,0.02269745858689775,0.005,0
D7_g_B999,0.022704480126726306,0.005,0
D7_g_B999,0.022711501666554862,0.005,0
D7_g_B999,0.02271852320638342,0.005,0
D7_g_B999,0.022725544746211978,0.005,0
D7_g_B999,0.022732566286040534,0.005,0
D7_g_B999,0.022739587825869094,0.005,0
D7_g_B999,0.02274660936569765,0.005,0
D7_g_B999,0.022753630905526206,0.005,0
D7_g_B999,0.022760652445354766,0.005,0
D7_g_B999,0.022767673985183322,0.005,0
D7_g_B999,0.02277469552501188,0.005,0
D7_g_B999,0.02278171706484044,0.005,0
D7_g_B999,0.022788738604668995,0.006,0
D7_g_B999,0.02279576014449755,0.006,0
D7_g_B999,0.02280278168432611,0.007,0
D7_g_B999,0.022809803224154667,0.007,0
D7_g_B999,0.022816824763983223,0.007,0
D7_g_B999,0.022823846303811783,0.007,0
D7_g_B999,0.02283086784364034,0.007,0
D7_g_B999,0.022837889383468896,0.007,0
D7_g_B999,0.022844910923297455,0.007,0
D7_g_B999,0.02285193246312601,0.007,0
D7_g_B999,0.022858954002954568,0.007,0
D7_g_B999,0.022865975542783128,0.007,0
D7_g_B999,0.022872997082611684,0.007,0
D7_g_B999,0.02288001862244024,0.007,0
D7_g_B999,0.0228870401622688,0.007,0
D7_g_B999,0.022894061702097356,0.007,0
D7_g_B999,0.022901083241925912,0.007,0
D7_g_B999,0.022908104781754472,0.007,0
D7_g_B999,0.02291512632158303,0.007,0
D7_g_B999,0.022922147861411585,0.009,0
D7_g_B999,0.022929169401240145,0.009,0
D7_g_B999,0.0229361909410687,0.009,0
D7_g_B999,0.022943212480897257,0.009,0
D7_g_B999,0.022950234020725817,0.009,0
D7_g_B999,0.022957255560554373,0.01,0
D7_g_B999,0.022964277100382933,0.01,0
D7_g_B999,0.02297129864021149,0.01,0
D7_g_B999,0.022978320180040045,0.01,0
D7_g_B999,0.022985341719868605,0.01,0
D7_g_B999,0.02299236325969716,0.01,0
D7_g_B999,0.022999384799525718,0.01,0
D7_g_B999,0.023006406339354277,0.011,0
D7_g_B999,0.023013427879182834,0.011,0
D7_g_B999,0.023020449419011393,0.011,0
D7_g_B999,0.02302747095883995,0.011,0
D7_g_B999,0.023034492498668506,0.011,0
D7_g_B999,0.023041514038497066,0.011,0
D7_g_B999,0.023048535578325622,0.011,0
D7_g_B999,0.023055557118154178,0.011,0
D7_g_B999,0.023062578657982738,0.011,0
D7_g_B999,0.023069600197811294,0.011,0
D7_g_B999,0.02307662173763985,0.012,0
D7_g_B999,0.02308364327746841,0.012,0
D7_g_B999,0.023090664817296967,0.012,0
D7_g_B999,0.023097686357125523,0.012,0
D7_g_B999,0.023104707896954083,0.012,0
D7_g_B999,0.02311172943678264,0.012,0
D7_g_B999,0.023118750976611195,0.012,0
D7_g_B999,0.023125772516439755,0.012,0
D7_g_B999,0.02313279405626831,0.012,0
D7_g_B999,0.023139815596096867,0.012,0
D7_g_B999,0.023146837135925427,0.012,0
D7_g_B999,0.023153858675753983,0.012,0
D7_g_B999,0.02316088021558254,0.012,0
D7_g_B999,0.0231679017554111,0.012,0
D7_g_B999,0.023174923295239656,0.012,0
D7_g_B999,0.023181944835068212,0.012,0
D7_g_B999,0.02318896637489677,0.012,0
D7_g_B999,0.023195987914725328,0.012,0
D7_g_B999,0.023203009454553884,0.012,0
D7_g_B999,0.023210030994382444,0.012,0
D7_g_B999,0.023217052534211,0.012,0
D7_g_B999,0.023224074074039557,0.013,0
D7_g_B999,0.023231095613868116,0.013,0
D7_g_B999,0.023238117153696673,0.013,0
D7_g_B999,0.02324513869352523,0.013,0
D7_g_B999,0.02325216023335379,0.013,0
D7_g_B999,0.023259181773182345,0.013,0
D7_g_B999,0.0232662033130109,0.013,0
D7_g_B999,0.02327322485283946,0.013,0
D7_g_B999,0.023280246392668017,0.013,0
D7_g_B999,0.023287267932496573,0.013,0
D7_g_B999,0.023294289472325133,0.013,0
D7_g_B999,0.02330131101215369,0.013,0
D7_g_B999,0.023308332551982246,0.013,0
D7_g_B999,0.023315354091810805,0.013,0
D7_g_B999,0.02332237563163936,0.013,0
D7_g_B999,0.02332939717146792,0.014,0
D7_g_B999,0.023336418711296478,0.014,0
D7_g_B999,0.023343440251125034,0.014,0
D7_g_B999,0.023350461790953594,0.014,0
D7_g_B999,0.02335748333078215,0.014,0
D7_g_B999,0.02336450487061071,0.014,0
D7_g_B999,0.023371526410439266,0.014,0
D7_g_B999,0.023378547950267822,0.014,0
D7_g_B999,0.023385569490096382,0.014,0
D7_g_B999,0.02339259102992494,0.014,0
D7_g_B999,0.023399612569753495,0.014,0
D7_g_B999,0.023406634109582054,0.014,0
D7_g_B999,0.02341365564941061,0.014,0
D7_g_B999,0.023420677189239167,0.014,0
D7_g_B999,0.023427698729067727,0.014,0
D7_g_B999,0.023434720268896283,0.014,0
D7_g_B999,0.02344174180872484,0.014,0
D7_g_B999,0.0234487633485534,0.014,0
D7_g_B999,0.023455784888381955,0.014,0
D7_g_B999,0.02346280642821051,0.014,0
D7_g_B999,0.02346982796803907,0.014,0
D7_g_B999,0.023476849507867627,0.014,0
D7_g_B999,0.023483871047696184,0.014,0
D7_g_B999,0.023490892587524743,0.014,0
D7_g_B999,0.0234979141273533,0.014,0
D7_g_B999,0.023504935667181856,0.015,0
D7_g_B999,0.023511957207010416,0.015,0
D7_g_B999,0.023518978746838972,0.015,0
D7_g_B999,0.02352600028666753,0.015,0
D7_g_B999,0.023533021826496088,0.015,0
D7_g_B999,0.023540043366324644,0.016,0
D7_g_B999,0.0235470649061532,0.016,0
D7_g_B999,0.02355408644598176,0.016,0
D7_g_B999,0.023561107985810317,0.018,0
D7_g_B999,0.023568129525638873,0.018,0
D7_g_B999,0.023575151065467433,0.018,0
D7_g_B999,0.02358217260529599,0.018,0
D7_g_B999,0.023589194145124545,0.019,0
D7_g_B999,0.023596215684953105,0.019,0
D7_g_B999,0.02360323722478166,0.019,0
D7_g_B999,0.023610258764610217,0.019,0
D7_g_B999,0.023617280304438777,0.019,0
D7_g_B999,0.023624301844267333,0.019,0
D7_g_B999,0.02363132338409589,0.019,0
D7_g_B999,0.02363834492392445,0.019,0
D7_g_B999,0.023645366463753006,0.02,0
D7_g_B999,0.023652388003581562,0.02,0
D7_g_B999,0.023659409543410122,0.02,0
D7_g_B999,0.02366643108323868,0.02,0
D7_g_B999,0.023673452623067234,0.02,0
D7_g_B999,0.023680474162895794,0.021,0
D7_g_B999,0.023687495702724354,0.021,0
D7_g_B999,0.023694517242552907,0.021,0
D7_g_B999,0.023701538782381466,0.021,0
D7_g_B999,0.023708560322210026,0.022,0
D7_g_B999,0.02371558186203858,0.023,0
D7_g_B999,0.02372260340186714,0.023,0
D7_g_B999,0.0237296249416957,0.024,0
D7_g_B999,0.02373664648152425,0.024,0
D7_g_B999,0.02374366802135281,0.024,0
D7_g_B999,0.02375068956118137,0.024,0
D7_g_B999,0.023757711101009927,0.025,0
D7_g_B999,0.023764732640838483,0.025,0
D7_g_B999,0.023771754180667043,0.025,0
D7_g_B999,0.0237787757204956,0.026,0
D7_g_B999,0.023785797260324155,0.026,0
D7_g_B999,0.023792818800152715,0.026,0
D7_g_B999,0.02379984033998127,0.026,0
D7_g_B999,0.023806861879809828,0.028,0
D7_g_B999,0.023813883419638388,0.028,0
D7_g_B999,0.023820904959466944,0.028,0
D7_g_B999,0.0238279264992955,0.029,0
D7_g_B999,0.02383494803912406,0.029,0
D7_g_B999,0.023841969578952616,0.029,0
D7_g_B999,0.023848991118781172,0.03,0
D7_g_B999,0.023856012658609732,0.031,0
D7_g_B999,0.02386303419843829,0.032,0
D7_g_B999,0.023870055738266845,0.033,0
D7_g_B999,0.023877077278095404,0.033,0
D7_g_B999,0.02388409881792396,0.033,0
D7_g_B999,0.023891120357752517,0.034,0
D7_g_B999,0.023898141897581077,0.034,0
D7_g_B999,0.023905163437409633,0.034,0
D7_g_B999,0.02391218497723819,0.035,0
D7_g_B999,0.02391920651706675,0.035,0
D7_g_B999,0.023926228056895305,0.035,0
D7_g_B999,0.02393324959672386,0.035,0
D7_g_B999,0.02394027113655242,0.035,0
D7_g_B999,0.023947292676380977,0.035,0
D7_g_B999,0.023954314216209534,0.036,0
D7_g_B999,0.023961335756038094,0.036,0
D7_g_B999,0.02396835729586665,0.037,0
D7_g_B999,0.023975378835695206,0.038,0
D7_g_B999,0.023982400375523766,0.038,0
D7_g_B999,0.023989421915352322,0.038,0
D7_g_B999,0.02399644345518088,0.038,0
D7_g_B999,0.024003464995009438,0.038,0
D7_g_B999,0.024010486534837998,0.039,0
D7_g_B999,0.02401750807466655,0.039,0
D7_g_B999,0.02402452961449511,0.039,0
D7_g_B999,0.02403155115432367,0.039,0
D7_g_B999,0.024038572694152223,0.039,0
D7_g_B999,0.024045594233980783,0.039,0
D7_g_B999,0.024052615773809342,0.039,0
D7_g_B999,0.024059637313637895,0.039,0
D7_g_B999,0.024066658853466455,0.039,0
D7_g_B999,0.024073680393295015,0.041,0
D7_g_B999,0.024080701933123567,0.042,0
D7_g_B999,0.024087723472952127,0.043,0
D7_g_B999,0.024094745012780687,0.043,0
D7_g_B999,0.024101766552609243,0.043,0
D7_g_B999,0.0241087880924378,0.043,0
D7_g_B999,0.02411580963226636,0.044,0
D7_g_B999,0.024122831172094916,0.045,0
D7_g_B999,0.024129852711923472,0.045,0
D7_g_B999,0.02413687425175203,0.045,0
D7_g_B999,0.024143895791580588,0.046,0
D7_g_B999,0.024150917331409144,0.047,0
D7_g_B999,0.024157938871237704,0.047,0
D7_g_B999,0.02416496041106626,0.047,0
D7_g_B999,0.024171981950894816,0.047,0
D7_g_B999,0.024179003490723376,0.047,0
D7_g_B999,0.024186025030551932,0.047,0
D7_g_B999,0.02419304657038049,0.047,0
D7_g_B999,0.02420006811020905,0.047,0
D7_g_B999,0.024207089650037605,0.048,0
D7_g_B999,0.02421411118986616,0.049,0
D7_g_B999,0.02422113272969472,0.049,0
D7_g_B999,0.024228154269523277,0.05,1
D7_g_B999,0.024235175809351833,0.05,1
D7_g_B999,0.024242197349180393,0.051,1
D7_g_B999,0.02424921888900895,0.051,1
D7_g_B999,0.024256240428837506,0.051,1
D7_g_B999,0.024263261968666065,0.052,1
D7_g_B999,0.02427028350849462,0.052,1
D7_g_B999,0.024277305048323178,0.052,1
D7_g_B999,0.024284326588151738,0.052,1
D7_g_B999,0.024291348127980294,0.052,1
D7_g_B999,0.02429836966780885,0.052,1
D7_g_B999,0.02430539120763741,0.052,1
D7_g_B999,0.024312412747465966,0.053,1
D7_g_B999,0.024319434287294522,0.053,1
D7_g_B999,0.024326455827123082,0.054,1
D7_g_B999,0.02433347736695164,0.054,1
D7_g_B999,0.024340498906780195,0.054,1
D7_g_B999,0.024347520446608754,0.054,1
D7_g_B999,0.02435454198643731,0.055,1
D7_g_B999,0.024361563526265867,0.055,1
D7_g_B999,0.024368585066094427,0.056,1
D7_g_B999,0.024375606605922986,0.056,1
D7_g_B999,0.02438262814575154,0.056,1
D7_g_B999,0.0243896496855801,0.056,1
D7_g_B999,0.02439667122540866,0.056,1
D7_g_B999,0.02440369276523721,0.056,1
D7_g_B999,0.02441071430506577,0.056,1
D7_g_B999,0.02441773584489433,0.056,1
D7_g_B999,0.024424757384722884,0.056,1
D7_g_B999,0.024431778924551444,0.056,1
D7_g_B999,0.024438800464380003,0.057,1
D7_g_B999,0.024445822004208556,0.058,1
D7_g_B999,0.024452843544037116,0.059,1
D7_g_B999,0.024459865083865676,0.059,1
D7_g_B999,0.024466886623694232,0.06,1
D7_g_B999,0.024473908163522788,0.06,1
D7_g_B999,0.024480929703351348,0.062,1
D7_g_B999,0.024487951243179904,0.062,1
D7_g_B999,0.02449497278300846,0.062,1
D7_g_B999,0.02450199432283702,0.063,1
D7_g_B999,0.024509015862665576,0.063,1
D7_g_B999,0.024516037402494133,0.063,1
D7_g_B999,0.024523058942322692,0.063,1
D7_g_B999,0.02453008048215125,0.065,1
D7_g_B999,0.024537102021979805,0.066,1
D7_g_B999,0.024544123561808365,0.067,1
D7_g_B999,0.02455114510163692,0.067,1
D7_g_B999,0.024558166641465477,0.067,1
D7_g_B999,0.024565188181294037,0.068,1
D7_g_B999,0.024572209721122593,0.069,1
D7_g_B999,0.02457923126095115,0.07,1
D7_g_B999,0.02458625280077971,0.07,1
D7_g_B999,0.024593274340608266,0.07,1
D7_g_B999,0.024600295880436822,0.07,1
D7_g_B999,0.02460731742026538,0.07,1
D7_g_B999,0.024614338960093938,0.07,1
D7_g_B999,0.024621360499922494,0.07,1
D7_g_B999,0.024628382039751054,0.07,1
D7_g_B999,0.02463540357957961,0.07,1
D7_g_B999,0.024642425119408166,0.071,1
D7_g_B999,0.024649446659236726,0.072,1
D7_g_B999,0.024656468199065282,0.072,1
D7_g_B999,0.02466348973889384,0.072,1
D7_g_B999,0.0246705112787224,0.072,1
D7_g_B999,0.024677532818550955,0.072,1
D7_g_B999,0.02468455435837951,0.073,1
D7_g_B999,0.02469157589820807,0.073,1
D7_g_B999,0.024698597438036627,0.073,1
D7_g_B999,0.024705618977865183,0.073,1
D7_g_B999,0.024712640517693743,0.074,1
D7_g_B999,0.0247196620575223,0.075,1
D7_g_B999,0.024726683597350856,0.075,1
D7_g_B999,0.024733705137179415,0.076,1
D7_g_B999,0.024740726677007975,0.076,1
D7_g_B999,0.024747748216836528,0.076,1
D7_g_B999,0.024754769756665088,0.076,1
D7_g_B999,0.024761791296493647,0.076,1
D7_g_B999,0.0247688128363222,0.076,1
D7_g_B999,0.02477583437615076,0.077,1
D7_g_B999,0.02478285591597932,0.077,1
D7_g_B999,0.024789877455807872,0.077,1
D7_g_B999,0.024796898995636432,0.077,1
D7_g_B999,0.024803920535464992,0.078,1
D7_g_B999,0.024810942075293545,0.078,1
D7_g_B999,0.024817963615122104,0.078,1
D7_g_B999,0.024824985154950664,0.078,1
D7_g_B999,0.02483200669477922,0.078,1
D7_g_B999,0.024839028234607777,0.078,1
D7_g_B999,0.024846049774436336,0.078,1
D7_g_B999,0.024853071314264893,0.078,1
D7_g_B999,0.02486009285409345,0.08,1
D7_g_B999,0.02486711439392201,0.08,1
D7_g_B999,0.024874135933750565,0.082,1
D7_g_B999,0.02488115747357912,0.082,1
D7_g_B999,0.02488817901340768,0.083,1
D7_g_B999,0.024895200553236237,0.083,1
D7_g_B999,0.024902222093064794,0.084,1
D7_g_B999,0.024909243632893353,0.084,1
D7_g_B999,0.02491626517272191,0.084,1
D7_g_B999,0.024923286712550466,0.084,1
D7_g_B999,0.024930308252379026,0.085,1
D7_g_B999,0.024937329792207582,0.085,1
D7_g_B999,0.024944351332036138,0.086,1
D7_g_B999,0.024951372871864698,0.087,1
D7_g_B999,0.024958394411693254,0.087,1
D7_g_B999,0.02496541595152181,0.089,1
D7_g_B999,0.02497243749135037,0.089,1
D7_g_B999,0.024979459031178926,0.09,1
D7_g_B999,0.024986480571007483,0.09,1
D7_g_B999,0.024993502110836043,0.09,1
D7_g_B999,0.0250005236506646,0.092,1
D7_g_B999,0.025007545190493155,0.093,1
D7_g_B999,0.025014566730321715,0.093,1
D7_g_B999,0.02502158827015027,0.094,1
D7_g_B999,0.025028609809978827,0.094,1
D7_g_B999,0.025035631349807387,0.094,1
D7_g_B999,0.025042652889635943,0.094,1
D7_g_B999,0.0250496744294645,0.095,1
D7_g_B999,0.02505669596929306,0.096,1
D7_g_B999,0.025063717509121616,0.097,1
D7_g_B999,0.025070739048950172,0.097,1
D7_g_B999,0.02507776058877873,0.097,1
D7_g_B999,0.02508478212860729,0.099,1
D7_g_B999,0.025091803668435844,0.101,1
D7_g_B999,0.025098825208264404,0.102,1
D7_g_B999,0.025105846748092964,0.103,1
D7_g_B999,0.025112868287921516,0.104,1
D7_g_B999,0.025119889827750076,0.104,1
D7_g_B999,0.025126911367578636,0.105,1
D7_g_B999,0.02513393290740719,0.105,1
D7_g_B999,0.02514095444723575,0.106,1
D7_g_B999,0.025147975987064308,0.108,1
D7_g_B999,0.02515499752689286,0.108,1
D7_g_B999,0.02516201906672142,0.109,1
D7_g_B999,0.02516904060654998,0.109,1
D7_g_B999,0.025176062146378537,0.109,1
D7_g_B999,0.025183083686207093,0.11,1
D7_g_B999,0.025190105226035653,0.11,1
D7_g_B999,0.02519712676586421,0.113,1
D7_g_B999,0.025204148305692765,0.113,1
D7_g_B999,0.025211169845521325,0.113,1
D7_g_B999,0.02521819138534988,0.113,1
D7_g_B999,0.025225212925178438,0.113,1
D7_g_B999,0.025232234465006997,0.113,1
D7_g_B999,0.025239256004835554,0.113,1
D7_g_B999,0.02524627754466411,0.115,1
D7_g_B999,0.02525329908449267,0.115,1
D7_g_B999,0.025260320624321226,0.116,1
D7_g_B999,0.025267342164149782,0.116,1
D7_g_B999,0.025274363703978342,0.116,1
D7_g_B999,0.025281385243806898,0.117,1
D7_g_B999,0.025288406783635455,0.117,1
D7_g_B999,0.025295428323464014,0.117,1
D7_g_B999,0.02530244986329257,0.117,1
D7_g_B999,0.025309471403121127,0.118,1
D7_g_B999,0.025316492942949687,0.118,1
D7_g_B999,0.025323514482778243,0.118,1
D7_g_B999,0.0253305360226068,0.118,1
D7_g_B999,0.02533755756243536,0.118,1
D7_g_B999,0.025344579102263915,0.118,1
D7_g_B999,0.02535160064209247,0.119,1
D7_g_B999,0.02535862218192103,0.119,1
D7_g_B999,0.025365643721749587,0.119,1
D7_g_B999,0.025372665261578144,0.119,1
D7_g_B999,0.025379686801406703,0.12,1
D7_g_B999,0.02538670834123526,0.121,1
D7_g_B999,0.025393729881063816,0.122,1
D7_g_B999,0.025400751420892376,0.125,1
D7_g_B999,0.025407772960720932,0.128,1
D7_g_B999,0.025414794500549488,0.129,1
D7_g_B999,0.025421816040378048,0.13,1
D7_g_B999,0.025428837580206604,0.13,1
D7_g_B999,0.02543585912003516,0.131,1
D7_g_B999,0.02544288065986372,0.131,1
D7_g_B999,0.02544990219969228,0.132,1
D7_g_B999,0.025456923739520833,0.132,1
D7_g_B999,0.025463945279349393,0.133,1
D7_g_B999,0.025470966819177952,0.133,1
D7_g_B999,0.025477988359006505,0.134,1
D7_g_B999,0.025485009898835065,0.134,1
D7_g_B999,0.025492031438663625,0.134,1
D7_g_B999,0.025499052978492177,0.135,1
D7_g_B999,0.025506074518320737,0.137,1
D7_g_B999,0.025513096058149297,0.138,1
D7_g_B999,0.02552011759797785,0.138,1
D7_g_B999,0.02552713913780641,0.139,1
D7_g_B999,0.02553416067763497,0.139,1
D7_g_B999,0.025541182217463525,0.139,1
D7_g_B999,0.02554820375729208,0.14,1
D7_g_B999,0.02555522529712064,0.141,1
D7_g_B999,0.025562246836949198,0.143,1
D7_g_B999,0.025569268376777754,0.143,1
D7_g_B999,0.025576289916606314,0.143,1
D7_g_B999,0.02558331145643487,0.145,1
D7_g_B999,0.025590332996263426,0.145,1
D7_g_B999,0.025597354536091986,0.146,1
D7_g_B999,0.025604376075920542,0.147,1
D7_g_B999,0.0256113976157491,0.147,1
D7_g_B999,0.02561841915557766,0.148,1
D7_g_B999,0.025625440695406215,0.148,1
D7_g_B999,0.02563246223523477,0.148,1
D7_g_B999,0.02563948377506333,0.148,1
D7_g_B999,0.025646505314891887,0.148,1
D7_g_B999,0.025653526854720443,0.149,1
D7_g_B999,0.025660548394549003,0.149,1
D7_g_B999,0.02566756993437756,0.149,1
D7_g_B999,0.025674591474206115,0.149,1
D7_g_B999,0.025681613014034675,0.15,1
D7_g_B999,0.02568863455386323,0.15,1
D7_g_B999,0.025695656093691788,0.15,1
D7_g_B999,0.025702677633520347,0.151,1
D7_g_B999,0.025709699173348904,0.152,1
D7_g_B999,0.02571672071317746,0.152,1
D7_g_B999,0.02572374225300602,0.155,1
D7_g_B999,0.025730763792834576,0.155,1
D7_g_B999,0.025737785332663132,0.158,1
D7_g_B999,0.025744806872491692,0.158,1
D7_g_B999,0.02575182841232025,0.158,1
D7_g_B999,0.025758849952148805,0.159,1
D7_g_B999,0.025765871491977364,0.16,1
D7_g_B999,0.02577289303180592,0.161,1
D7_g_B999,0.025779914571634477,0.161,1
D7_g_B999,0.025786936111463037,0.163,1
D7_g_B999,0.025793957651291593,0.163,1
D7_g_B999,0.02580097919112015,0.163,1
D7_g_B999,0.02580800073094871,0.163,1
D7_g_B999,0.02581502227077727,0.164,1
D7_g_B999,0.02582204381060582,0.165,1
D7_g_B999,0.02582906535043438,0.166,1
D7_g_B999,0.02583608689026294,0.168,1
D7_g_B999,0.025843108430091494,0.17,1
D7_g_B999,0.025850129969920053,0.171,1
D7_g_B999,0.025857151509748613,0.172,1
D7_g_B999,0.025864173049577166,0.173,1
D7_g_B999,0.025871194589405726,0.174,1
D7_g_B999,0.025878216129234285,0.174,1
D7_g_B999,0.02588523766906284,0.174,1
D7_g_B999,0.025892259208891398,0.175,1
D7_g_B999,0.025899280748719958,0.176,1
D7_g_B999,0.025906302288548514,0.177,1
D7_g_B999,0.02591332382837707,0.178,1
D7_g_B999,0.02592034536820563,0.181,1
D7_g_B999,0.025927366908034186,0.182,1
D7_g_B999,0.025934388447862743,0.184,1
D7_g_B999,0.025941409987691302,0.185,1
D7_g_B999,0.02594843152751986,0.187,1
D7_g_B999,0.025955453067348415,0.189,1
D7_g_B999,0.025962474607176975,0.189,1
D7_g_B999,0.02596949614700553,0.189,1
D7_g_B999,0.025976517686834087,0.189,1
D7_g_B999,0.025983539226662647,0.191,1
D7_g_B999,0.025990560766491203,0.192,1
D7_g_B999,0.02599758230631976,0.192,1
D7_g_B999,0.02600460384614832,0.192,1
D7_g_B999,0.026011625385976875,0.192,1
D7_g_B999,0.026018646925805432,0.193,1
D7_g_B999,0.02602566846563399,0.193,1
D7_g_B999,0.026032690005462548,0.195,1
D7_g_B999,0.026039711545291104,0.195,1
D7_g_B999,0.026046733085119664,0.198,1
D7_g_B999,0.02605375462494822,0.198,1
D7_g_B999,0.026060776164776776,0.2,1
D7_g_B999,0.026067797704605336,0.201,1
D7_g_B999,0.026074819244433892,0.201,1
D7_g_B999,0.02608184078426245,0.202,1
D7_g_B999,0.02608886232409101,0.202,1
D7_g_B999,0.026095883863919565,0.202,1
D7_g_B999,0.02610290540374812,0.203,1
D7_g_B999,0.02610992694357668,0.203,1
D7_g_B999,0.026116948483405237,0.205,1
D7_g_B999,0.026123970023233793,0.205,1
D7_g_B999,0.026130991563062353,0.205,1
D7_g_B999,0.02613801310289091,0.206,1
D7_g_B999,0.026145034642719465,0.207,1
D7_g_B999,0.026152056182548025,0.207,1
D7_g_B999,0.026159077722376585,0.207,1
D7_g_B999,0.026166099262205138,0.208,1
D7_g_B999,0.026173120802033698,0.211,1
D7_g_B999,0.026180142341862257,0.211,1
D7_g_B999,0.02618716388169081,0.212,1
D7_g_B999,0.02619418542151937,0.212,1
D7_g_B999,0.02620120696134793,0.212,1
D7_g_B999,0.026208228501176482,0.212,1
D7_g_B999,0.026215250041005042,0.212,1
D7_g_B999,0.026222271580833602,0.215,1
D7_g_B999,0.026229293120662155,0.215,1
D7_g_B999,0.026236314660490714,0.216,1
D7_g_B999,0.026243336200319274,0.216,1
D7_g_B999,0.02625035774014783,0.216,1
D7_g_B999,0.026257379279976387,0.216,1
D7_g_B999,0.026264400819804946,0.217,1
D7_g_B999,0.026271422359633503,0.22,1
D7_g_B999,0.02627844389946206,0.221,1
D7_g_B999,0.02628546543929062,0.223,1
D7_g_B999,0.026292486979119175,0.223,1
D7_g_B999,0.02629950851894773,0.223,1
D7_g_B999,0.02630653005877629,0.224,1
D7_g_B999,0.026313551598604847,0.225,1
D7_g_B999,0.026320573138433404,0.226,1
D7_g_B999,0.026327594678261963,0.228,1
D7_g_B999,0.02633461621809052,0.231,1
D7_g_B999,0.026341637757919076,0.233,1
D7_g_B999,0.026348659297747636,0.234,1
D7_g_B999,0.026355680837576192,0.238,1
D7_g_B999,0.026362702377404748,0.239,1
D7_g_B999,0.026369723917233308,0.239,1
D7_g_B999,0.026376745457061864,0.239,1
D7_g_B999,0.02638376699689042,0.24,1
D7_g_B999,0.02639078853671898,0.241,1
D7_g_B999,0.026397810076547536,0.242,1
D7_g_B999,0.026404831616376093,0.242,1
D7_g_B999,0.026411853156204652,0.243,1
D7_g_B999,0.02641887469603321,0.246,1
D7_g_B999,0.026425896235861765,0.247,1
D7_g_B999,0.026432917775690325,0.249,1
D7_g_B999,0.02643993931551888,0.252,1
D7_g_B999,0.026446960855347437,0.253,1
D7_g_B999,0.026453982395175997,0.255,1
D7_g_B999,0.026461003935004553,0.255,1
D7_g_B999,0.02646802547483311,0.255,1
D7_g_B999,0.02647504701466167,0.257,1
D7_g_B999,0.026482068554490226,0.259,1
D7_g_B999,0.026489090094318782,0.261,1
D7_g_B999,0.02649611163414734,0.262,1
D7_g_B999,0.026503133173975898,0.264,1
D7_g_B999,0.026510154713804454,0.265,1
D7_g_B999,0.026517176253633014,0.265,1
D7_g_B999,0.026524197793461574,0.266,1
D7_g_B999,0.026531219333290126,0.267,1
D7_g_B999,0.026538240873118686,0.268,1
D7_g_B999,0.026545262412947246,0.268,1
D7_g_B999,0.0265522839527758,0.27,1
D7_g_B999,0.02655930549260436,0.27,1
D7_g_B999,0.026566327032432918,0.271,1
D7_g_B999,0.02657334857226147,0.271,1
D7_g_B999,0.02658037011209003,0.274,1
D7_g_B999,0.02658739165191859,0.274,1
D7_g_B999,0.026594413191747143,0.274,1
D7_g_B999,0.026601434731575703,0.275,1
D7_g_B999,0.026608456271404263,0.276,1
D7_g_B999,0.02661547781123282,0.277,1
D7_g_B999,0.026622499351061375,0.278,1
D7_g_B999,0.026629520890889935,0.279,1
D7_g_B999,0.02663654243071849,0.28,1
D7_g_B999,0.026643563970547048,0.28,1
D7_g_B999,0.026650585510375607,0.281,1
D7_g_B999,0.026657607050204164,0.283,1
D7_g_B999,0.02666462859003272,0.285,1
D7_g_B999,0.02667165012986128,0.286,1
D7_g_B999,0.026678671669689836,0.287,1
D7_g_B999,0.026685693209518392,0.288,1
D7_g_B999,0.026692714749346952,0.291,1
D7_g_B999,0.026699736289175508,0.291,1
D7_g_B999,0.026706757829004064,0.292,1
D7_g_B999,0.026713779368832624,0.293,1
D7_g_B999,0.02672080090866118,0.297,1
D7_g_B999,0.026727822448489737,0.299,1
D7_g_B999,0.026734843988318296,0.301,1
D7_g_B999,0.026741865528146853,0.302,1
D7_g_B999,0.02674888706797541,0.302,1
D7_g_B999,0.02675590860780397,0.302,1
D7_g_B999,0.026762930147632525,0.303,1
D7_g_B999,0.02676995168746108,0.303,1
D7_g_B999,0.02677697322728964,0.305,1
D7_g_B999,0.026783994767118197,0.307,1
D7_g_B999,0.026791016306946754,0.309,1
D7_g_B999,0.026798037846775313,0.31,1
D7_g_B999,0.02680505938660387,0.31,1
D7_g_B999,0.026812080926432426,0.311,1
D7_g_B999,0.026819102466260986,0.315,1
D7_g_B999,0.026826124006089542,0.316,1
D7_g_B999,0.026833145545918098,0.316,1
D7_g_B999,0.026840167085746658,0.318,1
D7_g_B999,0.026847188625575214,0.318,1
D7_g_B999,0.02685421016540377,0.318,1
D7_g_B999,0.02686123170523233,0.319,1
D7_g_B999,0.02686825324506089,0.321,1
D7_g_B999,0.026875274784889443,0.321,1
D7_g_B999,0.026882296324718002,0.324,1
D7_g_B999,0.026889317864546562,0.326,1
D7_g_B999,0.026896339404375115,0.326,1
D7_g_B999,0.026903360944203675,0.327,1
D7_g_B999,0.026910382484032234,0.327,1
D7_g_B999,0.026917404023860787,0.328,1
D7_g_B999,0.026924425563689347,0.329,1
D7_g_B999,0.026931447103517907,0.329,1
D7_g_B999,0.02693846864334646,0.33,1
D7_g_B999,0.02694549018317502,0.33,1
D7_g_B999,0.02695251172300358,0.332,1
D7_g_B999,0.026959533262832135,0.332,1
D7_g_B999,0.02696655480266069,0.334,1
D7_g_B999,0.02697357634248925,0.336,1
D7_g_B999,0.026980597882317808,0.337,1
D7_g_B999,0.026987619422146364,0.337,1
D7_g_B999,0.026994640961974924,0.337,1
D7_g_B999,0.02700166250180348,0.338,1
D7_g_B999,0.027008684041632036,0.339,1
D7_g_B999,0.027015705581460596,0.341,1
D7_g_B999,0.027022727121289152,0.342,1
D7_g_B999,0.02702974866111771,0.343,1
D7_g_B999,0.027036770200946268,0.345,1
D7_g_B999,0.027043791740774824,0.345,1
D7_g_B999,0.02705081328060338,0.348,1
D7_g_B999,0.02705783482043194,0.35,1
D7_g_B999,0.027064856360260497,0.35,1
D7_g_B999,0.027071877900089053,0.351,1
D7_g_B999,0.027078899439917613,0.351,1
D7_g_B999,0.02708592097974617,0.352,1
D7_g_B999,0.027092942519574725,0.352,1
D7_g_B999,0.027099964059403285,0.352,1
D7_g_B999,0.02710698559923184,0.355,1
D7_g_B999,0.027114007139060398,0.355,1
D7_g_B999,0.027121028678888957,0.356,1
D7_g_B999,0.027128050218717514,0.358,1
D7_g_B999,0.02713507175854607,0.359,1
D7_g_B999,0.02714209329837463,0.361,1
D7_g_B999,0.027149114838203186,0.361,1
D7_g_B999,0.027156136378031742,0.362,1
D7_g_B999,0.027163157917860302,0.364,1
D7_g_B999,0.027170179457688858,0.365,1
D7_g_B999,0.027177200997517414,0.366,1
D7_g_B999,0.027184222537345974,0.368,1
D7_g_B999,0.02719124407717453,0.371,1
D7_g_B999,0.027198265617003087,0.372,1
D7_g_B999,0.027205287156831647,0.374,1
D7_g_B999,0.027212308696660203,0.375,1
D7_g_B999,0.02721933023648876,0.377,1
D7_g_B999,0.02722635177631732,0.379,1
D7_g_B999,0.02723337331614588,0.379,1
D7_g_B999,0.02724039485597443,0.381,1
D7_g_B999,0.02724741639580299,0.381,1
D7_g_B999,0.02725443793563155,0.383,1
D7_g_B999,0.027261459475460104,0.385,1
D7_g_B999,0.027268481015288663,0.385,1
D7_g_B999,0.027275502555117223,0.385,1
D7_g_B999,0.027282524094945776,0.385,1
D7_g_B999,0.027289545634774336,0.385,1
D7_g_B999,0.027296567174602895,0.387,1
D7_g_B999,0.027303588714431448,0.388,1
D7_g_B999,0.027310610254260008,0.388,1
D7_g_B999,0.027317631794088568,0.392,1
D7_g_B999,0.027324653333917124,0.393,1
D7_g_B999,0.02733167487374568,0.393,1
D7_g_B999,0.02733869641357424,0.394,1
D7_g_B999,0.027345717953402796,0.394,1
D7_g_B999,0.027352739493231353,0.395,1
D7_g_B999,0.027359761033059912,0.398,1
D7_g_B999,0.02736678257288847,0.402,1
D7_g_B999,0.027373804112717025,0.408,1
D7_g_B999,0.027380825652545585,0.408,1
D7_g_B999,0.02738784719237414,0.408,1
D7_g_B999,0.027394868732202697,0.409,1
D7_g_B999,0.027401890272031257,0.41,1
D7_g_B999,0.027408911811859813,0.41,1
D7_g_B999,0.02741593335168837,0.41,1
D7_g_B999,0.02742295489151693,0.413,1
D7_g_B999,0.027429976431345485,0.413,1
D7_g_B999,0.02743699797117404,0.419,1
D7_g_B999,0.0274440195110026,0.421,1
D7_g_B999,0.027451041050831158,0.421,1
D7_g_B999,0.027458062590659714,0.423,1
D7_g_B999,0.027465084130488274,0.425,1
D7_g_B999,0.02747210567031683,0.426,1
D7_g_B999,0.027479127210145386,0.43,1
D7_g_B999,0.027486148749973946,0.431,1
D7_g_B999,0.027493170289802502,0.434,1
D7_g_B999,0.02750019182963106,0.436,1
D7_g_B999,0.027507213369459618,0.441,1
D7_g_B999,0.027514234909288175,0.443,1
D7_g_B999,0.02752125644911673,0.444,1
D7_g_B999,0.02752827798894529,0.444,1
D7_g_B999,0.027535299528773847,0.444,1
D7_g_B999,0.027542321068602403,0.444,1
D7_g_B999,0.027549342608430963,0.445,1
D7_g_B999,0.02755636414825952,0.447,1
D7_g_B999,0.027563385688088075,0.45,1
D7_g_B999,0.027570407227916635,0.451,1
D7_g_B999,0.02757742876774519,0.453,1
D7_g_B999,0.027584450307573748,0.453,1
D7_g_B999,0.027591471847402307,0.454,1
D7_g_B999,0.027598493387230867,0.455,1
D7_g_B999,0.02760551492705942,0.458,1
D7_g_B999,0.02761253646688798,0.458,1
D7_g_B999,0.02761955800671654,0.458,1
D7_g_B999,0.027626579546545092,0.459,1
D7_g_B999,0.027633601086373652,0.46,1
D7_g_B999,0.02764062262620221,0.465,1
D7_g_B999,0.027647644166030765,0.466,1
D7_g_B999,0.027654665705859324,0.467,1
D7_g_B999,0.027661687245687884,0.468,1
D7_g_B999,0.027668708785516437,0.469,1
D7_g_B999,0.027675730325344997,0.47,1
D7_g_B999,0.027682751865173556,0.47,1
D7_g_B999,0.027689773405002113,0.472,1
D7_g_B999,0.02769679494483067,0.472,1
D7_g_B999,0.02770381648465923,0.474,1
D7_g_B999,0.027710838024487785,0.476,1
D7_g_B999,0.02771785956431634,0.478,1
D7_g_B999,0.0277248811041449,0.478,1
D7_g_B999,0.027731902643973457,0.483,1
D7_g_B999,0.027738924183802013,0.485,1
D7_g_B999,0.027745945723630573,0.491,1
D7_g_B999,0.02775296726345913,0.494,1
D7_g_B999,0.027759988803287686,0.496,1
D7_g_B999,0.027767010343116245,0.499,1
D7_g_B999,0.0277740318829448,0.5,1
D7_g_B999,0.027781053422773358,0.502,1
D7_g_B999,0.027788074962601918,0.503,1
D7_g_B999,0.027795096502430474,0.503,1
D7_g_B999,0.02780211804225903,0.505,1
D7_g_B999,0.02780913958208759,0.505,1
D7_g_B999,0.027816161121916146,0.506,1
D7_g_B999,0.027823182661744703,0.506,1
D7_g_B999,0.027830204201573262,0.508,1
D7_g_B999,0.02783722574140182,0.509,1
D7_g_B999,0.027844247281230375,0.51,1
D7_g_B999,0.027851268821058935,0.51,1
D7_g_B999,0.02785829036088749,0.513,1
D7_g_B999,0.027865311900716047,0.513,1
D7_g_B999,0.027872333440544607,0.513,1
D7_g_B999,0.027879354980373163,0.514,1
D7_g_B999,0.02788637652020172,0.516,1
D7_g_B999,0.02789339806003028,0.519,1
D7_g_B999,0.027900419599858835,0.521,1
D7_g_B999,0.02790744113968739,0.523,1
D7_g_B999,0.02791446267951595,0.526,1
D7_g_B999,0.027921484219344508,0.527,1
D7_g_B999,0.027928505759173064,0.529,1
D7_g_B999,0.027935527299001624,0.531,1
D7_g_B999,0.027942548838830183,0.533,1
D7_g_B999,0.027949570378658736,0.536,1
D7_g_B999,0.027956591918487296,0.538,1
D7_g_B999,0.027963613458315856,0.54,1
D7_g_B999,0.02797063499814441,0.543,1
D7_g_B999,0.02797765653797297,0.544,1
D7_g_B999,0.027984678077801528,0.546,1
D7_g_B999,0.02799169961763008,0.546,1
D7_g_B999,0.02799872115745864,0.546,1
D7_g_B999,0.0280057426972872,0.549,1
D7_g_B999,0.028012764237115753,0.55,1
D7_g_B999,0.028019785776944313,0.552,1
D7_g_B999,0.028026807316772873,0.553,1
D7_g_B999,0.02803382885660143,0.554,1
D7_g_B999,0.028040850396429985,0.554,1
D7_g_B999,0.028047871936258545,0.555,1
D7_g_B999,0.0280548934760871,0.555,1
D7_g_B999,0.028061915015915657,0.556,1
D7_g_B999,0.028068936555744217,0.559,1
D7_g_B999,0.028075958095572773,0.562,1
D7_g_B999,0.02808297963540133,0.564,1
D7_g_B999,0.02809000117522989,0.565,1
D7_g_B999,0.028097022715058446,0.567,1
D7_g_B999,0.028104044254887002,0.569,1
D7_g_B999,0.028111065794715562,0.57,1
D7_g_B999,0.028118087334544118,0.572,1
D7_g_B999,0.028125108874372674,0.572,1
D7_g_B999,0.028132130414201234,0.573,1
D7_g_B999,0.02813915195402979,0.573,1
D7_g_B999,0.028146173493858347,0.575,1
D7_g_B999,0.028153195033686906,0.576,1
D7_g_B999,0.028160216573515463,0.577,1
D7_g_B999,0.02816723811334402,0.579,1
D7_g_B999,0.02817425965317258,0.584,1
D7_g_B999,0.028181281193001135,0.585,1
D7_g_B999,0.02818830273282969,0.586,1
D7_g_B999,0.02819532427265825,0.586,1
D7_g_B999,0.028202345812486807,0.586,1
D7_g_B999,0.028209367352315363,0.588,1
D7_g_B999,0.028216388892143923,0.59,1
D7_g_B999,0.02822341043197248,0.59,1
D7_g_B999,0.028230431971801036,0.592,1
D7_g_B999,0.028237453511629595,0.594,1
D7_g_B999,0.028244475051458152,0.596,1
D7_g_B999,0.028251496591286708,0.596,1
D7_g_B999,0.028258518131115268,0.596,1
D7_g_B999,0.028265539670943824,0.596,1
D7_g_B999,0.02827256121077238,0.596,1
D7_g_B999,0.02827958275060094,0.599,1
D7_g_B999,0.028286604290429496,0.601,1
D7_g_B999,0.028293625830258053,0.603,1
D7_g_B999,0.028300647370086612,0.604,1
D7_g_B999,0.028307668909915172,0.606,1
D7_g_B999,0.028314690449743725,0.606,1
D7_g_B999,0.028321711989572285,0.609,1
D7_g_B999,0.028328733529400844,0.609,1
D7_g_B999,0.028335755069229397,0.611,1
D7_g_B999,0.028342776609057957,0.613,1
D7_g_B999,0.028349798148886517,0.614,1
D7_g_B999,0.02835681968871507,0.614,1
D7_g_B999,0.02836384122854363,0.614,1
D7_g_B999,0.02837086276837219,0.615,1
D7_g_B999,0.028377884308200742,0.621,1
D7_g_B999,0.0283849058480293,0.624,1
D7_g_B999,0.02839192738785786,0.624,1
D7_g_B999,0.028398948927686418,0.627,1
D7_g_B999,0.028405970467514974,0.632,1
D7_g_B999,0.028412992007343534,0.632,1
D7_g_B999,0.02842001354717209,0.632,1
D7_g_B999,0.028427035087000646,0.634,1
D7_g_B999,0.028434056626829206,0.635,1
D7_g_B999,0.028441078166657762,0.637,1
D7_g_B999,0.02844809970648632,0.64,1
D7_g_B999,0.028455121246314878,0.644,1
D7_g_B999,0.028462142786143434,0.644,1
D7_g_B999,0.02846916432597199,0.645,1
D7_g_B999,0.02847618586580055,0.649,1
D7_g_B999,0.028483207405629107,0.653,1
D7_g_B999,0.028490228945457663,0.654,1
D7_g_B999,0.028497250485286223,0.657,1
D7_g_B999,0.02850427202511478,0.657,1
D7_g_B999,0.028511293564943335,0.661,1
D7_g_B999,0.028518315104771895,0.664,1
D7_g_B999,0.02852533664460045,0.665,1
D7_g_B999,0.028532358184429008,0.666,1
D7_g_B999,0.028539379724257567,0.667,1
D7_g_B999,0.028546401264086124,0.669,1
D7_g_B999,0.02855342280391468,0.671,1
D7_g_B999,0.02856044434374324,0.674,1
D7_g_B999,0.028567465883571796,0.675,1
D7_g_B999,0.028574487423400352,0.675,1
D7_g_B999,0.028581508963228912,0.676,1
D7_g_B999,0.028588530503057468,0.678,1
D7_g_B999,0.028595552042886024,0.679,1
D7_g_B999,0.028602573582714584,0.679,1
D7_g_B999,0.02860959512254314,0.683,1
D7_g_B999,0.028616616662371697,0.685,1
D7_g_B999,0.028623638202200256,0.686,1
D7_g_B999,0.028630659742028813,0.687,1
D7_g_B999,0.02863768128185737,0.689,1
D7_g_B999,0.02864470282168593,0.689,1
D7_g_B999,0.028651724361514485,0.69,1
D7_g_B999,0.02865874590134304,0.692,1
D7_g_B999,0.0286657674411716,0.692,1
D7_g_B999,0.02867278898100016,0.695,1
D7_g_B999,0.028679810520828714,0.699,1
D7_g_B999,0.028686832060657273,0.701,1
D7_g_B999,0.028693853600485833,0.701,1
D7_g_B999,0.028700875140314386,0.703,1
D7_g_B999,0.028707896680142946,0.705,1
D7_g_B999,0.028714918219971505,0.706,1
D7_g_B999,0.028721939759800058,0.706,1
D7_g_B999,0.028728961299628618,0.707,1
D7_g_B999,0.028735982839457178,0.708,1
D7_g_B999,0.02874300437928573,0.711,1
D7_g_B999,0.02875002591911429,0.712,1
D7_g_B999,0.02875704745894285,0.714,1
D7_g_B999,0.028764068998771406,0.718,1
D7_g_B999,0.028771090538599962,0.72,1
D7_g_B999,0.028778112078428522,0.722,1
D7_g_B999,0.02878513361825708,0.724,1
D7_g_B999,0.028792155158085635,0.724,1
D7_g_B999,0.028799176697914194,0.728,1
D7_g_B999,0.02880619823774275,0.731,1
D7_g_B999,0.028813219777571307,0.733,1
D7_g_B999,0.028820241317399867,0.735,1
D7_g_B999,0.028827262857228423,0.735,1
D7_g_B999,0.02883428439705698,0.736,1
D7_g_B999,0.02884130593688554,0.736,1
D7_g_B999,0.028848327476714095,0.738,1
D7_g_B999,0.02885534901654265,0.741,1
D7_g_B999,0.02886237055637121,0.745,1
D7_g_B999,0.028869392096199768,0.745,1
D7_g_B999,0.028876413636028324,0.75,1
D7_g_B999,0.028883435175856884,0.75,1
D7_g_B999,0.02889045671568544,0.752,1
D7_g_B999,0.028897478255513996,0.753,1
D7_g_B999,0.028904499795342556,0.755,1
D7_g_B999,0.028911521335171112,0.759,1
D7_g_B999,0.02891854287499967,0.761,1
D7_g_B999,0.028925564414828228,0.764,1
D7_g_B999,0.028932585954656784,0.767,1
D7_g_B999,0.02893960749448534,0.768,1
D7_g_B999,0.0289466290343139,0.772,1
D7_g_B999,0.028953650574142457,0.776,1
D7_g_B999,0.028960672113971013,0.777,1
D7_g_B999,0.028967693653799573,0.778,1
D7_g_B999,0.02897471519362813,0.779,1
D7_g_B999,0.028981736733456685,0.782,1
D7_g_B999,0.028988758273285245,0.785,1
D7_g_B999,0.0289957798131138,0.787,1
D7_g_B999,0.029002801352942358,0.79,1
D7_g_B999,0.029009822892770917,0.794,1
D7_g_B999,0.029016844432599477,0.797,1
D7_g_B999,0.02902386597242803,0.797,1
D7_g_B999,0.02903088751225659,0.798,1
D7_g_B999,0.02903790905208515,0.801,1
D7_g_B999,0.029044930591913702,0.803,1
D7_g_B999,0.029051952131742262,0.804,1
D7_g_B999,0.02905897367157082,0.808,1
D7_g_B999,0.029065995211399374,0.808,1
D7_g_B999,0.029073016751227934,0.809,1
D7_g_B999,0.029080038291056494,0.81,1
D7_g_B999,0.029087059830885047,0.811,1
D7_g_B999,0.029094081370713606,0.811,1
D7_g_B999,0.029101102910542166,0.814,1
D7_g_B999,0.029108124450370722,0.816,1
D7_g_B999,0.02911514599019928,0.817,1
D7_g_B999,0.02912216753002784,0.817,1
D7_g_B999,0.029129189069856395,0.817,1
D7_g_B999,0.02913621060968495,0.817,1
D7_g_B999,0.02914323214951351,0.819,1
D7_g_B999,0.029150253689342067,0.82,1
D7_g_B999,0.029157275229170623,0.824,1
D7_g_B999,0.029164296768999183,0.825,1
D7_g_B999,0.02917131830882774,0.825,1
D7_g_B999,0.029178339848656296,0.825,1
D7_g_B999,0.029185361388484855,0.825,1
D7_g_B999,0.02919238292831341,0.826,1
D7_g_B999,0.029199404468141968,0.828,1
D7_g_B999,0.029206426007970528,0.828,1
D7_g_B999,0.029213447547799084,0.83,1
D7_g_B999,0.02922046908762764,0.833,1
D7_g_B999,0.0292274906274562,0.833,1
D7_g_B999,0.029234512167284756,0.833,1
D7_g_B999,0.029241533707113312,0.834,1
D7_g_B999,0.029248555246941872,0.839,1
D7_g_B999,0.02925557678677043,0.842,1
D7_g_B999,0.029262598326598985,0.843,1
D7_g_B999,0.029269619866427544,0.844,1
D7_g_B999,0.0292766414062561,0.844,1
D7_g_B999,0.029283662946084657,0.846,1
D7_g_B999,0.029290684485913217,0.848,1
D7_g_B999,0.029297706025741773,0.849,1
D7_g_B999,0.02930472756557033,0.849,1
D7_g_B999,0.02931174910539889,0.849,1
D7_g_B999,0.029318770645227445,0.851,1
D7_g_B999,0.029325792185056,0.854,1
D7_g_B999,0.02933281372488456,0.857,1
D7_g_B999,0.029339835264713118,0.857,1
D7_g_B999,0.029346856804541674,0.858,1
D7_g_B999,0.029353878344370234,0.861,1
D7_g_B999,0.02936089988419879,0.864,1
D7_g_B999,0.029367921424027346,0.865,1
D7_g_B999,0.029374942963855906,0.869,1
D7_g_B999,0.029381964503684466,0.87,1
D7_g_B999,0.02938898604351302,0.874,1
D7_g_B999,0.029396007583341578,0.874,1
D7_g_B999,0.029403029123170138,0.878,1
D7_g_B999,0.02941005066299869,0.879,1
D7_g_B999,0.02941707220282725,0.879,1
D7_g_B999,0.02942409374265581,0.879,1
D7_g_B999,0.029431115282484363,0.879,1
D7_g_B999,0.029438136822312923,0.882,1
D7_g_B999,0.029445158362141483,0.884,1
D7_g_B999,0.029452179901970035,0.884,1
D7_g_B999,0.029459201441798595,0.885,1
D7_g_B999,0.029466222981627155,0.887,1
D7_g_B999,0.02947324452145571,0.888,1
D7_g_B999,0.029480266061284267,0.889,1
D7_g_B999,0.029487287601112827,0.889,1
D7_g_B999,0.029494309140941383,0.893,1
D7_g_B999,0.02950133068076994,0.893,1
D7_g_B999,0.0295083522205985,0.894,1
D7_g_B999,0.029515373760427056,0.896,1
D7_g_B999,0.029522395300255612,0.896,1
D7_g_B999,0.02952941684008417,0.898,1
D7_g_B999,0.029536438379912728,0.9,1
D7_g_B999,0.029543459919741284,0.903,1
D7_g_B999,0.029550481459569844,0.905,1
D7_g_B999,0.0295575029993984,0.906,1
D7_g_B999,0.029564524539226957,0.908,1
D7_g_B999,0.029571546079055516,0.909,1
D7_g_B999,0.029578567618884073,0.91,1
D7_g_B999,0.02958558915871263,0.911,1
D7_g_B999,0.02959261069854119,0.912,1
D7_g_B999,0.029599632238369745,0.912,1
D7_g_B999,0.0296066537781983,0.915,1
D7_g_B999,0.02961367531802686,0.915,1
D7_g_B999,0.029620696857855417,0.917,1
D7_g_B999,0.029627718397683973,0.919,1
D7_g_B999,0.029634739937512533,0.92,1
D7_g_B999,0.02964176147734109,0.923,1
D7_g_B999,0.029648783017169646,0.926,1
D7_g_B999,0.029655804556998205,0.928,1
D7_g_B999,0.02966282609682676,0.931,1
D7_g_B999,0.029669847636655318,0.933,1
D7_g_B999,0.029676869176483878,0.938,1
D7_g_B999,0.029683890716312434,0.938,1
D7_g_B999,0.02969091225614099,0.943,1
D7_g_B999,0.02969793379596955,0.947,1
D7_g_B999,0.029704955335798106,0.949,1
D7_g_B999,0.029711976875626663,0.95,1
D7_g_B999,0.029718998415455222,0.95,1
D7_g_B999,0.02972601995528378,0.954,1
D7_g_B999,0.029733041495112335,0.956,1
D7_g_B999,0.029740063034940895,0.956,1
D7_g_B999,0.029747084574769454,0.959,1
D7_g_B999,0.029754106114598007,0.96,1
D7_g_B999,0.029761127654426567,0.963,1
D7_g_B999,0.029768149194255127,0.965,1
D7_g_B999,0.02977517073408368,0.966,1
D7_g_B999,0.02978219227391224,0.967,1
D7_g_B999,0.0297892138137408,0.972,1
D7_g_B999,0.02979623535356935,0.974,1
D7_g_B999,0.02980325689339791,0.975,1
D7_g_B999,0.02981027843322647,0.979,1
D7_g_B999,0.029817299973055027,0.981,1
D7_g_B999,0.029824321512883584,0.982,1
D7_g_B999,0.029831343052712143,0.984,1
D7_g_B999,0.0298383645925407,0.986,1
D7_g_B999,0.029845386132369256,0.986,1
D7_g_B999,0.029852407672197816,0.987,1
D7_g_B999,0.029859429212026372,0.989,1
D7_g_B999,0.029866450751854928,0.992,1
D7_g_B999,0.029873472291683488,0.999,1
D7_g_B999,0.029880493831512044,1.0,1
D7_g_B999,0.0298875153713406,0.997,1
D7_g_B999,0.02989453691116916,0.994,1
D7_g_B999,0.029901558450997717,0.988,1
D7_g_B999,0.029908579990826273,0.987,1
D7_g_B999,0.029915601530654833,0.986,1
D7_g_B999,0.02992262307048339,0.985,1
D7_g_B999,0.029929644610311945,0.98,1
D7_g_B999,0.029936666150140505,0.975,1
D7_g_B999,0.02994368768996906,0.972,1
D7_g_B999,0.029950709229797617,0.97,1
D7_g_B999,0.029957730769626177,0.967,1
D7_g_B999,0.029964752309454733,0.966,1
D7_g_B999,0.02997177384928329,0.965,1
D7_g_B999,0.02997879538911185,0.962,1
D7_g_B999,0.029985816928940406,0.96,1
D7_g_B999,0.029992838468768962,0.959,1
D7_g_B999,0.02999986000859752,0.959,1
D7_g_B999,0.030006881548426078,0.957,1
D7_g_B999,0.030013903088254634,0.953,1
D7_g_B999,0.030020924628083194,0.949,1
D7_g_B999,0.03002794616791175,0.949,1
D7_g_B999,0.030034967707740307,0.947,1
D7_g_B999,0.030041989247568866,0.947,1
D7_g_B999,0.030049010787397423,0.946,1
D7_g_B999,0.03005603232722598,0.942,1
D7_g_B999,0.03006305386705454,0.939,1
D7_g_B999,0.030070075406883095,0.937,1
D7_g_B999,0.03007709694671165,0.937,1
D7_g_B999,0.03008411848654021,0.936,1
D7_g_B999,0.03009114002636877,0.935,1
D7_g_B999,0.030098161566197323,0.933,1
D7_g_B999,0.030105183106025883,0.933,1
D7_g_B999,0.030112204645854443,0.933,1
D7_g_B999,0.030119226185682996,0.933,1
D7_g_B999,0.030126247725511555,0.932,1
D7_g_B999,0.030133269265340115,0.927,1
D7_g_B999,0.030140290805168668,0.924,1
D7_g_B999,0.030147312344997228,0.92,1
D7_g_B999,0.030154333884825787,0.918,1
D7_g_B999,0.03016135542465434,0.913,1
D7_g_B999,0.0301683769644829,0.911,1
D7_g_B999,0.03017539850431146,0.911,1
D7_g_B999,0.030182420044140016,0.908,1
D7_g_B999,0.030189441583968572,0.908,1
D7_g_B999,0.030196463123797132,0.908,1
D7_g_B999,0.03020348466362569,0.906,1
D7_g_B999,0.030210506203454245,0.903,1
D7_g_B999,0.030217527743282804,0.903,1
D7_g_B999,0.03022454928311136,0.902,1
D7_g_B999,0.030231570822939917,0.9,1
D7_g_B999,0.030238592362768477,0.899,1
D7_g_B999,0.030245613902597033,0.898,1
D7_g_B999,0.03025263544242559,0.896,1
D7_g_B999,0.03025965698225415,0.896,1
D7_g_B999,0.030266678522082705,0.896,1
D7_g_B999,0.03027370006191126,0.896,1
D7_g_B999,0.03028072160173982,0.894,1
D7_g_B999,0.030287743141568377,0.893,1
D7_g_B999,0.030294764681396934,0.892,1
D7_g_B999,0.030301786221225493,0.89,1
D7_g_B999,0.03030880776105405,0.89,1
D7_g_B999,0.030315829300882606,0.889,1
D7_g_B999,0.030322850840711166,0.886,1
D7_g_B999,0.030329872380539722,0.883,1
D7_g_B999,0.03033689392036828,0.88,1
D7_g_B999,0.030343915460196838,0.876,1
D7_g_B999,0.030350937000025394,0.875,1
D7_g_B999,0.03035795853985395,0.87,1
D7_g_B999,0.03036498007968251,0.868,1
D7_g_B999,0.030372001619511067,0.866,1
D7_g_B999,0.030379023159339623,0.864,1
D7_g_B999,0.030386044699168183,0.863,1
D7_g_B999,0.03039306623899674,0.863,1
D7_g_B999,0.030400087778825295,0.86,1
D7_g_B999,0.030407109318653855,0.86,1
D7_g_B999,0.03041413085848241,0.858,1
D7_g_B999,0.030421152398310967,0.853,1
D7_g_B999,0.030428173938139527,0.852,1
D7_g_B999,0.030435195477968083,0.848,1
D7_g_B999,0.03044221701779664,0.846,1
D7_g_B999,0.0304492385576252,0.846,1
D7_g_B999,0.03045626009745376,0.846,1
D7_g_B999,0.030463281637282312,0.846,1
D7_g_B999,0.030470303177110872,0.844,1
D7_g_B999,0.03047732471693943,0.843,1
D7_g_B999,0.030484346256767984,0.841,1
D7_g_B999,0.030491367796596544,0.84,1
D7_g_B999,0.030498389336425104,0.838,1
D7_g_B999,0.030505410876253657,0.836,1
D7_g_B999,0.030512432416082216,0.836,1
D7_g_B999,0.030519453955910776,0.835,1
D7_g_B999,0.03052647549573933,0.834,1
D7_g_B999,0.03053349703556789,0.832,1
D7_g_B999,0.03054051857539645,0.829,1
D7_g_B999,0.030547540115225005,0.829,1
D7_g_B999,0.03055456165505356,0.828,1
D7_g_B999,0.03056158319488212,0.824,1
D7_g_B999,0.030568604734710677,0.821,1
D7_g_B999,0.030575626274539233,0.821,1
D7_g_B999,0.030582647814367793,0.819,1
D7_g_B999,0.03058966935419635,0.816,1
D7_g_B999,0.030596690894024905,0.814,1
D7_g_B999,0.030603712433853465,0.814,1
D7_g_B999,0.03061073397368202,0.814,1
D7_g_B999,0.030617755513510578,0.813,1
D7_g_B999,0.030624777053339138,0.811,1
D7_g_B999,0.030631798593167694,0.809,1
D7_g_B999,0.03063882013299625,0.808,1
D7_g_B999,0.03064584167282481,0.807,1
D7_g_B999,0.030652863212653366,0.805,1
D7_g_B999,0.030659884752481922,0.802,1
D7_g_B999,0.030666906292310482,0.8,1
D7_g_B999,0.03067392783213904,0.798,1
D7_g_B999,0.030680949371967595,0.795,1
D7_g_B999,0.030687970911796154,0.794,1
D7_g_B999,0.03069499245162471,0.79,1
D7_g_B999,0.030702013991453267,0.787,1
D7_g_B999,0.030709035531281827,0.783,1
D7_g_B999,0.030716057071110383,0.782,1
D7_g_B999,0.03072307861093894,0.779,1
D7_g_B999,0.0307301001507675,0.777,1
D7_g_B999,0.030737121690596055,0.775,1
D7_g_B999,0.03074414323042461,0.774,1
D7_g_B999,0.03075116477025317,0.772,1
D7_g_B999,0.030758186310081728,0.771,1
D7_g_B999,0.030765207849910284,0.77,1
D7_g_B999,0.030772229389738844,0.768,1
D7_g_B999,0.0307792509295674,0.765,1
D7_g_B999,0.030786272469395956,0.765,1
D7_g_B999,0.030793294009224516,0.764,1
D7_g_B999,0.030800315549053076,0.764,1
D7_g_B999,0.03080733708888163,0.763,1
D7_g_B999,0.030814358628710188,0.761,1
D7_g_B999,0.030821380168538748,0.759,1
D7_g_B999,0.0308284017083673,0.757,1
D7_g_B999,0.03083542324819586,0.753,1
D7_g_B999,0.03084244478802442,0.753,1
D7_g_B999,0.030849466327852973,0.752,1
D7_g_B999,0.030856487867681533,0.748,1
D7_g_B999,0.030863509407510092,0.748,1
D7_g_B999,0.030870530947338645,0.742,1
D7_g_B999,0.030877552487167205,0.74,1
D7_g_B999,0.030884574026995765,0.74,1
D7_g_B999,0.03089159556682432,0.739,1
D7_g_B999,0.030898617106652877,0.737,1
D7_g_B999,0.030905638646481437,0.736,1
D7_g_B999,0.030912660186309993,0.736,1
D7_g_B999,0.03091968172613855,0.734,1
D7_g_B999,0.03092670326596711,0.734,1
D7_g_B999,0.030933724805795666,0.73,1
D7_g_B999,0.030940746345624222,0.728,1
D7_g_B999,0.03094776788545278,0.727,1
D7_g_B999,0.030954789425281338,0.727,1
D7_g_B999,0.030961810965109894,0.723,1
D7_g_B999,0.030968832504938454,0.722,1
D7_g_B999,0.03097585404476701,0.721,1
D7_g_B999,0.030982875584595566,0.72,1
D7_g_B999,0.030989897124424126,0.72,1
D7_g_B999,0.030996918664252682,0.718,1
D7_g_B999,0.03100394020408124,0.716,1
D7_g_B999,0.0310109617439098,0.714,1
D7_g_B999,0.031017983283738355,0.713,1
D7_g_B999,0.03102500482356691,0.708,1
D7_g_B999,0.03103202636339547,0.706,1
D7_g_B999,0.031039047903224027,0.703,1
D7_g_B999,0.031046069443052583,0.7,1
D7_g_B999,0.031053090982881143,0.697,1
D7_g_B999,0.0310601125227097,0.694,1
D7_g_B999,0.031067134062538256,0.693,1
D7_g_B999,0.031074155602366815,0.69,1
D7_g_B999,0.03108117714219537,0.686,1
D7_g_B999,0.031088198682023928,0.685,1
D7_g_B999,0.031095220221852488,0.682,1
D7_g_B999,0.031102241761681044,0.678,1
D7_g_B999,0.0311092633015096,0.673,1
D7_g_B999,0.03111628484133816,0.671,1
D7_g_B999,0.031123306381166716,0.668,1
D7_g_B999,0.031130327920995272,0.666,1
D7_g_B999,0.031137349460823832,0.663,1
D7_g_B999,0.03114437100065239,0.663,1
D7_g_B999,0.031151392540480945,0.662,1
D7_g_B999,0.031158414080309504,0.661,1
D7_g_B999,0.031165435620138064,0.659,1
D7_g_B999,0.031172457159966617,0.658,1
D7_g_B999,0.031179478699795177,0.655,1
D7_g_B999,0.031186500239623736,0.651,1
D7_g_B999,0.03119352177945229,0.65,1
D7_g_B999,0.03120054331928085,0.648,1
D7_g_B999,0.03120756485910941,0.645,1
D7_g_B999,0.03121458639893796,0.643,1
D7_g_B999,0.03122160793876652,0.641,1
D7_g_B999,0.03122862947859508,0.641,1
D7_g_B999,0.031235651018423634,0.641,1
D7_g_B999,0.031242672558252194,0.639,1
D7_g_B999,0.031249694098080753,0.638,1
D7_g_B999,0.03125671563790931,0.637,1
D7_g_B999,0.031263737177737866,0.637,1
D7_g_B999,0.031270758717566426,0.634,1
D7_g_B999,0.031277780257394985,0.632,1
D7_g_B999,0.03128480179722354,0.631,1
D7_g_B999,0.0312918233370521,0.63,1
D7_g_B999,0.03129884487688066,0.63,1
D7_g_B999,0.03130586641670921,0.629,1
D7_g_B999,0.03131288795653777,0.628,1
D7_g_B999,0.03131990949636633,0.623,1
D7_g_B999,0.03132693103619488,0.623,1
D7_g_B999,0.03133395257602344,0.621,1
D7_g_B999,0.031340974115852,0.62,1
D7_g_B999,0.031347995655680555,0.618,1
D7_g_B999,0.031355017195509115,0.612,1
D7_g_B999,0.031362038735337674,0.609,1
D7_g_B999,0.03136906027516623,0.607,1
D7_g_B999,0.03137608181499479,0.607,1
D7_g_B999,0.03138310335482335,0.605,1
D7_g_B999,0.0313901248946519,0.605,1
D7_g_B999,0.03139714643448046,0.604,1
D7_g_B999,0.03140416797430902,0.603,1
D7_g_B999,0.03141118951413757,0.603,1
D7_g_B999,0.03141821105396613,0.603,1
D7_g_B999,0.03142523259379469,0.601,1
D7_g_B999,0.031432254133623244,0.599,1
D7_g_B999,0.031439275673451804,0.596,1
D7_g_B999,0.031446297213280364,0.594,1
D7_g_B999,0.031453318753108916,0.589,1
D7_g_B999,0.031460340292937476,0.584,1
D7_g_B999,0.031467361832766036,0.583,1
D7_g_B999,0.03147438337259459,0.58,1
D7_g_B999,0.03148140491242315,0.58,1
D7_g_B999,0.03148842645225171,0.573,1
D7_g_B999,0.03149544799208026,0.572,1
D7_g_B999,0.03150246953190882,0.572,1
D7_g_B999,0.03150949107173738,0.571,1
D7_g_B999,0.03151651261156593,0.57,1
D7_g_B999,0.03152353415139449,0.569,1
D7_g_B999,0.03153055569122305,0.568,1
D7_g_B999,0.031537577231051606,0.568,1
D7_g_B999,0.031544598770880165,0.566,1
D7_g_B999,0.031551620310708725,0.564,1
D7_g_B999,0.03155864185053728,0.564,1
D7_g_B999,0.03156566339036584,0.564,1
D7_g_B999,0.0315726849301944,0.564,1
D7_g_B999,0.03157970647002295,0.563,1
D7_g_B999,0.03158672800985151,0.562,1
D7_g_B999,0.03159374954968007,0.562,1
D7_g_B999,0.03160077108950862,0.562,1
D7_g_B999,0.03160779262933718,0.559,1
D7_g_B999,0.03161481416916574,0.559,1
D7_g_B999,0.031621835708994295,0.557,1
D7_g_B999,0.031628857248822854,0.556,1
D7_g_B999,0.031635878788651414,0.555,1
D7_g_B999,0.03164290032847997,0.554,1
D7_g_B999,0.03164992186830853,0.554,1
D7_g_B999,0.031656943408137087,0.554,1
D7_g_B999,0.03166396494796564,0.554,1
D7_g_B999,0.0316709864877942,0.554,1
D7_g_B999,0.03167800802762276,0.552,1
D7_g_B999,0.03168502956745131,0.551,1
D7_g_B999,0.03169205110727987,0.551,1
D7_g_B999,0.03169907264710843,0.55,1
D7_g_B999,0.031706094186936984,0.549,1
D7_g_B999,0.031713115726765544,0.547,1
D7_g_B999,0.0317201372665941,0.547,1
D7_g_B999,0.031727158806422656,0.546,1
D7_g_B999,0.031734180346251216,0.544,1
D7_g_B999,0.031741201886079776,0.544,1
D7_g_B999,0.03174822342590833,0.542,1
D7_g_B999,0.03175524496573689,0.541,1
D7_g_B999,0.03176226650556545,0.541,1
D7_g_B999,0.031769288045394,0.541,1
D7_g_B999,0.03177630958522256,0.541,1
D7_g_B999,0.03178333112505112,0.538,1
D7_g_B999,0.03179035266487967,0.537,1
D7_g_B999,0.03179737420470823,0.537,1
D7_g_B999,0.03180439574453679,0.535,1
D7_g_B999,0.031811417284365345,0.535,1
D7_g_B999,0.031818438824193905,0.533,1
D7_g_B999,0.031825460364022465,0.531,1
D7_g_B999,0.03183248190385102,0.527,1
D7_g_B999,0.031839503443679584,0.527,1
D7_g_B999,0.03184652498350814,0.525,1
D7_g_B999,0.03185354652333669,0.525,1
D7_g_B999,0.03186056806316526,0.523,1
D7_g_B999,0.03186758960299381,0.521,1
D7_g_B999,0.03187461114282236,0.518,1
D7_g_B999,0.03188163268265093,0.518,1
D7_g_B999,0.03188865422247948,0.514,1
D7_g_B999,0.031895675762308034,0.513,1
D7_g_B999,0.0319026973021366,0.51,1
D7_g_B999,0.031909718841965154,0.507,1
D7_g_B999,0.03191674038179371,0.506,1
D7_g_B999,0.03192376192162227,0.504,1
D7_g_B999,0.031930783461450826,0.502,1
D7_g_B999,0.03193780500127938,0.5,1
D7_g_B999,0.031944826541107946,0.499,1
D7_g_B999,0.0319518480809365,0.498,1
D7_g_B999,0.03195886962076505,0.498,1
D7_g_B999,0.03196589116059362,0.496,1
D7_g_B999,0.03197291270042217,0.494,1
D7_g_B999,0.031979934240250724,0.492,1
D7_g_B999,0.03198695578007929,0.49,1
D7_g_B999,0.03199397731990784,0.489,1
D7_g_B999,0.032000998859736396,0.488,1
D7_g_B999,0.03200802039956496,0.482,1
D7_g_B999,0.032015041939393515,0.481,1
D7_g_B999,0.032022063479222075,0.479,1
D7_g_B999,0.032029085019050635,0.475,1
D7_g_B999,0.03203610655887919,0.474,1
D7_g_B999,0.03204312809870775,0.474,1
D7_g_B999,0.03205014963853631,0.472,1
D7_g_B999,0.03205717117836486,0.47,1
D7_g_B999,0.03206419271819342,0.469,1
D7_g_B999,0.03207121425802198,0.469,1
D7_g_B999,0.03207823579785053,0.467,1
D7_g_B999,0.03208525733767909,0.466,1
D7_g_B999,0.03209227887750765,0.463,1
D7_g_B999,0.032099300417336205,0.462,1
D7_g_B999,0.032106321957164764,0.46,1
D7_g_B999,0.032113343496993324,0.456,1
D7_g_B999,0.03212036503682188,0.454,1
D7_g_B999,0.03212738657665044,0.453,1
D7_g_B999,0.032134408116478996,0.453,1
D7_g_B999,0.03214142965630755,0.452,1
D7_g_B999,0.03214845119613611,0.451,1
D7_g_B999,0.03215547273596467,0.451,1
D7_g_B999,0.03216249427579322,0.45,1
D7_g_B999,0.03216951581562178,0.45,1
D7_g_B999,0.03217653735545034,0.449,1
D7_g_B999,0.032183558895278894,0.448,1
D7_g_B999,0.03219058043510745,0.448,1
D7_g_B999,0.03219760197493601,0.446,1
D7_g_B999,0.032204623514764566,0.446,1
D7_g_B999,0.032211645054593126,0.444,1
D7_g_B999,0.032218666594421685,0.443,1
D7_g_B999,0.03222568813425024,0.443,1
D7_g_B999,0.0322327096740788,0.44,1
D7_g_B999,0.03223973121390736,0.437,1
D7_g_B999,0.03224675275373591,0.436,1
D7_g_B999,0.03225377429356447,0.436,1
D7_g_B999,0.03226079583339303,0.436,1
D7_g_B999,0.03226781737322158,0.435,1
D7_g_B999,0.03227483891305014,0.433,1
D7_g_B999,0.0322818604528787,0.432,1
D7_g_B999,0.032288881992707255,0.43,1
D7_g_B999,0.032295903532535815,0.43,1
D7_g_B999,0.032302925072364375,0.43,1
D7_g_B999,0.03230994661219293,0.427,1
D7_g_B999,0.03231696815202149,0.423,1
D7_g_B999,0.03232398969185005,0.42,1
D7_g_B999,0.0323310112316786,0.419,1
D7_g_B999,0.03233803277150716,0.418,1
D7_g_B999,0.03234505431133572,0.417,1
D7_g_B999,0.03235207585116427,0.415,1
D7_g_B999,0.03235909739099283,0.412,1
D7_g_B999,0.03236611893082139,0.409,1
D7_g_B999,0.032373140470649944,0.408,1
D7_g_B999,0.032380162010478504,0.406,1
D7_g_B999,0.032387183550307064,0.406,1
D7_g_B999,0.03239420509013562,0.403,1
D7_g_B999,0.032401226629964176,0.401,1
D7_g_B999,0.032408248169792736,0.401,1
D7_g_B999,0.03241526970962129,0.399,1
D7_g_B999,0.03242229124944985,0.397,1
D7_g_B999,0.03242931278927841,0.395,1
D7_g_B999,0.03243633432910696,0.394,1
D7_g_B999,0.03244335586893552,0.393,1
D7_g_B999,0.03245037740876408,0.392,1
D7_g_B999,0.03245739894859263,0.39,1
D7_g_B999,0.03246442048842119,0.389,1
D7_g_B999,0.03247144202824975,0.389,1
D7_g_B999,0.032478463568078306,0.388,1
D7_g_B999,0.032485485107906865,0.386,1
D7_g_B999,0.032492506647735425,0.386,1
D7_g_B999,0.03249952818756398,0.386,1
D7_g_B999,0.03250654972739254,0.385,1
D7_g_B999,0.0325135712672211,0.385,1
D7_g_B999,0.03252059280704965,0.385,1
D7_g_B999,0.03252761434687821,0.385,1
D7_g_B999,0.03253463588670677,0.384,1
D7_g_B999,0.03254165742653532,0.38,1
D7_g_B999,0.03254867896636389,0.38,1
D7_g_B999,0.03255570050619244,0.38,1
D7_g_B999,0.032562722046020995,0.379,1
D7_g_B999,0.03256974358584956,0.378,1
D7_g_B999,0.032576765125678114,0.378,1
D7_g_B999,0.03258378666550667,0.376,1
D7_g_B999,0.032590808205335234,0.375,1
D7_g_B999,0.03259782974516379,0.372,1
D7_g_B999,0.03260485128499234,0.369,1
D7_g_B999,0.032611872824820906,0.368,1
D7_g_B999,0.03261889436464946,0.367,1
D7_g_B999,0.03262591590447801,0.366,1
D7_g_B999,0.03263293744430658,0.366,1
D7_g_B999,0.03263995898413513,0.366,1
D7_g_B999,0.032646980523963684,0.364,1
D7_g_B999,0.03265400206379225,0.364,1
D7_g_B999,0.032661023603620803,0.363,1
D7_g_B999,0.032668045143449356,0.361,1
D7_g_B999,0.03267506668327792,0.359,1
D7_g_B999,0.032682088223106476,0.359,1
D7_g_B999,0.03268910976293503,0.358,1
D7_g_B999,0.032696131302763595,0.358,1
D7_g_B999,0.03270315284259215,0.358,1
D7_g_B999,0.0327101743824207,0.358,1
D7_g_B999,0.03271719592224927,0.357,1
D7_g_B999,0.03272421746207782,0.355,1
D7_g_B999,0.03273123900190638,0.355,1
D7_g_B999,0.03273826054173494,0.354,1
D7_g_B999,0.03274528208156349,0.354,1
D7_g_B999,0.03275230362139205,0.352,1
D7_g_B999,0.03275932516122061,0.35,1
D7_g_B999,0.032766346701049165,0.35,1
D7_g_B999,0.032773368240877725,0.35,1
D7_g_B999,0.032780389780706284,0.35,1
D7_g_B999,0.03278741132053484,0.35,1
D7_g_B999,0.0327944328603634,0.349,1
D7_g_B999,0.03280145440019196,0.349,1
D7_g_B999,0.03280847594002051,0.348,1
D7_g_B999,0.03281549747984907,0.346,1
D7_g_B999,0.03282251901967763,0.346,1
D7_g_B999,0.03282954055950618,0.345,1
D7_g_B999,0.03283656209933474,0.344,1
D7_g_B999,0.0328435836391633,0.343,1
D7_g_B999,0.032850605178991854,0.342,1
D7_g_B999,0.032857626718820414,0.341,1
D7_g_B999,0.032864648258648974,0.341,1
D7_g_B999,0.032871669798477526,0.339,1
D7_g_B999,0.032878691338306086,0.338,1
D7_g_B999,0.032885712878134646,0.338,1
D7_g_B999,0.0328927344179632,0.336,1
D7_g_B999,0.03289975595779176,0.336,1
D7_g_B999,0.03290677749762032,0.336,1
D7_g_B999,0.03291379903744887,0.336,1
D7_g_B999,0.03292082057727743,0.335,1
D7_g_B999,0.03292784211710599,0.335,1
D7_g_B999,0.03293486365693454,0.334,1
D7_g_B999,0.0329418851967631,0.334,1
D7_g_B999,0.03294890673659166,0.333,1
D7_g_B999,0.032955928276420215,0.332,1
D7_g_B999,0.032962949816248775,0.331,1
D7_g_B999,0.032969971356077335,0.329,1
D7_g_B999,0.03297699289590589,0.326,1
D7_g_B999,0.03298401443573445,0.326,1
D7_g_B999,0.03299103597556301,0.326,1
D7_g_B999,0.03299805751539156,0.326,1
D7_g_B999,0.03300507905522012,0.325,1
D7_g_B999,0.03301210059504868,0.325,1
D7_g_B999,0.03301912213487723,0.324,1
D7_g_B999,0.03302614367470579,0.324,1
D7_g_B999,0.03303316521453435,0.323,1
D7_g_B999,0.033040186754362905,0.322,1
D7_g_B999,0.033047208294191464,0.321,1
D7_g_B999,0.033054229834020024,0.321,1
D7_g_B999,0.03306125137384858,0.321,1
D7_g_B999,0.03306827291367714,0.319,1
D7_g_B999,0.033075294453505696,0.316,1
D7_g_B999,0.03308231599333425,0.316,1
D7_g_B999,0.03308933753316281,0.316,1
D7_g_B999,0.03309635907299137,0.315,1
D7_g_B999,0.03310338061281992,0.314,1
D7_g_B999,0.03311040215264848,0.312,1
D7_g_B999,0.03311742369247704,0.312,1
D7_g_B999,0.033124445232305594,0.31,1
D7_g_B999,0.033131466772134154,0.309,1
D7_g_B999,0.03313848831196271,0.308,1
D7_g_B999,0.033145509851791266,0.306,1
D7_g_B999,0.033152531391619826,0.305,1
D7_g_B999,0.033159552931448386,0.304,1
D7_g_B999,0.03316657447127694,0.303,1
D7_g_B999,0.0331735960111055,0.303,1
D7_g_B999,0.03318061755093406,0.303,1
D7_g_B999,0.03318763909076261,0.303,1
D7_g_B999,0.03319466063059117,0.303,1
D7_g_B999,0.03320168217041973,0.302,1
D7_g_B999,0.03320870371024828,0.301,1
D7_g_B999,0.03321572525007684,0.3,1
D7_g_B999,0.0332227467899054,0.3,1
D7_g_B999,0.033229768329733955,0.298,1
D7_g_B999,0.033236789869562515,0.296,1
D7_g_B999,0.033243811409391075,0.295,1
D7_g_B999,0.03325083294921963,0.295,1
D7_g_B999,0.033257854489048194,0.295,1
D7_g_B999,0.03326487602887675,0.295,1
D7_g_B999,0.0332718975687053,0.293,1
D7_g_B999,0.033278919108533866,0.293,1
D7_g_B999,0.03328594064836242,0.291,1
D7_g_B999,0.03329296218819097,0.29,1
D7_g_B999,0.03329998372801954,0.289,1
D7_g_B999,0.03330700526784809,0.288,1
D7_g_B999,0.033314026807676644,0.288,1
D7_g_B999,0.03332104834750521,0.288,1
D7_g_B999,0.033328069887333764,0.287,1
D7_g_B999,0.03333509142716232,0.286,1
D7_g_B999,0.03334211296699088,0.286,1
D7_g_B999,0.033349134506819436,0.284,1
D7_g_B999,0.03335615604664799,0.284,1
D7_g_B999,0.033363177586476556,0.283,1
D7_g_B999,0.03337019912630511,0.283,1
D7_g_B999,0.03337722066613366,0.281,1
D7_g_B999,0.03338424220596223,0.281,1
D7_g_B999,0.03339126374579078,0.281,1
D7_g_B999,0.033398285285619334,0.281,1
D7_g_B999,0.0334053068254479,0.279,1
D7_g_B999,0.03341232836527645,0.279,1
D7_g_B999,0.033419349905105006,0.278,1
D7_g_B999,0.03342637144493357,0.274,1
D7_g_B999,0.033433392984762125,0.273,1
D7_g_B999,0.033440414524590685,0.273,1
D7_g_B999,0.033447436064419245,0.273,1
D7_g_B999,0.0334544576042478,0.271,1
D7_g_B999,0.03346147914407636,0.27,1
D7_g_B999,0.03346850068390492,0.268,1
D7_g_B999,0.03347552222373347,0.268,1
D7_g_B999,0.03348254376356203,0.268,1
D7_g_B999,0.03348956530339059,0.264,1
D7_g_B999,0.03349658684321914,0.264,1
D7_g_B999,0.0335036083830477,0.264,1
D7_g_B999,0.03351062992287626,0.263,1
D7_g_B999,0.033517651462704814,0.262,1
D7_g_B999,0.033524673002533374,0.26,1
D7_g_B999,0.033531694542361934,0.26,1
D7_g_B999,0.03353871608219049,0.26,1
D7_g_B999,0.033545737622019046,0.26,1
D7_g_B999,0.033552759161847606,0.259,1
D7_g_B999,0.03355978070167616,0.258,1
D7_g_B999,0.03356680224150472,0.256,1
D7_g_B999,0.03357382378133328,0.255,1
D7_g_B999,0.03358084532116183,0.254,1
D7_g_B999,0.03358786686099039,0.254,1
D7_g_B999,0.03359488840081895,0.253,1
D7_g_B999,0.033601909940647504,0.253,1
D7_g_B999,0.03360893148047606,0.252,1
D7_g_B999,0.03361595302030462,0.252,1
D7_g_B999,0.033622974560133176,0.252,1
D7_g_B999,0.033629996099961736,0.251,1
D7_g_B999,0.033637017639790295,0.25,1
D7_g_B999,0.03364403917961885,0.25,1
D7_g_B999,0.03365106071944741,0.25,1
D7_g_B999,0.03365808225927597,0.25,1
D7_g_B999,0.03366510379910452,0.249,1
D7_g_B999,0.03367212533893308,0.247,1
D7_g_B999,0.03367914687876164,0.247,1
D7_g_B999,0.03368616841859019,0.247,1
D7_g_B999,0.03369318995841875,0.247,1
D7_g_B999,0.03370021149824731,0.246,1
D7_g_B999,0.033707233038075865,0.245,1
D7_g_B999,0.033714254577904425,0.244,1
D7_g_B999,0.033721276117732985,0.243,1
D7_g_B999,0.03372829765756154,0.242,1
D7_g_B999,0.0337353191973901,0.241,1
D7_g_B999,0.03374234073721866,0.24,1
D7_g_B999,0.03374936227704721,0.24,1
D7_g_B999,0.03375638381687577,0.24,1
D7_g_B999,0.03376340535670433,0.237,1
D7_g_B999,0.03377042689653288,0.237,1
D7_g_B999,0.03377744843636144,0.236,1
D7_g_B999,0.03378446997619,0.236,1
D7_g_B999,0.033791491516018554,0.235,1
D7_g_B999,0.033798513055847114,0.235,1
D7_g_B999,0.033805534595675674,0.234,1
D7_g_B999,0.033812556135504226,0.234,1
D7_g_B999,0.033819577675332786,0.233,1
D7_g_B999,0.033826599215161346,0.233,1
D7_g_B999,0.0338336207549899,0.232,1
D7_g_B999,0.03384064229481846,0.232,1
D7_g_B999,0.03384766383464702,0.229,1
D7_g_B999,0.03385468537447557,0.229,1
D7_g_B999,0.03386170691430413,0.229,1
D7_g_B999,0.03386872845413269,0.228,1
D7_g_B999,0.03387574999396124,0.227,1
D7_g_B999,0.0338827715337898,0.227,1
D7_g_B999,0.03388979307361836,0.227,1
D7_g_B999,0.033896814613446916,0.226,1
D7_g_B999,0.033903836153275475,0.226,1
D7_g_B999,0.033910857693104035,0.226,1
D7_g_B999,0.03391787923293259,0.224,1
D7_g_B999,0.03392490077276115,0.223,1
D7_g_B999,0.03393192231258971,0.223,1
D7_g_B999,0.03393894385241826,0.222,1
D7_g_B999,0.03394596539224682,0.222,1
D7_g_B999,0.03395298693207538,0.222,1
D7_g_B999,0.03396000847190393,0.222,1
D7_g_B999,0.03396703001173249,0.221,1
D7_g_B999,0.03397405155156105,0.22,1
D7_g_B999,0.033981073091389605,0.22,1
D7_g_B999,0.03398809463121817,0.22,1
D7_g_B999,0.033995116171046724,0.216,1
D7_g_B999,0.03400213771087528,0.215,1
D7_g_B999,0.034009159250703844,0.215,1
D7_g_B999,0.034016180790532397,0.215,1
D7_g_B999,0.03402320233036095,0.214,1
D7_g_B999,0.034030223870189516,0.214,1
D7_g_B999,0.03403724541001807,0.214,1
D7_g_B999,0.03404426694984662,0.214,1
D7_g_B999,0.03405128848967519,0.214,1
D7_g_B999,0.03405831002950374,0.214,1
D7_g_B999,0.034065331569332294,0.214,1
D7_g_B999,0.03407235310916086,0.213,1
D7_g_B999,0.03407937464898941,0.213,1
D7_g_B999,0.034086396188817966,0.213,1
D7_g_B999,0.03409341772864653,0.213,1
D7_g_B999,0.034100439268475086,0.212,1
D7_g_B999,0.03410746080830364,0.212,1
D7_g_B999,0.034114482348132205,0.212,1
D7_g_B999,0.03412150388796076,0.211,1
D7_g_B999,0.03412852542778931,0.211,1
D7_g_B999,0.03413554696761788,0.211,1
D7_g_B999,0.03414256850744643,0.208,1
D7_g_B999,0.03414959004727499,0.208,1
D7_g_B999,0.03415661158710355,0.206,1
D7_g_B999,0.0341636331269321,0.204,1
D7_g_B999,0.03417065466676066,0.204,1
D7_g_B999,0.03417767620658922,0.204,1
D7_g_B999,0.034184697746417775,0.203,1
D7_g_B999,0.034191719286246335,0.202,1
D7_g_B999,0.034198740826074894,0.201,1
D7_g_B999,0.03420576236590345,0.2,1
D7_g_B999,0.03421278390573201,0.199,1
D7_g_B999,0.03421980544556057,0.199,1
D7_g_B999,0.03422682698538912,0.198,1
D7_g_B999,0.03423384852521768,0.198,1
D7_g_B999,0.03424087006504624,0.198,1
D7_g_B999,0.03424789160487479,0.198,1
D7_g_B999,0.03425491314470335,0.197,1
D7_g_B999,0.03426193468453191,0.197,1
D7_g_B999,0.034268956224360464,0.197,1
D7_g_B999,0.034275977764189024,0.197,1
D7_g_B999,0.03428299930401758,0.195,1
D7_g_B999,0.034290020843846136,0.195,1
D7_g_B999,0.034297042383674696,0.194,1
D7_g_B999,0.034304063923503256,0.193,1
D7_g_B999,0.03431108546333181,0.193,1
D7_g_B999,0.03431810700316037,0.192,1
D7_g_B999,0.03432512854298893,0.191,1
D7_g_B999,0.03433215008281748,0.19,1
D7_g_B999,0.03433917162264604,0.19,1
D7_g_B999,0.0343461931624746,0.189,1
D7_g_B999,0.03435321470230315,0.189,1
D7_g_B999,0.03436023624213171,0.188,1
D7_g_B999,0.03436725778196027,0.188,1
D7_g_B999,0.034374279321788825,0.187,1
D7_g_B999,0.034381300861617385,0.187,1
D7_g_B999,0.034388322401445945,0.187,1
D7_g_B999,0.0343953439412745,0.186,1
D7_g_B999,0.03440236548110306,0.186,1
D7_g_B999,0.03440938702093162,0.185,1
D7_g_B999,0.03441640856076017,0.183,1
D7_g_B999,0.03442343010058873,0.181,1
D7_g_B999,0.03443045164041729,0.181,1
D7_g_B999,0.03443747318024584,0.181,1
D7_g_B999,0.0344444947200744,0.179,1
D7_g_B999,0.03445151625990296,0.177,1
D7_g_B999,0.034458537799731515,0.177,1
D7_g_B999,0.034465559339560074,0.176,1
D7_g_B999,0.034472580879388634,0.176,1
D7_g_B999,0.03447960241921719,0.173,1
D7_g_B999,0.03448662395904575,0.172,1
D7_g_B999,0.034493645498874306,0.172,1
D7_g_B999,0.03450066703870286,0.171,1
D7_g_B999,0.03450768857853142,0.171,1
D7_g_B999,0.03451471011835998,0.171,1
D7_g_B999,0.03452173165818853,0.171,1
D7_g_B999,0.03452875319801709,0.171,1
D7_g_B999,0.03453577473784565,0.171,1
D7_g_B999,0.034542796277674204,0.17,1
D7_g_B999,0.03454981781750276,0.17,1
D7_g_B999,0.03455683935733132,0.169,1
D7_g_B999,0.034563860897159876,0.169,1
D7_g_B999,0.034570882436988436,0.168,1
D7_g_B999,0.034577903976816995,0.168,1
D7_g_B999,0.03458492551664555,0.168,1
D7_g_B999,0.03459194705647411,0.167,1
D7_g_B999,0.03459896859630267,0.166,1
D7_g_B999,0.03460599013613122,0.166,1
D7_g_B999,0.03461301167595978,0.165,1
D7_g_B999,0.03462003321578834,0.165,1
D7_g_B999,0.03462705475561689,0.165,1
D7_g_B999,0.03463407629544545,0.164,1
D7_g_B999,0.03464109783527401,0.162,1
D7_g_B999,0.034648119375102565,0.162,1
D7_g_B999,0.034655140914931125,0.162,1
D7_g_B999,0.034662162454759685,0.161,1
D7_g_B999,0.03466918399458824,0.16,1
D7_g_B999,0.0346762055344168,0.157,1
D7_g_B999,0.03468322707424536,0.157,1
D7_g_B999,0.03469024861407391,0.157,1
D7_g_B999,0.034697270153902476,0.157,1
D7_g_B999,0.03470429169373103,0.157,1
D7_g_B999,0.03471131323355958,0.156,1
D7_g_B999,0.03471833477338815,0.155,1
D7_g_B999,0.0347253563132167,0.153,1
D7_g_B999,0.034732377853045254,0.153,1
D7_g_B999,0.03473939939287382,0.153,1
D7_g_B999,0.034746420932702374,0.153,1
D7_g_B999,0.03475344247253093,0.153,1
D7_g_B999,0.03476046401235949,0.153,1
D7_g_B999,0.034767485552188046,0.152,1
D7_g_B999,0.0347745070920166,0.151,1
D7_g_B999,0.034781528631845166,0.151,1
D7_g_B999,0.03478855017167372,0.151,1
D7_g_B999,0.03479557171150227,0.15,1
D7_g_B999,0.03480259325133084,0.15,1
D7_g_B999,0.03480961479115939,0.149,1
D7_g_B999,0.03481663633098794,0.148,1
D7_g_B999,0.03482365787081651,0.148,1
D7_g_B999,0.03483067941064506,0.148,1
D7_g_B999,0.034837700950473616,0.147,1
D7_g_B999,0.03484472249030218,0.146,1
D7_g_B999,0.034851744030130735,0.144,1
D7_g_B999,0.03485876556995929,0.144,1
D7_g_B999,0.034865787109787855,0.142,1
D7_g_B999,0.03487280864961641,0.142,1
D7_g_B999,0.03487983018944497,0.142,1
D7_g_B999,0.03488685172927353,0.142,1
D7_g_B999,0.03489387326910208,0.139,1
D7_g_B999,0.03490089480893064,0.137,1
D7_g_B999,0.0349079163487592,0.137,1
D7_g_B999,0.03491493788858775,0.137,1
D7_g_B999,0.03492195942841631,0.137,1
D7_g_B999,0.03492898096824487,0.136,1
D7_g_B999,0.034936002508073424,0.136,1
D7_g_B999,0.034943024047901984,0.136,1
D7_g_B999,0.034950045587730544,0.136,1
D7_g_B999,0.0349570671275591,0.135,1
D7_g_B999,0.034964088667387656,0.135,1
D7_g_B999,0.034971110207216216,0.135,1
D7_g_B999,0.03497813174704477,0.135,1
D7_g_B999,0.03498515328687333,0.135,1
D7_g_B999,0.03499217482670189,0.133,1
D7_g_B999,0.03499919636653044,0.132,1
D7_g_B999,0.035006217906359,0.132,1
D7_g_B999,0.03501323944618756,0.132,1
D7_g_B999,0.035020260986016113,0.131,1
D7_g_B999,0.03502728252584467,0.13,1
D7_g_B999,0.03503430406567323,0.128,1
D7_g_B999,0.035041325605501786,0.127,1
D7_g_B999,0.035048347145330346,0.127,1
D7_g_B999,0.035055368685158905,0.126,1
D7_g_B999,0.03506239022498746,0.125,1
D7_g_B999,0.03506941176481602,0.124,1
D7_g_B999,0.03507643330464458,0.123,1
D7_g_B999,0.03508345484447313,0.123,1
D7_g_B999,0.03509047638430169,0.123,1
D7_g_B999,0.03509749792413025,0.122,1
D7_g_B999,0.0351045194639588,0.122,1
D7_g_B999,0.03511154100378736,0.122,1
D7_g_B999,0.03511856254361592,0.12,1
D7_g_B999,0.035125584083444475,0.119,1
D7_g_B999,0.035132605623273035,0.116,1
D7_g_B999,0.035139627163101594,0.116,1
D7_g_B999,0.03514664870293015,0.115,1
D7_g_B999,0.03515367024275871,0.114,1
D7_g_B999,0.03516069178258727,0.113,1
D7_g_B999,0.03516771332241582,0.112,1
D7_g_B999,0.03517473486224438,0.112,1
D7_g_B999,0.03518175640207294,0.111,1
D7_g_B999,0.03518877794190149,0.11,1
D7_g_B999,0.03519579948173005,0.11,1
D7_g_B999,0.03520282102155861,0.11,1
D7_g_B999,0.035209842561387164,0.108,1
D7_g_B999,0.035216864101215724,0.108,1
D7_g_B999,0.035223885641044284,0.108,1
D7_g_B999,0.035230907180872836,0.108,1
D7_g_B999,0.035237928720701396,0.107,1
D7_g_B999,0.035244950260529956,0.107,1
D7_g_B999,0.03525197180035851,0.107,1
D7_g_B999,0.03525899334018707,0.107,1
D7_g_B999,0.03526601488001563,0.106,1
D7_g_B999,0.03527303641984418,0.106,1
D7_g_B999,0.03528005795967274,0.106,1
D7_g_B999,0.0352870794995013,0.106,1
D7_g_B999,0.03529410103932985,0.105,1
D7_g_B999,0.03530112257915841,0.105,1
D7_g_B999,0.03530814411898697,0.105,1
D7_g_B999,0.035315165658815525,0.105,1
D7_g_B999,0.035322187198644085,0.104,1
D7_g_B999,0.035329208738472645,0.104,1
D7_g_B999,0.0353362302783012,0.104,1
D7_g_B999,0.03534325181812976,0.103,1
D7_g_B999,0.03535027335795832,0.103,1
D7_g_B999,0.03535729489778687,0.103,1
D7_g_B999,0.03536431643761543,0.102,1
D7_g_B999,0.03537133797744399,0.101,1
D7_g_B999,0.03537835951727254,0.101,1
D7_g_B999,0.0353853810571011,0.1,1
D7_g_B999,0.03539240259692966,0.099,1
D7_g_B999,0.035399424136758215,0.099,1
D7_g_B999,0.03540644567658678,0.099,1
D7_g_B999,0.035413467216415334,0.097,1
D7_g_B999,0.03542048875624389,0.094,1
D7_g_B999,0.035427510296072454,0.093,1
D7_g_B999,0.035434531835901006,0.093,1
D7_g_B999,0.03544155337572956,0.092,1
D7_g_B999,0.035448574915558126,0.092,1
D7_g_B999,0.03545559645538668,0.091,1
D7_g_B999,0.03546261799521523,0.091,1
D7_g_B999,0.0354696395350438,0.091,1
D7_g_B999,0.03547666107487235,0.091,1
D7_g_B999,0.035483682614700904,0.091,1
D7_g_B999,0.03549070415452947,0.091,1
D7_g_B999,0.03549772569435802,0.091,1
D7_g_B999,0.035504747234186576,0.091,1
D7_g_B999,0.03551176877401514,0.091,1
D7_g_B999,0.035518790313843696,0.091,1
D7_g_B999,0.03552581185367225,0.091,1
D7_g_B999,0.035532833393500815,0.091,1
D7_g_B999,0.03553985493332937,0.091,1
D7_g_B999,0.03554687647315792,0.09,1
D7_g_B999,0.03555389801298649,0.089,1
D7_g_B999,0.03556091955281504,0.089,1
D7_g_B999,0.03556794109264359,0.089,1
D7_g_B999,0.03557496263247216,0.089,1
D7_g_B999,0.03558198417230071,0.089,1
D7_g_B999,0.03558900571212927,0.088,1
D7_g_B999,0.03559602725195783,0.088,1
D7_g_B999,0.035603048791786385,0.088,1
D7_g_B999,0.035610070331614944,0.087,1
D7_g_B999,0.035617091871443504,0.087,1
D7_g_B999,0.03562411341127206,0.087,1
D7_g_B999,0.03563113495110062,0.087,1
D7_g_B999,0.035638156490929176,0.087,1
D7_g_B999,0.03564517803075773,0.087,1
D7_g_B999,0.03565219957058629,0.087,1
D7_g_B999,0.03565922111041485,0.086,1
D7_g_B999,0.0356662426502434,0.085,1
D7_g_B999,0.03567326419007196,0.085,1
D7_g_B999,0.03568028572990052,0.085,1
D7_g_B999,0.035687307269729074,0.085,1
D7_g_B999,0.035694328809557634,0.085,1
D7_g_B999,0.03570135034938619,0.084,1
D7_g_B999,0.035708371889214746,0.084,1
D7_g_B999,0.035715393429043306,0.083,1
D7_g_B999,0.035722414968871866,0.082,1
D7_g_B999,0.03572943650870042,0.082,1
D7_g_B999,0.03573645804852898,0.081,1
D7_g_B999,0.03574347958835754,0.081,1
D7_g_B999,0.03575050112818609,0.081,1
D7_g_B999,0.03575752266801465,0.081,1
D7_g_B999,0.03576454420784321,0.081,1
D7_g_B999,0.03577156574767176,0.081,1
D7_g_B999,0.03577858728750032,0.081,1
D7_g_B999,0.03578560882732888,0.081,1
D7_g_B999,0.035792630367157435,0.081,1
D7_g_B999,0.035799651906985995,0.081,1
D7_g_B999,0.035806673446814555,0.08,1
D7_g_B999,0.03581369498664311,0.08,1
D7_g_B999,0.03582071652647167,0.079,1
D7_g_B999,0.03582773806630023,0.079,1
D7_g_B999,0.03583475960612878,0.079,1
D7_g_B999,0.03584178114595734,0.079,1
D7_g_B999,0.0358488026857859,0.078,1
D7_g_B999,0.03585582422561445,0.078,1
D7_g_B999,0.03586284576544301,0.077,1
D7_g_B999,0.03586986730527157,0.077,1
D7_g_B999,0.035876888845100124,0.077,1
D7_g_B999,0.035883910384928684,0.077,1
D7_g_B999,0.035890931924757244,0.077,1
D7_g_B999,0.0358979534645858,0.077,1
D7_g_B999,0.035904975004414356,0.073,1
D7_g_B999,0.035911996544242916,0.072,1
D7_g_B999,0.03591901808407147,0.072,1
D7_g_B999,0.03592603962390003,0.072,1
D7_g_B999,0.03593306116372859,0.072,1
D7_g_B999,0.03594008270355714,0.072,1
D7_g_B999,0.0359471042433857,0.072,1
D7_g_B999,0.03595412578321426,0.072,1
D7_g_B999,0.035961147323042814,0.072,1
D7_g_B999,0.03596816886287137,0.072,1
D7_g_B999,0.03597519040269993,0.072,1
D7_g_B999,0.035982211942528486,0.072,1
D7_g_B999,0.035989233482357046,0.072,1
D7_g_B999,0.035996255022185605,0.072,1
D7_g_B999,0.03600327656201416,0.072,1
D7_g_B999,0.03601029810184272,0.072,1
D7_g_B999,0.03601731964167128,0.072,1
D7_g_B999,0.03602434118149983,0.072,1
D7_g_B999,0.03603136272132839,0.072,1
D7_g_B999,0.03603838426115695,0.072,1
D7_g_B999,0.0360454058009855,0.072,1
D7_g_B999,0.03605242734081406,0.072,1
D7_g_B999,0.03605944888064262,0.072,1
D7_g_B999,0.036066470420471175,0.072,1
D7_g_B999,0.036073491960299735,0.071,1
D7_g_B999,0.036080513500128295,0.07,1
D7_g_B999,0.03608753503995685,0.069,1
D7_g_B999,0.03609455657978541,0.069,1
D7_g_B999,0.03610157811961397,0.069,1
D7_g_B999,0.03610859965944252,0.069,1
D7_g_B999,0.036115621199271086,0.068,1
D7_g_B999,0.03612264273909964,0.068,1
D7_g_B999,0.03612966427892819,0.067,1
D7_g_B999,0.03613668581875676,0.067,1
D7_g_B999,0.03614370735858531,0.066,1
D7_g_B999,0.036150728898413864,0.065,1
D7_g_B999,0.03615775043824243,0.064,1
D7_g_B999,0.036164771978070984,0.064,1
D7_g_B999,0.036171793517899536,0.063,1
D7_g_B999,0.0361788150577281,0.063,1
D7_g_B999,0.036185836597556656,0.063,1
D7_g_B999,0.03619285813738521,0.063,1
D7_g_B999,0.036199879677213775,0.062,1
D7_g_B999,0.03620690121704233,0.062,1
D7_g_B999,0.03621392275687088,0.062,1
D7_g_B999,0.03622094429669945,0.061,1
D7_g_B999,0.036227965836528,0.061,1
D7_g_B999,0.03623498737635655,0.061,1
D7_g_B999,0.03624200891618512,0.061,1
D7_g_B999,0.03624903045601367,0.06,1
D7_g_B999,0.036256051995842226,0.06,1
D7_g_B999,0.03626307353567079,0.06,1
D7_g_B999,0.036270095075499345,0.06,1
D7_g_B999,0.0362771166153279,0.06,1
D7_g_B999,0.036284138155156465,0.06,1
D7_g_B999,0.03629115969498502,0.059,1
D7_g_B999,0.03629818123481358,0.058,1
D7_g_B999,0.03630520277464214,0.058,1
D7_g_B999,0.03631222431447069,0.058,1
D7_g_B999,0.03631924585429925,0.058,1
D7_g_B999,0.03632626739412781,0.058,1
D7_g_B999,0.03633328893395636,0.058,1
D7_g_B999,0.03634031047378492,0.058,1
D7_g_B999,0.03634733201361348,0.058,1
D7_g_B999,0.036354353553442034,0.058,1
D7_g_B999,0.036361375093270594,0.058,1
D7_g_B999,0.036368396633099154,0.056,1
D7_g_B999,0.036375418172927707,0.055,1
D7_g_B999,0.036382439712756266,0.055,1
D7_g_B999,0.036389461252584826,0.055,1
D7_g_B999,0.03639648279241338,0.055,1
D7_g_B999,0.03640350433224194,0.054,1
D7_g_B999,0.0364105258720705,0.054,1
D7_g_B999,0.03641754741189905,0.053,1
D7_g_B999,0.03642456895172761,0.053,1
D7_g_B999,0.03643159049155617,0.053,1
D7_g_B999,0.03643861203138472,0.053,1
D7_g_B999,0.03644563357121328,0.052,1
D7_g_B999,0.03645265511104184,0.052,1
D7_g_B999,0.036459676650870396,0.052,1
D7_g_B999,0.036466698190698955,0.05,1
D7_g_B999,0.036473719730527515,0.05,1
D7_g_B999,0.03648074127035607,0.049,0
D7_g_B999,0.03648776281018463,0.049,0
D7_g_B999,0.03649478435001319,0.049,0
D7_g_B999,0.03650180588984174,0.049,0
D7_g_B999,0.0365088274296703,0.049,0
D7_g_B999,0.03651584896949886,0.049,0
D7_g_B999,0.03652287050932741,0.049,0
D7_g_B999,0.03652989204915597,0.049,0
D7_g_B999,0.03653691358898453,0.049,0
D7_g_B999,0.036543935128813085,0.049,0
D7_g_B999,0.036550956668641645,0.049,0
D7_g_B999,0.036557978208470204,0.049,0
D7_g_B999,0.03656499974829876,0.049,0
D7_g_B999,0.03657202128812732,0.049,0
D7_g_B999,0.03657904282795588,0.049,0
D7_g_B999,0.03658606436778443,0.049,0
D7_g_B999,0.03659308590761299,0.049,0
D7_g_B999,0.03660010744744155,0.049,0
D7_g_B999,0.0366071289872701,0.049,0
D7_g_B999,0.03661415052709866,0.049,0
D7_g_B999,0.03662117206692722,0.049,0
D7_g_B999,0.036628193606755774,0.049,0
D7_g_B999,0.036635215146584334,0.048,0
D7_g_B999,0.03664223668641289,0.048,0
D7_g_B999,0.036649258226241446,0.048,0
D7_g_B999,0.036656279766070006,0.048,0
D7_g_B999,0.036663301305898566,0.048,0
D7_g_B999,0.03667032284572712,0.047,0
D7_g_B999,0.03667734438555568,0.047,0
D7_g_B999,0.03668436592538424,0.047,0
D7_g_B999,0.03669138746521279,0.047,0
D7_g_B999,0.03669840900504135,0.047,0
D7_g_B999,0.03670543054486991,0.047,0
D7_g_B999,0.03671245208469846,0.046,0
D7_g_B999,0.03671947362452702,0.045,0
D7_g_B999,0.03672649516435558,0.043,0
D7_g_B999,0.036733516704184135,0.043,0
D7_g_B999,0.036740538244012695,0.043,0
D7_g_B999,0.036747559783841255,0.043,0
D7_g_B999,0.03675458132366981,0.043,0
D7_g_B999,0.03676160286349837,0.043,0
D7_g_B999,0.03676862440332693,0.043,0
D7_g_B999,0.03677564594315548,0.042,0
D7_g_B999,0.03678266748298404,0.042,0
D7_g_B999,0.0367896890228126,0.042,0
D7_g_B999,0.03679671056264115,0.041,0
D7_g_B999,0.03680373210246971,0.041,0
D7_g_B999,0.03681075364229827,0.041,0
D7_g_B999,0.036817775182126825,0.041,0
D7_g_B999,0.036824796721955384,0.041,0
D7_g_B999,0.036831818261783944,0.041,0
D7_g_B999,0.0368388398016125,0.041,0
D7_g_B999,0.036845861341441064,0.04,0
D7_g_B999,0.036852882881269616,0.04,0
D7_g_B999,0.03685990442109817,0.04,0
D7_g_B999,0.036866925960926736,0.04,0
D7_g_B999,0.03687394750075529,0.04,0
D7_g_B999,0.03688096904058384,0.04,0
D7_g_B999,0.03688799058041241,0.04,0
D7_g_B999,0.03689501212024096,0.04,0
D7_g_B999,0.036902033660069514,0.04,0
D7_g_B999,0.03690905519989808,0.04,0
D7_g_B999,0.03691607673972663,0.04,0
D7_g_B999,0.036923098279555186,0.04,0
D7_g_B999,0.03693011981938375,0.04,0
D7_g_B999,0.036937141359212305,0.04,0
D7_g_B999,0.03694416289904086,0.04,0
D7_g_B999,0.036951184438869425,0.04,0
D7_g_B999,0.03695820597869798,0.04,0
D7_g_B999,0.03696522751852653,0.04,0
D7_g_B999,0.0369722490583551,0.039,0
D7_g_B999,0.03697927059818365,0.039,0
D7_g_B999,0.0369862921380122,0.039,0
D7_g_B999,0.03699331367784077,0.039,0
D7_g_B999,0.03700033521766932,0.039,0
D7_g_B999,0.03700735675749788,0.039,0
D7_g_B999,0.03701437829732644,0.037,0
D7_g_B999,0.037021399837154995,0.037,0
D7_g_B999,0.037028421376983554,0.037,0
D7_g_B999,0.037035442916812114,0.037,0
D7_g_B999,0.03704246445664067,0.037,0
D7_g_B999,0.03704948599646923,0.037,0
D7_g_B999,0.037056507536297786,0.037,0
D7_g_B999,0.03706352907612634,0.036,0
D7_g_B999,0.0370705506159549,0.036,0
D7_g_B999,0.03707757215578346,0.035,0
D7_g_B999,0.03708459369561201,0.035,0
D7_g_B999,0.03709161523544057,0.035,0
D7_g_B999,0.03709863677526913,0.035,0
D7_g_B999,0.037105658315097684,0.035,0
D7_g_B999,0.037112679854926243,0.035,0
D7_g_B999,0.0371197013947548,0.034,0
D7_g_B999,0.037126722934583356,0.034,0
D7_g_B999,0.037133744474411916,0.034,0
D7_g_B999,0.037140766014240476,0.034,0
D7_g_B999,0.03714778755406903,0.034,0
D7_g_B999,0.03715480909389759,0.034,0
D7_g_B999,0.03716183063372615,0.034,0
D7_g_B999,0.0371688521735547,0.034,0
D7_g_B999,0.03717587371338326,0.034,0
D7_g_B999,0.03718289525321182,0.034,0
D7_g_B999,0.03718991679304037,0.034,0
D7_g_B999,0.03719693833286893,0.034,0
D7_g_B999,0.03720395987269749,0.034,0
D7_g_B999,0.037210981412526045,0.034,0
D7_g_B999,0.037218002952354605,0.034,0
D7_g_B999,0.037225024492183165,0.034,0
D7_g_B999,0.03723204603201172,0.034,0
D7_g_B999,0.03723906757184028,0.034,0
D7_g_B999,0.03724608911166884,0.034,0
D7_g_B999,0.03725311065149739,0.034,0
D7_g_B999,0.03726013219132595,0.034,0
D7_g_B999,0.03726715373115451,0.034,0
D7_g_B999,0.03727417527098306,0.034,0
D7_g_B999,0.03728119681081162,0.032,0
D7_g_B999,0.03728821835064018,0.032,0
D7_g_B999,0.037295239890468734,0.032,0
D7_g_B999,0.037302261430297294,0.032,0
D7_g_B999,0.037309282970125854,0.032,0
D7_g_B999,0.03731630450995441,0.032,0
D7_g_B999,0.037323326049782966,0.031,0
D7_g_B999,0.037330347589611526,0.031,0
D7_g_B999,0.03733736912944008,0.031,0
D7_g_B999,0.03734439066926864,0.031,0
D7_g_B999,0.0373514122090972,0.031,0
D7_g_B999,0.03735843374892575,0.031,0
D7_g_B999,0.03736545528875431,0.031,0
D7_g_B999,0.03737247682858287,0.031,0
D7_g_B999,0.037379498368411423,0.03,0
D7_g_B999,0.03738651990823998,0.03,0
D7_g_B999,0.03739354144806854,0.03,0
D7_g_B999,0.037400562987897096,0.03,0
D7_g_B999,0.037407584527725656,0.03,0
D7_g_B999,0.037414606067554215,0.03,0
D7_g_B999,0.03742162760738277,0.03,0
D7_g_B999,0.03742864914721133,0.028,0
D7_g_B999,0.03743567068703989,0.028,0
D7_g_B999,0.03744269222686844,0.028,0
D7_g_B999,0.037449713766697,0.028,0
D7_g_B999,0.03745673530652556,0.027,0
D7_g_B999,0.03746375684635411,0.027,0
D7_g_B999,0.03747077838618267,0.027,0
D7_g_B999,0.03747779992601123,0.027,0
D7_g_B999,0.037484821465839785,0.027,0
D7_g_B999,0.037491843005668345,0.027,0
D7_g_B999,0.037498864545496904,0.027,0
D7_g_B999,0.03750588608532546,0.027,0
D7_g_B999,0.03751290762515402,0.027,0
D7_g_B999,0.03751992916498258,0.027,0
D7_g_B999,0.03752695070481113,0.027,0
D7_g_B999,0.03753397224463969,0.027,0
D7_g_B999,0.03754099378446825,0.026,0
D7_g_B999,0.0375480153242968,0.026,0
D7_g_B999,0.03755503686412537,0.026,0
D7_g_B999,0.03756205840395392,0.026,0
D7_g_B999,0.037569079943782474,0.026,0
D7_g_B999,0.03757610148361104,0.026,0
D7_g_B999,0.037583123023439594,0.026,0
D7_g_B999,0.037590144563268146,0.026,0
D7_g_B999,0.03759716610309671,0.026,0
D7_g_B999,0.037604187642925266,0.026,0
D7_g_B999,0.03761120918275382,0.025,0
D7_g_B999,0.037618230722582385,0.025,0
D7_g_B999,0.03762525226241094,0.025,0
D7_g_B999,0.03763227380223949,0.025,0
D7_g_B999,0.03763929534206806,0.025,0
D7_g_B999,0.03764631688189661,0.025,0
D7_g_B999,0.03765333842172516,0.025,0
D7_g_B999,0.03766035996155373,0.025,0
D7_g_B999,0.03766738150138228,0.025,0
D7_g_B999,0.037674403041210835,0.025,0
D7_g_B999,0.0376814245810394,0.025,0
D7_g_B999,0.037688446120867955,0.025,0
D7_g_B999,0.03769546766069651,0.025,0
D7_g_B999,0.037702489200525074,0.025,0
D7_g_B999,0.03770951074035363,0.025,0
D7_g_B999,0.03771653228018218,0.025,0
D7_g_B999,0.03772355382001075,0.025,0
D7_g_B999,0.0377305753598393,0.025,0
D7_g_B999,0.03773759689966786,0.025,0
D7_g_B999,0.03774461843949642,0.024,0
D7_g_B999,0.03775163997932497,0.024,0
D7_g_B999,0.03775866151915353,0.023,0
D7_g_B999,0.03776568305898209,0.023,0
D7_g_B999,0.037772704598810644,0.023,0
D7_g_B999,0.037779726138639204,0.023,0
D7_g_B999,0.037786747678467764,0.023,0
D7_g_B999,0.037793769218296316,0.023,0
D7_g_B999,0.037800790758124876,0.023,0
D7_g_B999,0.037807812297953436,0.023,0
D7_g_B999,0.03781483383778199,0.023,0
D7_g_B999,0.03782185537761055,0.023,0
D7_g_B999,0.03782887691743911,0.023,0
D7_g_B999,0.03783589845726766,0.023,0
D7_g_B999,0.03784291999709622,0.023,0
D7_g_B999,0.03784994153692478,0.023,0
D7_g_B999,0.03785696307675333,0.023,0
D7_g_B999,0.03786398461658189,0.023,0
D7_g_B999,0.03787100615641045,0.023,0
D7_g_B999,0.037878027696239006,0.023,0
D7_g_B999,0.037885049236067565,0.023,0
D7_g_B999,0.037892070775896125,0.023,0
D7_g_B999,0.03789909231572468,0.022,0
D7_g_B999,0.03790611385555324,0.022,0
D7_g_B999,0.0379131353953818,0.022,0
D7_g_B999,0.03792015693521035,0.022,0
D7_g_B999,0.03792717847503891,0.022,0
D7_g_B999,0.03793420001486747,0.022,0
D7_g_B999,0.03794122155469602,0.022,0
D7_g_B999,0.03794824309452458,0.022,0
D7_g_B999,0.03795526463435314,0.022,0
D7_g_B999,0.037962286174181695,0.022,0
D7_g_B999,0.037969307714010254,0.022,0
D7_g_B999,0.037976329253838814,0.022,0
D7_g_B999,0.03798335079366737,0.022,0
D7_g_B999,0.03799037233349593,0.022,0
D7_g_B999,0.037997393873324486,0.021,0
D7_g_B999,0.03800441541315304,0.021,0
D7_g_B999,0.0380114369529816,0.021,0
D7_g_B999,0.03801845849281016,0.021,0
D7_g_B999,0.03802548003263871,0.021,0
D7_g_B999,0.03803250157246727,0.021,0
D7_g_B999,0.03803952311229583,0.021,0
D7_g_B999,0.038046544652124384,0.021,0
D7_g_B999,0.038053566191952944,0.021,0
D7_g_B999,0.0380605877317815,0.021,0
D7_g_B999,0.038067609271610056,0.021,0
D7_g_B999,0.038074630811438616,0.021,0
D7_g_B999,0.038081652351267176,0.021,0
D7_g_B999,0.03808867389109573,0.021,0
D7_g_B999,0.03809569543092429,0.021,0
D7_g_B999,0.03810271697075285,0.02,0
D7_g_B999,0.0381097385105814,0.019,0
D7_g_B999,0.03811676005040996,0.019,0
D7_g_B999,0.03812378159023852,0.019,0
D7_g_B999,0.03813080313006707,0.019,0
D7_g_B999,0.03813782466989563,0.019,0
D7_g_B999,0.03814484620972419,0.019,0
D7_g_B999,0.038151867749552745,0.019,0
D7_g_B999,0.038158889289381305,0.019,0
D7_g_B999,0.038165910829209865,0.019,0
D7_g_B999,0.03817293236903842,0.019,0
D7_g_B999,0.03817995390886698,0.018,0
D7_g_B999,0.03818697544869554,0.018,0
D7_g_B999,0.03819399698852409,0.018,0
D7_g_B999,0.03820101852835265,0.018,0
D7_g_B999,0.03820804006818121,0.018,0
D7_g_B999,0.03821506160800976,0.018,0
D7_g_B999,0.03822208314783832,0.018,0
D7_g_B999,0.03822910468766688,0.018,0
D7_g_B999,0.038236126227495434,0.017,0
D7_g_B999,0.038243147767323994,0.017,0
D7_g_B999,0.038250169307152554,0.017,0
D7_g_B999,0.03825719084698111,0.017,0
D7_g_B999,0.03826421238680967,0.017,0
D7_g_B999,0.038271233926638226,0.017,0
D7_g_B999,0.03827825546646678,0.017,0
D7_g_B999,0.038285277006295346,0.017,0
D7_g_B999,0.0382922985461239,0.017,0
D7_g_B999,0.03829932008595245,0.017,0
D7_g_B999,0.03830634162578102,0.017,0
D7_g_B999,0.03831336316560957,0.017,0
D7_g_B999,0.038320384705438124,0.017,0
D7_g_B999,0.03832740624526669,0.017,0
D7_g_B999,0.03833442778509524,0.016,0
D7_g_B999,0.038341449324923796,0.016,0
D7_g_B999,0.03834847086475236,0.016,0
D7_g_B999,0.038355492404580915,0.016,0
D7_g_B999,0.03836251394440947,0.016,0
D7_g_B999,0.038369535484238035,0.016,0
D7_g_B999,0.03837655702406659,0.016,0
D7_g_B999,0.03838357856389514,0.016,0
D7_g_B999,0.03839060010372371,0.016,0
D7_g_B999,0.03839762164355226,0.016,0
D7_g_B999,0.03840464318338081,0.016,0
D7_g_B999,0.03841166472320938,0.016,0
D7_g_B999,0.03841868626303793,0.016,0
D7_g_B999,0.038425707802866485,0.016,0
D7_g_B999,0.03843272934269505,0.016,0
D7_g_B999,0.038439750882523605,0.015,0
D7_g_B999,0.038446772422352164,0.015,0
D7_g_B999,0.038453793962180724,0.015,0
D7_g_B999,0.03846081550200928,0.015,0
D7_g_B999,0.03846783704183784,0.015,0
D7_g_B999,0.038474858581666396,0.015,0
D7_g_B999,0.03848188012149495,0.015,0
D7_g_B999,0.03848890166132351,0.015,0
D7_g_B999,0.03849592320115207,0.015,0
D7_g_B999,0.03850294474098062,0.014,0
D7_g_B999,0.03850996628080918,0.013,0
D7_g_B999,0.03851698782063774,0.013,0
D7_g_B999,0.038524009360466294,0.012,0
D7_g_B999,0.03853103090029485,0.012,0
D7_g_B999,0.03853805244012341,0.012,0
D7_g_B999,0.038545073979951966,0.011,0
D7_g_B999,0.038552095519780526,0.011,0
D7_g_B999,0.038559117059609085,0.011,0
D7_g_B999,0.03856613859943764,0.011,0
D7_g_B999,0.0385731601392662,0.01,0
D7_g_B999,0.03858018167909476,0.01,0
D7_g_B999,0.03858720321892331,0.01,0
D7_g_B999,0.03859422475875187,0.01,0
D7_g_B999,0.03860124629858043,0.01,0
D7_g_B999,0.03860826783840898,0.01,0
D7_g_B999,0.03861528937823754,0.01,0
D7_g_B999,0.0386223109180661,0.01,0
D7_g_B999,0.038629332457894655,0.01,0
D7_g_B999,0.038636353997723215,0.01,0
D7_g_B999,0.038643375537551775,0.01,0
D7_g_B999,0.03865039707738033,0.01,0
D7_g_B999,0.03865741861720889,0.01,0
D7_g_B999,0.03866444015703745,0.01,0
D7_g_B999,0.038671461696866,0.01,0
D7_g_B999,0.03867848323669456,0.01,0
D7_g_B999,0.03868550477652312,0.01,0
D7_g_B999,0.03869252631635167,0.01,0
D7_g_B999,0.03869954785618023,0.01,0
D7_g_B999,0.03870656939600879,0.01,0
D7_g_B999,0.038713590935837344,0.01,0
D7_g_B999,0.038720612475665904,0.01,0
D7_g_B999,0.038727634015494464,0.01,0
D7_g_B999,0.038734655555323017,0.01,0
D7_g_B999,0.038741677095151576,0.01,0
D7_g_B999,0.038748698634980136,0.01,0
D7_g_B999,0.03875572017480869,0.01,0
D7_g_B999,0.03876274171463725,0.01,0
D7_g_B999,0.03876976325446581,0.01,0
D7_g_B999,0.03877678479429436,0.01,0
D7_g_B999,0.03878380633412292,0.01,0
D7_g_B999,0.03879082787395148,0.01,0
D7_g_B999,0.03879784941378003,0.01,0
D7_g_B999,0.03880487095360859,0.01,0
D7_g_B999,0.03881189249343715,0.01,0
D7_g_B999,0.038818914033265706,0.01,0
D7_g_B999,0.038825935573094265,0.01,0
D7_g_B999,0.038832957112922825,0.01,0
D7_g_B999,0.03883997865275138,0.01,0
D7_g_B999,0.03884700019257994,0.01,0
D7_g_B999,0.0388540217324085,0.01,0
D7_g_B999,0.03886104327223705,0.01,0
D7_g_B999,0.03886806481206561,0.01,0
D7_g_B999,0.03887508635189417,0.01,0
D7_g_B999,0.03888210789172272,0.01,0
D7_g_B999,0.03888912943155128,0.01,0
D7_g_B999,0.03889615097137984,0.009,0
D7_g_B999,0.038903172511208395,0.009,0
D7_g_B999,0.038910194051036955,0.009,0
D7_g_B999,0.038917215590865514,0.009,0
D7_g_B999,0.03892423713069407,0.009,0
D7_g_B999,0.03893125867052263,0.009,0
D7_g_B999,0.03893828021035119,0.009,0
D7_g_B999,0.03894530175017974,0.009,0
D7_g_B999,0.0389523232900083,0.009,0
D7_g_B999,0.03895934482983686,0.009,0
D7_g_B999,0.03896636636966541,0.009,0
D7_g_B999,0.03897338790949398,0.009,0
D7_g_B999,0.03898040944932253,0.009,0
D7_g_B999,0.038987430989151084,0.009,0
D7_g_B999,0.03899445252897965,0.009,0
D7_g_B999,0.0390014740688082,0.009,0
D7_g_B999,0.039008495608636756,0.009,0
D7_g_B999,0.03901551714846532,0.009,0
D7_g_B999,0.039022538688293876,0.009,0
D7_g_B999,0.03902956022812243,0.008,0
D7_g_B999,0.039036581767950995,0.008,0
D7_g_B999,0.03904360330777955,0.008,0
D7_g_B999,0.0390506248476081,0.008,0
D7_g_B999,0.03905764638743667,0.008,0
D7_g_B999,0.03906466792726522,0.008,0
D7_g_B999,0.03907168946709377,0.008,0
D7_g_B999,0.03907871100692234,0.008,0
D7_g_B999,0.03908573254675089,0.008,0
D7_g_B999,0.039092754086579445,0.008,0
D7_g_B999,0.03909977562640801,0.008,0
D7_g_B999,0.039106797166236565,0.008,0
D7_g_B999,0.03911381870606512,0.008,0
D7_g_B999,0.039120840245893684,0.008,0
D7_g_B999,0.03912786178572224,0.008,0
D7_g_B999,0.03913488332555079,0.008,0
D7_g_B999,0.03914190486537936,0.008,0
D7_g_B999,0.03914892640520791,0.008,0
D7_g_B999,0.03915594794503647,0.008,0
D7_g_B999,0.03916296948486503,0.008,0
D7_g_B999,0.03916999102469358,0.008,0
D7_g_B999,0.03917701256452214,0.008,0
D7_g_B999,0.0391840341043507,0.008,0
D7_g_B999,0.039191055644179254,0.008,0
D7_g_B999,0.039198077184007814,0.008,0
D7_g_B999,0.039205098723836374,0.008,0
D7_g_B999,0.039212120263664926,0.008,0
D7_g_B999,0.039219141803493486,0.008,0
D7_g_B999,0.039226163343322046,0.008,0
D7_g_B999,0.0392331848831506,0.008,0
D7_g_B999,0.03924020642297916,0.008,0
D7_g_B999,0.03924722796280772,0.008,0
D7_g_B999,0.03925424950263627,0.008,0
D7_g_B999,0.03926127104246483,0.008,0
D7_g_B999,0.03926829258229339,0.008,0
D7_g_B999,0.03927531412212194,0.008,0
D7_g_B999,0.0392823356619505,0.008,0
D7_g_B999,0.03928935720177906,0.008,0
D7_g_B999,0.039296378741607615,0.008,0
D7_g_B999,0.039303400281436175,0.008,0
D7_g_B999,0.039310421821264735,0.008,0
D7_g_B999,0.03931744336109329,0.008,0
D7_g_B999,0.03932446490092185,0.008,0
D7_g_B999,0.03933148644075041,0.008,0
D7_g_B999,0.03933850798057896,0.008,0
D7_g_B999,0.03934552952040752,0.008,0
D7_g_B999,0.03935255106023608,0.008,0
D7_g_B999,0.03935957260006463,0.008,0
D7_g_B999,0.03936659413989319,0.007,0
D7_g_B999,0.03937361567972175,0.007,0
D7_g_B999,0.039380637219550305,0.006,0
D7_g_B999,0.039387658759378864,0.006,0
D7_g_B999,0.039394680299207424,0.006,0
D7_g_B999,0.03940170183903598,0.006,0
D7_g_B999,0.03940872337886454,0.006,0
D7_g_B999,0.039415744918693096,0.006,0
D7_g_B999,0.03942276645852165,0.006,0
D7_g_B999,0.03942978799835021,0.006,0
D7_g_B999,0.03943680953817877,0.006,0
D7_g_B999,0.03944383107800732,0.006,0
D7_g_B999,0.03945085261783588,0.006,0
D7_g_B999,0.03945787415766444,0.006,0
D7_g_B999,0.039464895697492994,0.006,0
D7_g_B999,0.039471917237321553,0.006,0
D7_g_B999,0.03947893877715011,0.006,0
D7_g_B999,0.039485960316978666,0.006,0
D7_g_B999,0.039492981856807226,0.006,0
D7_g_B999,0.039500003396635786,0.006,0
D7_g_B999,0.03950702493646434,0.006,0
D7_g_B999,0.0395140464762929,0.006,0
D7_g_B999,0.03952106801612146,0.006,0
D7_g_B999,0.03952808955595001,0.006,0
D7_g_B999,0.03953511109577857,0.006,0
D7_g_B999,0.03954213263560713,0.006,0
D7_g_B999,0.03954915417543568,0.006,0
D7_g_B999,0.03955617571526424,0.006,0
D7_g_B999,0.0395631972550928,0.006,0
D7_g_B999,0.039570218794921355,0.006,0
D7_g_B999,0.039577240334749915,0.006,0
D7_g_B999,0.039584261874578475,0.006,0
D7_g_B999,0.03959128341440703,0.006,0
D7_g_B999,0.03959830495423559,0.006,0
D7_g_B999,0.03960532649406415,0.006,0
D7_g_B999,0.0396123480338927,0.005,0
D7_g_B999,0.03961936957372126,0.005,0
D7_g_B999,0.03962639111354982,0.005,0
D7_g_B999,0.03963341265337837,0.005,0
D7_g_B999,0.03964043419320693,0.005,0
D7_g_B999,0.03964745573303549,0.005,0
D7_g_B999,0.039654477272864044,0.005,0
D7_g_B999,0.039661498812692604,0.005,0
D7_g_B999,0.039668520352521164,0.005,0
D7_g_B999,0.03967554189234972,0.005,0
D7_g_B999,0.039682563432178276,0.005,0
D7_g_B999,0.039689584972006836,0.005,0
D7_g_B999,0.03969660651183539,0.005,0
D7_g_B999,0.039703628051663956,0.005,0
D7_g_B999,0.03971064959149251,0.005,0
D7_g_B999,0.03971767113132106,0.005,0
D7_g_B999,0.03972469267114963,0.005,0
D7_g_B999,0.03973171421097818,0.005,0
D7_g_B999,0.039738735750806733,0.005,0
D7_g_B999,0.0397457572906353,0.005,0
D7_g_B999,0.03975277883046385,0.005,0
D7_g_B999,0.039759800370292406,0.005,0
D7_g_B999,0.03976682191012097,0.005,0
D7_g_B999,0.039773843449949525,0.005,0
D7_g_B999,0.03978086498977808,0.005,0
D7_g_B999,0.039787886529606645,0.005,0
D7_g_B999,0.0397949080694352,0.005,0
D7_g_B999,0.03980192960926375,0.005,0
D7_g_B999,0.03980895114909232,0.005,0
D7_g_B999,0.03981597268892087,0.005,0
D7_g_B999,0.03982299422874942,0.005,0
D7_g_B999,0.03983001576857799,0.005,0
D7_g_B999,0.03983703730840654,0.005,0
D7_g_B999,0.039844058848235095,0.005,0
D7_g_B999,0.03985108038806366,0.005,0
D7_g_B999,0.039858101927892214,0.005,0
D7_g_B999,0.039865123467720774,0.005,0
D7_g_B999,0.039872145007549334,0.005,0
D7_g_B999,0.03987916654737789,0.005,0
D7_g_B999,0.039886188087206446,0.005,0
D7_g_B999,0.039893209627035006,0.005,0
D7_g_B999,0.03990023116686356,0.005,0
D7_g_B999,0.03990725270669212,0.005,0
D7_g_B999,0.03991427424652068,0.005,0
D7_g_B999,0.03992129578634923,0.005,0
D7_g_B999,0.03992831732617779,0.005,0
D7_g_B999,0.03993533886600635,0.005,0
D7_g_B999,0.039942360405834904,0.005,0
D7_g_B999,0.03994938194566346,0.005,0
D7_g_B999,0.03995640348549202,0.005,0
D7_g_B999,0.039963425025320576,0.005,0
D7_g_B999,0.039970446565149136,0.005,0
D7_g_B999,0.039977468104977695,0.005,0
D7_g_B999,0.03998448964480625,0.005,0
D7_g_B999,0.03999151118463481,0.005,0
D7_g_B999,0.03999853272446337,0.005,0
D7_g_B999,0.04000555426429192,0.005,0
D7_g_B999,0.04001257580412048,0.005,0
D7_g_B999,0.04001959734394904,0.005,0
D7_g_B999,0.04002661888377759,0.005,0
D7_g_B999,0.04003364042360615,0.005,0
D7_g_B999,0.04004066196343471,0.005,0
D7_g_B999,0.040047683503263265,0.005,0
D7_g_B999,0.040054705043091825,0.005,0
D7_g_B999,0.040061726582920384,0.005,0
D7_g_B999,0.04006874812274894,0.005,0
D7_g_B999,0.0400757696625775,0.005,0
D7_g_B999,0.04008279120240606,0.005,0
D7_g_B999,0.04008981274223461,0.005,0
D7_g_B999,0.04009683428206317,0.005,0
D7_g_B999,0.04010385582189173,0.005,0
D7_g_B999,0.04011087736172028,0.005,0
D7_g_B999,0.04011789890154884,0.005,0
D7_g_B999,0.0401249204413774,0.005,0
D7_g_B999,0.040131941981205954,0.005,0
D7_g_B999,0.040138963521034514,0.005,0
D7_g_B999,0.040145985060863074,0.005,0
D7_g_B999,0.040153006600691626,0.005,0
D7_g_B999,0.040160028140520186,0.005,0
D7_g_B999,0.040167049680348746,0.005,0
D7_g_B999,0.0401740712201773,0.005,0
D7_g_B999,0.04018109276000586,0.005,0
D7_g_B999,0.04018811429983442,0.005,0
D7_g_B999,0.04019513583966297,0.005,0
D7_g_B999,0.04020215737949153,0.005,0
D7_g_B999,0.04020917891932009,0.005,0
D7_g_B999,0.04021620045914864,0.005,0
D7_g_B999,0.0402232219989772,0.005,0
D7_g_B999,0.04023024353880576,0.005,0
D7_g_B999,0.040237265078634316,0.005,0
D7_g_B999,0.040244286618462875,0.005,0
D7_g_B999,0.040251308158291435,0.005,0
D7_g_B999,0.04025832969811999,0.005,0
D7_g_B999,0.04026535123794855,0.004,0
D7_g_B999,0.04027237277777711,0.004,0
D7_g_B999,0.04027939431760566,0.004,0
D7_g_B999,0.04028641585743422,0.004,0
D7_g_B999,0.04029343739726278,0.004,0
D7_g_B999,0.04030045893709133,0.004,0
D7_g_B999,0.04030748047691989,0.004,0
D7_g_B999,0.04031450201674845,0.004,0
D7_g_B999,0.040321523556577005,0.004,0
D7_g_B999,0.040328545096405564,0.004,0
D7_g_B999,0.040335566636234124,0.004,0
D7_g_B999,0.04034258817606268,0.004,0
D7_g_B999,0.04034960971589124,0.004,0
D7_g_B999,0.040356631255719796,0.004,0
D7_g_B999,0.04036365279554835,0.004,0
D7_g_B999,0.04037067433537691,0.004,0
D7_g_B999,0.04037769587520547,0.004,0
D7_g_B999,0.04038471741503402,0.004,0
D7_g_B999,0.04039173895486258,0.004,0
D7_g_B999,0.04039876049469114,0.004,0
D7_g_B999,0.040405782034519694,0.004,0
D7_g_B999,0.04041280357434826,0.004,0
D7_g_B999,0.04041982511417681,0.004,0
D7_g_B999,0.040426846654005366,0.004,0
D7_g_B999,0.04043386819383393,0.004,0
D7_g_B999,0.040440889733662486,0.004,0
D7_g_B999,0.04044791127349104,0.004,0
D7_g_B999,0.040454932813319605,0.004,0
D7_g_B999,0.04046195435314816,0.004,0
D7_g_B999,0.04046897589297671,0.004,0
D7_g_B999,0.04047599743280528,0.004,0
D7_g_B999,0.04048301897263383,0.004,0
D7_g_B999,0.04049004051246238,0.004,0
D7_g_B999,0.04049706205229095,0.004,0
D7_g_B999,0.0405040835921195,0.004,0
D7_g_B999,0.040511105131948055,0.004,0
D7_g_B999,0.04051812667177662,0.004,0
D7_g_B999,0.040525148211605175,0.004,0
D7_g_B999,0.04053216975143373,0.004,0
D7_g_B999,0.040539191291262294,0.004,0
D7_g_B999,0.04054621283109085,0.004,0
D7_g_B999,0.0405532343709194,0.004,0
D7_g_B999,0.04056025591074797,0.004,0
D7_g_B999,0.04056727745057652,0.004,0
D7_g_B999,0.04057429899040507,0.004,0
D7_g_B999,0.04058132053023364,0.004,0
D7_g_B999,0.04058834207006219,0.004,0
D7_g_B999,0.04059536360989075,0.004,0
D7_g_B999,0.04060238514971931,0.004,0
D7_g_B999,0.040609406689547864,0.004,0
D7_g_B999,0.040616428229376424,0.004,0
D7_g_B999,0.04062344976920498,0.004,0
D7_g_B999,0.040630471309033536,0.004,0
D7_g_B999,0.040637492848862096,0.004,0
D7_g_B999,0.040644514388690656,0.004,0
D7_g_B999,0.04065153592851921,0.004,0
D7_g_B999,0.04065855746834777,0.004,0
D7_g_B999,0.04066557900817633,0.004,0
D7_g_B999,0.04067260054800488,0.004,0
D7_g_B999,0.04067962208783344,0.004,0
D7_g_B999,0.040686643627662,0.004,0
D7_g_B999,0.04069366516749055,0.004,0
D7_g_B999,0.04070068670731911,0.004,0
D7_g_B999,0.04070770824714767,0.004,0
D7_g_B999,0.040714729786976225,0.004,0
D7_g_B999,0.040721751326804785,0.004,0
D7_g_B999,0.040728772866633345,0.004,0
D7_g_B999,0.0407357944064619,0.004,0
D7_g_B999,0.04074281594629046,0.004,0
D7_g_B999,0.04074983748611902,0.004,0
D7_g_B999,0.04075685902594757,0.004,0
D7_g_B999,0.04076388056577613,0.004,0
D7_g_B999,0.04077090210560469,0.004,0
D7_g_B999,0.04077792364543324,0.004,0
D7_g_B999,0.0407849451852618,0.004,0
D7_g_B999,0.04079196672509036,0.004,0
D7_g_B999,0.040798988264918915,0.004,0
D7_g_B999,0.040806009804747474,0.004,0
D7_g_B999,0.040813031344576034,0.004,0
D7_g_B999,0.04082005288440459,0.004,0
D7_g_B999,0.04082707442423315,0.004,0
D7_g_B999,0.040834095964061706,0.004,0
D7_g_B999,0.04084111750389026,0.004,0
D7_g_B999,0.04084813904371882,0.004,0
D7_g_B999,0.04085516058354738,0.004,0
D7_g_B999,0.04086218212337593,0.004,0
D7_g_B999,0.04086920366320449,0.004,0
D7_g_B999,0.04087622520303305,0.004,0
D7_g_B999,0.040883246742861604,0.004,0
D7_g_B999,0.04089026828269016,0.004,0
D7_g_B999,0.04089728982251872,0.004,0
D7_g_B999,0.040904311362347276,0.004,0
D7_g_B999,0.040911332902175836,0.004,0
D7_g_B999,0.040918354442004395,0.004,0
D7_g_B999,0.04092537598183295,0.004,0
D7_g_B999,0.04093239752166151,0.004,0
D7_g_B999,0.04093941906149007,0.004,0
D7_g_B999,0.04094644060131862,0.004,0
D7_g_B999,0.04095346214114718,0.004,0
D7_g_B999,0.04096048368097574,0.004,0
D7_g_B999,0.04096750522080429,0.004,0
D7_g_B999,0.04097452676063285,0.004,0
D7_g_B999,0.04098154830046141,0.004,0
D7_g_B999,0.040988569840289965,0.004,0
D7_g_B999,0.040995591380118525,0.004,0
D7_g_B999,0.041002612919947085,0.004,0
D7_g_B999,0.04100963445977564,0.004,0
D7_g_B999,0.0410166559996042,0.004,0
D7_g_B999,0.04102367753943276,0.004,0
D7_g_B999,0.04103069907926131,0.004,0
D7_g_B999,0.04103772061908987,0.004,0
D7_g_B999,0.04104474215891843,0.004,0
D7_g_B999,0.04105176369874698,0.004,0
D7_g_B999,0.04105878523857554,0.004,0
D7_g_B999,0.0410658067784041,0.004,0
D7_g_B999,0.041072828318232654,0.004,0
D7_g_B999,0.041079849858061214,0.004,0
D7_g_B999,0.041086871397889774,0.004,0
D7_g_B999,0.041093892937718327,0.004,0
D7_g_B999,0.041100914477546886,0.004,0
D7_g_B999,0.041107936017375446,0.004,0
D7_g_B999,0.041114957557204,0.004,0
D7_g_B999,0.041121979097032565,0.004,0
D7_g_B999,0.04112900063686112,0.004,0
D7_g_B999,0.04113602217668967,0.004,0
D7_g_B999,0.04114304371651824,0.004,0
D7_g_B999,0.04115006525634679,0.004,0
D7_g_B999,0.04115708679617534,0.004,0
D7_g_B999,0.04116410833600391,0.004,0
D7_g_B999,0.04117112987583246,0.004,0
D7_g_B999,0.041178151415661016,0.004,0
D7_g_B999,0.04118517295548958,0.004,0
D7_g_B999,0.041192194495318135,0.004,0
D7_g_B999,0.04119921603514669,0.004,0
D7_g_B999,0.041206237574975255,0.004,0
D7_g_B999,0.04121325911480381,0.004,0
D7_g_B999,0.04122028065463236,0.004,0
D7_g_B999,0.04122730219446093,0.004,0
D7_g_B999,0.04123432373428948,0.004,0
D7_g_B999,0.04124134527411803,0.004,0
D7_g_B999,0.0412483668139466,0.004,0
D7_g_B999,0.04125538835377515,0.004,0
D7_g_B999,0.041262409893603705,0.004,0
D7_g_B999,0.04126943143343227,0.004,0
D7_g_B999,0.041276452973260824,0.004,0
D7_g_B999,0.04128347451308938,0.004,0
D7_g_B999,0.041290496052917944,0.004,0
D7_g_B999,0.0412975175927465,0.004,0
D7_g_B999,0.041304539132575056,0.004,0
D7_g_B999,0.041311560672403616,0.004,0
D7_g_B999,0.04131858221223217,0.004,0
D7_g_B999,0.04132560375206073,0.004,0
D7_g_B999,0.04133262529188929,0.004,0
D7_g_B999,0.04133964683171784,0.004,0
D7_g_B999,0.0413466683715464,0.004,0
D7_g_B999,0.04135368991137496,0.004,0
D7_g_B999,0.04136071145120351,0.004,0
D7_g_B999,0.04136773299103207,0.004,0
D7_g_B999,0.04137475453086063,0.004,0
D7_g_B999,0.041381776070689186,0.004,0
D7_g_B999,0.041388797610517745,0.004,0
D7_g_B999,0.041395819150346305,0.004,0
D7_g_B999,0.04140284069017486,0.004,0
D7_g_B999,0.04140986223000342,0.004,0
D7_g_B999,0.04141688376983198,0.004,0
D7_g_B999,0.04142390530966053,0.004,0
D7_g_B999,0.04143092684948909,0.003,0
D7_g_B999,0.04143794838931765,0.003,0
D7_g_B999,0.0414449699291462,0.003,0
D7_g_B999,0.04145199146897476,0.003,0
D7_g_B999,0.04145901300880332,0.003,0
D7_g_B999,0.041466034548631875,0.003,0
D7_g_B999,0.041473056088460435,0.003,0
D7_g_B999,0.041480077628288994,0.003,0
D7_g_B999,0.04148709916811755,0.003,0
D7_g_B999,0.04149412070794611,0.003,0
D7_g_B999,0.04150114224777467,0.003,0
D7_g_B999,0.04150816378760322,0.003,0
D7_g_B999,0.04151518532743178,0.003,0
D7_g_B999,0.04152220686726034,0.003,0
D7_g_B999,0.04152922840708889,0.003,0
D7_g_B999,0.04153624994691745,0.003,0
D7_g_B999,0.04154327148674601,0.003,0
D7_g_B999,0.041550293026574564,0.003,0
D7_g_B999,0.041557314566403124,0.003,0
D7_g_B999,0.041564336106231684,0.003,0
D7_g_B999,0.041571357646060236,0.003,0
D7_g_B999,0.041578379185888796,0.003,0
D7_g_B999,0.041585400725717356,0.003,0
D7_g_B999,0.04159242226554591,0.003,0
D7_g_B999,0.04159944380537447,0.003,0
D7_g_B999,0.04160646534520303,0.003,0
D7_g_B999,0.04161348688503158,0.003,0
D7_g_B999,0.04162050842486014,0.003,0
D7_g_B999,0.0416275299646887,0.003,0
D7_g_B999,0.04163455150451725,0.003,0
D7_g_B999,0.04164157304434581,0.003,0
D7_g_B999,0.04164859458417437,0.003,0
D7_g_B999,0.041655616124002925,0.003,0
D7_g_B999,0.041662637663831485,0.003,0
D7_g_B999,0.041669659203660045,0.003,0
D7_g_B999,0.0416766807434886,0.003,0
D7_g_B999,0.04168370228331716,0.003,0
D7_g_B999,0.04169072382314572,0.003,0
D7_g_B999,0.04169774536297427,0.003,0
D7_g_B999,0.04170476690280283,0.003,0
D7_g_B999,0.04171178844263139,0.003,0
D7_g_B999,0.04171880998245994,0.003,0
D7_g_B999,0.0417258315222885,0.003,0
D7_g_B999,0.04173285306211706,0.003,0
D7_g_B999,0.041739874601945615,0.003,0
D7_g_B999,0.041746896141774174,0.003,0
D7_g_B999,0.041753917681602734,0.003,0
D7_g_B999,0.04176093922143129,0.003,0
D7_g_B999,0.04176796076125985,0.003,0
D7_g_B999,0.041774982301088406,0.003,0
D7_g_B999,0.04178200384091696,0.003,0
D7_g_B999,0.04178902538074552,0.003,0
D7_g_B999,0.04179604692057408,0.003,0
D7_g_B999,0.04180306846040263,0.003,0
D7_g_B999,0.04181009000023119,0.003,0
D7_g_B999,0.04181711154005975,0.003,0
D7_g_B999,0.041824133079888304,0.003,0
D7_g_B999,0.04183115461971687,0.003,0
D7_g_B999,0.04183817615954542,0.003,0
D7_g_B999,0.041845197699373976,0.003,0
D7_g_B999,0.04185221923920254,0.003,0
D7_g_B999,0.041859240779031096,0.003,0
D7_g_B999,0.04186626231885965,0.003,0
D7_g_B999,0.041873283858688215,0.003,0
D7_g_B999,0.04188030539851677,0.003,0
D7_g_B999,0.04188732693834532,0.003,0
D7_g_B999,0.04189434847817389,0.003,0
D7_g_B999,0.04190137001800244,0.003,0
D7_g_B999,0.04190839155783099,0.002,0
D7_g_B999,0.04191541309765956,0.002,0
D7_g_B999,0.04192243463748811,0.002,0
D7_g_B999,0.041929456177316665,0.002,0
D7_g_B999,0.04193647771714523,0.002,0
D7_g_B999,0.041943499256973785,0.002,0
D7_g_B999,0.04195052079680234,0.002,0
D7_g_B999,0.041957542336630904,0.002,0
D7_g_B999,0.04196456387645946,0.002,0
D7_g_B999,0.04197158541628801,0.002,0
D7_g_B999,0.041978606956116576,0.002,0
D7_g_B999,0.04198562849594513,0.002,0
D7_g_B999,0.04199265003577368,0.002,0
D7_g_B999,0.04199967157560225,0.002,0
D7_g_B999,0.0420066931154308,0.002,0
D7_g_B999,0.04201371465525936,0.002,0
D7_g_B999,0.04202073619508792,0.002,0
D7_g_B999,0.042027757734916474,0.002,0
D7_g_B999,0.042034779274745034,0.002,0
D7_g_B999,0.04204180081457359,0.002,0
D7_g_B999,0.042048822354402146,0.002,0
D7_g_B999,0.042055843894230706,0.002,0
D7_g_B999,0.042062865434059266,0.002,0
D7_g_B999,0.04206988697388782,0.002,0
D7_g_B999,0.04207690851371638,0.002,0
D7_g_B999,0.04208393005354494,0.002,0
D7_g_B999,0.04209095159337349,0.002,0
D7_g_B999,0.04209797313320205,0.002,0
D7_g_B999,0.04210499467303061,0.002,0
D7_g_B999,0.04211201621285916,0.002,0
D7_g_B999,0.04211903775268772,0.002,0
D7_g_B999,0.04212605929251628,0.002,0
D7_g_B999,0.042133080832344835,0.002,0
D7_g_B999,0.042140102372173395,0.002,0
D7_g_B999,0.042147123912001955,0.002,0
D7_g_B999,0.04215414545183051,0.002,0
D7_g_B999,0.04216116699165907,0.002,0
D7_g_B999,0.04216818853148763,0.002,0
D7_g_B999,0.04217521007131618,0.002,0
D7_g_B999,0.04218223161114474,0.002,0
D7_g_B999,0.0421892531509733,0.002,0
D7_g_B999,0.04219627469080185,0.002,0
D7_g_B999,0.04220329623063041,0.002,0
D7_g_B999,0.04221031777045897,0.002,0
D7_g_B999,0.042217339310287524,0.002,0
D7_g_B999,0.042224360850116084,0.002,0
D7_g_B999,0.042231382389944644,0.002,0
D7_g_B999,0.0422384039297732,0.002,0
D7_g_B999,0.042245425469601756,0.002,0
D7_g_B999,0.042252447009430316,0.002,0
D7_g_B999,0.04225946854925887,0.002,0
D7_g_B999,0.04226649008908743,0.002,0
D7_g_B999,0.04227351162891599,0.002,0
D7_g_B999,0.04228053316874454,0.002,0
D7_g_B999,0.0422875547085731,0.002,0
D7_g_B999,0.04229457624840166,0.002,0
D7_g_B999,0.042301597788230214,0.002,0
D7_g_B999,0.04230861932805877,0.002,0
D7_g_B999,0.04231564086788733,0.002,0
D7_g_B999,0.042322662407715886,0.002,0
D7_g_B999,0.042329683947544446,0.002,0
D7_g_B999,0.042336705487373005,0.002,0
D7_g_B999,0.04234372702720156,0.002,0
D7_g_B999,0.04235074856703012,0.002,0
D7_g_B999,0.04235777010685868,0.002,0
D7_g_B999,0.04236479164668723,0.002,0
D7_g_B999,0.04237181318651579,0.002,0
D7_g_B999,0.04237883472634435,0.002,0
D7_g_B999,0.0423858562661729,0.002,0
D7_g_B999,0.04239287780600146,0.002,0
D7_g_B999,0.04239989934583002,0.002,0
D7_g_B999,0.042406920885658575,0.002,0
D7_g_B999,0.042413942425487135,0.002,0
D7_g_B999,0.042420963965315694,0.002,0
D7_g_B999,0.04242798550514425,0.002,0
D7_g_B999,0.04243500704497281,0.002,0
D7_g_B999,0.04244202858480137,0.002,0
D7_g_B999,0.04244905012462992,0.002,0
D7_g_B999,0.04245607166445848,0.002,0
D7_g_B999,0.04246309320428704,0.002,0
D7_g_B999,0.04247011474411559,0.002,0
D7_g_B999,0.04247713628394415,0.002,0
D7_g_B999,0.04248415782377271,0.002,0
D7_g_B999,0.042491179363601264,0.002,0
D7_g_B999,0.042498200903429824,0.002,0
D7_g_B999,0.042505222443258384,0.002,0
D7_g_B999,0.042512243983086936,0.002,0
D7_g_B999,0.042519265522915496,0.002,0
D7_g_B999,0.042526287062744056,0.002,0
D7_g_B999,0.04253330860257261,0.002,0
D7_g_B999,0.04254033014240117,0.002,0
D7_g_B999,0.04254735168222973,0.002,0
D7_g_B999,0.04255437322205828,0.002,0
D7_g_B999,0.04256139476188685,0.002,0
D7_g_B999,0.0425684163017154,0.002,0
D7_g_B999,0.04257543784154395,0.002,0
D7_g_B999,0.04258245938137252,0.002,0
D7_g_B999,0.04258948092120107,0.002,0
D7_g_B999,0.042596502461029626,0.002,0
D7_g_B999,0.04260352400085819,0.002,0
D7_g_B999,0.042610545540686745,0.002,0
D7_g_B999,0.0426175670805153,0.002,0
D7_g_B999,0.042624588620343865,0.002,0
D7_g_B999,0.04263161016017242,0.002,0
D7_g_B999,0.04263863170000097,0.002,0
D7_g_B999,0.04264565323982954,0.002,0
D7_g_B999,0.04265267477965809,0.002,0
D7_g_B999,0.04265969631948664,0.002,0
D7_g_B999,0.04266671785931521,0.002,0
D7_g_B999,0.04267373939914376,0.002,0
D7_g_B999,0.042680760938972315,0.002,0
D7_g_B999,0.04268778247880088,0.002,0
D7_g_B999,0.042694804018629434,0.002,0
D7_g_B999,0.04270182555845799,0.002,0
D7_g_B999,0.042708847098286554,0.002,0
D7_g_B999,0.042715868638115106,0.002,0
D7_g_B999,0.042722890177943666,0.002,0
D7_g_B999,0.042729911717772226,0.002,0
D7_g_B999,0.04273693325760078,0.002,0
D7_g_B999,0.04274395479742934,0.001,0
D7_g_B999,0.0427509763372579,0.001,0
D7_g_B999,0.04275799787708645,0.001,0
D7_g_B999,0.04276501941691501,0.001,0
D7_g_B999,0.04277204095674357,0.001,0
D7_g_B999,0.04277906249657212,0.001,0
D7_g_B999,0.04278608403640068,0.001,0
D7_g_B999,0.04279310557622924,0.001,0
D7_g_B999,0.042800127116057796,0.001,0
D7_g_B999,0.042807148655886355,0.001,0
D7_g_B999,0.042814170195714915,0.001,0
D7_g_B999,0.04282119173554347,0.001,0
D7_g_B999,0.04282821327537203,0.001,0
D7_g_B999,0.04283523481520059,0.001,0
D7_g_B999,0.04284225635502914,0.001,0
D7_g_B999,0.0428492778948577,0.001,0
D7_g_B999,0.04285629943468626,0.001,0
D7_g_B999,0.04286332097451481,0.001,0
D7_g_B999,0.04287034251434337,0.001,0
D7_g_B999,0.04287736405417193,0.001,0
D7_g_B999,0.042884385594000485,0.001,0
D7_g_B999,0.042891407133829045,0.001,0
D7_g_B999,0.042898428673657604,0.001,0
D7_g_B999,0.04290545021348616,0.001,0
D7_g_B999,0.04291247175331472,0.001,0
D7_g_B999,0.04291949329314328,0.001,0
D7_g_B999,0.04292651483297183,0.001,0
D7_g_B999,0.04293353637280039,0.001,0
D7_g_B999,0.04294055791262895,0.001,0
D7_g_B999,0.0429475794524575,0.001,0
D7_g_B999,0.04295460099228606,0.001,0
D7_g_B999,0.04296162253211462,0.001,0
D7_g_B999,0.042968644071943174,0.001,0
D7_g_B999,0.042975665611771734,0.001,0
D7_g_B999,0.04298268715160029,0.001,0
D7_g_B999,0.042989708691428846,0.001,0
D7_g_B999,0.042996730231257406,0.001,0
D7_g_B999,0.043003751771085966,0.001,0
D7_g_B999,0.04301077331091452,0.001,0
D7_g_B999,0.04301779485074308,0.001,0
D7_g_B999,0.04302481639057164,0.001,0
D7_g_B999,0.04303183793040019,0.001,0
D7_g_B999,0.04303885947022875,0.001,0
D7_g_B999,0.04304588101005731,0.001,0
D7_g_B999,0.04305290254988586,0.001,0
D7_g_B999,0.04305992408971442,0.001,0
D7_g_B999,0.04306694562954298,0.001,0
D7_g_B999,0.043073967169371535,0.001,0
D7_g_B999,0.043080988709200095,0.001,0
D7_g_B999,0.043088010249028655,0.001,0
D7_g_B999,0.04309503178885721,0.001,0
D7_g_B999,0.04310205332868577,0.001,0
D7_g_B999,0.04310907486851433,0.001,0
D7_g_B999,0.04311609640834288,0.001,0
D7_g_B999,0.04312311794817144,0.001,0
D7_g_B999,0.043130139488,0.001,0
D7_g_B999,0.04313716102782855,0.001,0
D7_g_B999,0.04314418256765711,0.001,0
D7_g_B999,0.04315120410748567,0.001,0
D7_g_B999,0.043158225647314225,0.001,0
D7_g_B999,0.043165247187142784,0.001,0
D7_g_B999,0.043172268726971344,0.001,0
D7_g_B999,0.0431792902667999,0.001,0
D7_g_B999,0.04318631180662846,0.001,0
D7_g_B999,0.043193333346457016,0.001,0
D7_g_B999,0.04320035488628557,0.001,0
D7_g_B999,0.04320737642611413,0.001,0
D7_g_B999,0.04321439796594269,0.001,0
D7_g_B999,0.04322141950577124,0.001,0
D7_g_B999,0.0432284410455998,0.001,0
D7_g_B999,0.04323546258542836,0.001,0
D7_g_B999,0.043242484125256914,0.001,0
D7_g_B999,0.04324950566508547,0.001,0
D7_g_B999,0.04325652720491403,0.001,0
D7_g_B999,0.043263548744742586,0.001,0
D7_g_B999,0.04327057028457115,0.001,0
D7_g_B999,0.043277591824399705,0.001,0
D7_g_B999,0.04328461336422826,0.001,0
D7_g_B999,0.043291634904056825,0.001,0
D7_g_B999,0.04329865644388538,0.001,0
D7_g_B999,0.04330567798371393,0.001,0
D7_g_B999,0.0433126995235425,0.001,0
D7_g_B999,0.04331972106337105,0.001,0
D7_g_B999,0.0433267426031996,0.001,0
D7_g_B999,0.04333376414302817,0.001,0
D7_g_B999,0.04334078568285672,0.001,0
D7_g_B999,0.043347807222685275,0.001,0
D7_g_B999,0.04335482876251384,0.001,0
D7_g_B999,0.043361850302342395,0.001,0
D7_g_B999,0.04336887184217095,0.001,0
D7_g_B999,0.043375893381999514,0.001,0
D7_g_B999,0.04338291492182807,0.001,0
D7_g_B999,0.04338993646165662,0.001,0
D7_g_B999,0.043396958001485186,0.001,0
D7_g_B999,0.04340397954131374,0.001,0
D7_g_B999,0.04341100108114229,0.001,0
D7_g_B999,0.04341802262097086,0.001,0
D7_g_B999,0.04342504416079941,0.001,0
D7_g_B999,0.043432065700627964,0.001,0
D7_g_B999,0.04343908724045653,0.001,0
D7_g_B999,0.043446108780285084,0.001,0
D7_g_B999,0.04345313032011364,0.001,0
D7_g_B999,0.0434601518599422,0.001,0
D7_g_B999,0.043467173399770756,0.001,0
D7_g_B999,0.043474194939599316,0.001,0
D7_g_B999,0.043481216479427875,0.001,0
D7_g_B999,0.04348823801925643,0.001,0
D7_g_B999,0.04349525955908499,0.001,0
D7_g_B999,0.04350228109891355,0.001,0
D7_g_B999,0.0435093026387421,0.001,0
D7_g_B999,0.04351632417857066,0.001,0
D7_g_B999,0.04352334571839922,0.001,0
D7_g_B999,0.04353036725822777,0.001,0
D7_g_B999,0.04353738879805633,0.001,0
D7_g_B999,0.04354441033788489,0.001,0
D7_g_B999,0.043551431877713445,0.001,0
D7_g_B999,0.043558453417542005,0.001,0
D7_g_B999,0.043565474957370565,0.001,0
D7_g_B999,0.04357249649719912,0.001,0
D7_g_B999,0.04357951803702768,0.001,0
D7_g_B999,0.04358653957685624,0.001,0
D7_g_B999,0.04359356111668479,0.001,0
D7_g_B999,0.04360058265651335,0.001,0
D7_g_B999,0.04360760419634191,0.001,0
D7_g_B999,0.04361462573617046,0.001,0
D7_g_B999,0.04362164727599902,0.001,0
D7_g_B999,0.04362866881582758,0.001,0
D7_g_B999,0.043635690355656134,0.001,0
D7_g_B999,0.043642711895484694,0.001,0
D7_g_B999,0.043649733435313254,0.001,0
D7_g_B999,0.04365675497514181,0.001,0
D7_g_B999,0.043663776514970366,0.001,0
D7_g_B999,0.043670798054798926,0.001,0
D7_g_B999,0.04367781959462748,0.001,0
D7_g_B999,0.04368484113445604,0.001,0
D7_g_B999,0.0436918626742846,0.001,0
D7_g_B999,0.04369888421411315,0.001,0
D7_g_B999,0.04370590575394171,0.001,0
D7_g_B999,0.04371292729377027,0.001,0
D7_g_B999,0.04371994883359882,0.001,0
D7_g_B999,0.04372697037342738,0.001,0
D7_g_B999,0.04373399191325594,0.001,0
D7_g_B999,0.043741013453084496,0.001,0
D7_g_B999,0.043748034992913055,0.001,0
D7_g_B999,0.043755056532741615,0.001,0
D7_g_B999,0.04376207807257017,0.001,0
D7_g_B999,0.04376909961239873,0.001,0
D7_g_B999,0.04377612115222729,0.001,0
D7_g_B999,0.04378314269205584,0.001,0
D7_g_B999,0.0437901642318844,0.001,0
D7_g_B999,0.04379718577171296,0.001,0
D7_g_B999,0.04380420731154151,0.001,0
D7_g_B999,0.04381122885137007,0.001,0
D7_g_B999,0.04381825039119863,0.001,0
D7_g_B999,0.043825271931027185,0.001,0
D7_g_B999,0.043832293470855745,0.001,0
D7_g_B999,0.043839315010684304,0.001,0
D7_g_B999,0.04384633655051286,0.001,0
D7_g_B999,0.04385335809034142,0.001,0
D7_g_B999,0.04386037963016998,0.001,0
D7_g_B999,0.04386740116999853,0.001,0
D7_g_B999,0.04387442270982709,0.001,0
D7_g_B999,0.04388144424965565,0.001,0
D7_g_B999,0.0438884657894842,0.001,0
D7_g_B999,0.04389548732931276,0.001,0
D7_g_B999,0.04390250886914132,0.001,0
D7_g_B999,0.043909530408969874,0.001,0
D7_g_B999,0.043916551948798434,0.001,0
D7_g_B999,0.043923573488626994,0.001,0
D7_placebo_g_B999,-0.00803025311262078,0.002,0
D7_placebo_g_B999,-0.008027187629013749,0.002,0
D7_placebo_g_B999,-0.008024122145406716,0.002,0
D7_placebo_g_B999,-0.008021056661799685,0.002,0
D7_placebo_g_B999,-0.008017991178192654,0.002,0
D7_placebo_g_B999,-0.008014925694585623,0.002,0
D7_placebo_g_B999,-0.00801186021097859,0.002,0
D7_placebo_g_B999,-0.008008794727371558,0.002,0
D7_placebo_g_B999,-0.008005729243764527,0.002,0
D7_placebo_g_B999,-0.008002663760157496,0.002,0
D7_placebo_g_B999,-0.007999598276550463,0.002,0
D7_placebo_g_B999,-0.007996532792943432,0.002,0
D7_placebo_g_B999,-0.007993467309336401,0.002,0
D7_placebo_g_B999,-0.00799040182572937,0.002,0
D7_placebo_g_B999,-0.007987336342122337,0.002,0
D7_placebo_g_B999,-0.007984270858515306,0.002,0
D7_placebo_g_B999,-0.007981205374908274,0.002,0
D7_placebo_g_B999,-0.007978139891301243,0.002,0
D7_placebo_g_B999,-0.00797507440769421,0.002,0
D7_placebo_g_B999,-0.00797200892408718,0.002,0
D7_placebo_g_B999,-0.007968943440480148,0.002,0
D7_placebo_g_B999,-0.007965877956873117,0.002,0
D7_placebo_g_B999,-0.007962812473266084,0.002,0
D7_placebo_g_B999,-0.007959746989659053,0.002,0
D7_placebo_g_B999,-0.007956681506052022,0.002,0
D7_placebo_g_B999,-0.00795361602244499,0.002,0
D7_placebo_g_B999,-0.007950550538837958,0.002,0
D7_placebo_g_B999,-0.007947485055230926,0.002,0
D7_placebo_g_B999,-0.007944419571623895,0.002,0
D7_placebo_g_B999,-0.007941354088016864,0.002,0
D7_placebo_g_B999,-0.007938288604409831,0.002,0
D7_placebo_g_B999,-0.0079352231208028,0.002,0
D7_placebo_g_B999,-0.007932157637195769,0.002,0
D7_placebo_g_B999,-0.007929092153588738,0.002,0
D7_placebo_g_B999,-0.007926026669981705,0.002,0
D7_placebo_g_B999,-0.007922961186374674,0.002,0
D7_placebo_g_B999,-0.007919895702767642,0.002,0
D7_placebo_g_B999,-0.007916830219160611,0.002,0
D7_placebo_g_B999,-0.007913764735553578,0.002,0
D7_placebo_g_B999,-0.007910699251946547,0.002,0
D7_placebo_g_B999,-0.007907633768339516,0.002,0
D7_placebo_g_B999,-0.007904568284732485,0.002,0
D7_placebo_g_B999,-0.007901502801125452,0.002,0
D7_placebo_g_B999,-0.00789843731751842,0.002,0
D7_placebo_g_B999,-0.00789537183391139,0.002,0
D7_placebo_g_B999,-0.007892306350304358,0.002,0
D7_placebo_g_B999,-0.007889240866697326,0.002,0
D7_placebo_g_B999,-0.007886175383090294,0.002,0
D7_placebo_g_B999,-0.007883109899483263,0.002,0
D7_placebo_g_B999,-0.007880044415876232,0.002,0
D7_placebo_g_B999,-0.007876978932269199,0.002,0
D7_placebo_g_B999,-0.007873913448662168,0.002,0
D7_placebo_g_B999,-0.007870847965055137,0.002,0
D7_placebo_g_B999,-0.007867782481448106,0.002,0
D7_placebo_g_B999,-0.007864716997841073,0.002,0
D7_placebo_g_B999,-0.007861651514234042,0.002,0
D7_placebo_g_B999,-0.00785858603062701,0.002,0
D7_placebo_g_B999,-0.00785552054701998,0.002,0
D7_placebo_g_B999,-0.007852455063412946,0.002,0
D7_placebo_g_B999,-0.007849389579805915,0.002,0
D7_placebo_g_B999,-0.007846324096198884,0.002,0
D7_placebo_g_B999,-0.007843258612591853,0.002,0
D7_placebo_g_B999,-0.00784019312898482,0.002,0
D7_placebo_g_B999,-0.007837127645377789,0.002,0
D7_placebo_g_B999,-0.007834062161770758,0.002,0
D7_placebo_g_B999,-0.007830996678163726,0.002,0
D7_placebo_g_B999,-0.007827931194556693,0.002,0
D7_placebo_g_B999,-0.007824865710949662,0.002,0
D7_placebo_g_B999,-0.007821800227342631,0.002,0
D7_placebo_g_B999,-0.0078187347437356,0.002,0
D7_placebo_g_B999,-0.007815669260128567,0.002,0
D7_placebo_g_B999,-0.007812603776521536,0.002,0
D7_placebo_g_B999,-0.007809538292914505,0.002,0
D7_placebo_g_B999,-0.007806472809307473,0.002,0
D7_placebo_g_B999,-0.007803407325700441,0.002,0
D7_placebo_g_B999,-0.0078003418420934095,0.002,0
D7_placebo_g_B999,-0.007797276358486377,0.002,0
D7_placebo_g_B999,-0.007794210874879346,0.002,0
D7_placebo_g_B999,-0.007791145391272314,0.002,0
D7_placebo_g_B999,-0.007788079907665283,0.002,0
D7_placebo_g_B999,-0.007785014424058251,0.002,0
D7_placebo_g_B999,-0.00778194894045122,0.002,0
D7_placebo_g_B999,-0.007778883456844188,0.002,0
D7_placebo_g_B999,-0.007775817973237157,0.002,0
D7_placebo_g_B999,-0.007772752489630125,0.002,0
D7_placebo_g_B999,-0.007769687006023093,0.002,0
D7_placebo_g_B999,-0.007766621522416061,0.002,0
D7_placebo_g_B999,-0.00776355603880903,0.002,0
D7_placebo_g_B999,-0.007760490555201998,0.002,0
D7_placebo_g_B999,-0.007757425071594967,0.002,0
D7_placebo_g_B999,-0.007754359587987935,0.002,0
D7_placebo_g_B999,-0.007751294104380904,0.002,0
D7_placebo_g_B999,-0.007748228620773872,0.002,0
D7_placebo_g_B999,-0.007745163137166841,0.002,0
D7_placebo_g_B999,-0.007742097653559809,0.002,0
D7_placebo_g_B999,-0.007739032169952777,0.002,0
D7_placebo_g_B999,-0.007735966686345745,0.002,0
D7_placebo_g_B999,-0.007732901202738714,0.002,0
D7_placebo_g_B999,-0.007729835719131682,0.002,0
D7_placebo_g_B999,-0.007726770235524651,0.002,0
D7_placebo_g_B999,-0.007723704751917619,0.002,0
D7_placebo_g_B999,-0.007720639268310588,0.002,0
D7_placebo_g_B999,-0.007717573784703556,0.002,0
D7_placebo_g_B999,-0.007714508301096525,0.002,0
D7_placebo_g_B999,-0.0077114428174894925,0.002,0
D7_placebo_g_B999,-0.007708377333882461,0.002,0
D7_placebo_g_B999,-0.007705311850275429,0.002,0
D7_placebo_g_B999,-0.007702246366668398,0.002,0
D7_placebo_g_B999,-0.007699180883061366,0.002,0
D7_placebo_g_B999,-0.007696115399454335,0.002,0
D7_placebo_g_B999,-0.007693049915847303,0.002,0
D7_placebo_g_B999,-0.007689984432240272,0.002,0
D7_placebo_g_B999,-0.00768691894863324,0.002,0
D7_placebo_g_B999,-0.0076838534650262085,0.002,0
D7_placebo_g_B999,-0.0076807879814191765,0.002,0
D7_placebo_g_B999,-0.007677722497812145,0.002,0
D7_placebo_g_B999,-0.007674657014205113,0.002,0
D7_placebo_g_B999,-0.007671591530598082,0.002,0
D7_placebo_g_B999,-0.00766852604699105,0.002,0
D7_placebo_g_B999,-0.007665460563384019,0.002,0
D7_placebo_g_B999,-0.007662395079776987,0.002,0
D7_placebo_g_B999,-0.007659329596169956,0.002,0
D7_placebo_g_B999,-0.007656264112562924,0.002,0
D7_placebo_g_B999,-0.0076531986289558925,0.002,0
D7_placebo_g_B999,-0.0076501331453488605,0.002,0
D7_placebo_g_B999,-0.007647067661741829,0.002,0
D7_placebo_g_B999,-0.007644002178134797,0.002,0
D7_placebo_g_B999,-0.007640936694527766,0.002,0
D7_placebo_g_B999,-0.007637871210920734,0.002,0
D7_placebo_g_B999,-0.007634805727313703,0.002,0
D7_placebo_g_B999,-0.007631740243706671,0.002,0
D7_placebo_g_B999,-0.00762867476009964,0.002,0
D7_placebo_g_B999,-0.007625609276492608,0.002,0
D7_placebo_g_B999,-0.0076225437928855765,0.002,0
D7_placebo_g_B999,-0.0076194783092785445,0.002,0
D7_placebo_g_B999,-0.007616412825671513,0.002,0
D7_placebo_g_B999,-0.007613347342064481,0.002,0
D7_placebo_g_B999,-0.00761028185845745,0.002,0
D7_placebo_g_B999,-0.007607216374850418,0.002,0
D7_placebo_g_B999,-0.007604150891243387,0.002,0
D7_placebo_g_B999,-0.007601085407636355,0.002,0
D7_placebo_g_B999,-0.007598019924029324,0.002,0
D7_placebo_g_B999,-0.007594954440422292,0.002,0
D7_placebo_g_B999,-0.0075918889568152605,0.002,0
D7_placebo_g_B999,-0.007588823473208228,0.002,0
D7_placebo_g_B999,-0.007585757989601196,0.002,0
D7_placebo_g_B999,-0.007582692505994165,0.002,0
D7_placebo_g_B999,-0.007579627022387134,0.002,0
D7_placebo_g_B999,-0.007576561538780102,0.002,0
D7_placebo_g_B999,-0.00757349605517307,0.002,0
D7_placebo_g_B999,-0.007570430571566039,0.002,0
D7_placebo_g_B999,-0.007567365087959007,0.002,0
D7_placebo_g_B999,-0.007564299604351976,0.002,0
D7_placebo_g_B999,-0.007561234120744944,0.002,0
D7_placebo_g_B999,-0.007558168637137912,0.002,0
D7_placebo_g_B999,-0.00755510315353088,0.002,0
D7_placebo_g_B999,-0.007552037669923849,0.002,0
D7_placebo_g_B999,-0.007548972186316817,0.002,0
D7_placebo_g_B999,-0.007545906702709786,0.002,0
D7_placebo_g_B999,-0.007542841219102754,0.002,0
D7_placebo_g_B999,-0.007539775735495723,0.002,0
D7_placebo_g_B999,-0.007536710251888691,0.002,0
D7_placebo_g_B999,-0.00753364476828166,0.002,0
D7_placebo_g_B999,-0.0075305792846746275,0.002,0
D7_placebo_g_B999,-0.007527513801067596,0.002,0
D7_placebo_g_B999,-0.007524448317460564,0.002,0
D7_placebo_g_B999,-0.007521382833853533,0.002,0
D7_placebo_g_B999,-0.007518317350246501,0.002,0
D7_placebo_g_B999,-0.00751525186663947,0.002,0
D7_placebo_g_B999,-0.007512186383032438,0.002,0
D7_placebo_g_B999,-0.007509120899425407,0.002,0
D7_placebo_g_B999,-0.007506055415818375,0.002,0
D7_placebo_g_B999,-0.0075029899322113435,0.002,0
D7_placebo_g_B999,-0.0074999244486043115,0.002,0
D7_placebo_g_B999,-0.00749685896499728,0.002,0
D7_placebo_g_B999,-0.007493793481390248,0.002,0
D7_placebo_g_B999,-0.007490727997783217,0.002,0
D7_placebo_g_B999,-0.007487662514176185,0.002,0
D7_placebo_g_B999,-0.007484597030569154,0.002,0
D7_placebo_g_B999,-0.007481531546962122,0.002,0
D7_placebo_g_B999,-0.007478466063355091,0.002,0
D7_placebo_g_B999,-0.007475400579748059,0.002,0
D7_placebo_g_B999,-0.0074723350961410275,0.002,0
D7_placebo_g_B999,-0.0074692696125339955,0.002,0
D7_placebo_g_B999,-0.007466204128926964,0.002,0
D7_placebo_g_B999,-0.007463138645319932,0.002,0
D7_placebo_g_B999,-0.007460073161712901,0.002,0
D7_placebo_g_B999,-0.007457007678105869,0.002,0
D7_placebo_g_B999,-0.007453942194498838,0.002,0
D7_placebo_g_B999,-0.007450876710891806,0.002,0
D7_placebo_g_B999,-0.007447811227284775,0.002,0
D7_placebo_g_B999,-0.007444745743677743,0.002,0
D7_placebo_g_B999,-0.0074416802600707115,0.002,0
D7_placebo_g_B999,-0.0074386147764636795,0.002,0
D7_placebo_g_B999,-0.007435549292856648,0.002,0
D7_placebo_g_B999,-0.007432483809249616,0.002,0
D7_placebo_g_B999,-0.007429418325642585,0.002,0
D7_placebo_g_B999,-0.007426352842035553,0.002,0
D7_placebo_g_B999,-0.007423287358428522,0.002,0
D7_placebo_g_B999,-0.00742022187482149,0.002,0
D7_placebo_g_B999,-0.007417156391214459,0.002,0
D7_placebo_g_B999,-0.007414090907607427,0.002,0
D7_placebo_g_B999,-0.0074110254240003955,0.002,0
D7_placebo_g_B999,-0.007407959940393363,0.002,0
D7_placebo_g_B999,-0.007404894456786332,0.002,0
D7_placebo_g_B999,-0.0074018289731793,0.002,0
D7_placebo_g_B999,-0.007398763489572269,0.002,0
D7_placebo_g_B999,-0.007395698005965237,0.002,0
D7_placebo_g_B999,-0.007392632522358206,0.002,0
D7_placebo_g_B999,-0.007389567038751174,0.002,0
D7_placebo_g_B999,-0.007386501555144143,0.002,0
D7_placebo_g_B999,-0.007383436071537111,0.002,0
D7_placebo_g_B999,-0.0073803705879300786,0.002,0
D7_placebo_g_B999,-0.007377305104323047,0.002,0
D7_placebo_g_B999,-0.007374239620716016,0.002,0
D7_placebo_g_B999,-0.007371174137108984,0.002,0
D7_placebo_g_B999,-0.007368108653501952,0.002,0
D7_placebo_g_B999,-0.007365043169894921,0.002,0
D7_placebo_g_B999,-0.00736197768628789,0.002,0
D7_placebo_g_B999,-0.007358912202680858,0.002,0
D7_placebo_g_B999,-0.007355846719073826,0.002,0
D7_placebo_g_B999,-0.007352781235466795,0.002,0
D7_placebo_g_B999,-0.007349715751859763,0.002,0
D7_placebo_g_B999,-0.007346650268252731,0.002,0
D7_placebo_g_B999,-0.007343584784645699,0.002,0
D7_placebo_g_B999,-0.007340519301038668,0.002,0
D7_placebo_g_B999,-0.007337453817431637,0.002,0
D7_placebo_g_B999,-0.007334388333824605,0.002,0
D7_placebo_g_B999,-0.007331322850217573,0.002,0
D7_placebo_g_B999,-0.007328257366610542,0.002,0
D7_placebo_g_B999,-0.00732519188300351,0.002,0
D7_placebo_g_B999,-0.0073221263993964785,0.002,0
D7_placebo_g_B999,-0.0073190609157894465,0.002,0
D7_placebo_g_B999,-0.007315995432182415,0.002,0
D7_placebo_g_B999,-0.007312929948575383,0.002,0
D7_placebo_g_B999,-0.007309864464968352,0.002,0
D7_placebo_g_B999,-0.00730679898136132,0.002,0
D7_placebo_g_B999,-0.007303733497754289,0.002,0
D7_placebo_g_B999,-0.007300668014147257,0.002,0
D7_placebo_g_B999,-0.007297602530540226,0.002,0
D7_placebo_g_B999,-0.007294537046933194,0.002,0
D7_placebo_g_B999,-0.0072914715633261625,0.002,0
D7_placebo_g_B999,-0.0072884060797191305,0.002,0
D7_placebo_g_B999,-0.007285340596112099,0.002,0
D7_placebo_g_B999,-0.007282275112505067,0.002,0
D7_placebo_g_B999,-0.007279209628898036,0.002,0
D7_placebo_g_B999,-0.007276144145291004,0.002,0
D7_placebo_g_B999,-0.007273078661683973,0.002,0
D7_placebo_g_B999,-0.007270013178076941,0.002,0
D7_placebo_g_B999,-0.00726694769446991,0.002,0
D7_placebo_g_B999,-0.007263882210862878,0.002,0
D7_placebo_g_B999,-0.0072608167272558465,0.002,0
D7_placebo_g_B999,-0.0072577512436488145,0.002,0
D7_placebo_g_B999,-0.007254685760041783,0.002,0
D7_placebo_g_B999,-0.007251620276434751,0.002,0
D7_placebo_g_B999,-0.00724855479282772,0.002,0
D7_placebo_g_B999,-0.007245489309220688,0.002,0
D7_placebo_g_B999,-0.007242423825613657,0.002,0
D7_placebo_g_B999,-0.007239358342006625,0.002,0
D7_placebo_g_B999,-0.007236292858399594,0.002,0
D7_placebo_g_B999,-0.007233227374792562,0.002,0
D7_placebo_g_B999,-0.0072301618911855305,0.002,0
D7_placebo_g_B999,-0.007227096407578498,0.002,0
D7_placebo_g_B999,-0.007224030923971467,0.002,0
D7_placebo_g_B999,-0.007220965440364435,0.002,0
D7_placebo_g_B999,-0.007217899956757404,0.002,0
D7_placebo_g_B999,-0.007214834473150372,0.002,0
D7_placebo_g_B999,-0.007211768989543341,0.002,0
D7_placebo_g_B999,-0.007208703505936309,0.002,0
D7_placebo_g_B999,-0.007205638022329278,0.002,0
D7_placebo_g_B999,-0.007202572538722246,0.002,0
D7_placebo_g_B999,-0.007199507055115214,0.002,0
D7_placebo_g_B999,-0.007196441571508182,0.002,0
D7_placebo_g_B999,-0.007193376087901151,0.002,0
D7_placebo_g_B999,-0.007190310604294119,0.002,0
D7_placebo_g_B999,-0.007187245120687088,0.002,0
D7_placebo_g_B999,-0.007184179637080056,0.002,0
D7_placebo_g_B999,-0.007181114153473025,0.002,0
D7_placebo_g_B999,-0.007178048669865993,0.002,0
D7_placebo_g_B999,-0.007174983186258962,0.002,0
D7_placebo_g_B999,-0.00717191770265193,0.002,0
D7_placebo_g_B999,-0.007168852219044898,0.002,0
D7_placebo_g_B999,-0.007165786735437866,0.002,0
D7_placebo_g_B999,-0.007162721251830835,0.002,0
D7_placebo_g_B999,-0.007159655768223803,0.002,0
D7_placebo_g_B999,-0.007156590284616772,0.002,0
D7_placebo_g_B999,-0.00715352480100974,0.002,0
D7_placebo_g_B999,-0.007150459317402708,0.002,0
D7_placebo_g_B999,-0.007147393833795677,0.002,0
D7_placebo_g_B999,-0.007144328350188646,0.002,0
D7_placebo_g_B999,-0.0071412628665816135,0.002,0
D7_placebo_g_B999,-0.0071381973829745815,0.002,0
D7_placebo_g_B999,-0.00713513189936755,0.002,0
D7_placebo_g_B999,-0.007132066415760519,0.002,0
D7_placebo_g_B999,-0.007129000932153487,0.002,0
D7_placebo_g_B999,-0.007125935448546455,0.002,0
D7_placebo_g_B999,-0.007122869964939424,0.002,0
D7_placebo_g_B999,-0.007119804481332393,0.002,0
D7_placebo_g_B999,-0.007116738997725361,0.002,0
D7_placebo_g_B999,-0.007113673514118329,0.002,0
D7_placebo_g_B999,-0.0071106080305112975,0.002,0
D7_placebo_g_B999,-0.007107542546904266,0.002,0
D7_placebo_g_B999,-0.007104477063297234,0.002,0
D7_placebo_g_B999,-0.007101411579690202,0.002,0
D7_placebo_g_B999,-0.007098346096083171,0.002,0
D7_placebo_g_B999,-0.007095280612476139,0.002,0
D7_placebo_g_B999,-0.007092215128869108,0.002,0
D7_placebo_g_B999,-0.007089149645262076,0.002,0
D7_placebo_g_B999,-0.007086084161655045,0.002,0
D7_placebo_g_B999,-0.007083018678048013,0.002,0
D7_placebo_g_B999,-0.0070799531944409815,0.002,0
D7_placebo_g_B999,-0.0070768877108339494,0.002,0
D7_placebo_g_B999,-0.007073822227226918,0.002,0
D7_placebo_g_B999,-0.007070756743619886,0.002,0
D7_placebo_g_B999,-0.007067691260012855,0.002,0
D7_placebo_g_B999,-0.007064625776405823,0.002,0
D7_placebo_g_B999,-0.007061560292798792,0.002,0
D7_placebo_g_B999,-0.00705849480919176,0.002,0
D7_placebo_g_B999,-0.007055429325584729,0.002,0
D7_placebo_g_B999,-0.007052363841977697,0.002,0
D7_placebo_g_B999,-0.0070492983583706655,0.002,0
D7_placebo_g_B999,-0.007046232874763633,0.002,0
D7_placebo_g_B999,-0.007043167391156602,0.002,0
D7_placebo_g_B999,-0.00704010190754957,0.002,0
D7_placebo_g_B999,-0.007037036423942539,0.002,0
D7_placebo_g_B999,-0.007033970940335507,0.002,0
D7_placebo_g_B999,-0.007030905456728476,0.002,0
D7_placebo_g_B999,-0.007027839973121444,0.002,0
D7_placebo_g_B999,-0.007024774489514413,0.002,0
D7_placebo_g_B999,-0.007021709005907381,0.002,0
D7_placebo_g_B999,-0.007018643522300349,0.002,0
D7_placebo_g_B999,-0.007015578038693317,0.002,0
D7_placebo_g_B999,-0.007012512555086286,0.002,0
D7_placebo_g_B999,-0.007009447071479254,0.002,0
D7_placebo_g_B999,-0.007006381587872223,0.002,0
D7_placebo_g_B999,-0.007003316104265191,0.002,0
D7_placebo_g_B999,-0.00700025062065816,0.002,0
D7_placebo_g_B999,-0.006997185137051128,0.002,0
D7_placebo_g_B999,-0.006994119653444097,0.002,0
D7_placebo_g_B999,-0.006991054169837065,0.002,0
D7_placebo_g_B999,-0.006987988686230033,0.002,0
D7_placebo_g_B999,-0.006984923202623001,0.002,0
D7_placebo_g_B999,-0.00698185771901597,0.002,0
D7_placebo_g_B999,-0.006978792235408938,0.002,0
D7_placebo_g_B999,-0.006975726751801907,0.002,0
D7_placebo_g_B999,-0.006972661268194875,0.002,0
D7_placebo_g_B999,-0.006969595784587844,0.002,0
D7_placebo_g_B999,-0.006966530300980812,0.002,0
D7_placebo_g_B999,-0.006963464817373781,0.002,0
D7_placebo_g_B999,-0.0069603993337667485,0.002,0
D7_placebo_g_B999,-0.0069573338501597165,0.002,0
D7_placebo_g_B999,-0.006954268366552685,0.002,0
D7_placebo_g_B999,-0.006951202882945654,0.002,0
D7_placebo_g_B999,-0.006948137399338622,0.002,0
D7_placebo_g_B999,-0.00694507191573159,0.002,0
D7_placebo_g_B999,-0.006942006432124559,0.002,0
D7_placebo_g_B999,-0.006938940948517528,0.002,0
D7_placebo_g_B999,-0.006935875464910496,0.002,0
D7_placebo_g_B999,-0.006932809981303464,0.002,0
D7_placebo_g_B999,-0.0069297444976964325,0.002,0
D7_placebo_g_B999,-0.006926679014089401,0.002,0
D7_placebo_g_B999,-0.006923613530482369,0.002,0
D7_placebo_g_B999,-0.006920548046875337,0.002,0
D7_placebo_g_B999,-0.006917482563268306,0.002,0
D7_placebo_g_B999,-0.006914417079661275,0.002,0
D7_placebo_g_B999,-0.006911351596054243,0.002,0
D7_placebo_g_B999,-0.006908286112447211,0.002,0
D7_placebo_g_B999,-0.00690522062884018,0.002,0
D7_placebo_g_B999,-0.0069021551452331485,0.002,0
D7_placebo_g_B999,-0.0068990896616261165,0.002,0
D7_placebo_g_B999,-0.0068960241780190844,0.002,0
D7_placebo_g_B999,-0.006892958694412053,0.002,0
D7_placebo_g_B999,-0.006889893210805022,0.002,0
D7_placebo_g_B999,-0.00688682772719799,0.002,0
D7_placebo_g_B999,-0.006883762243590958,0.002,0
D7_placebo_g_B999,-0.006880696759983927,0.002,0
D7_placebo_g_B999,-0.006877631276376896,0.002,0
D7_placebo_g_B999,-0.006874565792769864,0.002,0
D7_placebo_g_B999,-0.006871500309162832,0.002,0
D7_placebo_g_B999,-0.0068684348255558005,0.002,0
D7_placebo_g_B999,-0.006865369341948769,0.002,0
D7_placebo_g_B999,-0.006862303858341737,0.002,0
D7_placebo_g_B999,-0.006859238374734705,0.002,0
D7_placebo_g_B999,-0.006856172891127674,0.002,0
D7_placebo_g_B999,-0.006853107407520643,0.002,0
D7_placebo_g_B999,-0.006850041923913611,0.002,0
D7_placebo_g_B999,-0.006846976440306579,0.002,0
D7_placebo_g_B999,-0.006843910956699548,0.002,0
D7_placebo_g_B999,-0.006840845473092516,0.002,0
D7_placebo_g_B999,-0.006837779989485484,0.002,0
D7_placebo_g_B999,-0.006834714505878452,0.002,0
D7_placebo_g_B999,-0.006831649022271421,0.002,0
D7_placebo_g_B999,-0.006828583538664389,0.002,0
D7_placebo_g_B999,-0.006825518055057358,0.002,0
D7_placebo_g_B999,-0.006822452571450326,0.002,0
D7_placebo_g_B999,-0.006819387087843295,0.002,0
D7_placebo_g_B999,-0.006816321604236263,0.002,0
D7_placebo_g_B999,-0.006813256120629232,0.002,0
D7_placebo_g_B999,-0.0068101906370222,0.002,0
D7_placebo_g_B999,-0.006807125153415168,0.002,0
D7_placebo_g_B999,-0.006804059669808136,0.002,0
D7_placebo_g_B999,-0.006800994186201105,0.002,0
D7_placebo_g_B999,-0.006797928702594073,0.002,0
D7_placebo_g_B999,-0.006794863218987042,0.002,0
D7_placebo_g_B999,-0.00679179773538001,0.002,0
D7_placebo_g_B999,-0.006788732251772979,0.002,0
D7_placebo_g_B999,-0.006785666768165947,0.002,0
D7_placebo_g_B999,-0.006782601284558916,0.002,0
D7_placebo_g_B999,-0.0067795358009518835,0.002,0
D7_placebo_g_B999,-0.006776470317344852,0.002,0
D7_placebo_g_B999,-0.00677340483373782,0.002,0
D7_placebo_g_B999,-0.006770339350130789,0.002,0
D7_placebo_g_B999,-0.006767273866523757,0.002,0
D7_placebo_g_B999,-0.006764208382916726,0.002,0
D7_placebo_g_B999,-0.006761142899309694,0.002,0
D7_placebo_g_B999,-0.006758077415702663,0.002,0
D7_placebo_g_B999,-0.006755011932095631,0.002,0
D7_placebo_g_B999,-0.0067519464484885995,0.002,0
D7_placebo_g_B999,-0.0067488809648815675,0.002,0
D7_placebo_g_B999,-0.006745815481274536,0.002,0
D7_placebo_g_B999,-0.006742749997667504,0.002,0
D7_placebo_g_B999,-0.006739684514060472,0.002,0
D7_placebo_g_B999,-0.006736619030453441,0.002,0
D7_placebo_g_B999,-0.00673355354684641,0.002,0
D7_placebo_g_B999,-0.006730488063239378,0.002,0
D7_placebo_g_B999,-0.006727422579632346,0.002,0
D7_placebo_g_B999,-0.006724357096025315,0.002,0
D7_placebo_g_B999,-0.0067212916124182835,0.002,0
D7_placebo_g_B999,-0.0067182261288112515,0.002,0
D7_placebo_g_B999,-0.0067151606452042194,0.002,0
D7_placebo_g_B999,-0.006712095161597188,0.002,0
D7_placebo_g_B999,-0.006709029677990157,0.002,0
D7_placebo_g_B999,-0.006705964194383125,0.002,0
D7_placebo_g_B999,-0.006702898710776093,0.002,0
D7_placebo_g_B999,-0.006699833227169062,0.002,0
D7_placebo_g_B999,-0.006696767743562031,0.002,0
D7_placebo_g_B999,-0.006693702259954999,0.002,0
D7_placebo_g_B999,-0.006690636776347967,0.002,0
D7_placebo_g_B999,-0.0066875712927409355,0.002,0
D7_placebo_g_B999,-0.006684505809133904,0.002,0
D7_placebo_g_B999,-0.006681440325526872,0.002,0
D7_placebo_g_B999,-0.00667837484191984,0.002,0
D7_placebo_g_B999,-0.006675309358312809,0.002,0
D7_placebo_g_B999,-0.006672243874705778,0.002,0
D7_placebo_g_B999,-0.006669178391098746,0.002,0
D7_placebo_g_B999,-0.006666112907491714,0.002,0
D7_placebo_g_B999,-0.006663047423884683,0.002,0
D7_placebo_g_B999,-0.0066599819402776515,0.002,0
D7_placebo_g_B999,-0.006656916456670619,0.002,0
D7_placebo_g_B999,-0.006653850973063587,0.002,0
D7_placebo_g_B999,-0.006650785489456556,0.002,0
D7_placebo_g_B999,-0.006647720005849525,0.002,0
D7_placebo_g_B999,-0.006644654522242493,0.002,0
D7_placebo_g_B999,-0.006641589038635461,0.002,0
D7_placebo_g_B999,-0.00663852355502843,0.002,0
D7_placebo_g_B999,-0.006635458071421399,0.002,0
D7_placebo_g_B999,-0.006632392587814367,0.002,0
D7_placebo_g_B999,-0.0066293271042073346,0.002,0
D7_placebo_g_B999,-0.006626261620600303,0.002,0
D7_placebo_g_B999,-0.006623196136993271,0.002,0
D7_placebo_g_B999,-0.00662013065338624,0.002,0
D7_placebo_g_B999,-0.006617065169779208,0.002,0
D7_placebo_g_B999,-0.006613999686172177,0.002,0
D7_placebo_g_B999,-0.006610934202565145,0.002,0
D7_placebo_g_B999,-0.006607868718958114,0.002,0
D7_placebo_g_B999,-0.006604803235351082,0.002,0
D7_placebo_g_B999,-0.006601737751744051,0.002,0
D7_placebo_g_B999,-0.0065986722681370185,0.002,0
D7_placebo_g_B999,-0.006595606784529987,0.002,0
D7_placebo_g_B999,-0.006592541300922955,0.002,0
D7_placebo_g_B999,-0.006589475817315924,0.002,0
D7_placebo_g_B999,-0.006586410333708892,0.002,0
D7_placebo_g_B999,-0.006583344850101861,0.002,0
D7_placebo_g_B999,-0.006580279366494829,0.002,0
D7_placebo_g_B999,-0.006577213882887798,0.002,0
D7_placebo_g_B999,-0.006574148399280766,0.002,0
D7_placebo_g_B999,-0.0065710829156737345,0.002,0
D7_placebo_g_B999,-0.0065680174320667025,0.002,0
D7_placebo_g_B999,-0.006564951948459671,0.002,0
D7_placebo_g_B999,-0.006561886464852639,0.002,0
D7_placebo_g_B999,-0.006558820981245608,0.002,0
D7_placebo_g_B999,-0.006555755497638576,0.002,0
D7_placebo_g_B999,-0.006552690014031545,0.002,0
D7_placebo_g_B999,-0.006549624530424513,0.002,0
D7_placebo_g_B999,-0.006546559046817482,0.002,0
D7_placebo_g_B999,-0.00654349356321045,0.002,0
D7_placebo_g_B999,-0.0065404280796034185,0.002,0
D7_placebo_g_B999,-0.0065373625959963865,0.002,0
D7_placebo_g_B999,-0.006534297112389355,0.002,0
D7_placebo_g_B999,-0.006531231628782323,0.002,0
D7_placebo_g_B999,-0.006528166145175292,0.002,0
D7_placebo_g_B999,-0.00652510066156826,0.002,0
D7_placebo_g_B999,-0.006522035177961229,0.002,0
D7_placebo_g_B999,-0.006518969694354197,0.002,0
D7_placebo_g_B999,-0.006515904210747166,0.002,0
D7_placebo_g_B999,-0.006512838727140134,0.002,0
D7_placebo_g_B999,-0.006509773243533102,0.002,0
D7_placebo_g_B999,-0.0065067077599260705,0.002,0
D7_placebo_g_B999,-0.006503642276319039,0.002,0
D7_placebo_g_B999,-0.006500576792712007,0.002,0
D7_placebo_g_B999,-0.006497511309104975,0.002,0
D7_placebo_g_B999,-0.006494445825497944,0.002,0
D7_placebo_g_B999,-0.006491380341890913,0.002,0
D7_placebo_g_B999,-0.006488314858283881,0.002,0
D7_placebo_g_B999,-0.006485249374676849,0.002,0
D7_placebo_g_B999,-0.006482183891069818,0.002,0
D7_placebo_g_B999,-0.0064791184074627865,0.002,0
D7_placebo_g_B999,-0.006476052923855754,0.002,0
D7_placebo_g_B999,-0.006472987440248722,0.002,0
D7_placebo_g_B999,-0.006469921956641691,0.002,0
D7_placebo_g_B999,-0.00646685647303466,0.002,0
D7_placebo_g_B999,-0.006463790989427628,0.002,0
D7_placebo_g_B999,-0.006460725505820596,0.002,0
D7_placebo_g_B999,-0.006457660022213565,0.002,0
D7_placebo_g_B999,-0.006454594538606534,0.002,0
D7_placebo_g_B999,-0.006451529054999502,0.002,0
D7_placebo_g_B999,-0.0064484635713924696,0.002,0
D7_placebo_g_B999,-0.006445398087785438,0.002,0
D7_placebo_g_B999,-0.006442332604178407,0.002,0
D7_placebo_g_B999,-0.006439267120571375,0.002,0
D7_placebo_g_B999,-0.006436201636964343,0.002,0
D7_placebo_g_B999,-0.006433136153357312,0.002,0
D7_placebo_g_B999,-0.006430070669750281,0.002,0
D7_placebo_g_B999,-0.006427005186143249,0.002,0
D7_placebo_g_B999,-0.006423939702536217,0.002,0
D7_placebo_g_B999,-0.006420874218929186,0.002,0
D7_placebo_g_B999,-0.006417808735322154,0.002,0
D7_placebo_g_B999,-0.006414743251715122,0.002,0
D7_placebo_g_B999,-0.00641167776810809,0.002,0
D7_placebo_g_B999,-0.006408612284501059,0.002,0
D7_placebo_g_B999,-0.006405546800894028,0.002,0
D7_placebo_g_B999,-0.006402481317286996,0.002,0
D7_placebo_g_B999,-0.006399415833679964,0.002,0
D7_placebo_g_B999,-0.006396350350072933,0.002,0
D7_placebo_g_B999,-0.006393284866465901,0.002,0
D7_placebo_g_B999,-0.0063902193828588695,0.002,0
D7_placebo_g_B999,-0.0063871538992518375,0.002,0
D7_placebo_g_B999,-0.006384088415644806,0.002,0
D7_placebo_g_B999,-0.006381022932037774,0.002,0
D7_placebo_g_B999,-0.006377957448430743,0.002,0
D7_placebo_g_B999,-0.006374891964823711,0.002,0
D7_placebo_g_B999,-0.00637182648121668,0.002,0
D7_placebo_g_B999,-0.006368760997609648,0.002,0
D7_placebo_g_B999,-0.006365695514002617,0.002,0
D7_placebo_g_B999,-0.006362630030395585,0.002,0
D7_placebo_g_B999,-0.0063595645467885535,0.002,0
D7_placebo_g_B999,-0.0063564990631815215,0.002,0
D7_placebo_g_B999,-0.00635343357957449,0.002,0
D7_placebo_g_B999,-0.006350368095967458,0.002,0
D7_placebo_g_B999,-0.006347302612360427,0.002,0
D7_placebo_g_B999,-0.006344237128753395,0.002,0
D7_placebo_g_B999,-0.006341171645146364,0.002,0
D7_placebo_g_B999,-0.006338106161539332,0.002,0
D7_placebo_g_B999,-0.006335040677932301,0.002,0
D7_placebo_g_B999,-0.006331975194325269,0.002,0
D7_placebo_g_B999,-0.0063289097107182375,0.002,0
D7_placebo_g_B999,-0.0063258442271112054,0.002,0
D7_placebo_g_B999,-0.006322778743504174,0.002,0
D7_placebo_g_B999,-0.006319713259897142,0.002,0
D7_placebo_g_B999,-0.006316647776290111,0.002,0
D7_placebo_g_B999,-0.006313582292683079,0.002,0
D7_placebo_g_B999,-0.006310516809076048,0.002,0
D7_placebo_g_B999,-0.006307451325469016,0.002,0
D7_placebo_g_B999,-0.006304385841861985,0.002,0
D7_placebo_g_B999,-0.006301320358254953,0.002,0
D7_placebo_g_B999,-0.0062982548746479215,0.002,0
D7_placebo_g_B999,-0.006295189391040889,0.002,0
D7_placebo_g_B999,-0.006292123907433857,0.002,0
D7_placebo_g_B999,-0.006289058423826826,0.002,0
D7_placebo_g_B999,-0.006285992940219795,0.002,0
D7_placebo_g_B999,-0.006282927456612763,0.002,0
D7_placebo_g_B999,-0.006279861973005731,0.002,0
D7_placebo_g_B999,-0.0062767964893987,0.002,0
D7_placebo_g_B999,-0.006273731005791669,0.002,0
D7_placebo_g_B999,-0.006270665522184637,0.002,0
D7_placebo_g_B999,-0.0062676000385776046,0.002,0
D7_placebo_g_B999,-0.006264534554970573,0.002,0
D7_placebo_g_B999,-0.006261469071363542,0.002,0
D7_placebo_g_B999,-0.00625840358775651,0.002,0
D7_placebo_g_B999,-0.006255338104149478,0.002,0
D7_placebo_g_B999,-0.006252272620542447,0.002,0
D7_placebo_g_B999,-0.006249207136935416,0.002,0
D7_placebo_g_B999,-0.006246141653328384,0.002,0
D7_placebo_g_B999,-0.006243076169721352,0.002,0
D7_placebo_g_B999,-0.006240010686114321,0.002,0
D7_placebo_g_B999,-0.006236945202507289,0.002,0
D7_placebo_g_B999,-0.006233879718900257,0.002,0
D7_placebo_g_B999,-0.006230814235293225,0.002,0
D7_placebo_g_B999,-0.006227748751686194,0.002,0
D7_placebo_g_B999,-0.006224683268079163,0.002,0
D7_placebo_g_B999,-0.006221617784472131,0.002,0
D7_placebo_g_B999,-0.006218552300865099,0.002,0
D7_placebo_g_B999,-0.006215486817258068,0.002,0
D7_placebo_g_B999,-0.006212421333651037,0.002,0
D7_placebo_g_B999,-0.0062093558500440045,0.002,0
D7_placebo_g_B999,-0.0062062903664369725,0.002,0
D7_placebo_g_B999,-0.006203224882829941,0.002,0
D7_placebo_g_B999,-0.00620015939922291,0.002,0
D7_placebo_g_B999,-0.006197093915615878,0.002,0
D7_placebo_g_B999,-0.006194028432008846,0.002,0
D7_placebo_g_B999,-0.006190962948401815,0.002,0
D7_placebo_g_B999,-0.006187897464794784,0.002,0
D7_placebo_g_B999,-0.006184831981187752,0.002,0
D7_placebo_g_B999,-0.00618176649758072,0.002,0
D7_placebo_g_B999,-0.0061787010139736885,0.002,0
D7_placebo_g_B999,-0.0061756355303666565,0.002,0
D7_placebo_g_B999,-0.006172570046759625,0.002,0
D7_placebo_g_B999,-0.006169504563152593,0.002,0
D7_placebo_g_B999,-0.006166439079545562,0.002,0
D7_placebo_g_B999,-0.00616337359593853,0.002,0
D7_placebo_g_B999,-0.006160308112331499,0.002,0
D7_placebo_g_B999,-0.006157242628724467,0.002,0
D7_placebo_g_B999,-0.006154177145117436,0.002,0
D7_placebo_g_B999,-0.006151111661510404,0.002,0
D7_placebo_g_B999,-0.0061480461779033725,0.002,0
D7_placebo_g_B999,-0.0061449806942963404,0.002,0
D7_placebo_g_B999,-0.006141915210689309,0.002,0
D7_placebo_g_B999,-0.006138849727082277,0.002,0
D7_placebo_g_B999,-0.006135784243475246,0.002,0
D7_placebo_g_B999,-0.006132718759868214,0.002,0
D7_placebo_g_B999,-0.006129653276261183,0.002,0
D7_placebo_g_B999,-0.006126587792654151,0.002,0
D7_placebo_g_B999,-0.00612352230904712,0.002,0
D7_placebo_g_B999,-0.006120456825440088,0.002,0
D7_placebo_g_B999,-0.0061173913418330565,0.002,0
D7_placebo_g_B999,-0.006114325858226024,0.002,0
D7_placebo_g_B999,-0.006111260374618993,0.002,0
D7_placebo_g_B999,-0.006108194891011961,0.002,0
D7_placebo_g_B999,-0.00610512940740493,0.002,0
D7_placebo_g_B999,-0.006102063923797898,0.002,0
D7_placebo_g_B999,-0.006098998440190867,0.002,0
D7_placebo_g_B999,-0.006095932956583835,0.002,0
D7_placebo_g_B999,-0.006092867472976804,0.002,0
D7_placebo_g_B999,-0.006089801989369772,0.002,0
D7_placebo_g_B999,-0.00608673650576274,0.002,0
D7_placebo_g_B999,-0.006083671022155708,0.002,0
D7_placebo_g_B999,-0.006080605538548677,0.002,0
D7_placebo_g_B999,-0.006077540054941645,0.002,0
D7_placebo_g_B999,-0.006074474571334613,0.002,0
D7_placebo_g_B999,-0.006071409087727582,0.002,0
D7_placebo_g_B999,-0.006068343604120551,0.002,0
D7_placebo_g_B999,-0.006065278120513519,0.002,0
D7_placebo_g_B999,-0.006062212636906487,0.002,0
D7_placebo_g_B999,-0.0060591471532994556,0.002,0
D7_placebo_g_B999,-0.006056081669692424,0.002,0
D7_placebo_g_B999,-0.006053016186085392,0.002,0
D7_placebo_g_B999,-0.00604995070247836,0.002,0
D7_placebo_g_B999,-0.006046885218871329,0.002,0
D7_placebo_g_B999,-0.006043819735264298,0.002,0
D7_placebo_g_B999,-0.006040754251657266,0.002,0
D7_placebo_g_B999,-0.006037688768050234,0.002,0
D7_placebo_g_B999,-0.006034623284443203,0.002,0
D7_placebo_g_B999,-0.006031557800836172,0.002,0
D7_placebo_g_B999,-0.0060284923172291395,0.002,0
D7_placebo_g_B999,-0.0060254268336221075,0.002,0
D7_placebo_g_B999,-0.006022361350015076,0.002,0
D7_placebo_g_B999,-0.006019295866408045,0.002,0
D7_placebo_g_B999,-0.006016230382801013,0.002,0
D7_placebo_g_B999,-0.006013164899193981,0.002,0
D7_placebo_g_B999,-0.00601009941558695,0.002,0
D7_placebo_g_B999,-0.006007033931979919,0.002,0
D7_placebo_g_B999,-0.006003968448372887,0.002,0
D7_placebo_g_B999,-0.006000902964765855,0.002,0
D7_placebo_g_B999,-0.0059978374811588235,0.002,0
D7_placebo_g_B999,-0.005994771997551792,0.002,0
D7_placebo_g_B999,-0.00599170651394476,0.002,0
D7_placebo_g_B999,-0.005988641030337728,0.002,0
D7_placebo_g_B999,-0.005985575546730697,0.002,0
D7_placebo_g_B999,-0.005982510063123666,0.002,0
D7_placebo_g_B999,-0.005979444579516634,0.002,0
D7_placebo_g_B999,-0.005976379095909602,0.002,0
D7_placebo_g_B999,-0.005973313612302571,0.002,0
D7_placebo_g_B999,-0.0059702481286955395,0.002,0
D7_placebo_g_B999,-0.0059671826450885075,0.002,0
D7_placebo_g_B999,-0.0059641171614814754,0.002,0
D7_placebo_g_B999,-0.005961051677874444,0.002,0
D7_placebo_g_B999,-0.005957986194267413,0.002,0
D7_placebo_g_B999,-0.005954920710660381,0.002,0
D7_placebo_g_B999,-0.005951855227053349,0.002,0
D7_placebo_g_B999,-0.005948789743446318,0.002,0
D7_placebo_g_B999,-0.005945724259839287,0.002,0
D7_placebo_g_B999,-0.005942658776232255,0.002,0
D7_placebo_g_B999,-0.005939593292625223,0.002,0
D7_placebo_g_B999,-0.0059365278090181915,0.002,0
D7_placebo_g_B999,-0.00593346232541116,0.002,0
D7_placebo_g_B999,-0.005930396841804128,0.002,0
D7_placebo_g_B999,-0.005927331358197096,0.002,0
D7_placebo_g_B999,-0.005924265874590065,0.002,0
D7_placebo_g_B999,-0.005921200390983034,0.002,0
D7_placebo_g_B999,-0.005918134907376002,0.002,0
D7_placebo_g_B999,-0.00591506942376897,0.002,0
D7_placebo_g_B999,-0.005912003940161939,0.002,0
D7_placebo_g_B999,-0.0059089384565549075,0.002,0
D7_placebo_g_B999,-0.005905872972947875,0.002,0
D7_placebo_g_B999,-0.005902807489340843,0.002,0
D7_placebo_g_B999,-0.005899742005733812,0.002,0
D7_placebo_g_B999,-0.00589667652212678,0.002,0
D7_placebo_g_B999,-0.005893611038519748,0.002,0
D7_placebo_g_B999,-0.005890545554912717,0.002,0
D7_placebo_g_B999,-0.005887480071305686,0.002,0
D7_placebo_g_B999,-0.005884414587698654,0.002,0
D7_placebo_g_B999,-0.005881349104091622,0.002,0
D7_placebo_g_B999,-0.0058782836204845906,0.002,0
D7_placebo_g_B999,-0.005875218136877559,0.002,0
D7_placebo_g_B999,-0.005872152653270527,0.002,0
D7_placebo_g_B999,-0.005869087169663495,0.002,0
D7_placebo_g_B999,-0.005866021686056464,0.002,0
D7_placebo_g_B999,-0.005862956202449433,0.002,0
D7_placebo_g_B999,-0.005859890718842401,0.002,0
D7_placebo_g_B999,-0.005856825235235369,0.002,0
D7_placebo_g_B999,-0.005853759751628338,0.002,0
D7_placebo_g_B999,-0.005850694268021307,0.002,0
D7_placebo_g_B999,-0.0058476287844142745,0.002,0
D7_placebo_g_B999,-0.0058445633008072425,0.002,0
D7_placebo_g_B999,-0.005841497817200211,0.002,0
D7_placebo_g_B999,-0.00583843233359318,0.002,0
D7_placebo_g_B999,-0.005835366849986148,0.002,0
D7_placebo_g_B999,-0.005832301366379116,0.002,0
D7_placebo_g_B999,-0.005829235882772085,0.002,0
D7_placebo_g_B999,-0.005826170399165054,0.002,0
D7_placebo_g_B999,-0.005823104915558022,0.002,0
D7_placebo_g_B999,-0.00582003943195099,0.002,0
D7_placebo_g_B999,-0.0058169739483439585,0.002,0
D7_placebo_g_B999,-0.005813908464736927,0.002,0
D7_placebo_g_B999,-0.005810842981129895,0.002,0
D7_placebo_g_B999,-0.005807777497522863,0.002,0
D7_placebo_g_B999,-0.005804712013915832,0.002,0
D7_placebo_g_B999,-0.005801646530308801,0.002,0
D7_placebo_g_B999,-0.005798581046701769,0.002,0
D7_placebo_g_B999,-0.005795515563094737,0.002,0
D7_placebo_g_B999,-0.005792450079487706,0.003,0
D7_placebo_g_B999,-0.0057893845958806745,0.003,0
D7_placebo_g_B999,-0.0057863191122736425,0.003,0
D7_placebo_g_B999,-0.0057832536286666104,0.003,0
D7_placebo_g_B999,-0.005780188145059579,0.003,0
D7_placebo_g_B999,-0.005777122661452548,0.003,0
D7_placebo_g_B999,-0.005774057177845516,0.003,0
D7_placebo_g_B999,-0.005770991694238484,0.003,0
D7_placebo_g_B999,-0.005767926210631453,0.003,0
D7_placebo_g_B999,-0.005764860727024422,0.003,0
D7_placebo_g_B999,-0.00576179524341739,0.003,0
D7_placebo_g_B999,-0.005758729759810358,0.003,0
D7_placebo_g_B999,-0.0057556642762033264,0.003,0
D7_placebo_g_B999,-0.005752598792596295,0.003,0
D7_placebo_g_B999,-0.005749533308989263,0.003,0
D7_placebo_g_B999,-0.005746467825382231,0.003,0
D7_placebo_g_B999,-0.0057434023417752,0.003,0
D7_placebo_g_B999,-0.005740336858168169,0.003,0
D7_placebo_g_B999,-0.005737271374561137,0.003,0
D7_placebo_g_B999,-0.005734205890954105,0.003,0
D7_placebo_g_B999,-0.005731140407347074,0.003,0
D7_placebo_g_B999,-0.0057280749237400425,0.003,0
D7_placebo_g_B999,-0.00572500944013301,0.003,0
D7_placebo_g_B999,-0.005721943956525978,0.003,0
D7_placebo_g_B999,-0.005718878472918947,0.003,0
D7_placebo_g_B999,-0.005715812989311916,0.003,0
D7_placebo_g_B999,-0.005712747505704884,0.003,0
D7_placebo_g_B999,-0.005709682022097852,0.003,0
D7_placebo_g_B999,-0.005706616538490821,0.003,0
D7_placebo_g_B999,-0.00570355105488379,0.003,0
D7_placebo_g_B999,-0.005700485571276758,0.003,0
D7_placebo_g_B999,-0.0056974200876697256,0.003,0
D7_placebo_g_B999,-0.005694354604062694,0.003,0
D7_placebo_g_B999,-0.005691289120455663,0.003,0
D7_placebo_g_B999,-0.005688223636848631,0.003,0
D7_placebo_g_B999,-0.005685158153241599,0.003,0
D7_placebo_g_B999,-0.005682092669634568,0.003,0
D7_placebo_g_B999,-0.005679027186027537,0.003,0
D7_placebo_g_B999,-0.005675961702420505,0.003,0
D7_placebo_g_B999,-0.005672896218813473,0.003,0
D7_placebo_g_B999,-0.005669830735206442,0.003,0
D7_placebo_g_B999,-0.0056667652515994095,0.003,0
D7_placebo_g_B999,-0.0056636997679923775,0.003,0
D7_placebo_g_B999,-0.005660634284385346,0.003,0
D7_placebo_g_B999,-0.005657568800778315,0.003,0
D7_placebo_g_B999,-0.005654503317171283,0.003,0
D7_placebo_g_B999,-0.005651437833564251,0.003,0
D7_placebo_g_B999,-0.00564837234995722,0.003,0
D7_placebo_g_B999,-0.005645306866350189,0.003,0
D7_placebo_g_B999,-0.005642241382743157,0.003,0
D7_placebo_g_B999,-0.005639175899136125,0.003,0
D7_placebo_g_B999,-0.0056361104155290935,0.003,0
D7_placebo_g_B999,-0.005633044931922062,0.003,0
D7_placebo_g_B999,-0.00562997944831503,0.003,0
D7_placebo_g_B999,-0.005626913964707998,0.003,0
D7_placebo_g_B999,-0.005623848481100967,0.003,0
D7_placebo_g_B999,-0.005620782997493936,0.003,0
D7_placebo_g_B999,-0.005617717513886904,0.003,0
D7_placebo_g_B999,-0.005614652030279872,0.003,0
D7_placebo_g_B999,-0.005611586546672841,0.003,0
D7_placebo_g_B999,-0.0056085210630658095,0.003,0
D7_placebo_g_B999,-0.0056054555794587775,0.003,0
D7_placebo_g_B999,-0.0056023900958517454,0.003,0
D7_placebo_g_B999,-0.005599324612244714,0.003,0
D7_placebo_g_B999,-0.005596259128637683,0.003,0
D7_placebo_g_B999,-0.005593193645030651,0.003,0
D7_placebo_g_B999,-0.005590128161423619,0.003,0
D7_placebo_g_B999,-0.005587062677816588,0.003,0
D7_placebo_g_B999,-0.005583997194209557,0.003,0
D7_placebo_g_B999,-0.005580931710602525,0.003,0
D7_placebo_g_B999,-0.005577866226995493,0.003,0
D7_placebo_g_B999,-0.0055748007433884614,0.003,0
D7_placebo_g_B999,-0.00557173525978143,0.003,0
D7_placebo_g_B999,-0.005568669776174398,0.003,0
D7_placebo_g_B999,-0.005565604292567366,0.003,0
D7_placebo_g_B999,-0.005562538808960335,0.003,0
D7_placebo_g_B999,-0.005559473325353304,0.003,0
D7_placebo_g_B999,-0.005556407841746272,0.003,0
D7_placebo_g_B999,-0.00555334235813924,0.003,0
D7_placebo_g_B999,-0.005550276874532209,0.003,0
D7_placebo_g_B999,-0.0055472113909251775,0.003,0
D7_placebo_g_B999,-0.005544145907318145,0.003,0
D7_placebo_g_B999,-0.005541080423711113,0.003,0
D7_placebo_g_B999,-0.005538014940104082,0.003,0
D7_placebo_g_B999,-0.005534949456497051,0.003,0
D7_placebo_g_B999,-0.005531883972890019,0.003,0
D7_placebo_g_B999,-0.005528818489282987,0.003,0
D7_placebo_g_B999,-0.005525753005675956,0.003,0
D7_placebo_g_B999,-0.005522687522068925,0.003,0
D7_placebo_g_B999,-0.005519622038461893,0.003,0
D7_placebo_g_B999,-0.0055165565548548606,0.003,0
D7_placebo_g_B999,-0.005513491071247829,0.003,0
D7_placebo_g_B999,-0.005510425587640798,0.003,0
D7_placebo_g_B999,-0.005507360104033766,0.003,0
D7_placebo_g_B999,-0.005504294620426734,0.003,0
D7_placebo_g_B999,-0.005501229136819703,0.003,0
D7_placebo_g_B999,-0.005498163653212672,0.003,0
D7_placebo_g_B999,-0.00549509816960564,0.003,0
D7_placebo_g_B999,-0.005492032685998608,0.003,0
D7_placebo_g_B999,-0.005488967202391577,0.003,0
D7_placebo_g_B999,-0.005485901718784545,0.003,0
D7_placebo_g_B999,-0.005482836235177513,0.003,0
D7_placebo_g_B999,-0.005479770751570481,0.003,0
D7_placebo_g_B999,-0.00547670526796345,0.003,0
D7_placebo_g_B999,-0.005473639784356419,0.003,0
D7_placebo_g_B999,-0.005470574300749387,0.003,0
D7_placebo_g_B999,-0.005467508817142355,0.003,0
D7_placebo_g_B999,-0.005464443333535324,0.003,0
D7_placebo_g_B999,-0.005461377849928293,0.003,0
D7_placebo_g_B999,-0.0054583123663212605,0.003,0
D7_placebo_g_B999,-0.0054552468827142285,0.003,0
D7_placebo_g_B999,-0.005452181399107197,0.003,0
D7_placebo_g_B999,-0.005449115915500165,0.003,0
D7_placebo_g_B999,-0.005446050431893133,0.003,0
D7_placebo_g_B999,-0.005442984948286102,0.003,0
D7_placebo_g_B999,-0.005439919464679071,0.003,0
D7_placebo_g_B999,-0.005436853981072039,0.003,0
D7_placebo_g_B999,-0.005433788497465007,0.003,0
D7_placebo_g_B999,-0.005430723013857976,0.003,0
D7_placebo_g_B999,-0.0054276575302509445,0.003,0
D7_placebo_g_B999,-0.0054245920466439125,0.003,0
D7_placebo_g_B999,-0.0054215265630368804,0.003,0
D7_placebo_g_B999,-0.005418461079429849,0.003,0
D7_placebo_g_B999,-0.005415395595822818,0.003,0
D7_placebo_g_B999,-0.005412330112215786,0.003,0
D7_placebo_g_B999,-0.005409264628608754,0.003,0
D7_placebo_g_B999,-0.005406199145001723,0.003,0
D7_placebo_g_B999,-0.005403133661394692,0.003,0
D7_placebo_g_B999,-0.00540006817778766,0.003,0
D7_placebo_g_B999,-0.005397002694180628,0.003,0
D7_placebo_g_B999,-0.0053939372105735964,0.003,0
D7_placebo_g_B999,-0.005390871726966565,0.003,0
D7_placebo_g_B999,-0.005387806243359533,0.003,0
D7_placebo_g_B999,-0.005384740759752501,0.003,0
D7_placebo_g_B999,-0.00538167527614547,0.003,0
D7_placebo_g_B999,-0.005378609792538439,0.003,0
D7_placebo_g_B999,-0.005375544308931407,0.003,0
D7_placebo_g_B999,-0.005372478825324375,0.003,0
D7_placebo_g_B999,-0.005369413341717344,0.003,0
D7_placebo_g_B999,-0.0053663478581103125,0.003,0
D7_placebo_g_B999,-0.00536328237450328,0.003,0
D7_placebo_g_B999,-0.005360216890896248,0.003,0
D7_placebo_g_B999,-0.005357151407289217,0.003,0
D7_placebo_g_B999,-0.005354085923682186,0.003,0
D7_placebo_g_B999,-0.005351020440075154,0.003,0
D7_placebo_g_B999,-0.005347954956468122,0.003,0
D7_placebo_g_B999,-0.005344889472861091,0.003,0
D7_placebo_g_B999,-0.00534182398925406,0.003,0
D7_placebo_g_B999,-0.005338758505647028,0.003,0
D7_placebo_g_B999,-0.0053356930220399956,0.003,0
D7_placebo_g_B999,-0.005332627538432964,0.003,0
D7_placebo_g_B999,-0.005329562054825933,0.003,0
D7_placebo_g_B999,-0.005326496571218901,0.003,0
D7_placebo_g_B999,-0.005323431087611869,0.003,0
D7_placebo_g_B999,-0.005320365604004838,0.003,0
D7_placebo_g_B999,-0.005317300120397807,0.003,0
D7_placebo_g_B999,-0.005314234636790775,0.003,0
D7_placebo_g_B999,-0.005311169153183743,0.003,0
D7_placebo_g_B999,-0.0053081036695767116,0.003,0
D7_placebo_g_B999,-0.00530503818596968,0.003,0
D7_placebo_g_B999,-0.005301972702362648,0.003,0
D7_placebo_g_B999,-0.005298907218755616,0.003,0
D7_placebo_g_B999,-0.005295841735148585,0.003,0
D7_placebo_g_B999,-0.005292776251541554,0.003,0
D7_placebo_g_B999,-0.005289710767934522,0.003,0
D7_placebo_g_B999,-0.00528664528432749,0.003,0
D7_placebo_g_B999,-0.005283579800720459,0.003,0
D7_placebo_g_B999,-0.005280514317113428,0.003,0
D7_placebo_g_B999,-0.0052774488335063955,0.003,0
D7_placebo_g_B999,-0.0052743833498993635,0.003,0
D7_placebo_g_B999,-0.005271317866292332,0.003,0
D7_placebo_g_B999,-0.005268252382685301,0.003,0
D7_placebo_g_B999,-0.005265186899078269,0.003,0
D7_placebo_g_B999,-0.005262121415471237,0.003,0
D7_placebo_g_B999,-0.005259055931864206,0.003,0
D7_placebo_g_B999,-0.005255990448257175,0.003,0
D7_placebo_g_B999,-0.005252924964650143,0.003,0
D7_placebo_g_B999,-0.005249859481043111,0.003,0
D7_placebo_g_B999,-0.0052467939974360795,0.003,0
D7_placebo_g_B999,-0.005243728513829048,0.003,0
D7_placebo_g_B999,-0.005240663030222016,0.003,0
D7_placebo_g_B999,-0.005237597546614984,0.003,0
D7_placebo_g_B999,-0.005234532063007953,0.003,0
D7_placebo_g_B999,-0.005231466579400922,0.003,0
D7_placebo_g_B999,-0.00522840109579389,0.004,0
D7_placebo_g_B999,-0.005225335612186858,0.004,0
D7_placebo_g_B999,-0.005222270128579827,0.004,0
D7_placebo_g_B999,-0.005219204644972795,0.004,0
D7_placebo_g_B999,-0.005216139161365763,0.004,0
D7_placebo_g_B999,-0.0052130736777587314,0.004,0
D7_placebo_g_B999,-0.0052100081941517,0.004,0
D7_placebo_g_B999,-0.005206942710544668,0.004,0
D7_placebo_g_B999,-0.005203877226937636,0.004,0
D7_placebo_g_B999,-0.005200811743330605,0.004,0
D7_placebo_g_B999,-0.005197746259723574,0.004,0
D7_placebo_g_B999,-0.005194680776116542,0.004,0
D7_placebo_g_B999,-0.00519161529250951,0.004,0
D7_placebo_g_B999,-0.005188549808902479,0.004,0
D7_placebo_g_B999,-0.0051854843252954474,0.004,0
D7_placebo_g_B999,-0.005182418841688415,0.004,0
D7_placebo_g_B999,-0.005179353358081383,0.004,0
D7_placebo_g_B999,-0.005176287874474352,0.004,0
D7_placebo_g_B999,-0.005173222390867321,0.004,0
D7_placebo_g_B999,-0.005170156907260289,0.004,0
D7_placebo_g_B999,-0.005167091423653257,0.004,0
D7_placebo_g_B999,-0.005164025940046226,0.004,0
D7_placebo_g_B999,-0.005160960456439195,0.004,0
D7_placebo_g_B999,-0.005157894972832163,0.004,0
D7_placebo_g_B999,-0.0051548294892251306,0.004,0
D7_placebo_g_B999,-0.005151764005618099,0.004,0
D7_placebo_g_B999,-0.005148698522011068,0.004,0
D7_placebo_g_B999,-0.005145633038404036,0.005,0
D7_placebo_g_B999,-0.005142567554797004,0.005,0
D7_placebo_g_B999,-0.005139502071189973,0.005,0
D7_placebo_g_B999,-0.005136436587582942,0.005,0
D7_placebo_g_B999,-0.00513337110397591,0.005,0
D7_placebo_g_B999,-0.005130305620368878,0.005,0
D7_placebo_g_B999,-0.0051272401367618466,0.005,0
D7_placebo_g_B999,-0.005124174653154815,0.005,0
D7_placebo_g_B999,-0.005121109169547783,0.005,0
D7_placebo_g_B999,-0.005118043685940751,0.005,0
D7_placebo_g_B999,-0.00511497820233372,0.005,0
D7_placebo_g_B999,-0.005111912718726689,0.005,0
D7_placebo_g_B999,-0.005108847235119657,0.005,0
D7_placebo_g_B999,-0.005105781751512625,0.005,0
D7_placebo_g_B999,-0.005102716267905594,0.005,0
D7_placebo_g_B999,-0.005099650784298563,0.005,0
D7_placebo_g_B999,-0.0050965853006915305,0.005,0
D7_placebo_g_B999,-0.0050935198170844985,0.005,0
D7_placebo_g_B999,-0.005090454333477467,0.005,0
D7_placebo_g_B999,-0.005087388849870436,0.005,0
D7_placebo_g_B999,-0.005084323366263404,0.005,0
D7_placebo_g_B999,-0.005081257882656372,0.005,0
D7_placebo_g_B999,-0.005078192399049341,0.005,0
D7_placebo_g_B999,-0.00507512691544231,0.005,0
D7_placebo_g_B999,-0.005072061431835278,0.005,0
D7_placebo_g_B999,-0.005068995948228246,0.005,0
D7_placebo_g_B999,-0.0050659304646212145,0.005,0
D7_placebo_g_B999,-0.005062864981014183,0.005,0
D7_placebo_g_B999,-0.005059799497407151,0.005,0
D7_placebo_g_B999,-0.005056734013800119,0.005,0
D7_placebo_g_B999,-0.005053668530193088,0.005,0
D7_placebo_g_B999,-0.005050603046586057,0.005,0
D7_placebo_g_B999,-0.005047537562979025,0.005,0
D7_placebo_g_B999,-0.005044472079371993,0.005,0
D7_placebo_g_B999,-0.005041406595764962,0.006,0
D7_placebo_g_B999,-0.0050383411121579305,0.007,0
D7_placebo_g_B999,-0.0050352756285508985,0.007,0
D7_placebo_g_B999,-0.0050322101449438664,0.007,0
D7_placebo_g_B999,-0.005029144661336835,0.007,0
D7_placebo_g_B999,-0.005026079177729804,0.007,0
D7_placebo_g_B999,-0.005023013694122772,0.007,0
D7_placebo_g_B999,-0.00501994821051574,0.007,0
D7_placebo_g_B999,-0.005016882726908709,0.007,0
D7_placebo_g_B999,-0.005013817243301678,0.007,0
D7_placebo_g_B999,-0.005010751759694646,0.007,0
D7_placebo_g_B999,-0.005007686276087614,0.007,0
D7_placebo_g_B999,-0.0050046207924805824,0.007,0
D7_placebo_g_B999,-0.00500155530887355,0.007,0
D7_placebo_g_B999,-0.004998489825266518,0.007,0
D7_placebo_g_B999,-0.004995424341659487,0.007,0
D7_placebo_g_B999,-0.004992358858052456,0.007,0
D7_placebo_g_B999,-0.004989293374445424,0.007,0
D7_placebo_g_B999,-0.004986227890838392,0.008,0
D7_placebo_g_B999,-0.004983162407231361,0.008,0
D7_placebo_g_B999,-0.00498009692362433,0.008,0
D7_placebo_g_B999,-0.004977031440017298,0.008,0
D7_placebo_g_B999,-0.0049739659564102656,0.009,0
D7_placebo_g_B999,-0.004970900472803234,0.009,0
D7_placebo_g_B999,-0.004967834989196203,0.01,0
D7_placebo_g_B999,-0.004964769505589171,0.01,0
D7_placebo_g_B999,-0.004961704021982139,0.01,0
D7_placebo_g_B999,-0.004958638538375108,0.01,0
D7_placebo_g_B999,-0.004955573054768077,0.01,0
D7_placebo_g_B999,-0.004952507571161045,0.01,0
D7_placebo_g_B999,-0.004949442087554013,0.01,0
D7_placebo_g_B999,-0.0049463766039469816,0.01,0
D7_placebo_g_B999,-0.00494331112033995,0.01,0
D7_placebo_g_B999,-0.004940245636732918,0.01,0
D7_placebo_g_B999,-0.004937180153125886,0.01,0
D7_placebo_g_B999,-0.004934114669518855,0.01,0
D7_placebo_g_B999,-0.004931049185911824,0.01,0
D7_placebo_g_B999,-0.004927983702304792,0.01,0
D7_placebo_g_B999,-0.00492491821869776,0.01,0
D7_placebo_g_B999,-0.004921852735090729,0.01,0
D7_placebo_g_B999,-0.004918787251483698,0.01,0
D7_placebo_g_B999,-0.0049157217678766655,0.01,0
D7_placebo_g_B999,-0.0049126562842696335,0.01,0
D7_placebo_g_B999,-0.004909590800662602,0.01,0
D7_placebo_g_B999,-0.004906525317055571,0.01,0
D7_placebo_g_B999,-0.004903459833448539,0.01,0
D7_placebo_g_B999,-0.004900394349841507,0.01,0
D7_placebo_g_B999,-0.004897328866234476,0.01,0
D7_placebo_g_B999,-0.004894263382627445,0.01,0
D7_placebo_g_B999,-0.004891197899020413,0.01,0
D7_placebo_g_B999,-0.004888132415413381,0.01,0
D7_placebo_g_B999,-0.0048850669318063495,0.01,0
D7_placebo_g_B999,-0.004882001448199318,0.01,0
D7_placebo_g_B999,-0.004878935964592286,0.01,0
D7_placebo_g_B999,-0.004875870480985254,0.01,0
D7_placebo_g_B999,-0.004872804997378223,0.01,0
D7_placebo_g_B999,-0.004869739513771192,0.01,0
D7_placebo_g_B999,-0.00486667403016416,0.01,0
D7_placebo_g_B999,-0.004863608546557128,0.01,0
D7_placebo_g_B999,-0.004860543062950097,0.01,0
D7_placebo_g_B999,-0.0048574775793430655,0.01,0
D7_placebo_g_B999,-0.0048544120957360335,0.01,0
D7_placebo_g_B999,-0.0048513466121290014,0.01,0
D7_placebo_g_B999,-0.00484828112852197,0.01,0
D7_placebo_g_B999,-0.004845215644914939,0.01,0
D7_placebo_g_B999,-0.004842150161307907,0.01,0
D7_placebo_g_B999,-0.004839084677700875,0.01,0
D7_placebo_g_B999,-0.004836019194093844,0.01,0
D7_placebo_g_B999,-0.004832953710486813,0.01,0
D7_placebo_g_B999,-0.004829888226879781,0.011,0
D7_placebo_g_B999,-0.004826822743272749,0.011,0
D7_placebo_g_B999,-0.0048237572596657174,0.011,0
D7_placebo_g_B999,-0.004820691776058686,0.011,0
D7_placebo_g_B999,-0.004817626292451654,0.011,0
D7_placebo_g_B999,-0.004814560808844622,0.011,0
D7_placebo_g_B999,-0.004811495325237591,0.011,0
D7_placebo_g_B999,-0.00480842984163056,0.011,0
D7_placebo_g_B999,-0.004805364358023528,0.011,0
D7_placebo_g_B999,-0.004802298874416496,0.011,0
D7_placebo_g_B999,-0.004799233390809465,0.011,0
D7_placebo_g_B999,-0.0047961679072024335,0.011,0
D7_placebo_g_B999,-0.004793102423595401,0.012,0
D7_placebo_g_B999,-0.004790036939988369,0.012,0
D7_placebo_g_B999,-0.004786971456381338,0.012,0
D7_placebo_g_B999,-0.004783905972774307,0.013,0
D7_placebo_g_B999,-0.004780840489167275,0.013,0
D7_placebo_g_B999,-0.004777775005560243,0.013,0
D7_placebo_g_B999,-0.004774709521953212,0.013,0
D7_placebo_g_B999,-0.00477164403834618,0.013,0
D7_placebo_g_B999,-0.004768578554739148,0.014,0
D7_placebo_g_B999,-0.0047655130711321166,0.014,0
D7_placebo_g_B999,-0.004762447587525085,0.014,0
D7_placebo_g_B999,-0.004759382103918053,0.014,0
D7_placebo_g_B999,-0.004756316620311021,0.014,0
D7_placebo_g_B999,-0.00475325113670399,0.014,0
D7_placebo_g_B999,-0.004750185653096959,0.014,0
D7_placebo_g_B999,-0.004747120169489927,0.014,0
D7_placebo_g_B999,-0.004744054685882895,0.015,0
D7_placebo_g_B999,-0.004740989202275864,0.015,0
D7_placebo_g_B999,-0.0047379237186688326,0.015,0
D7_placebo_g_B999,-0.0047348582350618005,0.015,0
D7_placebo_g_B999,-0.0047317927514547685,0.015,0
D7_placebo_g_B999,-0.004728727267847737,0.015,0
D7_placebo_g_B999,-0.004725661784240706,0.015,0
D7_placebo_g_B999,-0.004722596300633674,0.015,0
D7_placebo_g_B999,-0.004719530817026642,0.015,0
D7_placebo_g_B999,-0.004716465333419611,0.016,0
D7_placebo_g_B999,-0.00471339984981258,0.016,0
D7_placebo_g_B999,-0.004710334366205548,0.016,0
D7_placebo_g_B999,-0.004707268882598516,0.016,0
D7_placebo_g_B999,-0.0047042033989914845,0.016,0
D7_placebo_g_B999,-0.004701137915384453,0.016,0
D7_placebo_g_B999,-0.004698072431777421,0.016,0
D7_placebo_g_B999,-0.004695006948170389,0.016,0
D7_placebo_g_B999,-0.004691941464563358,0.016,0
D7_placebo_g_B999,-0.004688875980956327,0.018,0
D7_placebo_g_B999,-0.004685810497349295,0.018,0
D7_placebo_g_B999,-0.004682745013742263,0.018,0
D7_placebo_g_B999,-0.004679679530135232,0.018,0
D7_placebo_g_B999,-0.0046766140465282005,0.018,0
D7_placebo_g_B999,-0.0046735485629211685,0.018,0
D7_placebo_g_B999,-0.0046704830793141364,0.018,0
D7_placebo_g_B999,-0.004667417595707105,0.019,0
D7_placebo_g_B999,-0.004664352112100074,0.019,0
D7_placebo_g_B999,-0.004661286628493042,0.019,0
D7_placebo_g_B999,-0.00465822114488601,0.02,0
D7_placebo_g_B999,-0.004655155661278979,0.02,0
D7_placebo_g_B999,-0.004652090177671948,0.02,0
D7_placebo_g_B999,-0.004649024694064916,0.02,0
D7_placebo_g_B999,-0.004645959210457884,0.02,0
D7_placebo_g_B999,-0.0046428937268508524,0.02,0
D7_placebo_g_B999,-0.004639828243243821,0.02,0
D7_placebo_g_B999,-0.004636762759636789,0.02,0
D7_placebo_g_B999,-0.004633697276029757,0.021,0
D7_placebo_g_B999,-0.004630631792422726,0.021,0
D7_placebo_g_B999,-0.004627566308815695,0.021,0
D7_placebo_g_B999,-0.004624500825208663,0.021,0
D7_placebo_g_B999,-0.004621435341601631,0.021,0
D7_placebo_g_B999,-0.0046183698579946,0.021,0
D7_placebo_g_B999,-0.0046153043743875685,0.021,0
D7_placebo_g_B999,-0.004612238890780536,0.021,0
D7_placebo_g_B999,-0.004609173407173504,0.021,0
D7_placebo_g_B999,-0.004606107923566473,0.021,0
D7_placebo_g_B999,-0.004603042439959442,0.021,0
D7_placebo_g_B999,-0.00459997695635241,0.021,0
D7_placebo_g_B999,-0.004596911472745378,0.021,0
D7_placebo_g_B999,-0.004593845989138347,0.021,0
D7_placebo_g_B999,-0.004590780505531316,0.021,0
D7_placebo_g_B999,-0.004587715021924284,0.021,0
D7_placebo_g_B999,-0.0045846495383172516,0.021,0
D7_placebo_g_B999,-0.00458158405471022,0.021,0
D7_placebo_g_B999,-0.004578518571103189,0.021,0
D7_placebo_g_B999,-0.004575453087496157,0.021,0
D7_placebo_g_B999,-0.004572387603889125,0.021,0
D7_placebo_g_B999,-0.004569322120282094,0.021,0
D7_placebo_g_B999,-0.004566256636675063,0.021,0
D7_placebo_g_B999,-0.004563191153068031,0.022,0
D7_placebo_g_B999,-0.004560125669460999,0.022,0
D7_placebo_g_B999,-0.0045570601858539676,0.022,0
D7_placebo_g_B999,-0.0045539947022469355,0.023,0
D7_placebo_g_B999,-0.0045509292186399035,0.023,0
D7_placebo_g_B999,-0.004547863735032872,0.023,0
D7_placebo_g_B999,-0.004544798251425841,0.023,0
D7_placebo_g_B999,-0.004541732767818809,0.023,0
D7_placebo_g_B999,-0.004538667284211777,0.023,0
D7_placebo_g_B999,-0.004535601800604746,0.023,0
D7_placebo_g_B999,-0.004532536316997715,0.023,0
D7_placebo_g_B999,-0.004529470833390683,0.023,0
D7_placebo_g_B999,-0.004526405349783651,0.023,0
D7_placebo_g_B999,-0.0045233398661766195,0.024,0
D7_placebo_g_B999,-0.004520274382569588,0.024,0
D7_placebo_g_B999,-0.004517208898962556,0.024,0
D7_placebo_g_B999,-0.004514143415355524,0.025,0
D7_placebo_g_B999,-0.004511077931748493,0.025,0
D7_placebo_g_B999,-0.004508012448141462,0.026,0
D7_placebo_g_B999,-0.00450494696453443,0.026,0
D7_placebo_g_B999,-0.004501881480927398,0.026,0
D7_placebo_g_B999,-0.004498815997320367,0.027,0
D7_placebo_g_B999,-0.0044957505137133355,0.027,0
D7_placebo_g_B999,-0.0044926850301063035,0.027,0
D7_placebo_g_B999,-0.004489619546499271,0.027,0
D7_placebo_g_B999,-0.00448655406289224,0.027,0
D7_placebo_g_B999,-0.004483488579285209,0.027,0
D7_placebo_g_B999,-0.004480423095678177,0.027,0
D7_placebo_g_B999,-0.004477357612071145,0.027,0
D7_placebo_g_B999,-0.004474292128464114,0.027,0
D7_placebo_g_B999,-0.004471226644857083,0.027,0
D7_placebo_g_B999,-0.004468161161250051,0.029,0
D7_placebo_g_B999,-0.004465095677643019,0.029,0
D7_placebo_g_B999,-0.0044620301940359874,0.03,0
D7_placebo_g_B999,-0.004458964710428956,0.03,0
D7_placebo_g_B999,-0.004455899226821924,0.03,0
D7_placebo_g_B999,-0.004452833743214892,0.03,0
D7_placebo_g_B999,-0.004449768259607861,0.03,0
D7_placebo_g_B999,-0.00444670277600083,0.03,0
D7_placebo_g_B999,-0.004443637292393798,0.03,0
D7_placebo_g_B999,-0.004440571808786766,0.03,0
D7_placebo_g_B999,-0.004437506325179735,0.03,0
D7_placebo_g_B999,-0.0044344408415727034,0.03,0
D7_placebo_g_B999,-0.004431375357965671,0.03,0
D7_placebo_g_B999,-0.004428309874358639,0.03,0
D7_placebo_g_B999,-0.004425244390751608,0.03,0
D7_placebo_g_B999,-0.004422178907144577,0.031,0
D7_placebo_g_B999,-0.004419113423537545,0.032,0
D7_placebo_g_B999,-0.004416047939930513,0.032,0
D7_placebo_g_B999,-0.004412982456323482,0.032,0
D7_placebo_g_B999,-0.004409916972716451,0.032,0
D7_placebo_g_B999,-0.004406851489109419,0.032,0
D7_placebo_g_B999,-0.0044037860055023866,0.032,0
D7_placebo_g_B999,-0.004400720521895355,0.033,0
D7_placebo_g_B999,-0.004397655038288324,0.034,0
D7_placebo_g_B999,-0.004394589554681292,0.034,0
D7_placebo_g_B999,-0.00439152407107426,0.034,0
D7_placebo_g_B999,-0.004388458587467229,0.034,0
D7_placebo_g_B999,-0.004385393103860198,0.034,0
D7_placebo_g_B999,-0.004382327620253166,0.034,0
D7_placebo_g_B999,-0.004379262136646134,0.034,0
D7_placebo_g_B999,-0.0043761966530391026,0.034,0
D7_placebo_g_B999,-0.004373131169432071,0.034,0
D7_placebo_g_B999,-0.004370065685825039,0.034,0
D7_placebo_g_B999,-0.004367000202218007,0.034,0
D7_placebo_g_B999,-0.004363934718610976,0.034,0
D7_placebo_g_B999,-0.004360869235003945,0.034,0
D7_placebo_g_B999,-0.004357803751396913,0.035,0
D7_placebo_g_B999,-0.004354738267789881,0.035,0
D7_placebo_g_B999,-0.00435167278418285,0.035,0
D7_placebo_g_B999,-0.004348607300575819,0.036,0
D7_placebo_g_B999,-0.0043455418169687865,0.036,0
D7_placebo_g_B999,-0.0043424763333617545,0.036,0
D7_placebo_g_B999,-0.004339410849754723,0.036,0
D7_placebo_g_B999,-0.004336345366147692,0.036,0
D7_placebo_g_B999,-0.00433327988254066,0.037,0
D7_placebo_g_B999,-0.004330214398933628,0.038,0
D7_placebo_g_B999,-0.004327148915326597,0.039,0
D7_placebo_g_B999,-0.004324083431719565,0.039,0
D7_placebo_g_B999,-0.004321017948112533,0.039,0
D7_placebo_g_B999,-0.004317952464505502,0.039,0
D7_placebo_g_B999,-0.0043148869808984705,0.039,0
D7_placebo_g_B999,-0.0043118214972914385,0.039,0
D7_placebo_g_B999,-0.004308756013684406,0.039,0
D7_placebo_g_B999,-0.004305690530077375,0.04,0
D7_placebo_g_B999,-0.004302625046470344,0.04,0
D7_placebo_g_B999,-0.004299559562863312,0.04,0
D7_placebo_g_B999,-0.00429649407925628,0.041,0
D7_placebo_g_B999,-0.004293428595649249,0.042,0
D7_placebo_g_B999,-0.004290363112042218,0.042,0
D7_placebo_g_B999,-0.004287297628435186,0.043,0
D7_placebo_g_B999,-0.004284232144828154,0.043,0
D7_placebo_g_B999,-0.0042811666612211224,0.043,0
D7_placebo_g_B999,-0.004278101177614091,0.043,0
D7_placebo_g_B999,-0.004275035694007059,0.043,0
D7_placebo_g_B999,-0.004271970210400027,0.043,0
D7_placebo_g_B999,-0.004268904726792996,0.043,0
D7_placebo_g_B999,-0.004265839243185965,0.043,0
D7_placebo_g_B999,-0.004262773759578933,0.043,0
D7_placebo_g_B999,-0.004259708275971901,0.043,0
D7_placebo_g_B999,-0.00425664279236487,0.043,0
D7_placebo_g_B999,-0.0042535773087578384,0.044,0
D7_placebo_g_B999,-0.004250511825150806,0.044,0
D7_placebo_g_B999,-0.004247446341543774,0.044,0
D7_placebo_g_B999,-0.004244380857936743,0.044,0
D7_placebo_g_B999,-0.004241315374329712,0.044,0
D7_placebo_g_B999,-0.00423824989072268,0.044,0
D7_placebo_g_B999,-0.004235184407115648,0.044,0
D7_placebo_g_B999,-0.004232118923508617,0.044,0
D7_placebo_g_B999,-0.004229053439901586,0.045,0
D7_placebo_g_B999,-0.004225987956294554,0.045,0
D7_placebo_g_B999,-0.0042229224726875216,0.045,0
D7_placebo_g_B999,-0.00421985698908049,0.045,0
D7_placebo_g_B999,-0.004216791505473459,0.045,0
D7_placebo_g_B999,-0.004213726021866427,0.045,0
D7_placebo_g_B999,-0.004210660538259395,0.046,0
D7_placebo_g_B999,-0.004207595054652364,0.046,0
D7_placebo_g_B999,-0.004204529571045333,0.046,0
D7_placebo_g_B999,-0.004201464087438301,0.046,0
D7_placebo_g_B999,-0.004198398603831269,0.046,0
D7_placebo_g_B999,-0.0041953331202242376,0.047,0
D7_placebo_g_B999,-0.004192267636617206,0.047,0
D7_placebo_g_B999,-0.004189202153010174,0.047,0
D7_placebo_g_B999,-0.004186136669403142,0.047,0
D7_placebo_g_B999,-0.004183071185796111,0.049,0
D7_placebo_g_B999,-0.00418000570218908,0.049,0
D7_placebo_g_B999,-0.004176940218582048,0.049,0
D7_placebo_g_B999,-0.004173874734975016,0.05,1
D7_placebo_g_B999,-0.004170809251367985,0.05,1
D7_placebo_g_B999,-0.0041677437677609536,0.051,1
D7_placebo_g_B999,-0.0041646782841539215,0.051,1
D7_placebo_g_B999,-0.0041616128005468895,0.051,1
D7_placebo_g_B999,-0.004158547316939858,0.051,1
D7_placebo_g_B999,-0.004155481833332827,0.051,1
D7_placebo_g_B999,-0.004152416349725795,0.051,1
D7_placebo_g_B999,-0.004149350866118763,0.051,1
D7_placebo_g_B999,-0.004146285382511732,0.051,1
D7_placebo_g_B999,-0.004143219898904701,0.051,1
D7_placebo_g_B999,-0.004140154415297669,0.052,1
D7_placebo_g_B999,-0.004137088931690637,0.052,1
D7_placebo_g_B999,-0.0041340234480836055,0.053,1
D7_placebo_g_B999,-0.004130957964476574,0.053,1
D7_placebo_g_B999,-0.004127892480869542,0.053,1
D7_placebo_g_B999,-0.00412482699726251,0.053,1
D7_placebo_g_B999,-0.004121761513655479,0.053,1
D7_placebo_g_B999,-0.004118696030048447,0.054,1
D7_placebo_g_B999,-0.004115630546441416,0.054,1
D7_placebo_g_B999,-0.004112565062834384,0.054,1
D7_placebo_g_B999,-0.004109499579227353,0.054,1
D7_placebo_g_B999,-0.004106434095620321,0.054,1
D7_placebo_g_B999,-0.0041033686120132895,0.054,1
D7_placebo_g_B999,-0.0041003031284062574,0.055,1
D7_placebo_g_B999,-0.004097237644799226,0.056,1
D7_placebo_g_B999,-0.004094172161192194,0.056,1
D7_placebo_g_B999,-0.004091106677585163,0.056,1
D7_placebo_g_B999,-0.004088041193978131,0.057,1
D7_placebo_g_B999,-0.0040849757103711,0.057,1
D7_placebo_g_B999,-0.004081910226764068,0.057,1
D7_placebo_g_B999,-0.004078844743157037,0.057,1
D7_placebo_g_B999,-0.004075779259550005,0.057,1
D7_placebo_g_B999,-0.0040727137759429734,0.057,1
D7_placebo_g_B999,-0.004069648292335941,0.058,1
D7_placebo_g_B999,-0.00406658280872891,0.058,1
D7_placebo_g_B999,-0.004063517325121878,0.058,1
D7_placebo_g_B999,-0.004060451841514847,0.059,1
D7_placebo_g_B999,-0.004057386357907815,0.059,1
D7_placebo_g_B999,-0.004054320874300784,0.059,1
D7_placebo_g_B999,-0.004051255390693752,0.059,1
D7_placebo_g_B999,-0.004048189907086721,0.059,1
D7_placebo_g_B999,-0.004045124423479689,0.059,1
D7_placebo_g_B999,-0.004042058939872657,0.06,1
D7_placebo_g_B999,-0.004038993456265625,0.061,1
D7_placebo_g_B999,-0.004035927972658594,0.061,1
D7_placebo_g_B999,-0.004032862489051562,0.062,1
D7_placebo_g_B999,-0.004029797005444531,0.062,1
D7_placebo_g_B999,-0.004026731521837499,0.062,1
D7_placebo_g_B999,-0.004023666038230468,0.061,1
D7_placebo_g_B999,-0.004020600554623436,0.061,1
D7_placebo_g_B999,-0.004017535071016405,0.062,1
D7_placebo_g_B999,-0.0040144695874093726,0.062,1
D7_placebo_g_B999,-0.004011404103802341,0.063,1
D7_placebo_g_B999,-0.004008338620195309,0.063,1
D7_placebo_g_B999,-0.004005273136588278,0.063,1
D7_placebo_g_B999,-0.004002207652981246,0.063,1
D7_placebo_g_B999,-0.003999142169374215,0.064,1
D7_placebo_g_B999,-0.003996076685767183,0.065,1
D7_placebo_g_B999,-0.003993011202160151,0.067,1
D7_placebo_g_B999,-0.00398994571855312,0.067,1
D7_placebo_g_B999,-0.003986880234946088,0.067,1
D7_placebo_g_B999,-0.0039838147513390565,0.068,1
D7_placebo_g_B999,-0.0039807492677320245,0.068,1
D7_placebo_g_B999,-0.003977683784124993,0.069,1
D7_placebo_g_B999,-0.003974618300517961,0.069,1
D7_placebo_g_B999,-0.00397155281691093,0.07,1
D7_placebo_g_B999,-0.003968487333303898,0.071,1
D7_placebo_g_B999,-0.003965421849696867,0.071,1
D7_placebo_g_B999,-0.003962356366089835,0.072,1
D7_placebo_g_B999,-0.003959290882482804,0.072,1
D7_placebo_g_B999,-0.003956225398875772,0.072,1
D7_placebo_g_B999,-0.0039531599152687405,0.072,1
D7_placebo_g_B999,-0.0039500944316617085,0.073,1
D7_placebo_g_B999,-0.003947028948054677,0.074,1
D7_placebo_g_B999,-0.003943963464447645,0.074,1
D7_placebo_g_B999,-0.003940897980840614,0.075,1
D7_placebo_g_B999,-0.003937832497233582,0.076,1
D7_placebo_g_B999,-0.003934767013626551,0.077,1
D7_placebo_g_B999,-0.003931701530019519,0.077,1
D7_placebo_g_B999,-0.003928636046412488,0.078,1
D7_placebo_g_B999,-0.003925570562805456,0.078,1
D7_placebo_g_B999,-0.0039225050791984245,0.078,1
D7_placebo_g_B999,-0.003919439595591392,0.078,1
D7_placebo_g_B999,-0.003916374111984361,0.078,1
D7_placebo_g_B999,-0.003913308628377329,0.078,1
D7_placebo_g_B999,-0.003910243144770298,0.078,1
D7_placebo_g_B999,-0.003907177661163266,0.078,1
D7_placebo_g_B999,-0.003904112177556235,0.08,1
D7_placebo_g_B999,-0.003901046693949203,0.082,1
D7_placebo_g_B999,-0.0038979812103421716,0.083,1
D7_placebo_g_B999,-0.0038949157267351396,0.083,1
D7_placebo_g_B999,-0.0038918502431281084,0.083,1
D7_placebo_g_B999,-0.0038887847595210764,0.084,1
D7_placebo_g_B999,-0.0038857192759140452,0.085,1
D7_placebo_g_B999,-0.003882653792307013,0.086,1
D7_placebo_g_B999,-0.003879588308699982,0.086,1
D7_placebo_g_B999,-0.00387652282509295,0.087,1
D7_placebo_g_B999,-0.003873457341485919,0.087,1
D7_placebo_g_B999,-0.003870391857878887,0.088,1
D7_placebo_g_B999,-0.0038673263742718556,0.088,1
D7_placebo_g_B999,-0.0038642608906648236,0.089,1
D7_placebo_g_B999,-0.0038611954070577924,0.089,1
D7_placebo_g_B999,-0.0038581299234507604,0.089,1
D7_placebo_g_B999,-0.003855064439843729,0.089,1
D7_placebo_g_B999,-0.003851998956236697,0.089,1
D7_placebo_g_B999,-0.003848933472629666,0.089,1
D7_placebo_g_B999,-0.003845867989022634,0.09,1
D7_placebo_g_B999,-0.003842802505415603,0.091,1
D7_placebo_g_B999,-0.0038397370218085708,0.092,1
D7_placebo_g_B999,-0.0038366715382015396,0.092,1
D7_placebo_g_B999,-0.0038336060545945076,0.094,1
D7_placebo_g_B999,-0.0038305405709874764,0.095,1
D7_placebo_g_B999,-0.0038274750873804443,0.095,1
D7_placebo_g_B999,-0.003824409603773413,0.095,1
D7_placebo_g_B999,-0.003821344120166381,0.095,1
D7_placebo_g_B999,-0.00381827863655935,0.095,1
D7_placebo_g_B999,-0.003815213152952318,0.097,1
D7_placebo_g_B999,-0.0038121476693452868,0.097,1
D7_placebo_g_B999,-0.0038090821857382547,0.098,1
D7_placebo_g_B999,-0.0038060167021312236,0.1,1
D7_placebo_g_B999,-0.0038029512185241915,0.102,1
D7_placebo_g_B999,-0.0037998857349171604,0.102,1
D7_placebo_g_B999,-0.0037968202513101283,0.103,1
D7_placebo_g_B999,-0.003793754767703097,0.106,1
D7_placebo_g_B999,-0.003790689284096065,0.107,1
D7_placebo_g_B999,-0.003787623800489034,0.108,1
D7_placebo_g_B999,-0.003784558316882002,0.108,1
D7_placebo_g_B999,-0.0037814928332749707,0.108,1
D7_placebo_g_B999,-0.0037784273496679387,0.108,1
D7_placebo_g_B999,-0.0037753618660609075,0.108,1
D7_placebo_g_B999,-0.0037722963824538755,0.108,1
D7_placebo_g_B999,-0.0037692308988468435,0.108,1
D7_placebo_g_B999,-0.0037661654152398123,0.109,1
D7_placebo_g_B999,-0.0037630999316327803,0.109,1
D7_placebo_g_B999,-0.003760034448025749,0.109,1
D7_placebo_g_B999,-0.003756968964418717,0.11,1
D7_placebo_g_B999,-0.003753903480811686,0.111,1
D7_placebo_g_B999,-0.003750837997204654,0.111,1
D7_placebo_g_B999,-0.0037477725135976227,0.111,1
D7_placebo_g_B999,-0.0037447070299905906,0.111,1
D7_placebo_g_B999,-0.0037416415463835595,0.113,1
D7_placebo_g_B999,-0.0037385760627765274,0.114,1
D7_placebo_g_B999,-0.0037355105791694963,0.115,1
D7_placebo_g_B999,-0.0037324450955624642,0.116,1
D7_placebo_g_B999,-0.003729379611955433,0.117,1
D7_placebo_g_B999,-0.003726314128348401,0.12,1
D7_placebo_g_B999,-0.00372324864474137,0.124,1
D7_placebo_g_B999,-0.003720183161134338,0.124,1
D7_placebo_g_B999,-0.0037171176775273066,0.125,1
D7_placebo_g_B999,-0.0037140521939202746,0.126,1
D7_placebo_g_B999,-0.0037109867103132434,0.126,1
D7_placebo_g_B999,-0.0037079212267062114,0.126,1
D7_placebo_g_B999,-0.0037048557430991802,0.127,1
D7_placebo_g_B999,-0.003701790259492148,0.127,1
D7_placebo_g_B999,-0.003698724775885117,0.127,1
D7_placebo_g_B999,-0.003695659292278085,0.127,1
D7_placebo_g_B999,-0.003692593808671054,0.128,1
D7_placebo_g_B999,-0.003689528325064022,0.128,1
D7_placebo_g_B999,-0.0036864628414569906,0.129,1
D7_placebo_g_B999,-0.0036833973578499586,0.133,1
D7_placebo_g_B999,-0.0036803318742429274,0.134,1
D7_placebo_g_B999,-0.0036772663906358954,0.136,1
D7_placebo_g_B999,-0.003674200907028864,0.138,1
D7_placebo_g_B999,-0.003671135423421832,0.139,1
D7_placebo_g_B999,-0.003668069939814801,0.14,1
D7_placebo_g_B999,-0.003665004456207769,0.142,1
D7_placebo_g_B999,-0.003661938972600738,0.142,1
D7_placebo_g_B999,-0.0036588734889937058,0.142,1
D7_placebo_g_B999,-0.0036558080053866746,0.144,1
D7_placebo_g_B999,-0.0036527425217796426,0.144,1
D7_placebo_g_B999,-0.0036496770381726114,0.145,1
D7_placebo_g_B999,-0.0036466115545655793,0.146,1
D7_placebo_g_B999,-0.003643546070958548,0.149,1
D7_placebo_g_B999,-0.003640480587351516,0.149,1
D7_placebo_g_B999,-0.003637415103744485,0.151,1
D7_placebo_g_B999,-0.003634349620137453,0.152,1
D7_placebo_g_B999,-0.0036312841365304218,0.156,1
D7_placebo_g_B999,-0.0036282186529233897,0.157,1
D7_placebo_g_B999,-0.0036251531693163586,0.158,1
D7_placebo_g_B999,-0.0036220876857093265,0.158,1
D7_placebo_g_B999,-0.0036190222021022954,0.158,1
D7_placebo_g_B999,-0.0036159567184952633,0.162,1
D7_placebo_g_B999,-0.003612891234888232,0.162,1
D7_placebo_g_B999,-0.0036098257512812,0.162,1
D7_placebo_g_B999,-0.003606760267674169,0.164,1
D7_placebo_g_B999,-0.003603694784067137,0.164,1
D7_placebo_g_B999,-0.0036006293004601057,0.165,1
D7_placebo_g_B999,-0.0035975638168530737,0.167,1
D7_placebo_g_B999,-0.0035944983332460425,0.168,1
D7_placebo_g_B999,-0.0035914328496390105,0.168,1
D7_placebo_g_B999,-0.0035883673660319793,0.168,1
D7_placebo_g_B999,-0.0035853018824249473,0.168,1
D7_placebo_g_B999,-0.003582236398817916,0.168,1
D7_placebo_g_B999,-0.003579170915210884,0.169,1
D7_placebo_g_B999,-0.003576105431603853,0.17,1
D7_placebo_g_B999,-0.003573039947996821,0.171,1
D7_placebo_g_B999,-0.0035699744643897897,0.172,1
D7_placebo_g_B999,-0.0035669089807827577,0.172,1
D7_placebo_g_B999,-0.0035638434971757265,0.172,1
D7_placebo_g_B999,-0.0035607780135686945,0.174,1
D7_placebo_g_B999,-0.0035577125299616633,0.174,1
D7_placebo_g_B999,-0.0035546470463546313,0.176,1
D7_placebo_g_B999,-0.0035515815627476,0.176,1
D7_placebo_g_B999,-0.003548516079140568,0.176,1
D7_placebo_g_B999,-0.003545450595533536,0.18,1
D7_placebo_g_B999,-0.003542385111926505,0.182,1
D7_placebo_g_B999,-0.003539319628319473,0.183,1
D7_placebo_g_B999,-0.0035362541447124416,0.184,1
D7_placebo_g_B999,-0.0035331886611054096,0.187,1
D7_placebo_g_B999,-0.0035301231774983784,0.188,1
D7_placebo_g_B999,-0.0035270576938913464,0.189,1
D7_placebo_g_B999,-0.0035239922102843152,0.189,1
D7_placebo_g_B999,-0.003520926726677283,0.189,1
D7_placebo_g_B999,-0.003517861243070252,0.189,1
D7_placebo_g_B999,-0.00351479575946322,0.19,1
D7_placebo_g_B999,-0.003511730275856189,0.192,1
D7_placebo_g_B999,-0.0035086647922491568,0.194,1
D7_placebo_g_B999,-0.0035055993086421256,0.195,1
D7_placebo_g_B999,-0.0035025338250350936,0.197,1
D7_placebo_g_B999,-0.0034994683414280624,0.198,1
D7_placebo_g_B999,-0.0034964028578210304,0.198,1
D7_placebo_g_B999,-0.003493337374213999,0.199,1
D7_placebo_g_B999,-0.003490271890606967,0.201,1
D7_placebo_g_B999,-0.003487206406999936,0.202,1
D7_placebo_g_B999,-0.003484140923392904,0.202,1
D7_placebo_g_B999,-0.003481075439785873,0.203,1
D7_placebo_g_B999,-0.0034780099561788408,0.204,1
D7_placebo_g_B999,-0.0034749444725718096,0.204,1
D7_placebo_g_B999,-0.0034718789889647775,0.205,1
D7_placebo_g_B999,-0.0034688135053577464,0.207,1
D7_placebo_g_B999,-0.0034657480217507143,0.207,1
D7_placebo_g_B999,-0.003462682538143683,0.21,1
D7_placebo_g_B999,-0.003459617054536651,0.211,1
D7_placebo_g_B999,-0.00345655157092962,0.214,1
D7_placebo_g_B999,-0.003453486087322588,0.215,1
D7_placebo_g_B999,-0.0034504206037155568,0.216,1
D7_placebo_g_B999,-0.0034473551201085247,0.217,1
D7_placebo_g_B999,-0.0034442896365014936,0.219,1
D7_placebo_g_B999,-0.0034412241528944615,0.219,1
D7_placebo_g_B999,-0.0034381586692874304,0.221,1
D7_placebo_g_B999,-0.0034350931856803983,0.221,1
D7_placebo_g_B999,-0.003432027702073367,0.222,1
D7_placebo_g_B999,-0.003428962218466335,0.222,1
D7_placebo_g_B999,-0.003425896734859304,0.223,1
D7_placebo_g_B999,-0.003422831251252272,0.223,1
D7_placebo_g_B999,-0.0034197657676452407,0.223,1
D7_placebo_g_B999,-0.0034167002840382087,0.225,1
D7_placebo_g_B999,-0.0034136348004311775,0.226,1
D7_placebo_g_B999,-0.0034105693168241455,0.226,1
D7_placebo_g_B999,-0.0034075038332171143,0.23,1
D7_placebo_g_B999,-0.0034044383496100823,0.232,1
D7_placebo_g_B999,-0.003401372866003051,0.232,1
D7_placebo_g_B999,-0.003398307382396019,0.236,1
D7_placebo_g_B999,-0.003395241898788988,0.236,1
D7_placebo_g_B999,-0.003392176415181956,0.238,1
D7_placebo_g_B999,-0.0033891109315749247,0.241,1
D7_placebo_g_B999,-0.0033860454479678927,0.243,1
D7_placebo_g_B999,-0.0033829799643608615,0.243,1
D7_placebo_g_B999,-0.0033799144807538295,0.243,1
D7_placebo_g_B999,-0.0033768489971467983,0.243,1
D7_placebo_g_B999,-0.0033737835135397663,0.245,1
D7_placebo_g_B999,-0.003370718029932735,0.247,1
D7_placebo_g_B999,-0.003367652546325703,0.249,1
D7_placebo_g_B999,-0.003364587062718672,0.25,1
D7_placebo_g_B999,-0.00336152157911164,0.253,1
D7_placebo_g_B999,-0.0033584560955046087,0.253,1
D7_placebo_g_B999,-0.0033553906118975766,0.254,1
D7_placebo_g_B999,-0.0033523251282905455,0.256,1
D7_placebo_g_B999,-0.0033492596446835134,0.257,1
D7_placebo_g_B999,-0.0033461941610764823,0.257,1
D7_placebo_g_B999,-0.0033431286774694502,0.258,1
D7_placebo_g_B999,-0.003340063193862419,0.26,1
D7_placebo_g_B999,-0.003336997710255387,0.261,1
D7_placebo_g_B999,-0.003333932226648356,0.262,1
D7_placebo_g_B999,-0.003330866743041324,0.263,1
D7_placebo_g_B999,-0.0033278012594342926,0.264,1
D7_placebo_g_B999,-0.0033247357758272606,0.264,1
D7_placebo_g_B999,-0.0033216702922202294,0.265,1
D7_placebo_g_B999,-0.0033186048086131974,0.265,1
D7_placebo_g_B999,-0.0033155393250061654,0.267,1
D7_placebo_g_B999,-0.003312473841399134,0.268,1
D7_placebo_g_B999,-0.003309408357792102,0.269,1
D7_placebo_g_B999,-0.003306342874185071,0.27,1
D7_placebo_g_B999,-0.003303277390578039,0.271,1
D7_placebo_g_B999,-0.003300211906971008,0.273,1
D7_placebo_g_B999,-0.0032971464233639758,0.277,1
D7_placebo_g_B999,-0.0032940809397569446,0.278,1
D7_placebo_g_B999,-0.0032910154561499125,0.278,1
D7_placebo_g_B999,-0.0032879499725428814,0.278,1
D7_placebo_g_B999,-0.0032848844889358493,0.279,1
D7_placebo_g_B999,-0.003281819005328818,0.28,1
D7_placebo_g_B999,-0.003278753521721786,0.28,1
D7_placebo_g_B999,-0.003275688038114755,0.281,1
D7_placebo_g_B999,-0.003272622554507723,0.282,1
D7_placebo_g_B999,-0.0032695570709006918,0.282,1
D7_placebo_g_B999,-0.0032664915872936597,0.285,1
D7_placebo_g_B999,-0.0032634261036866286,0.287,1
D7_placebo_g_B999,-0.0032603606200795965,0.288,1
D7_placebo_g_B999,-0.0032572951364725653,0.29,1
D7_placebo_g_B999,-0.0032542296528655333,0.29,1
D7_placebo_g_B999,-0.003251164169258502,0.292,1
D7_placebo_g_B999,-0.00324809868565147,0.292,1
D7_placebo_g_B999,-0.003245033202044439,0.294,1
D7_placebo_g_B999,-0.003241967718437407,0.295,1
D7_placebo_g_B999,-0.0032389022348303757,0.296,1
D7_placebo_g_B999,-0.0032358367512233437,0.296,1
D7_placebo_g_B999,-0.0032327712676163125,0.299,1
D7_placebo_g_B999,-0.0032297057840092805,0.3,1
D7_placebo_g_B999,-0.0032266403004022493,0.302,1
D7_placebo_g_B999,-0.0032235748167952173,0.305,1
D7_placebo_g_B999,-0.003220509333188186,0.306,1
D7_placebo_g_B999,-0.003217443849581154,0.307,1
D7_placebo_g_B999,-0.003214378365974123,0.308,1
D7_placebo_g_B999,-0.003211312882367091,0.308,1
D7_placebo_g_B999,-0.0032082473987600597,0.31,1
D7_placebo_g_B999,-0.0032051819151530277,0.311,1
D7_placebo_g_B999,-0.0032021164315459965,0.312,1
D7_placebo_g_B999,-0.0031990509479389645,0.313,1
D7_placebo_g_B999,-0.0031959854643319333,0.314,1
D7_placebo_g_B999,-0.0031929199807249013,0.318,1
D7_placebo_g_B999,-0.00318985449711787,0.319,1
D7_placebo_g_B999,-0.003186789013510838,0.321,1
D7_placebo_g_B999,-0.003183723529903807,0.322,1
D7_placebo_g_B999,-0.003180658046296775,0.323,1
D7_placebo_g_B999,-0.0031775925626897437,0.324,1
D7_placebo_g_B999,-0.0031745270790827116,0.325,1
D7_placebo_g_B999,-0.0031714615954756805,0.324,1
D7_placebo_g_B999,-0.0031683961118686484,0.325,1
D7_placebo_g_B999,-0.0031653306282616173,0.326,1
D7_placebo_g_B999,-0.0031622651446545852,0.327,1
D7_placebo_g_B999,-0.003159199661047554,0.328,1
D7_placebo_g_B999,-0.003156134177440522,0.328,1
D7_placebo_g_B999,-0.003153068693833491,0.33,1
D7_placebo_g_B999,-0.003150003210226459,0.334,1
D7_placebo_g_B999,-0.0031469377266194276,0.334,1
D7_placebo_g_B999,-0.0031438722430123956,0.335,1
D7_placebo_g_B999,-0.0031408067594053644,0.335,1
D7_placebo_g_B999,-0.0031377412757983324,0.336,1
D7_placebo_g_B999,-0.0031346757921913012,0.34,1
D7_placebo_g_B999,-0.003131610308584269,0.341,1
D7_placebo_g_B999,-0.003128544824977238,0.341,1
D7_placebo_g_B999,-0.003125479341370206,0.342,1
D7_placebo_g_B999,-0.003122413857763175,0.342,1
D7_placebo_g_B999,-0.003119348374156143,0.343,1
D7_placebo_g_B999,-0.0031162828905491116,0.343,1
D7_placebo_g_B999,-0.0031132174069420796,0.344,1
D7_placebo_g_B999,-0.0031101519233350484,0.346,1
D7_placebo_g_B999,-0.0031070864397280164,0.348,1
D7_placebo_g_B999,-0.003104020956120985,0.349,1
D7_placebo_g_B999,-0.003100955472513953,0.351,1
D7_placebo_g_B999,-0.003097889988906922,0.353,1
D7_placebo_g_B999,-0.00309482450529989,0.354,1
D7_placebo_g_B999,-0.003091759021692858,0.355,1
D7_placebo_g_B999,-0.0030886935380858268,0.355,1
D7_placebo_g_B999,-0.0030856280544787947,0.355,1
D7_placebo_g_B999,-0.0030825625708717636,0.357,1
D7_placebo_g_B999,-0.0030794970872647315,0.358,1
D7_placebo_g_B999,-0.0030764316036577003,0.362,1
D7_placebo_g_B999,-0.0030733661200506683,0.362,1
D7_placebo_g_B999,-0.003070300636443637,0.362,1
D7_placebo_g_B999,-0.003067235152836605,0.364,1
D7_placebo_g_B999,-0.003064169669229574,0.364,1
D7_placebo_g_B999,-0.003061104185622542,0.365,1
D7_placebo_g_B999,-0.0030580387020155107,0.366,1
D7_placebo_g_B999,-0.0030549732184084787,0.366,1
D7_placebo_g_B999,-0.0030519077348014475,0.368,1
D7_placebo_g_B999,-0.0030488422511944155,0.372,1
D7_placebo_g_B999,-0.0030457767675873843,0.372,1
D7_placebo_g_B999,-0.0030427112839803523,0.372,1
D7_placebo_g_B999,-0.003039645800373321,0.373,1
D7_placebo_g_B999,-0.003036580316766289,0.374,1
D7_placebo_g_B999,-0.003033514833159258,0.377,1
D7_placebo_g_B999,-0.003030449349552226,0.377,1
D7_placebo_g_B999,-0.0030273838659451947,0.378,1
D7_placebo_g_B999,-0.0030243183823381627,0.38,1
D7_placebo_g_B999,-0.0030212528987311315,0.383,1
D7_placebo_g_B999,-0.0030181874151240995,0.384,1
D7_placebo_g_B999,-0.0030151219315170683,0.387,1
D7_placebo_g_B999,-0.0030120564479100363,0.388,1
D7_placebo_g_B999,-0.003008990964303005,0.388,1
D7_placebo_g_B999,-0.003005925480695973,0.388,1
D7_placebo_g_B999,-0.003002859997088942,0.389,1
D7_placebo_g_B999,-0.00299979451348191,0.392,1
D7_placebo_g_B999,-0.0029967290298748787,0.396,1
D7_placebo_g_B999,-0.0029936635462678466,0.396,1
D7_placebo_g_B999,-0.0029905980626608155,0.398,1
D7_placebo_g_B999,-0.0029875325790537834,0.399,1
D7_placebo_g_B999,-0.0029844670954467523,0.4,1
D7_placebo_g_B999,-0.0029814016118397202,0.404,1
D7_placebo_g_B999,-0.002978336128232689,0.407,1
D7_placebo_g_B999,-0.002975270644625657,0.408,1
D7_placebo_g_B999,-0.002972205161018626,0.408,1
D7_placebo_g_B999,-0.002969139677411594,0.409,1
D7_placebo_g_B999,-0.0029660741938045626,0.409,1
D7_placebo_g_B999,-0.0029630087101975306,0.409,1
D7_placebo_g_B999,-0.0029599432265904994,0.411,1
D7_placebo_g_B999,-0.0029568777429834674,0.411,1
D7_placebo_g_B999,-0.0029538122593764362,0.412,1
D7_placebo_g_B999,-0.002950746775769404,0.413,1
D7_placebo_g_B999,-0.002947681292162373,0.414,1
D7_placebo_g_B999,-0.002944615808555341,0.416,1
D7_placebo_g_B999,-0.00294155032494831,0.416,1
D7_placebo_g_B999,-0.002938484841341278,0.417,1
D7_placebo_g_B999,-0.0029354193577342466,0.417,1
D7_placebo_g_B999,-0.0029323538741272146,0.421,1
D7_placebo_g_B999,-0.0029292883905201834,0.424,1
D7_placebo_g_B999,-0.0029262229069131514,0.424,1
D7_placebo_g_B999,-0.00292315742330612,0.427,1
D7_placebo_g_B999,-0.002920091939699088,0.428,1
D7_placebo_g_B999,-0.002917026456092057,0.429,1
D7_placebo_g_B999,-0.002913960972485025,0.431,1
D7_placebo_g_B999,-0.002910895488877994,0.434,1
D7_placebo_g_B999,-0.0029078300052709618,0.435,1
D7_placebo_g_B999,-0.0029047645216639306,0.435,1
D7_placebo_g_B999,-0.0029016990380568985,0.436,1
D7_placebo_g_B999,-0.0028986335544498674,0.436,1
D7_placebo_g_B999,-0.0028955680708428353,0.438,1
D7_placebo_g_B999,-0.002892502587235804,0.442,1
D7_placebo_g_B999,-0.002889437103628772,0.443,1
D7_placebo_g_B999,-0.002886371620021741,0.443,1
D7_placebo_g_B999,-0.002883306136414709,0.446,1
D7_placebo_g_B999,-0.0028802406528076778,0.446,1
D7_placebo_g_B999,-0.0028771751692006457,0.448,1
D7_placebo_g_B999,-0.0028741096855936146,0.449,1
D7_placebo_g_B999,-0.0028710442019865825,0.451,1
D7_placebo_g_B999,-0.0028679787183795505,0.451,1
D7_placebo_g_B999,-0.0028649132347725193,0.453,1
D7_placebo_g_B999,-0.0028618477511654873,0.453,1
D7_placebo_g_B999,-0.002858782267558456,0.453,1
D7_placebo_g_B999,-0.002855716783951424,0.455,1
D7_placebo_g_B999,-0.002852651300344393,0.456,1
D7_placebo_g_B999,-0.002849585816737361,0.458,1
D7_placebo_g_B999,-0.0028465203331303297,0.458,1
D7_placebo_g_B999,-0.0028434548495232977,0.46,1
D7_placebo_g_B999,-0.0028403893659162665,0.462,1
D7_placebo_g_B999,-0.0028373238823092345,0.463,1
D7_placebo_g_B999,-0.0028342583987022033,0.464,1
D7_placebo_g_B999,-0.0028311929150951713,0.465,1
D7_placebo_g_B999,-0.00282812743148814,0.467,1
D7_placebo_g_B999,-0.002825061947881108,0.467,1
D7_placebo_g_B999,-0.002821996464274077,0.468,1
D7_placebo_g_B999,-0.002818930980667045,0.47,1
D7_placebo_g_B999,-0.0028158654970600137,0.474,1
D7_placebo_g_B999,-0.0028128000134529816,0.474,1
D7_placebo_g_B999,-0.0028097345298459505,0.476,1
D7_placebo_g_B999,-0.0028066690462389184,0.476,1
D7_placebo_g_B999,-0.0028036035626318873,0.477,1
D7_placebo_g_B999,-0.0028005380790248552,0.481,1
D7_placebo_g_B999,-0.002797472595417824,0.484,1
D7_placebo_g_B999,-0.002794407111810792,0.485,1
D7_placebo_g_B999,-0.002791341628203761,0.486,1
D7_placebo_g_B999,-0.002788276144596729,0.486,1
D7_placebo_g_B999,-0.0027852106609896976,0.488,1
D7_placebo_g_B999,-0.0027821451773826656,0.489,1
D7_placebo_g_B999,-0.0027790796937756344,0.489,1
D7_placebo_g_B999,-0.0027760142101686024,0.489,1
D7_placebo_g_B999,-0.0027729487265615712,0.491,1
D7_placebo_g_B999,-0.002769883242954539,0.492,1
D7_placebo_g_B999,-0.002766817759347508,0.492,1
D7_placebo_g_B999,-0.002763752275740476,0.493,1
D7_placebo_g_B999,-0.002760686792133445,0.495,1
D7_placebo_g_B999,-0.0027576213085264128,0.496,1
D7_placebo_g_B999,-0.0027545558249193816,0.497,1
D7_placebo_g_B999,-0.0027514903413123496,0.497,1
D7_placebo_g_B999,-0.0027484248577053184,0.497,1
D7_placebo_g_B999,-0.0027453593740982864,0.5,1
D7_placebo_g_B999,-0.002742293890491255,0.5,1
D7_placebo_g_B999,-0.002739228406884223,0.502,1
D7_placebo_g_B999,-0.002736162923277192,0.504,1
D7_placebo_g_B999,-0.00273309743967016,0.506,1
D7_placebo_g_B999,-0.002730031956063129,0.508,1
D7_placebo_g_B999,-0.0027269664724560968,0.51,1
D7_placebo_g_B999,-0.0027239009888490656,0.511,1
D7_placebo_g_B999,-0.0027208355052420335,0.512,1
D7_placebo_g_B999,-0.0027177700216350024,0.513,1
D7_placebo_g_B999,-0.0027147045380279703,0.514,1
D7_placebo_g_B999,-0.002711639054420939,0.515,1
D7_placebo_g_B999,-0.002708573570813907,0.517,1
D7_placebo_g_B999,-0.002705508087206876,0.517,1
D7_placebo_g_B999,-0.002702442603599844,0.52,1
D7_placebo_g_B999,-0.0026993771199928128,0.521,1
D7_placebo_g_B999,-0.0026963116363857807,0.521,1
D7_placebo_g_B999,-0.0026932461527787496,0.523,1
D7_placebo_g_B999,-0.0026901806691717175,0.523,1
D7_placebo_g_B999,-0.0026871151855646863,0.526,1
D7_placebo_g_B999,-0.0026840497019576543,0.528,1
D7_placebo_g_B999,-0.002680984218350623,0.53,1
D7_placebo_g_B999,-0.002677918734743591,0.531,1
D7_placebo_g_B999,-0.00267485325113656,0.532,1
D7_placebo_g_B999,-0.002671787767529528,0.536,1
D7_placebo_g_B999,-0.0026687222839224967,0.536,1
D7_placebo_g_B999,-0.0026656568003154647,0.536,1
D7_placebo_g_B999,-0.0026625913167084335,0.539,1
D7_placebo_g_B999,-0.0026595258331014015,0.54,1
D7_placebo_g_B999,-0.0026564603494943703,0.542,1
D7_placebo_g_B999,-0.0026533948658873383,0.544,1
D7_placebo_g_B999,-0.002650329382280307,0.544,1
D7_placebo_g_B999,-0.002647263898673275,0.544,1
D7_placebo_g_B999,-0.002644198415066243,0.546,1
D7_placebo_g_B999,-0.002641132931459212,0.546,1
D7_placebo_g_B999,-0.00263806744785218,0.546,1
D7_placebo_g_B999,-0.0026350019642451487,0.549,1
D7_placebo_g_B999,-0.0026319364806381166,0.55,1
D7_placebo_g_B999,-0.0026288709970310855,0.556,1
D7_placebo_g_B999,-0.0026258055134240534,0.559,1
D7_placebo_g_B999,-0.0026227400298170223,0.559,1
D7_placebo_g_B999,-0.0026196745462099902,0.559,1
D7_placebo_g_B999,-0.002616609062602959,0.56,1
D7_placebo_g_B999,-0.002613543578995927,0.561,1
D7_placebo_g_B999,-0.002610478095388896,0.563,1
D7_placebo_g_B999,-0.002607412611781864,0.564,1
D7_placebo_g_B999,-0.0026043471281748326,0.568,1
D7_placebo_g_B999,-0.0026012816445678006,0.572,1
D7_placebo_g_B999,-0.0025982161609607694,0.573,1
D7_placebo_g_B999,-0.0025951506773537374,0.575,1
D7_placebo_g_B999,-0.0025920851937467062,0.575,1
D7_placebo_g_B999,-0.002589019710139674,0.575,1
D7_placebo_g_B999,-0.002585954226532643,0.577,1
D7_placebo_g_B999,-0.002582888742925611,0.578,1
D7_placebo_g_B999,-0.00257982325931858,0.578,1
D7_placebo_g_B999,-0.0025767577757115478,0.578,1
D7_placebo_g_B999,-0.0025736922921045166,0.58,1
D7_placebo_g_B999,-0.0025706268084974846,0.58,1
D7_placebo_g_B999,-0.0025675613248904534,0.582,1
D7_placebo_g_B999,-0.0025644958412834214,0.584,1
D7_placebo_g_B999,-0.00256143035767639,0.585,1
D7_placebo_g_B999,-0.002558364874069358,0.589,1
D7_placebo_g_B999,-0.002555299390462327,0.591,1
D7_placebo_g_B999,-0.002552233906855295,0.594,1
D7_placebo_g_B999,-0.002549168423248264,0.595,1
D7_placebo_g_B999,-0.0025461029396412318,0.596,1
D7_placebo_g_B999,-0.0025430374560342006,0.596,1
D7_placebo_g_B999,-0.0025399719724271685,0.599,1
D7_placebo_g_B999,-0.0025369064888201374,0.6,1
D7_placebo_g_B999,-0.0025338410052131053,0.601,1
D7_placebo_g_B999,-0.002530775521606074,0.603,1
D7_placebo_g_B999,-0.002527710037999042,0.606,1
D7_placebo_g_B999,-0.002524644554392011,0.609,1
D7_placebo_g_B999,-0.002521579070784979,0.61,1
D7_placebo_g_B999,-0.0025185135871779478,0.611,1
D7_placebo_g_B999,-0.0025154481035709157,0.613,1
D7_placebo_g_B999,-0.0025123826199638846,0.614,1
D7_placebo_g_B999,-0.0025093171363568525,0.617,1
D7_placebo_g_B999,-0.0025062516527498213,0.618,1
D7_placebo_g_B999,-0.0025031861691427893,0.618,1
D7_placebo_g_B999,-0.002500120685535758,0.62,1
D7_placebo_g_B999,-0.002497055201928726,0.623,1
D7_placebo_g_B999,-0.002493989718321695,0.629,1
D7_placebo_g_B999,-0.002490924234714663,0.63,1
D7_placebo_g_B999,-0.0024878587511076317,0.632,1
D7_placebo_g_B999,-0.0024847932675005997,0.632,1
D7_placebo_g_B999,-0.0024817277838935685,0.633,1
D7_placebo_g_B999,-0.0024786623002865365,0.634,1
D7_placebo_g_B999,-0.0024755968166795053,0.637,1
D7_placebo_g_B999,-0.0024725313330724733,0.637,1
D7_placebo_g_B999,-0.002469465849465442,0.64,1
D7_placebo_g_B999,-0.00246640036585841,0.64,1
D7_placebo_g_B999,-0.002463334882251379,0.646,1
D7_placebo_g_B999,-0.002460269398644347,0.646,1
D7_placebo_g_B999,-0.0024572039150373157,0.646,1
D7_placebo_g_B999,-0.0024541384314302837,0.647,1
D7_placebo_g_B999,-0.0024510729478232525,0.649,1
D7_placebo_g_B999,-0.0024480074642162205,0.65,1
D7_placebo_g_B999,-0.0024449419806091893,0.652,1
D7_placebo_g_B999,-0.0024418764970021573,0.653,1
D7_placebo_g_B999,-0.002438811013395126,0.657,1
D7_placebo_g_B999,-0.002435745529788094,0.657,1
D7_placebo_g_B999,-0.002432680046181063,0.658,1
D7_placebo_g_B999,-0.002429614562574031,0.66,1
D7_placebo_g_B999,-0.0024265490789669997,0.661,1
D7_placebo_g_B999,-0.0024234835953599676,0.662,1
D7_placebo_g_B999,-0.0024204181117529356,0.665,1
D7_placebo_g_B999,-0.0024173526281459044,0.665,1
D7_placebo_g_B999,-0.0024142871445388724,0.667,1
D7_placebo_g_B999,-0.0024112216609318412,0.67,1
D7_placebo_g_B999,-0.002408156177324809,0.672,1
D7_placebo_g_B999,-0.002405090693717778,0.672,1
D7_placebo_g_B999,-0.002402025210110746,0.677,1
D7_placebo_g_B999,-0.002398959726503715,0.681,1
D7_placebo_g_B999,-0.0023958942428966828,0.682,1
D7_placebo_g_B999,-0.0023928287592896516,0.683,1
D7_placebo_g_B999,-0.0023897632756826196,0.686,1
D7_placebo_g_B999,-0.0023866977920755884,0.686,1
D7_placebo_g_B999,-0.0023836323084685564,0.686,1
D7_placebo_g_B999,-0.002380566824861525,0.688,1
D7_placebo_g_B999,-0.002377501341254493,0.691,1
D7_placebo_g_B999,-0.002374435857647462,0.692,1
D7_placebo_g_B999,-0.00237137037404043,0.693,1
D7_placebo_g_B999,-0.002368304890433399,0.696,1
D7_placebo_g_B999,-0.0023652394068263667,0.697,1
D7_placebo_g_B999,-0.0023621739232193356,0.7,1
D7_placebo_g_B999,-0.0023591084396123035,0.703,1
D7_placebo_g_B999,-0.0023560429560052724,0.707,1
D7_placebo_g_B999,-0.0023529774723982403,0.708,1
D7_placebo_g_B999,-0.002349911988791209,0.708,1
D7_placebo_g_B999,-0.002346846505184177,0.712,1
D7_placebo_g_B999,-0.002343781021577146,0.714,1
D7_placebo_g_B999,-0.002340715537970114,0.718,1
D7_placebo_g_B999,-0.0023376500543630828,0.721,1
D7_placebo_g_B999,-0.0023345845707560507,0.724,1
D7_placebo_g_B999,-0.0023315190871490196,0.727,1
D7_placebo_g_B999,-0.0023284536035419875,0.73,1
D7_placebo_g_B999,-0.0023253881199349563,0.734,1
D7_placebo_g_B999,-0.0023223226363279243,0.734,1
D7_placebo_g_B999,-0.002319257152720893,0.736,1
D7_placebo_g_B999,-0.002316191669113861,0.738,1
D7_placebo_g_B999,-0.00231312618550683,0.739,1
D7_placebo_g_B999,-0.002310060701899798,0.743,1
D7_placebo_g_B999,-0.0023069952182927667,0.745,1
D7_placebo_g_B999,-0.0023039297346857347,0.748,1
D7_placebo_g_B999,-0.0023008642510787035,0.749,1
D7_placebo_g_B999,-0.0022977987674716715,0.751,1
D7_placebo_g_B999,-0.0022947332838646403,0.752,1
D7_placebo_g_B999,-0.0022916678002576083,0.754,1
D7_placebo_g_B999,-0.002288602316650577,0.755,1
D7_placebo_g_B999,-0.002285536833043545,0.758,1
D7_placebo_g_B999,-0.002282471349436514,0.759,1
D7_placebo_g_B999,-0.002279405865829482,0.76,1
D7_placebo_g_B999,-0.0022763403822224507,0.761,1
D7_placebo_g_B999,-0.0022732748986154187,0.764,1
D7_placebo_g_B999,-0.0022702094150083875,0.766,1
D7_placebo_g_B999,-0.0022671439314013555,0.768,1
D7_placebo_g_B999,-0.0022640784477943243,0.771,1
D7_placebo_g_B999,-0.0022610129641872923,0.776,1
D7_placebo_g_B999,-0.002257947480580261,0.777,1
D7_placebo_g_B999,-0.002254881996973229,0.779,1
D7_placebo_g_B999,-0.002251816513366198,0.781,1
D7_placebo_g_B999,-0.002248751029759166,0.783,1
D7_placebo_g_B999,-0.0022456855461521347,0.785,1
D7_placebo_g_B999,-0.0022426200625451026,0.788,1
D7_placebo_g_B999,-0.0022395545789380715,0.791,1
D7_placebo_g_B999,-0.0022364890953310394,0.791,1
D7_placebo_g_B999,-0.0022334236117240083,0.793,1
D7_placebo_g_B999,-0.0022303581281169762,0.795,1
D7_placebo_g_B999,-0.002227292644509945,0.797,1
D7_placebo_g_B999,-0.002224227160902913,0.799,1
D7_placebo_g_B999,-0.002221161677295882,0.799,1
D7_placebo_g_B999,-0.00221809619368885,0.799,1
D7_placebo_g_B999,-0.0022150307100818186,0.801,1
D7_placebo_g_B999,-0.0022119652264747866,0.803,1
D7_placebo_g_B999,-0.0022088997428677554,0.804,1
D7_placebo_g_B999,-0.0022058342592607234,0.807,1
D7_placebo_g_B999,-0.0022027687756536922,0.808,1
D7_placebo_g_B999,-0.00219970329204666,0.81,1
D7_placebo_g_B999,-0.002196637808439628,0.814,1
D7_placebo_g_B999,-0.002193572324832597,0.816,1
D7_placebo_g_B999,-0.002190506841225565,0.819,1
D7_placebo_g_B999,-0.0021874413576185338,0.821,1
D7_placebo_g_B999,-0.0021843758740115017,0.823,1
D7_placebo_g_B999,-0.0021813103904044706,0.825,1
D7_placebo_g_B999,-0.0021782449067974385,0.826,1
D7_placebo_g_B999,-0.0021751794231904074,0.828,1
D7_placebo_g_B999,-0.0021721139395833753,0.828,1
D7_placebo_g_B999,-0.002169048455976344,0.83,1
D7_placebo_g_B999,-0.002165982972369312,0.831,1
D7_placebo_g_B999,-0.002162917488762281,0.831,1
D7_placebo_g_B999,-0.002159852005155249,0.833,1
D7_placebo_g_B999,-0.0021567865215482178,0.836,1
D7_placebo_g_B999,-0.0021537210379411857,0.838,1
D7_placebo_g_B999,-0.0021506555543341545,0.84,1
D7_placebo_g_B999,-0.0021475900707271225,0.843,1
D7_placebo_g_B999,-0.0021445245871200913,0.843,1
D7_placebo_g_B999,-0.0021414591035130593,0.844,1
D7_placebo_g_B999,-0.002138393619906028,0.845,1
D7_placebo_g_B999,-0.002135328136298996,0.846,1
D7_placebo_g_B999,-0.002132262652691965,0.849,1
D7_placebo_g_B999,-0.002129197169084933,0.851,1
D7_placebo_g_B999,-0.0021261316854779017,0.853,1
D7_placebo_g_B999,-0.0021230662018708697,0.856,1
D7_placebo_g_B999,-0.0021200007182638385,0.858,1
D7_placebo_g_B999,-0.0021169352346568065,0.862,1
D7_placebo_g_B999,-0.0021138697510497753,0.865,1
D7_placebo_g_B999,-0.0021108042674427433,0.865,1
D7_placebo_g_B999,-0.002107738783835712,0.868,1
D7_placebo_g_B999,-0.00210467330022868,0.869,1
D7_placebo_g_B999,-0.002101607816621649,0.87,1
D7_placebo_g_B999,-0.002098542333014617,0.873,1
D7_placebo_g_B999,-0.0020954768494075857,0.873,1
D7_placebo_g_B999,-0.0020924113658005537,0.873,1
D7_placebo_g_B999,-0.0020893458821935225,0.876,1
D7_placebo_g_B999,-0.0020862803985864905,0.877,1
D7_placebo_g_B999,-0.0020832149149794593,0.877,1
D7_placebo_g_B999,-0.0020801494313724272,0.878,1
D7_placebo_g_B999,-0.002077083947765396,0.88,1
D7_placebo_g_B999,-0.002074018464158364,0.881,1
D7_placebo_g_B999,-0.002070952980551333,0.883,1
D7_placebo_g_B999,-0.002067887496944301,0.885,1
D7_placebo_g_B999,-0.0020648220133372697,0.888,1
D7_placebo_g_B999,-0.0020617565297302376,0.89,1
D7_placebo_g_B999,-0.0020586910461232065,0.891,1
D7_placebo_g_B999,-0.0020556255625161744,0.894,1
D7_placebo_g_B999,-0.0020525600789091433,0.895,1
D7_placebo_g_B999,-0.0020494945953021112,0.899,1
D7_placebo_g_B999,-0.00204642911169508,0.904,1
D7_placebo_g_B999,-0.002043363628088048,0.904,1
D7_placebo_g_B999,-0.002040298144481017,0.906,1
D7_placebo_g_B999,-0.002037232660873985,0.909,1
D7_placebo_g_B999,-0.0020341671772669536,0.911,1
D7_placebo_g_B999,-0.0020311016936599216,0.914,1
D7_placebo_g_B999,-0.0020280362100528904,0.915,1
D7_placebo_g_B999,-0.0020249707264458584,0.916,1
D7_placebo_g_B999,-0.0020219052428388272,0.922,1
D7_placebo_g_B999,-0.002018839759231795,0.922,1
D7_placebo_g_B999,-0.002015774275624764,0.923,1
D7_placebo_g_B999,-0.002012708792017732,0.927,1
D7_placebo_g_B999,-0.002009643308410701,0.929,1
D7_placebo_g_B999,-0.0020065778248036688,0.932,1
D7_placebo_g_B999,-0.0020035123411966376,0.934,1
D7_placebo_g_B999,-0.0020004468575896056,0.937,1
D7_placebo_g_B999,-0.0019973813739825744,0.94,1
D7_placebo_g_B999,-0.0019943158903755424,0.942,1
D7_placebo_g_B999,-0.001991250406768511,0.942,1
D7_placebo_g_B999,-0.001988184923161479,0.943,1
D7_placebo_g_B999,-0.001985119439554448,0.947,1
D7_placebo_g_B999,-0.001982053955947416,0.947,1
D7_placebo_g_B999,-0.001978988472340385,0.947,1
D7_placebo_g_B999,-0.0019759229887333528,0.949,1
D7_placebo_g_B999,-0.0019728575051263207,0.95,1
D7_placebo_g_B999,-0.0019697920215192895,0.952,1
D7_placebo_g_B999,-0.0019667265379122575,0.954,1
D7_placebo_g_B999,-0.0019636610543052263,0.955,1
D7_placebo_g_B999,-0.0019605955706981943,0.955,1
D7_placebo_g_B999,-0.001957530087091163,0.957,1
D7_placebo_g_B999,-0.001954464603484131,0.959,1
D7_placebo_g_B999,-0.0019513991198771,0.959,1
D7_placebo_g_B999,-0.001948333636270068,0.963,1
D7_placebo_g_B999,-0.0019452681526630367,0.966,1
D7_placebo_g_B999,-0.0019422026690560047,0.967,1
D7_placebo_g_B999,-0.0019391371854489735,0.968,1
D7_placebo_g_B999,-0.0019360717018419415,0.972,1
D7_placebo_g_B999,-0.0019330062182349103,0.972,1
D7_placebo_g_B999,-0.0019299407346278783,0.974,1
D7_placebo_g_B999,-0.001926875251020847,0.974,1
D7_placebo_g_B999,-0.001923809767413815,0.976,1
D7_placebo_g_B999,-0.001920744283806784,0.98,1
D7_placebo_g_B999,-0.0019176788001997519,0.983,1
D7_placebo_g_B999,-0.0019146133165927207,0.986,1
D7_placebo_g_B999,-0.0019115478329856887,0.989,1
D7_placebo_g_B999,-0.0019084823493786575,0.994,1
D7_placebo_g_B999,-0.0019054168657716255,0.995,1
D7_placebo_g_B999,-0.0019023513821645943,0.999,1
D7_placebo_g_B999,-0.0018992858985575622,1.0,1
D7_placebo_g_B999,-0.001896220414950531,1.0,1
D7_placebo_g_B999,-0.001893154931343499,0.996,1
D7_placebo_g_B999,-0.0018900894477364679,0.992,1
D7_placebo_g_B999,-0.0018870239641294358,0.992,1
D7_placebo_g_B999,-0.0018839584805224047,0.99,1
D7_placebo_g_B999,-0.0018808929969153726,0.986,1
D7_placebo_g_B999,-0.0018778275133083415,0.983,1
D7_placebo_g_B999,-0.0018747620297013094,0.981,1
D7_placebo_g_B999,-0.0018716965460942783,0.979,1
D7_placebo_g_B999,-0.0018686310624872462,0.975,1
D7_placebo_g_B999,-0.001865565578880215,0.972,1
D7_placebo_g_B999,-0.001862500095273183,0.972,1
D7_placebo_g_B999,-0.0018594346116661518,0.97,1
D7_placebo_g_B999,-0.0018563691280591198,0.968,1
D7_placebo_g_B999,-0.0018533036444520886,0.965,1
D7_placebo_g_B999,-0.0018502381608450566,0.964,1
D7_placebo_g_B999,-0.0018471726772380254,0.962,1
D7_placebo_g_B999,-0.0018441071936309934,0.961,1
D7_placebo_g_B999,-0.0018410417100239622,0.961,1
D7_placebo_g_B999,-0.0018379762264169302,0.96,1
D7_placebo_g_B999,-0.001834910742809899,0.959,1
D7_placebo_g_B999,-0.001831845259202867,0.957,1
D7_placebo_g_B999,-0.0018287797755958358,0.955,1
D7_placebo_g_B999,-0.0018257142919888038,0.952,1
D7_placebo_g_B999,-0.0018226488083817726,0.951,1
D7_placebo_g_B999,-0.0018195833247747406,0.947,1
D7_placebo_g_B999,-0.0018165178411677094,0.942,1
D7_placebo_g_B999,-0.0018134523575606774,0.937,1
D7_placebo_g_B999,-0.0018103868739536462,0.934,1
D7_placebo_g_B999,-0.0018073213903466142,0.931,1
D7_placebo_g_B999,-0.001804255906739583,0.929,1
D7_placebo_g_B999,-0.001801190423132551,0.927,1
D7_placebo_g_B999,-0.0017981249395255198,0.925,1
D7_placebo_g_B999,-0.0017950594559184877,0.924,1
D7_placebo_g_B999,-0.0017919939723114566,0.921,1
D7_placebo_g_B999,-0.0017889284887044245,0.918,1
D7_placebo_g_B999,-0.0017858630050973934,0.918,1
D7_placebo_g_B999,-0.0017827975214903613,0.917,1
D7_placebo_g_B999,-0.0017797320378833302,0.917,1
D7_placebo_g_B999,-0.0017766665542762981,0.911,1
D7_placebo_g_B999,-0.001773601070669267,0.911,1
D7_placebo_g_B999,-0.001770535587062235,0.91,1
D7_placebo_g_B999,-0.0017674701034552038,0.907,1
D7_placebo_g_B999,-0.0017644046198481717,0.904,1
D7_placebo_g_B999,-0.0017613391362411406,0.901,1
D7_placebo_g_B999,-0.0017582736526341085,0.898,1
D7_placebo_g_B999,-0.0017552081690270773,0.897,1
D7_placebo_g_B999,-0.0017521426854200453,0.896,1
D7_placebo_g_B999,-0.0017490772018130133,0.893,1
D7_placebo_g_B999,-0.001746011718205982,0.893,1
D7_placebo_g_B999,-0.00174294623459895,0.89,1
D7_placebo_g_B999,-0.001739880750991919,0.888,1
D7_placebo_g_B999,-0.0017368152673848869,0.886,1
D7_placebo_g_B999,-0.0017337497837778557,0.885,1
D7_placebo_g_B999,-0.0017306843001708237,0.882,1
D7_placebo_g_B999,-0.0017276188165637925,0.881,1
D7_placebo_g_B999,-0.0017245533329567604,0.88,1
D7_placebo_g_B999,-0.0017214878493497293,0.878,1
D7_placebo_g_B999,-0.0017184223657426972,0.876,1
D7_placebo_g_B999,-0.001715356882135666,0.876,1
D7_placebo_g_B999,-0.001712291398528634,0.874,1
D7_placebo_g_B999,-0.0017092259149216029,0.872,1
D7_placebo_g_B999,-0.0017061604313145708,0.869,1
D7_placebo_g_B999,-0.0017030949477075397,0.868,1
D7_placebo_g_B999,-0.0017000294641005076,0.867,1
D7_placebo_g_B999,-0.0016969639804934765,0.865,1
D7_placebo_g_B999,-0.0016938984968864444,0.862,1
D7_placebo_g_B999,-0.0016908330132794133,0.859,1
D7_placebo_g_B999,-0.0016877675296723812,0.853,1
D7_placebo_g_B999,-0.00168470204606535,0.852,1
D7_placebo_g_B999,-0.001681636562458318,0.851,1
D7_placebo_g_B999,-0.0016785710788512868,0.85,1
D7_placebo_g_B999,-0.0016755055952442548,0.846,1
D7_placebo_g_B999,-0.0016724401116372236,0.845,1
D7_placebo_g_B999,-0.0016693746280301916,0.842,1
D7_placebo_g_B999,-0.0016663091444231604,0.838,1
D7_placebo_g_B999,-0.0016632436608161284,0.835,1
D7_placebo_g_B999,-0.0016601781772090972,0.834,1
D7_placebo_g_B999,-0.0016571126936020652,0.832,1
D7_placebo_g_B999,-0.001654047209995034,0.829,1
D7_placebo_g_B999,-0.001650981726388002,0.824,1
D7_placebo_g_B999,-0.0016479162427809708,0.82,1
D7_placebo_g_B999,-0.0016448507591739388,0.817,1
D7_placebo_g_B999,-0.0016417852755669076,0.814,1
D7_placebo_g_B999,-0.0016387197919598756,0.814,1
D7_placebo_g_B999,-0.0016356543083528444,0.813,1
D7_placebo_g_B999,-0.0016325888247458124,0.81,1
D7_placebo_g_B999,-0.0016295233411387812,0.809,1
D7_placebo_g_B999,-0.0016264578575317492,0.807,1
D7_placebo_g_B999,-0.001623392373924718,0.804,1
D7_placebo_g_B999,-0.001620326890317686,0.803,1
D7_placebo_g_B999,-0.0016172614067106548,0.802,1
D7_placebo_g_B999,-0.0016141959231036227,0.802,1
D7_placebo_g_B999,-0.0016111304394965916,0.799,1
D7_placebo_g_B999,-0.0016080649558895595,0.796,1
D7_placebo_g_B999,-0.0016049994722825284,0.794,1
D7_placebo_g_B999,-0.0016019339886754963,0.792,1
D7_placebo_g_B999,-0.0015988685050684652,0.79,1
D7_placebo_g_B999,-0.0015958030214614331,0.788,1
D7_placebo_g_B999,-0.001592737537854402,0.787,1
D7_placebo_g_B999,-0.00158967205424737,0.787,1
D7_placebo_g_B999,-0.0015866065706403388,0.785,1
D7_placebo_g_B999,-0.0015835410870333067,0.785,1
D7_placebo_g_B999,-0.0015804756034262755,0.784,1
D7_placebo_g_B999,-0.0015774101198192435,0.783,1
D7_placebo_g_B999,-0.0015743446362122123,0.781,1
D7_placebo_g_B999,-0.0015712791526051803,0.78,1
D7_placebo_g_B999,-0.0015682136689981491,0.776,1
D7_placebo_g_B999,-0.001565148185391117,0.775,1
D7_placebo_g_B999,-0.001562082701784086,0.774,1
D7_placebo_g_B999,-0.001559017218177054,0.771,1
D7_placebo_g_B999,-0.0015559517345700227,0.77,1
D7_placebo_g_B999,-0.0015528862509629907,0.766,1
D7_placebo_g_B999,-0.0015498207673559595,0.762,1
D7_placebo_g_B999,-0.0015467552837489275,0.759,1
D7_placebo_g_B999,-0.0015436898001418963,0.756,1
D7_placebo_g_B999,-0.0015406243165348643,0.756,1
D7_placebo_g_B999,-0.0015375588329278331,0.753,1
D7_placebo_g_B999,-0.001534493349320801,0.751,1
D7_placebo_g_B999,-0.00153142786571377,0.748,1
D7_placebo_g_B999,-0.0015283623821067379,0.748,1
D7_placebo_g_B999,-0.0015252968984997058,0.747,1
D7_placebo_g_B999,-0.0015222314148926747,0.745,1
D7_placebo_g_B999,-0.0015191659312856426,0.744,1
D7_placebo_g_B999,-0.0015161004476786115,0.742,1
D7_placebo_g_B999,-0.0015130349640715794,0.739,1
D7_placebo_g_B999,-0.0015099694804645482,0.736,1
D7_placebo_g_B999,-0.0015069039968575162,0.735,1
D7_placebo_g_B999,-0.001503838513250485,0.733,1
D7_placebo_g_B999,-0.001500773029643453,0.731,1
D7_placebo_g_B999,-0.0014977075460364218,0.73,1
D7_placebo_g_B999,-0.0014946420624293898,0.729,1
D7_placebo_g_B999,-0.0014915765788223586,0.728,1
D7_placebo_g_B999,-0.0014885110952153266,0.727,1
D7_placebo_g_B999,-0.0014854456116082954,0.724,1
D7_placebo_g_B999,-0.0014823801280012634,0.723,1
D7_placebo_g_B999,-0.0014793146443942322,0.719,1
D7_placebo_g_B999,-0.0014762491607872002,0.719,1
D7_placebo_g_B999,-0.001473183677180169,0.713,1
D7_placebo_g_B999,-0.001470118193573137,0.712,1
D7_placebo_g_B999,-0.0014670527099661058,0.71,1
D7_placebo_g_B999,-0.0014639872263590738,0.708,1
D7_placebo_g_B999,-0.0014609217427520426,0.708,1
D7_placebo_g_B999,-0.0014578562591450106,0.703,1
D7_placebo_g_B999,-0.0014547907755379794,0.703,1
D7_placebo_g_B999,-0.0014517252919309474,0.7,1
D7_placebo_g_B999,-0.0014486598083239162,0.698,1
D7_placebo_g_B999,-0.0014455943247168842,0.698,1
D7_placebo_g_B999,-0.001442528841109853,0.697,1
D7_placebo_g_B999,-0.001439463357502821,0.695,1
D7_placebo_g_B999,-0.0014363978738957898,0.694,1
D7_placebo_g_B999,-0.0014333323902887577,0.694,1
D7_placebo_g_B999,-0.0014302669066817266,0.692,1
D7_placebo_g_B999,-0.0014272014230746945,0.69,1
D7_placebo_g_B999,-0.0014241359394676634,0.689,1
D7_placebo_g_B999,-0.0014210704558606313,0.686,1
D7_placebo_g_B999,-0.0014180049722536002,0.685,1
D7_placebo_g_B999,-0.0014149394886465681,0.681,1
D7_placebo_g_B999,-0.001411874005039537,0.675,1
D7_placebo_g_B999,-0.001408808521432505,0.675,1
D7_placebo_g_B999,-0.0014057430378254738,0.674,1
D7_placebo_g_B999,-0.0014026775542184417,0.671,1
D7_placebo_g_B999,-0.0013996120706114105,0.668,1
D7_placebo_g_B999,-0.0013965465870043785,0.667,1
D7_placebo_g_B999,-0.0013934811033973473,0.666,1
D7_placebo_g_B999,-0.0013904156197903153,0.663,1
D7_placebo_g_B999,-0.0013873501361832841,0.661,1
D7_placebo_g_B999,-0.001384284652576252,0.66,1
D7_placebo_g_B999,-0.001381219168969221,0.66,1
D7_placebo_g_B999,-0.001378153685362189,0.657,1
D7_placebo_g_B999,-0.0013750882017551577,0.656,1
D7_placebo_g_B999,-0.0013720227181481257,0.651,1
D7_placebo_g_B999,-0.0013689572345410945,0.649,1
D7_placebo_g_B999,-0.0013658917509340625,0.648,1
D7_placebo_g_B999,-0.0013628262673270313,0.645,1
D7_placebo_g_B999,-0.0013597607837199993,0.643,1
D7_placebo_g_B999,-0.001356695300112968,0.641,1
D7_placebo_g_B999,-0.001353629816505936,0.64,1
D7_placebo_g_B999,-0.001350564332898905,0.639,1
D7_placebo_g_B999,-0.0013474988492918729,0.635,1
D7_placebo_g_B999,-0.0013444333656848417,0.635,1
D7_placebo_g_B999,-0.0013413678820778097,0.634,1
D7_placebo_g_B999,-0.0013383023984707785,0.631,1
D7_placebo_g_B999,-0.0013352369148637465,0.629,1
D7_placebo_g_B999,-0.0013321714312567153,0.628,1
D7_placebo_g_B999,-0.0013291059476496832,0.627,1
D7_placebo_g_B999,-0.001326040464042652,0.624,1
D7_placebo_g_B999,-0.00132297498043562,0.622,1
D7_placebo_g_B999,-0.0013199094968285889,0.621,1
D7_placebo_g_B999,-0.0013168440132215568,0.621,1
D7_placebo_g_B999,-0.0013137785296145257,0.619,1
D7_placebo_g_B999,-0.0013107130460074936,0.617,1
D7_placebo_g_B999,-0.0013076475624004625,0.616,1
D7_placebo_g_B999,-0.0013045820787934304,0.615,1
D7_placebo_g_B999,-0.0013015165951863984,0.613,1
D7_placebo_g_B999,-0.0012984511115793672,0.608,1
D7_placebo_g_B999,-0.0012953856279723352,0.608,1
D7_placebo_g_B999,-0.001292320144365304,0.606,1
D7_placebo_g_B999,-0.001289254660758272,0.604,1
D7_placebo_g_B999,-0.0012861891771512408,0.604,1
D7_placebo_g_B999,-0.0012831236935442088,0.604,1
D7_placebo_g_B999,-0.0012800582099371776,0.602,1
D7_placebo_g_B999,-0.0012769927263301456,0.602,1
D7_placebo_g_B999,-0.0012739272427231144,0.601,1
D7_placebo_g_B999,-0.0012708617591160824,0.601,1
D7_placebo_g_B999,-0.0012677962755090512,0.6,1
D7_placebo_g_B999,-0.0012647307919020192,0.599,1
D7_placebo_g_B999,-0.001261665308294988,0.598,1
D7_placebo_g_B999,-0.001258599824687956,0.597,1
D7_placebo_g_B999,-0.0012555343410809248,0.596,1
D7_placebo_g_B999,-0.0012524688574738927,0.591,1
D7_placebo_g_B999,-0.0012494033738668616,0.589,1
D7_placebo_g_B999,-0.0012463378902598295,0.585,1
D7_placebo_g_B999,-0.0012432724066527984,0.582,1
D7_placebo_g_B999,-0.0012402069230457663,0.582,1
D7_placebo_g_B999,-0.0012371414394387352,0.581,1
D7_placebo_g_B999,-0.0012340759558317031,0.579,1
D7_placebo_g_B999,-0.001231010472224672,0.576,1
D7_placebo_g_B999,-0.00122794498861764,0.574,1
D7_placebo_g_B999,-0.0012248795050106088,0.572,1
D7_placebo_g_B999,-0.0012218140214035767,0.571,1
D7_placebo_g_B999,-0.0012187485377965455,0.571,1
D7_placebo_g_B999,-0.0012156830541895135,0.571,1
D7_placebo_g_B999,-0.0012126175705824823,0.571,1
D7_placebo_g_B999,-0.0012095520869754503,0.57,1
D7_placebo_g_B999,-0.0012064866033684191,0.568,1
D7_placebo_g_B999,-0.001203421119761387,0.567,1
D7_placebo_g_B999,-0.001200355636154356,0.566,1
D7_placebo_g_B999,-0.0011972901525473239,0.564,1
D7_placebo_g_B999,-0.0011942246689402927,0.564,1
D7_placebo_g_B999,-0.0011911591853332607,0.561,1
D7_placebo_g_B999,-0.0011880937017262295,0.56,1
D7_placebo_g_B999,-0.0011850282181191975,0.559,1
D7_placebo_g_B999,-0.0011819627345121663,0.555,1
D7_placebo_g_B999,-0.0011788972509051343,0.554,1
D7_placebo_g_B999,-0.001175831767298103,0.551,1
D7_placebo_g_B999,-0.001172766283691071,0.551,1
D7_placebo_g_B999,-0.00116970080008404,0.549,1
D7_placebo_g_B999,-0.0011666353164770079,0.548,1
D7_placebo_g_B999,-0.0011635698328699767,0.546,1
D7_placebo_g_B999,-0.0011605043492629447,0.543,1
D7_placebo_g_B999,-0.0011574388656559135,0.542,1
D7_placebo_g_B999,-0.0011543733820488815,0.541,1
D7_placebo_g_B999,-0.0011513078984418503,0.539,1
D7_placebo_g_B999,-0.0011482424148348182,0.537,1
D7_placebo_g_B999,-0.001145176931227787,0.536,1
D7_placebo_g_B999,-0.001142111447620755,0.535,1
D7_placebo_g_B999,-0.0011390459640137239,0.535,1
D7_placebo_g_B999,-0.0011359804804066918,0.532,1
D7_placebo_g_B999,-0.0011329149967996607,0.531,1
D7_placebo_g_B999,-0.0011298495131926286,0.529,1
D7_placebo_g_B999,-0.0011267840295855975,0.529,1
D7_placebo_g_B999,-0.0011237185459785654,0.528,1
D7_placebo_g_B999,-0.0011206530623715343,0.528,1
D7_placebo_g_B999,-0.0011175875787645022,0.525,1
D7_placebo_g_B999,-0.001114522095157471,0.522,1
D7_placebo_g_B999,-0.001111456611550439,0.521,1
D7_placebo_g_B999,-0.0011083911279434078,0.52,1
D7_placebo_g_B999,-0.0011053256443363758,0.519,1
D7_placebo_g_B999,-0.0011022601607293446,0.518,1
D7_placebo_g_B999,-0.0010991946771223126,0.515,1
D7_placebo_g_B999,-0.0010961291935152814,0.515,1
D7_placebo_g_B999,-0.0010930637099082494,0.514,1
D7_placebo_g_B999,-0.0010899982263012182,0.511,1
D7_placebo_g_B999,-0.0010869327426941862,0.511,1
D7_placebo_g_B999,-0.001083867259087155,0.511,1
D7_placebo_g_B999,-0.001080801775480123,0.511,1
D7_placebo_g_B999,-0.001077736291873091,0.51,1
D7_placebo_g_B999,-0.0010746708082660598,0.509,1
D7_placebo_g_B999,-0.0010716053246590277,0.508,1
D7_placebo_g_B999,-0.0010685398410519966,0.507,1
D7_placebo_g_B999,-0.0010654743574449645,0.506,1
D7_placebo_g_B999,-0.0010624088738379334,0.502,1
D7_placebo_g_B999,-0.0010593433902309013,0.501,1
D7_placebo_g_B999,-0.0010562779066238702,0.5,1
D7_placebo_g_B999,-0.0010532124230168381,0.5,1
D7_placebo_g_B999,-0.001050146939409807,0.499,1
D7_placebo_g_B999,-0.001047081455802775,0.497,1
D7_placebo_g_B999,-0.0010440159721957437,0.496,1
D7_placebo_g_B999,-0.0010409504885887117,0.494,1
D7_placebo_g_B999,-0.0010378850049816805,0.49,1
D7_placebo_g_B999,-0.0010348195213746485,0.489,1
D7_placebo_g_B999,-0.0010317540377676173,0.486,1
D7_placebo_g_B999,-0.0010286885541605853,0.483,1
D7_placebo_g_B999,-0.0010256230705535541,0.482,1
D7_placebo_g_B999,-0.001022557586946522,0.48,1
D7_placebo_g_B999,-0.001019492103339491,0.48,1
D7_placebo_g_B999,-0.0010164266197324589,0.48,1
D7_placebo_g_B999,-0.0010133611361254277,0.477,1
D7_placebo_g_B999,-0.0010102956525183957,0.475,1
D7_placebo_g_B999,-0.0010072301689113645,0.471,1
D7_placebo_g_B999,-0.0010041646853043325,0.471,1
D7_placebo_g_B999,-0.0010010992016973013,0.471,1
D7_placebo_g_B999,-0.0009980337180902693,0.468,1
D7_placebo_g_B999,-0.000994968234483238,0.466,1
D7_placebo_g_B999,-0.000991902750876206,0.465,1
D7_placebo_g_B999,-0.000988837267269175,0.464,1
D7_placebo_g_B999,-0.0009857717836621429,0.463,1
D7_placebo_g_B999,-0.0009827063000551117,0.46,1
D7_placebo_g_B999,-0.0009796408164480797,0.458,1
D7_placebo_g_B999,-0.0009765753328410485,0.457,1
D7_placebo_g_B999,-0.0009735098492340164,0.455,1
D7_placebo_g_B999,-0.0009704443656269853,0.454,1
D7_placebo_g_B999,-0.0009673788820199532,0.454,1
D7_placebo_g_B999,-0.0009643133984129221,0.453,1
D7_placebo_g_B999,-0.00096124791480589,0.452,1
D7_placebo_g_B999,-0.0009581824311988589,0.449,1
D7_placebo_g_B999,-0.0009551169475918268,0.449,1
D7_placebo_g_B999,-0.0009520514639847957,0.448,1
D7_placebo_g_B999,-0.0009489859803777636,0.447,1
D7_placebo_g_B999,-0.0009459204967707325,0.446,1
D7_placebo_g_B999,-0.0009428550131637004,0.444,1
D7_placebo_g_B999,-0.0009397895295566693,0.444,1
D7_placebo_g_B999,-0.0009367240459496372,0.442,1
D7_placebo_g_B999,-0.000933658562342606,0.44,1
D7_placebo_g_B999,-0.000930593078735574,0.438,1
D7_placebo_g_B999,-0.0009275275951285428,0.434,1
D7_placebo_g_B999,-0.0009244621115215108,0.432,1
D7_placebo_g_B999,-0.0009213966279144796,0.429,1
D7_placebo_g_B999,-0.0009183311443074476,0.429,1
D7_placebo_g_B999,-0.0009152656607004164,0.426,1
D7_placebo_g_B999,-0.0009122001770933844,0.423,1
D7_placebo_g_B999,-0.0009091346934863532,0.423,1
D7_placebo_g_B999,-0.0009060692098793212,0.423,1
D7_placebo_g_B999,-0.00090300372627229,0.421,1
D7_placebo_g_B999,-0.000899938242665258,0.417,1
D7_placebo_g_B999,-0.0008968727590582268,0.414,1
D7_placebo_g_B999,-0.0008938072754511948,0.412,1
D7_placebo_g_B999,-0.0008907417918441636,0.409,1
D7_placebo_g_B999,-0.0008876763082371316,0.409,1
D7_placebo_g_B999,-0.0008846108246301004,0.409,1
D7_placebo_g_B999,-0.0008815453410230684,0.407,1
D7_placebo_g_B999,-0.0008784798574160372,0.406,1
D7_placebo_g_B999,-0.0008754143738090052,0.405,1
D7_placebo_g_B999,-0.000872348890201974,0.403,1
D7_placebo_g_B999,-0.000869283406594942,0.403,1
D7_placebo_g_B999,-0.0008662179229879108,0.401,1
D7_placebo_g_B999,-0.0008631524393808787,0.4,1
D7_placebo_g_B999,-0.0008600869557738476,0.4,1
D7_placebo_g_B999,-0.0008570214721668155,0.398,1
D7_placebo_g_B999,-0.0008539559885597835,0.396,1
D7_placebo_g_B999,-0.0008508905049527523,0.396,1
D7_placebo_g_B999,-0.0008478250213457203,0.394,1
D7_placebo_g_B999,-0.0008447595377386891,0.394,1
D7_placebo_g_B999,-0.0008416940541316571,0.394,1
D7_placebo_g_B999,-0.0008386285705246259,0.391,1
D7_placebo_g_B999,-0.0008355630869175939,0.388,1
D7_placebo_g_B999,-0.0008324976033105627,0.388,1
D7_placebo_g_B999,-0.0008294321197035307,0.387,1
D7_placebo_g_B999,-0.0008263666360964995,0.384,1
D7_placebo_g_B999,-0.0008233011524894675,0.382,1
D7_placebo_g_B999,-0.0008202356688824363,0.381,1
D7_placebo_g_B999,-0.0008171701852754043,0.38,1
D7_placebo_g_B999,-0.0008141047016683731,0.379,1
D7_placebo_g_B999,-0.0008110392180613411,0.378,1
D7_placebo_g_B999,-0.0008079737344543099,0.378,1
D7_placebo_g_B999,-0.0008049082508472779,0.376,1
D7_placebo_g_B999,-0.0008018427672402467,0.375,1
D7_placebo_g_B999,-0.0007987772836332147,0.374,1
D7_placebo_g_B999,-0.0007957118000261835,0.371,1
D7_placebo_g_B999,-0.0007926463164191514,0.368,1
D7_placebo_g_B999,-0.0007895808328121203,0.367,1
D7_placebo_g_B999,-0.0007865153492050882,0.366,1
D7_placebo_g_B999,-0.0007834498655980571,0.366,1
D7_placebo_g_B999,-0.000780384381991025,0.364,1
D7_placebo_g_B999,-0.0007773188983839939,0.364,1
D7_placebo_g_B999,-0.0007742534147769618,0.363,1
D7_placebo_g_B999,-0.0007711879311699307,0.362,1
D7_placebo_g_B999,-0.0007681224475628986,0.362,1
D7_placebo_g_B999,-0.0007650569639558675,0.361,1
D7_placebo_g_B999,-0.0007619914803488354,0.36,1
D7_placebo_g_B999,-0.0007589259967418042,0.359,1
D7_placebo_g_B999,-0.0007558605131347722,0.358,1
D7_placebo_g_B999,-0.000752795029527741,0.356,1
D7_placebo_g_B999,-0.000749729545920709,0.356,1
D7_placebo_g_B999,-0.0007466640623136778,0.356,1
D7_placebo_g_B999,-0.0007435985787066458,0.355,1
D7_placebo_g_B999,-0.0007405330950996146,0.355,1
D7_placebo_g_B999,-0.0007374676114925826,0.353,1
D7_placebo_g_B999,-0.0007344021278855514,0.353,1
D7_placebo_g_B999,-0.0007313366442785194,0.35,1
D7_placebo_g_B999,-0.0007282711606714882,0.35,1
D7_placebo_g_B999,-0.0007252056770644562,0.35,1
D7_placebo_g_B999,-0.000722140193457425,0.349,1
D7_placebo_g_B999,-0.000719074709850393,0.349,1
D7_placebo_g_B999,-0.0007160092262433618,0.347,1
D7_placebo_g_B999,-0.0007129437426363298,0.345,1
D7_placebo_g_B999,-0.0007098782590292986,0.344,1
D7_placebo_g_B999,-0.0007068127754222666,0.344,1
D7_placebo_g_B999,-0.0007037472918152354,0.344,1
D7_placebo_g_B999,-0.0007006818082082034,0.342,1
D7_placebo_g_B999,-0.0006976163246011722,0.342,1
D7_placebo_g_B999,-0.0006945508409941402,0.338,1
D7_placebo_g_B999,-0.000691485357387109,0.338,1
D7_placebo_g_B999,-0.000688419873780077,0.338,1
D7_placebo_g_B999,-0.0006853543901730458,0.338,1
D7_placebo_g_B999,-0.0006822889065660137,0.337,1
D7_placebo_g_B999,-0.0006792234229589826,0.336,1
D7_placebo_g_B999,-0.0006761579393519505,0.336,1
D7_placebo_g_B999,-0.0006730924557449194,0.332,1
D7_placebo_g_B999,-0.0006700269721378873,0.331,1
D7_placebo_g_B999,-0.0006669614885308562,0.328,1
D7_placebo_g_B999,-0.0006638960049238241,0.328,1
D7_placebo_g_B999,-0.000660830521316793,0.327,1
D7_placebo_g_B999,-0.0006577650377097609,0.326,1
D7_placebo_g_B999,-0.0006546995541027298,0.324,1
D7_placebo_g_B999,-0.0006516340704956977,0.324,1
D7_placebo_g_B999,-0.0006485685868886665,0.322,1
D7_placebo_g_B999,-0.0006455031032816345,0.32,1
D7_placebo_g_B999,-0.0006424376196746033,0.316,1
D7_placebo_g_B999,-0.0006393721360675713,0.315,1
D7_placebo_g_B999,-0.0006363066524605401,0.315,1
D7_placebo_g_B999,-0.0006332411688535081,0.314,1
D7_placebo_g_B999,-0.0006301756852464761,0.312,1
D7_placebo_g_B999,-0.0006271102016394449,0.31,1
D7_placebo_g_B999,-0.0006240447180324129,0.31,1
D7_placebo_g_B999,-0.0006209792344253817,0.31,1
D7_placebo_g_B999,-0.0006179137508183496,0.31,1
D7_placebo_g_B999,-0.0006148482672113185,0.309,1
D7_placebo_g_B999,-0.0006117827836042864,0.309,1
D7_placebo_g_B999,-0.0006087172999972553,0.308,1
D7_placebo_g_B999,-0.0006056518163902232,0.307,1
D7_placebo_g_B999,-0.0006025863327831921,0.307,1
D7_placebo_g_B999,-0.00059952084917616,0.306,1
D7_placebo_g_B999,-0.0005964553655691289,0.303,1
D7_placebo_g_B999,-0.0005933898819620968,0.301,1
D7_placebo_g_B999,-0.0005903243983550657,0.299,1
D7_placebo_g_B999,-0.0005872589147480336,0.299,1
D7_placebo_g_B999,-0.0005841934311410025,0.296,1
D7_placebo_g_B999,-0.0005811279475339704,0.294,1
D7_placebo_g_B999,-0.0005780624639269392,0.293,1
D7_placebo_g_B999,-0.0005749969803199072,0.293,1
D7_placebo_g_B999,-0.000571931496712876,0.291,1
D7_placebo_g_B999,-0.000568866013105844,0.291,1
D7_placebo_g_B999,-0.0005658005294988128,0.289,1
D7_placebo_g_B999,-0.0005627350458917808,0.289,1
D7_placebo_g_B999,-0.0005596695622847496,0.289,1
D7_placebo_g_B999,-0.0005566040786777176,0.289,1
D7_placebo_g_B999,-0.0005535385950706864,0.289,1
D7_placebo_g_B999,-0.0005504731114636544,0.287,1
D7_placebo_g_B999,-0.0005474076278566232,0.284,1
D7_placebo_g_B999,-0.0005443421442495912,0.283,1
D7_placebo_g_B999,-0.00054127666064256,0.281,1
D7_placebo_g_B999,-0.000538211177035528,0.279,1
D7_placebo_g_B999,-0.0005351456934284968,0.279,1
D7_placebo_g_B999,-0.0005320802098214648,0.278,1
D7_placebo_g_B999,-0.0005290147262144336,0.278,1
D7_placebo_g_B999,-0.0005259492426074016,0.277,1
D7_placebo_g_B999,-0.0005228837590003704,0.276,1
D7_placebo_g_B999,-0.0005198182753933384,0.275,1
D7_placebo_g_B999,-0.0005167527917863072,0.275,1
D7_placebo_g_B999,-0.0005136873081792752,0.274,1
D7_placebo_g_B999,-0.000510621824572244,0.274,1
D7_placebo_g_B999,-0.000507556340965212,0.274,1
D7_placebo_g_B999,-0.0005044908573581808,0.272,1
D7_placebo_g_B999,-0.0005014253737511487,0.27,1
D7_placebo_g_B999,-0.0004983598901441176,0.268,1
D7_placebo_g_B999,-0.0004952944065370855,0.266,1
D7_placebo_g_B999,-0.0004922289229300544,0.265,1
D7_placebo_g_B999,-0.0004891634393230223,0.264,1
D7_placebo_g_B999,-0.00048609795571599116,0.263,1
D7_placebo_g_B999,-0.0004830324721089591,0.262,1
D7_placebo_g_B999,-0.00047996698850192795,0.262,1
D7_placebo_g_B999,-0.0004769015048948959,0.259,1
D7_placebo_g_B999,-0.00047383602128786475,0.259,1
D7_placebo_g_B999,-0.0004707705376808327,0.257,1
D7_placebo_g_B999,-0.00046770505407380154,0.257,1
D7_placebo_g_B999,-0.0004646395704667695,0.256,1
D7_placebo_g_B999,-0.00046157408685973834,0.256,1
D7_placebo_g_B999,-0.0004585086032527063,0.255,1
D7_placebo_g_B999,-0.00045544311964567513,0.255,1
D7_placebo_g_B999,-0.0004523776360386431,0.255,1
D7_placebo_g_B999,-0.0004493121524316119,0.254,1
D7_placebo_g_B999,-0.0004462466688245799,0.254,1
D7_placebo_g_B999,-0.0004431811852175487,0.254,1
D7_placebo_g_B999,-0.0004401157016105167,0.254,1
D7_placebo_g_B999,-0.0004370502180034855,0.252,1
D7_placebo_g_B999,-0.0004339847343964535,0.25,1
D7_placebo_g_B999,-0.0004309192507894223,0.25,1
D7_placebo_g_B999,-0.00042785376718239027,0.249,1
D7_placebo_g_B999,-0.0004247882835753591,0.249,1
D7_placebo_g_B999,-0.00042172279996832707,0.249,1
D7_placebo_g_B999,-0.0004186573163612959,0.248,1
D7_placebo_g_B999,-0.00041559183275426386,0.247,1
D7_placebo_g_B999,-0.0004125263491472327,0.246,1
D7_placebo_g_B999,-0.00040946086554020066,0.246,1
D7_placebo_g_B999,-0.0004063953819331686,0.245,1
D7_placebo_g_B999,-0.00040332989832613745,0.245,1
D7_placebo_g_B999,-0.0004002644147191054,0.244,1
D7_placebo_g_B999,-0.00039719893111207424,0.244,1
D7_placebo_g_B999,-0.0003941334475050422,0.243,1
D7_placebo_g_B999,-0.00039106796389801104,0.241,1
D7_placebo_g_B999,-0.000388002480290979,0.241,1
D7_placebo_g_B999,-0.00038493699668394783,0.239,1
D7_placebo_g_B999,-0.0003818715130769158,0.238,1
D7_placebo_g_B999,-0.0003788060294698846,0.237,1
D7_placebo_g_B999,-0.0003757405458628526,0.236,1
D7_placebo_g_B999,-0.0003726750622558214,0.236,1
D7_placebo_g_B999,-0.0003696095786487894,0.235,1
D7_placebo_g_B999,-0.0003665440950417582,0.234,1
D7_placebo_g_B999,-0.0003634786114347262,0.234,1
D7_placebo_g_B999,-0.000360413127827695,0.234,1
D7_placebo_g_B999,-0.000357347644220663,0.234,1
D7_placebo_g_B999,-0.0003542821606136318,0.234,1
D7_placebo_g_B999,-0.00035121667700659977,0.232,1
D7_placebo_g_B999,-0.0003481511933995686,0.231,1
D7_placebo_g_B999,-0.00034508570979253656,0.23,1
D7_placebo_g_B999,-0.0003420202261855054,0.23,1
D7_placebo_g_B999,-0.00033895474257847336,0.23,1
D7_placebo_g_B999,-0.0003358892589714422,0.229,1
D7_placebo_g_B999,-0.00033282377536441015,0.229,1
D7_placebo_g_B999,-0.000329758291757379,0.228,1
D7_placebo_g_B999,-0.00032669280815034694,0.226,1
D7_placebo_g_B999,-0.0003236273245433158,0.226,1
D7_placebo_g_B999,-0.00032056184093628374,0.223,1
D7_placebo_g_B999,-0.00031749635732925257,0.22,1
D7_placebo_g_B999,-0.00031443087372222053,0.219,1
D7_placebo_g_B999,-0.00031136539011518936,0.219,1
D7_placebo_g_B999,-0.00030829990650815733,0.219,1
D7_placebo_g_B999,-0.00030523442290112616,0.219,1
D7_placebo_g_B999,-0.0003021689392940941,0.218,1
D7_placebo_g_B999,-0.00029910345568706295,0.218,1
D7_placebo_g_B999,-0.0002960379720800309,0.216,1
D7_placebo_g_B999,-0.00029297248847299975,0.216,1
D7_placebo_g_B999,-0.0002899070048659677,0.216,1
D7_placebo_g_B999,-0.00028684152125893654,0.215,1
D7_placebo_g_B999,-0.0002837760376519045,0.213,1
D7_placebo_g_B999,-0.00028071055404487334,0.211,1
D7_placebo_g_B999,-0.0002776450704378413,0.209,1
D7_placebo_g_B999,-0.00027457958683081013,0.208,1
D7_placebo_g_B999,-0.0002715141032237781,0.208,1
D7_placebo_g_B999,-0.0002684486196167469,0.207,1
D7_placebo_g_B999,-0.0002653831360097149,0.206,1
D7_placebo_g_B999,-0.0002623176524026837,0.206,1
D7_placebo_g_B999,-0.0002592521687956517,0.205,1
D7_placebo_g_B999,-0.0002561866851886205,0.203,1
D7_placebo_g_B999,-0.0002531212015815885,0.202,1
D7_placebo_g_B999,-0.0002500557179745573,0.201,1
D7_placebo_g_B999,-0.00024699023436752527,0.199,1
D7_placebo_g_B999,-0.0002439247507604941,0.199,1
D7_placebo_g_B999,-0.00024085926715346206,0.198,1
D7_placebo_g_B999,-0.0002377937835464309,0.195,1
D7_placebo_g_B999,-0.00023472829993939886,0.195,1
D7_placebo_g_B999,-0.0002316628163323677,0.191,1
D7_placebo_g_B999,-0.00022859733272533565,0.191,1
D7_placebo_g_B999,-0.00022553184911830448,0.19,1
D7_placebo_g_B999,-0.00022246636551127245,0.19,1
D7_placebo_g_B999,-0.00021940088190424128,0.19,1
D7_placebo_g_B999,-0.00021633539829720924,0.189,1
D7_placebo_g_B999,-0.00021326991469017807,0.189,1
D7_placebo_g_B999,-0.0002102044310831469,0.188,1
D7_placebo_g_B999,-0.000207138947476114,0.188,1
D7_placebo_g_B999,-0.00020407346386908283,0.186,1
D7_placebo_g_B999,-0.00020100798026205166,0.185,1
D7_placebo_g_B999,-0.0001979424966550205,0.184,1
D7_placebo_g_B999,-0.0001948770130479876,0.184,1
D7_placebo_g_B999,-0.00019181152944095642,0.184,1
D7_placebo_g_B999,-0.00018874604583392525,0.183,1
D7_placebo_g_B999,-0.00018568056222689408,0.183,1
D7_placebo_g_B999,-0.00018261507861986118,0.182,1
D7_placebo_g_B999,-0.00017954959501283,0.182,1
D7_placebo_g_B999,-0.00017648411140579884,0.18,1
D7_placebo_g_B999,-0.00017341862779876593,0.18,1
D7_placebo_g_B999,-0.00017035314419173476,0.18,1
D7_placebo_g_B999,-0.0001672876605847036,0.179,1
D7_placebo_g_B999,-0.00016422217697767243,0.178,1
D7_placebo_g_B999,-0.00016115669337063952,0.177,1
D7_placebo_g_B999,-0.00015809120976360835,0.177,1
D7_placebo_g_B999,-0.00015502572615657718,0.175,1
D7_placebo_g_B999,-0.00015196024254954602,0.174,1
D7_placebo_g_B999,-0.0001488947589425131,0.174,1
D7_placebo_g_B999,-0.00014582927533548194,0.173,1
D7_placebo_g_B999,-0.00014276379172845077,0.172,1
D7_placebo_g_B999,-0.0001396983081214196,0.172,1
D7_placebo_g_B999,-0.0001366328245143867,0.172,1
D7_placebo_g_B999,-0.00013356734090735553,0.172,1
D7_placebo_g_B999,-0.00013050185730032436,0.172,1
D7_placebo_g_B999,-0.0001274363736932932,0.172,1
D7_placebo_g_B999,-0.0001243708900862603,0.172,1
D7_placebo_g_B999,-0.00012130540647922912,0.172,1
D7_placebo_g_B999,-0.00011823992287219795,0.172,1
D7_placebo_g_B999,-0.00011517443926516678,0.171,1
D7_placebo_g_B999,-0.00011210895565813388,0.17,1
D7_placebo_g_B999,-0.00010904347205110271,0.17,1
D7_placebo_g_B999,-0.00010597798844407154,0.169,1
D7_placebo_g_B999,-0.00010291250483704037,0.168,1
D7_placebo_g_B999,-9.984702123000747e-05,0.167,1
D7_placebo_g_B999,-9.67815376229763e-05,0.166,1
D7_placebo_g_B999,-9.371605401594513e-05,0.165,1
D7_placebo_g_B999,-9.065057040891396e-05,0.163,1
D7_placebo_g_B999,-8.758508680188105e-05,0.162,1
D7_placebo_g_B999,-8.451960319484988e-05,0.161,1
D7_placebo_g_B999,-8.145411958781872e-05,0.161,1
D7_placebo_g_B999,-7.838863598078755e-05,0.16,1
D7_placebo_g_B999,-7.532315237375464e-05,0.158,1
D7_placebo_g_B999,-7.225766876672347e-05,0.158,1
D7_placebo_g_B999,-6.91921851596923e-05,0.156,1
D7_placebo_g_B999,-6.612670155266114e-05,0.155,1
D7_placebo_g_B999,-6.306121794562823e-05,0.154,1
D7_placebo_g_B999,-5.999573433859706e-05,0.153,1
D7_placebo_g_B999,-5.693025073156589e-05,0.153,1
D7_placebo_g_B999,-5.3864767124534724e-05,0.153,1
D7_placebo_g_B999,-5.079928351750182e-05,0.153,1
D7_placebo_g_B999,-4.773379991047065e-05,0.153,1
D7_placebo_g_B999,-4.466831630343948e-05,0.151,1
D7_placebo_g_B999,-4.160283269640831e-05,0.15,1
D7_placebo_g_B999,-3.853734908937541e-05,0.15,1
D7_placebo_g_B999,-3.547186548234424e-05,0.148,1
D7_placebo_g_B999,-3.240638187531307e-05,0.147,1
D7_placebo_g_B999,-2.93408982682819e-05,0.147,1
D7_placebo_g_B999,-2.6275414661248997e-05,0.147,1
D7_placebo_g_B999,-2.3209931054217828e-05,0.146,1
D7_placebo_g_B999,-2.014444744718666e-05,0.145,1
D7_placebo_g_B999,-1.707896384015549e-05,0.144,1
D7_placebo_g_B999,-1.4013480233122586e-05,0.144,1
D7_placebo_g_B999,-1.0947996626091416e-05,0.142,1
D7_placebo_g_B999,-7.882513019060247e-06,0.142,1
D7_placebo_g_B999,-4.817029412029078e-06,0.14,1
D7_placebo_g_B999,-1.751545804996174e-06,0.14,1
D7_placebo_g_B999,1.3139378020349951e-06,0.14,1
D7_placebo_g_B999,4.379421409066164e-06,0.139,1
D7_placebo_g_B999,7.4449050160973335e-06,0.138,1
D7_placebo_g_B999,1.0510388623130237e-05,0.137,1
D7_placebo_g_B999,1.3575872230161407e-05,0.137,1
D7_placebo_g_B999,1.6641355837192576e-05,0.137,1
D7_placebo_g_B999,1.9706839444223745e-05,0.137,1
D7_placebo_g_B999,2.277232305125665e-05,0.137,1
D7_placebo_g_B999,2.5837806658287818e-05,0.137,1
D7_placebo_g_B999,2.8903290265318987e-05,0.137,1
D7_placebo_g_B999,3.1968773872350156e-05,0.137,1
D7_placebo_g_B999,3.503425747938306e-05,0.137,1
D7_placebo_g_B999,3.809974108641423e-05,0.136,1
D7_placebo_g_B999,4.11652246934454e-05,0.136,1
D7_placebo_g_B999,4.42307083004783e-05,0.135,1
D7_placebo_g_B999,4.729619190750947e-05,0.134,1
D7_placebo_g_B999,5.036167551454064e-05,0.134,1
D7_placebo_g_B999,5.342715912157181e-05,0.134,1
D7_placebo_g_B999,5.6492642728604714e-05,0.133,1
D7_placebo_g_B999,5.955812633563588e-05,0.133,1
D7_placebo_g_B999,6.262360994266705e-05,0.132,1
D7_placebo_g_B999,6.568909354969822e-05,0.13,1
D7_placebo_g_B999,6.875457715673113e-05,0.13,1
D7_placebo_g_B999,7.18200607637623e-05,0.128,1
D7_placebo_g_B999,7.488554437079346e-05,0.128,1
D7_placebo_g_B999,7.795102797782463e-05,0.127,1
D7_placebo_g_B999,8.101651158485754e-05,0.127,1
D7_placebo_g_B999,8.40819951918887e-05,0.126,1
D7_placebo_g_B999,8.714747879891988e-05,0.126,1
D7_placebo_g_B999,9.021296240595104e-05,0.125,1
D7_placebo_g_B999,9.327844601298395e-05,0.125,1
D7_placebo_g_B999,9.634392962001512e-05,0.125,1
D7_placebo_g_B999,9.940941322704629e-05,0.125,1
D7_placebo_g_B999,0.00010247489683407746,0.125,1
D7_placebo_g_B999,0.00010554038044111036,0.124,1
D7_placebo_g_B999,0.00010860586404814153,0.124,1
D7_placebo_g_B999,0.0001116713476551727,0.122,1
D7_placebo_g_B999,0.00011473683126220387,0.122,1
D7_placebo_g_B999,0.00011780231486923677,0.122,1
D7_placebo_g_B999,0.00012086779847626794,0.121,1
D7_placebo_g_B999,0.0001239332820832991,0.12,1
D7_placebo_g_B999,0.00012699876569033028,0.12,1
D7_placebo_g_B999,0.00013006424929736318,0.12,1
D7_placebo_g_B999,0.00013312973290439435,0.12,1
D7_placebo_g_B999,0.00013619521651142552,0.119,1
D7_placebo_g_B999,0.0001392607001184567,0.119,1
D7_placebo_g_B999,0.0001423261837254896,0.119,1
D7_placebo_g_B999,0.00014539166733252076,0.119,1
D7_placebo_g_B999,0.00014845715093955193,0.118,1
D7_placebo_g_B999,0.0001515226345465831,0.117,1
D7_placebo_g_B999,0.000154588118153616,0.117,1
D7_placebo_g_B999,0.00015765360176064717,0.117,1
D7_placebo_g_B999,0.00016071908536767834,0.117,1
D7_placebo_g_B999,0.0001637845689747095,0.117,1
D7_placebo_g_B999,0.00016685005258174242,0.117,1
D7_placebo_g_B999,0.00016991553618877359,0.117,1
D7_placebo_g_B999,0.00017298101979580476,0.117,1
D7_placebo_g_B999,0.00017604650340283592,0.117,1
D7_placebo_g_B999,0.00017911198700986883,0.116,1
D7_placebo_g_B999,0.0001821774706169,0.116,1
D7_placebo_g_B999,0.00018524295422393117,0.115,1
D7_placebo_g_B999,0.00018830843783096234,0.115,1
D7_placebo_g_B999,0.00019137392143799524,0.113,1
D7_placebo_g_B999,0.0001944394050450264,0.113,1
D7_placebo_g_B999,0.00019750488865205758,0.113,1
D7_placebo_g_B999,0.00020057037225908875,0.113,1
D7_placebo_g_B999,0.00020363585586612165,0.112,1
D7_placebo_g_B999,0.00020670133947315282,0.112,1
D7_placebo_g_B999,0.000209766823080184,0.112,1
D7_placebo_g_B999,0.00021283230668721516,0.11,1
D7_placebo_g_B999,0.00021589779029424806,0.11,1
D7_placebo_g_B999,0.00021896327390127923,0.109,1
D7_placebo_g_B999,0.0002220287575083104,0.109,1
D7_placebo_g_B999,0.00022509424111534157,0.109,1
D7_placebo_g_B999,0.00022815972472237447,0.109,1
D7_placebo_g_B999,0.00023122520832940564,0.109,1
D7_placebo_g_B999,0.0002342906919364368,0.109,1
D7_placebo_g_B999,0.00023735617554346798,0.108,1
D7_placebo_g_B999,0.00024042165915050089,0.107,1
D7_placebo_g_B999,0.00024348714275753205,0.107,1
D7_placebo_g_B999,0.0002465526263645632,0.107,1
D7_placebo_g_B999,0.0002496181099715944,0.106,1
D7_placebo_g_B999,0.0002526835935786273,0.106,1
D7_placebo_g_B999,0.00025574907718565847,0.106,1
D7_placebo_g_B999,0.00025881456079268964,0.106,1
D7_placebo_g_B999,0.0002618800443997208,0.106,1
D7_placebo_g_B999,0.0002649455280067537,0.105,1
D7_placebo_g_B999,0.0002680110116137849,0.104,1
D7_placebo_g_B999,0.00027107649522081605,0.103,1
D7_placebo_g_B999,0.00027414197882784895,0.102,1
D7_placebo_g_B999,0.0002772074624348801,0.102,1
D7_placebo_g_B999,0.0002802729460419113,0.102,1
D7_placebo_g_B999,0.00028333842964894246,0.101,1
D7_placebo_g_B999,0.00028640391325597536,0.101,1
D7_placebo_g_B999,0.00028946939686300653,0.101,1
D7_placebo_g_B999,0.0002925348804700377,0.1,1
D7_placebo_g_B999,0.00029560036407706887,0.1,1
D7_placebo_g_B999,0.0002986658476841018,0.1,1
D7_placebo_g_B999,0.00030173133129113294,0.1,1
D7_placebo_g_B999,0.0003047968148981641,0.1,1
D7_placebo_g_B999,0.0003078622985051953,0.1,1
D7_placebo_g_B999,0.0003109277821122282,0.1,1
D7_placebo_g_B999,0.00031399326571925935,0.1,1
D7_placebo_g_B999,0.0003170587493262905,0.1,1
D7_placebo_g_B999,0.0003201242329333217,0.1,1
D7_placebo_g_B999,0.0003231897165403546,0.1,1
D7_placebo_g_B999,0.00032625520014738577,0.1,1
D7_placebo_g_B999,0.00032932068375441693,0.1,1
D7_placebo_g_B999,0.0003323861673614481,0.1,1
D7_placebo_g_B999,0.000335451650968481,0.1,1
D7_placebo_g_B999,0.0003385171345755122,0.1,1
D7_placebo_g_B999,0.00034158261818254335,0.099,1
D7_placebo_g_B999,0.0003446481017895745,0.099,1
D7_placebo_g_B999,0.0003477135853966074,0.099,1
D7_placebo_g_B999,0.0003507790690036386,0.099,1
D7_placebo_g_B999,0.00035384455261066976,0.098,1
D7_placebo_g_B999,0.0003569100362177009,0.098,1
D7_placebo_g_B999,0.00035997551982473383,0.097,1
D7_placebo_g_B999,0.000363041003431765,0.097,1
D7_placebo_g_B999,0.00036610648703879617,0.096,1
D7_placebo_g_B999,0.00036917197064582734,0.096,1
D7_placebo_g_B999,0.00037223745425286024,0.096,1
D7_placebo_g_B999,0.0003753029378598914,0.096,1
D7_placebo_g_B999,0.0003783684214669226,0.096,1
D7_placebo_g_B999,0.00038143390507395375,0.096,1
D7_placebo_g_B999,0.00038449938868098665,0.096,1
D7_placebo_g_B999,0.0003875648722880178,0.096,1
D7_placebo_g_B999,0.000390630355895049,0.096,1
D7_placebo_g_B999,0.00039369583950208016,0.096,1
D7_placebo_g_B999,0.00039676132310911306,0.096,1
D7_placebo_g_B999,0.00039982680671614423,0.096,1
D7_placebo_g_B999,0.0004028922903231754,0.095,1
D7_placebo_g_B999,0.00040595777393020657,0.095,1
D7_placebo_g_B999,0.0004090232575372395,0.094,1
D7_placebo_g_B999,0.00041208874114427065,0.094,1
D7_placebo_g_B999,0.0004151542247513018,0.094,1
D7_placebo_g_B999,0.000418219708358333,0.094,1
D7_placebo_g_B999,0.0004212851919653659,0.093,1
D7_placebo_g_B999,0.00042435067557239706,0.093,1
D7_placebo_g_B999,0.0004274161591794282,0.093,1
D7_placebo_g_B999,0.0004304816427864594,0.093,1
D7_placebo_g_B999,0.0004335471263934923,0.093,1
D7_placebo_g_B999,0.00043661261000052347,0.093,1
D7_placebo_g_B999,0.00043967809360755464,0.092,1
D7_placebo_g_B999,0.0004427435772145858,0.092,1
D7_placebo_g_B999,0.0004458090608216187,0.092,1
D7_placebo_g_B999,0.0004488745444286499,0.091,1
D7_placebo_g_B999,0.00045194002803568105,0.09,1
D7_placebo_g_B999,0.0004550055116427122,0.09,1
D7_placebo_g_B999,0.0004580709952497451,0.09,1
D7_placebo_g_B999,0.0004611364788567763,0.088,1
D7_placebo_g_B999,0.00046420196246380746,0.088,1
D7_placebo_g_B999,0.00046726744607083863,0.087,1
D7_placebo_g_B999,0.00047033292967787153,0.086,1
D7_placebo_g_B999,0.0004733984132849027,0.086,1
D7_placebo_g_B999,0.00047646389689193387,0.086,1
D7_placebo_g_B999,0.00047952938049896504,0.085,1
D7_placebo_g_B999,0.00048259486410599794,0.085,1
D7_placebo_g_B999,0.0004856603477130291,0.084,1
D7_placebo_g_B999,0.0004887258313200603,0.084,1
D7_placebo_g_B999,0.0004917913149270932,0.083,1
D7_placebo_g_B999,0.0004948567985341244,0.083,1
D7_placebo_g_B999,0.0004979222821411555,0.083,1
D7_placebo_g_B999,0.0005009877657481867,0.082,1
D7_placebo_g_B999,0.0005040532493552196,0.082,1
D7_placebo_g_B999,0.0005071187329622508,0.081,1
D7_placebo_g_B999,0.0005101842165692819,0.081,1
D7_placebo_g_B999,0.0005132497001763131,0.08,1
D7_placebo_g_B999,0.000516315183783346,0.08,1
D7_placebo_g_B999,0.0005193806673903772,0.08,1
D7_placebo_g_B999,0.0005224461509974083,0.078,1
D7_placebo_g_B999,0.0005255116346044395,0.078,1
D7_placebo_g_B999,0.0005285771182114724,0.078,1
D7_placebo_g_B999,0.0005316426018185036,0.078,1
D7_placebo_g_B999,0.0005347080854255348,0.078,1
D7_placebo_g_B999,0.0005377735690325659,0.078,1
D7_placebo_g_B999,0.0005408390526395988,0.077,1
D7_placebo_g_B999,0.00054390453624663,0.077,1
D7_placebo_g_B999,0.0005469700198536612,0.077,1
D7_placebo_g_B999,0.0005500355034606923,0.076,1
D7_placebo_g_B999,0.0005531009870677252,0.076,1
D7_placebo_g_B999,0.0005561664706747564,0.076,1
D7_placebo_g_B999,0.0005592319542817876,0.076,1
D7_placebo_g_B999,0.0005622974378888188,0.076,1
D7_placebo_g_B999,0.0005653629214958517,0.076,1
D7_placebo_g_B999,0.0005684284051028828,0.076,1
D7_placebo_g_B999,0.000571493888709914,0.076,1
D7_placebo_g_B999,0.0005745593723169452,0.076,1
D7_placebo_g_B999,0.0005776248559239781,0.075,1
D7_placebo_g_B999,0.0005806903395310092,0.074,1
D7_placebo_g_B999,0.0005837558231380404,0.074,1
D7_placebo_g_B999,0.0005868213067450716,0.074,1
D7_placebo_g_B999,0.0005898867903521045,0.074,1
D7_placebo_g_B999,0.0005929522739591356,0.073,1
D7_placebo_g_B999,0.0005960177575661668,0.073,1
D7_placebo_g_B999,0.000599083241173198,0.073,1
D7_placebo_g_B999,0.0006021487247802309,0.072,1
D7_placebo_g_B999,0.0006052142083872621,0.072,1
D7_placebo_g_B999,0.0006082796919942932,0.072,1
D7_placebo_g_B999,0.0006113451756013244,0.072,1
D7_placebo_g_B999,0.0006144106592083573,0.072,1
D7_placebo_g_B999,0.0006174761428153885,0.072,1
D7_placebo_g_B999,0.0006205416264224196,0.072,1
D7_placebo_g_B999,0.0006236071100294508,0.072,1
D7_placebo_g_B999,0.0006266725936364837,0.072,1
D7_placebo_g_B999,0.0006297380772435149,0.072,1
D7_placebo_g_B999,0.000632803560850546,0.072,1
D7_placebo_g_B999,0.0006358690444575772,0.072,1
D7_placebo_g_B999,0.0006389345280646101,0.072,1
D7_placebo_g_B999,0.0006420000116716413,0.071,1
D7_placebo_g_B999,0.0006450654952786725,0.071,1
D7_placebo_g_B999,0.0006481309788857036,0.071,1
D7_placebo_g_B999,0.0006511964624927365,0.07,1
D7_placebo_g_B999,0.0006542619460997677,0.07,1
D7_placebo_g_B999,0.0006573274297067989,0.069,1
D7_placebo_g_B999,0.00066039291331383,0.069,1
D7_placebo_g_B999,0.000663458396920863,0.069,1
D7_placebo_g_B999,0.0006665238805278941,0.069,1
D7_placebo_g_B999,0.0006695893641349253,0.069,1
D7_placebo_g_B999,0.0006726548477419565,0.069,1
D7_placebo_g_B999,0.0006757203313489894,0.069,1
D7_placebo_g_B999,0.0006787858149560205,0.069,1
D7_placebo_g_B999,0.0006818512985630517,0.068,1
D7_placebo_g_B999,0.0006849167821700829,0.067,1
D7_placebo_g_B999,0.0006879822657771158,0.066,1
D7_placebo_g_B999,0.0006910477493841469,0.066,1
D7_placebo_g_B999,0.0006941132329911781,0.066,1
D7_placebo_g_B999,0.0006971787165982093,0.064,1
D7_placebo_g_B999,0.0007002442002052422,0.063,1
D7_placebo_g_B999,0.0007033096838122734,0.063,1
D7_placebo_g_B999,0.0007063751674193045,0.062,1
D7_placebo_g_B999,0.0007094406510263357,0.062,1
D7_placebo_g_B999,0.0007125061346333686,0.062,1
D7_placebo_g_B999,0.0007155716182403998,0.061,1
D7_placebo_g_B999,0.0007186371018474309,0.06,1
D7_placebo_g_B999,0.0007217025854544638,0.06,1
D7_placebo_g_B999,0.000724768069061495,0.06,1
D7_placebo_g_B999,0.0007278335526685262,0.06,1
D7_placebo_g_B999,0.0007308990362755573,0.06,1
D7_placebo_g_B999,0.0007339645198825902,0.06,1
D7_placebo_g_B999,0.0007370300034896214,0.06,1
D7_placebo_g_B999,0.0007400954870966526,0.06,1
D7_placebo_g_B999,0.0007431609707036838,0.06,1
D7_placebo_g_B999,0.0007462264543107167,0.06,1
D7_placebo_g_B999,0.0007492919379177478,0.06,1
D7_placebo_g_B999,0.000752357421524779,0.06,1
D7_placebo_g_B999,0.0007554229051318102,0.059,1
D7_placebo_g_B999,0.0007584883887388431,0.059,1
D7_placebo_g_B999,0.0007615538723458742,0.058,1
D7_placebo_g_B999,0.0007646193559529054,0.058,1
D7_placebo_g_B999,0.0007676848395599366,0.057,1
D7_placebo_g_B999,0.0007707503231669695,0.057,1
D7_placebo_g_B999,0.0007738158067740007,0.057,1
D7_placebo_g_B999,0.0007768812903810318,0.057,1
D7_placebo_g_B999,0.000779946773988063,0.057,1
D7_placebo_g_B999,0.0007830122575950959,0.057,1
D7_placebo_g_B999,0.0007860777412021271,0.057,1
D7_placebo_g_B999,0.0007891432248091582,0.057,1
D7_placebo_g_B999,0.0007922087084161894,0.057,1
D7_placebo_g_B999,0.0007952741920232223,0.057,1
D7_placebo_g_B999,0.0007983396756302535,0.057,1
D7_placebo_g_B999,0.0008014051592372846,0.056,1
D7_placebo_g_B999,0.0008044706428443158,0.056,1
D7_placebo_g_B999,0.0008075361264513487,0.056,1
D7_placebo_g_B999,0.0008106016100583799,0.056,1
D7_placebo_g_B999,0.000813667093665411,0.056,1
D7_placebo_g_B999,0.0008167325772724422,0.056,1
D7_placebo_g_B999,0.0008197980608794751,0.056,1
D7_placebo_g_B999,0.0008228635444865063,0.056,1
D7_placebo_g_B999,0.0008259290280935375,0.056,1
D7_placebo_g_B999,0.0008289945117005686,0.056,1
D7_placebo_g_B999,0.0008320599953076015,0.056,1
D7_placebo_g_B999,0.0008351254789146327,0.056,1
D7_placebo_g_B999,0.0008381909625216639,0.056,1
D7_placebo_g_B999,0.000841256446128695,0.056,1
D7_placebo_g_B999,0.000844321929735728,0.056,1
D7_placebo_g_B999,0.0008473874133427591,0.056,1
D7_placebo_g_B999,0.0008504528969497903,0.056,1
D7_placebo_g_B999,0.0008535183805568215,0.056,1
D7_placebo_g_B999,0.0008565838641638544,0.056,1
D7_placebo_g_B999,0.0008596493477708855,0.056,1
D7_placebo_g_B999,0.0008627148313779167,0.056,1
D7_placebo_g_B999,0.0008657803149849479,0.056,1
D7_placebo_g_B999,0.0008688457985919808,0.056,1
D7_placebo_g_B999,0.0008719112821990119,0.056,1
D7_placebo_g_B999,0.0008749767658060431,0.056,1
D7_placebo_g_B999,0.0008780422494130743,0.055,1
D7_placebo_g_B999,0.0008811077330201072,0.055,1
D7_placebo_g_B999,0.0008841732166271384,0.055,1
D7_placebo_g_B999,0.0008872387002341695,0.055,1
D7_placebo_g_B999,0.0008903041838412007,0.054,1
D7_placebo_g_B999,0.0008933696674482336,0.054,1
D7_placebo_g_B999,0.0008964351510552648,0.054,1
D7_placebo_g_B999,0.0008995006346622959,0.054,1
D7_placebo_g_B999,0.0009025661182693271,0.054,1
D7_placebo_g_B999,0.00090563160187636,0.054,1
D7_placebo_g_B999,0.0009086970854833912,0.054,1
D7_placebo_g_B999,0.0009117625690904223,0.054,1
D7_placebo_g_B999,0.0009148280526974535,0.054,1
D7_placebo_g_B999,0.0009178935363044864,0.053,1
D7_placebo_g_B999,0.0009209590199115176,0.053,1
D7_placebo_g_B999,0.0009240245035185488,0.053,1
D7_placebo_g_B999,0.0009270899871255799,0.053,1
D7_placebo_g_B999,0.0009301554707326128,0.053,1
D7_placebo_g_B999,0.000933220954339644,0.053,1
D7_placebo_g_B999,0.0009362864379466752,0.053,1
D7_placebo_g_B999,0.0009393519215537081,0.053,1
D7_placebo_g_B999,0.0009424174051607392,0.053,1
D7_placebo_g_B999,0.0009454828887677704,0.053,1
D7_placebo_g_B999,0.0009485483723748016,0.053,1
D7_placebo_g_B999,0.0009516138559818345,0.053,1
D7_placebo_g_B999,0.0009546793395888657,0.053,1
D7_placebo_g_B999,0.0009577448231958968,0.053,1
D7_placebo_g_B999,0.000960810306802928,0.053,1
D7_placebo_g_B999,0.0009638757904099609,0.053,1
D7_placebo_g_B999,0.0009669412740169921,0.053,1
D7_placebo_g_B999,0.0009700067576240232,0.053,1
D7_placebo_g_B999,0.0009730722412310544,0.053,1
D7_placebo_g_B999,0.0009761377248380873,0.052,1
D7_placebo_g_B999,0.0009792032084451185,0.052,1
D7_placebo_g_B999,0.0009822686920521496,0.052,1
D7_placebo_g_B999,0.0009853341756591808,0.052,1
D7_placebo_g_B999,0.0009883996592662137,0.052,1
D7_placebo_g_B999,0.0009914651428732449,0.052,1
D7_placebo_g_B999,0.000994530626480276,0.052,1
D7_placebo_g_B999,0.0009975961100873072,0.052,1
D7_placebo_g_B999,0.0010006615936943401,0.051,1
D7_placebo_g_B999,0.0010037270773013713,0.051,1
D7_placebo_g_B999,0.0010067925609084025,0.051,1
D7_placebo_g_B999,0.0010098580445154336,0.051,1
D7_placebo_g_B999,0.0010129235281224665,0.051,1
D7_placebo_g_B999,0.0010159890117294977,0.051,1
D7_placebo_g_B999,0.0010190544953365289,0.051,1
D7_placebo_g_B999,0.00102211997894356,0.051,1
D7_placebo_g_B999,0.001025185462550593,0.051,1
D7_placebo_g_B999,0.0010282509461576241,0.051,1
D7_placebo_g_B999,0.0010313164297646553,0.051,1
D7_placebo_g_B999,0.0010343819133716865,0.051,1
D7_placebo_g_B999,0.0010374473969787194,0.051,1
D7_placebo_g_B999,0.0010405128805857505,0.051,1
D7_placebo_g_B999,0.0010435783641927817,0.05,1
D7_placebo_g_B999,0.0010466438477998129,0.05,1
D7_placebo_g_B999,0.0010497093314068458,0.05,1
D7_placebo_g_B999,0.001052774815013877,0.05,1
D7_placebo_g_B999,0.0010558402986209081,0.05,1
D7_placebo_g_B999,0.0010589057822279393,0.05,1
D7_placebo_g_B999,0.0010619712658349722,0.05,1
D7_placebo_g_B999,0.0010650367494420034,0.05,1
D7_placebo_g_B999,0.0010681022330490345,0.049,0
D7_placebo_g_B999,0.0010711677166560657,0.048,0
D7_placebo_g_B999,0.0010742332002630986,0.047,0
D7_placebo_g_B999,0.0010772986838701298,0.047,0
D7_placebo_g_B999,0.001080364167477161,0.047,0
D7_placebo_g_B999,0.001083429651084192,0.047,0
D7_placebo_g_B999,0.001086495134691225,0.047,0
D7_placebo_g_B999,0.0010895606182982562,0.047,0
D7_placebo_g_B999,0.0010926261019052873,0.047,0
D7_placebo_g_B999,0.0010956915855123185,0.047,0
D7_placebo_g_B999,0.0010987570691193514,0.046,0
D7_placebo_g_B999,0.0011018225527263826,0.045,0
D7_placebo_g_B999,0.0011048880363334138,0.045,0
D7_placebo_g_B999,0.001107953519940445,0.045,0
D7_placebo_g_B999,0.0011110190035474778,0.045,0
D7_placebo_g_B999,0.001114084487154509,0.045,0
D7_placebo_g_B999,0.0011171499707615402,0.045,0
D7_placebo_g_B999,0.0011202154543685713,0.045,0
D7_placebo_g_B999,0.0011232809379756042,0.045,0
D7_placebo_g_B999,0.0011263464215826354,0.044,0
D7_placebo_g_B999,0.0011294119051896666,0.044,0
D7_placebo_g_B999,0.0011324773887966978,0.044,0
D7_placebo_g_B999,0.0011355428724037307,0.044,0
D7_placebo_g_B999,0.0011386083560107618,0.044,0
D7_placebo_g_B999,0.001141673839617793,0.043,0
D7_placebo_g_B999,0.0011447393232248242,0.043,0
D7_placebo_g_B999,0.001147804806831857,0.043,0
D7_placebo_g_B999,0.0011508702904388882,0.043,0
D7_placebo_g_B999,0.0011539357740459194,0.043,0
D7_placebo_g_B999,0.0011570012576529506,0.043,0
D7_placebo_g_B999,0.0011600667412599835,0.043,0
D7_placebo_g_B999,0.0011631322248670146,0.043,0
D7_placebo_g_B999,0.0011661977084740458,0.043,0
D7_placebo_g_B999,0.0011692631920810787,0.042,0
D7_placebo_g_B999,0.0011723286756881099,0.042,0
D7_placebo_g_B999,0.001175394159295141,0.042,0
D7_placebo_g_B999,0.0011784596429021722,0.042,0
D7_placebo_g_B999,0.0011815251265092051,0.042,0
D7_placebo_g_B999,0.0011845906101162363,0.042,0
D7_placebo_g_B999,0.0011876560937232675,0.042,0
D7_placebo_g_B999,0.0011907215773302986,0.042,0
D7_placebo_g_B999,0.0011937870609373315,0.042,0
D7_placebo_g_B999,0.0011968525445443627,0.041,0
D7_placebo_g_B999,0.0011999180281513939,0.041,0
D7_placebo_g_B999,0.001202983511758425,0.041,0
D7_placebo_g_B999,0.001206048995365458,0.041,0
D7_placebo_g_B999,0.0012091144789724891,0.041,0
D7_placebo_g_B999,0.0012121799625795203,0.041,0
D7_placebo_g_B999,0.0012152454461865515,0.041,0
D7_placebo_g_B999,0.0012183109297935844,0.041,0
D7_placebo_g_B999,0.0012213764134006155,0.041,0
D7_placebo_g_B999,0.0012244418970076467,0.041,0
D7_placebo_g_B999,0.0012275073806146779,0.041,0
D7_placebo_g_B999,0.0012305728642217108,0.041,0
D7_placebo_g_B999,0.001233638347828742,0.041,0
D7_placebo_g_B999,0.0012367038314357731,0.041,0
D7_placebo_g_B999,0.0012397693150428043,0.041,0
D7_placebo_g_B999,0.0012428347986498372,0.041,0
D7_placebo_g_B999,0.0012459002822568684,0.041,0
D7_placebo_g_B999,0.0012489657658638995,0.041,0
D7_placebo_g_B999,0.0012520312494709307,0.041,0
D7_placebo_g_B999,0.0012550967330779636,0.041,0
D7_placebo_g_B999,0.0012581622166849948,0.041,0
D7_placebo_g_B999,0.001261227700292026,0.041,0
D7_placebo_g_B999,0.001264293183899057,0.04,0
D7_placebo_g_B999,0.00126735866750609,0.04,0
D7_placebo_g_B999,0.0012704241511131212,0.04,0
D7_placebo_g_B999,0.0012734896347201523,0.04,0
D7_placebo_g_B999,0.0012765551183271835,0.04,0
D7_placebo_g_B999,0.0012796206019342164,0.04,0
D7_placebo_g_B999,0.0012826860855412476,0.04,0
D7_placebo_g_B999,0.0012857515691482788,0.04,0
D7_placebo_g_B999,0.00128881705275531,0.04,0
D7_placebo_g_B999,0.0012918825363623428,0.04,0
D7_placebo_g_B999,0.001294948019969374,0.04,0
D7_placebo_g_B999,0.0012980135035764052,0.04,0
D7_placebo_g_B999,0.0013010789871834363,0.04,0
D7_placebo_g_B999,0.0013041444707904692,0.04,0
D7_placebo_g_B999,0.0013072099543975004,0.04,0
D7_placebo_g_B999,0.0013102754380045316,0.04,0
D7_placebo_g_B999,0.0013133409216115628,0.04,0
D7_placebo_g_B999,0.0013164064052185957,0.04,0
D7_placebo_g_B999,0.0013194718888256268,0.04,0
D7_placebo_g_B999,0.001322537372432658,0.04,0
D7_placebo_g_B999,0.0013256028560396892,0.039,0
D7_placebo_g_B999,0.001328668339646722,0.038,0
D7_placebo_g_B999,0.0013317338232537532,0.038,0
D7_placebo_g_B999,0.0013347993068607844,0.038,0
D7_placebo_g_B999,0.0013378647904678156,0.038,0
D7_placebo_g_B999,0.0013409302740748485,0.037,0
D7_placebo_g_B999,0.0013439957576818796,0.037,0
D7_placebo_g_B999,0.0013470612412889108,0.037,0
D7_placebo_g_B999,0.001350126724895942,0.037,0
D7_placebo_g_B999,0.0013531922085029749,0.035,0
D7_placebo_g_B999,0.001356257692110006,0.035,0
D7_placebo_g_B999,0.0013593231757170372,0.035,0
D7_placebo_g_B999,0.0013623886593240684,0.035,0
D7_placebo_g_B999,0.0013654541429311013,0.035,0
D7_placebo_g_B999,0.0013685196265381325,0.035,0
D7_placebo_g_B999,0.0013715851101451636,0.034,0
D7_placebo_g_B999,0.0013746505937521948,0.034,0
D7_placebo_g_B999,0.0013777160773592277,0.033,0
D7_placebo_g_B999,0.0013807815609662589,0.033,0
D7_placebo_g_B999,0.00138384704457329,0.033,0
D7_placebo_g_B999,0.0013869125281803212,0.033,0
D7_placebo_g_B999,0.0013899780117873541,0.033,0
D7_placebo_g_B999,0.0013930434953943853,0.033,0
D7_placebo_g_B999,0.0013961089790014165,0.03,0
D7_placebo_g_B999,0.0013991744626084494,0.03,0
D7_placebo_g_B999,0.0014022399462154805,0.03,0
D7_placebo_g_B999,0.0014053054298225117,0.03,0
D7_placebo_g_B999,0.0014083709134295429,0.03,0
D7_placebo_g_B999,0.0014114363970365758,0.03,0
D7_placebo_g_B999,0.001414501880643607,0.03,0
D7_placebo_g_B999,0.0014175673642506381,0.03,0
D7_placebo_g_B999,0.0014206328478576693,0.029,0
D7_placebo_g_B999,0.0014236983314647022,0.029,0
D7_placebo_g_B999,0.0014267638150717334,0.029,0
D7_placebo_g_B999,0.0014298292986787645,0.029,0
D7_placebo_g_B999,0.0014328947822857957,0.029,0
D7_placebo_g_B999,0.0014359602658928286,0.029,0
D7_placebo_g_B999,0.0014390257494998598,0.029,0
D7_placebo_g_B999,0.001442091233106891,0.029,0
D7_placebo_g_B999,0.0014451567167139221,0.029,0
D7_placebo_g_B999,0.001448222200320955,0.029,0
D7_placebo_g_B999,0.0014512876839279862,0.029,0
D7_placebo_g_B999,0.0014543531675350174,0.029,0
D7_placebo_g_B999,0.0014574186511420485,0.029,0
D7_placebo_g_B999,0.0014604841347490814,0.029,0
D7_placebo_g_B999,0.0014635496183561126,0.029,0
D7_placebo_g_B999,0.0014666151019631438,0.029,0
D7_placebo_g_B999,0.001469680585570175,0.029,0
D7_placebo_g_B999,0.0014727460691772078,0.029,0
D7_placebo_g_B999,0.001475811552784239,0.029,0
D7_placebo_g_B999,0.0014788770363912702,0.029,0
D7_placebo_g_B999,0.0014819425199983013,0.029,0
D7_placebo_g_B999,0.0014850080036053342,0.029,0
D7_placebo_g_B999,0.0014880734872123654,0.029,0
D7_placebo_g_B999,0.0014911389708193966,0.029,0
D7_placebo_g_B999,0.0014942044544264278,0.029,0
D7_placebo_g_B999,0.0014972699380334607,0.029,0
D7_placebo_g_B999,0.0015003354216404918,0.029,0
D7_placebo_g_B999,0.001503400905247523,0.029,0
D7_placebo_g_B999,0.0015064663888545542,0.029,0
D7_placebo_g_B999,0.001509531872461587,0.029,0
D7_placebo_g_B999,0.0015125973560686182,0.029,0
D7_placebo_g_B999,0.0015156628396756494,0.028,0
D7_placebo_g_B999,0.0015187283232826806,0.028,0
D7_placebo_g_B999,0.0015217938068897135,0.028,0
D7_placebo_g_B999,0.0015248592904967447,0.028,0
D7_placebo_g_B999,0.0015279247741037758,0.028,0
D7_placebo_g_B999,0.001530990257710807,0.028,0
D7_placebo_g_B999,0.00153405574131784,0.028,0
D7_placebo_g_B999,0.001537121224924871,0.028,0
D7_placebo_g_B999,0.0015401867085319022,0.028,0
D7_placebo_g_B999,0.0015432521921389334,0.028,0
D7_placebo_g_B999,0.0015463176757459663,0.028,0
D7_placebo_g_B999,0.0015493831593529975,0.028,0
D7_placebo_g_B999,0.0015524486429600286,0.028,0
D7_placebo_g_B999,0.0015555141265670598,0.028,0
D7_placebo_g_B999,0.0015585796101740927,0.028,0
D7_placebo_g_B999,0.0015616450937811239,0.028,0
D7_placebo_g_B999,0.001564710577388155,0.028,0
D7_placebo_g_B999,0.0015677760609951862,0.028,0
D7_placebo_g_B999,0.0015708415446022191,0.028,0
D7_placebo_g_B999,0.0015739070282092503,0.028,0
D7_placebo_g_B999,0.0015769725118162815,0.028,0
D7_placebo_g_B999,0.0015800379954233126,0.028,0
D7_placebo_g_B999,0.0015831034790303455,0.028,0
D7_placebo_g_B999,0.0015861689626373767,0.028,0
D7_placebo_g_B999,0.0015892344462444079,0.028,0
D7_placebo_g_B999,0.001592299929851439,0.028,0
D7_placebo_g_B999,0.001595365413458472,0.028,0
D7_placebo_g_B999,0.0015984308970655031,0.028,0
D7_placebo_g_B999,0.0016014963806725343,0.027,0
D7_placebo_g_B999,0.0016045618642795655,0.026,0
D7_placebo_g_B999,0.0016076273478865984,0.026,0
D7_placebo_g_B999,0.0016106928314936295,0.026,0
D7_placebo_g_B999,0.0016137583151006607,0.026,0
D7_placebo_g_B999,0.0016168237987076936,0.026,0
D7_placebo_g_B999,0.0016198892823147248,0.026,0
D7_placebo_g_B999,0.001622954765921756,0.026,0
D7_placebo_g_B999,0.0016260202495287871,0.026,0
D7_placebo_g_B999,0.00162908573313582,0.026,0
D7_placebo_g_B999,0.0016321512167428512,0.026,0
D7_placebo_g_B999,0.0016352167003498824,0.026,0
D7_placebo_g_B999,0.0016382821839569135,0.026,0
D7_placebo_g_B999,0.0016413476675639464,0.026,0
D7_placebo_g_B999,0.0016444131511709776,0.026,0
D7_placebo_g_B999,0.0016474786347780088,0.026,0
D7_placebo_g_B999,0.00165054411838504,0.026,0
D7_placebo_g_B999,0.0016536096019920728,0.026,0
D7_placebo_g_B999,0.001656675085599104,0.026,0
D7_placebo_g_B999,0.0016597405692061352,0.026,0
D7_placebo_g_B999,0.0016628060528131663,0.026,0
D7_placebo_g_B999,0.0016658715364201993,0.026,0
D7_placebo_g_B999,0.0016689370200272304,0.026,0
D7_placebo_g_B999,0.0016720025036342616,0.026,0
D7_placebo_g_B999,0.0016750679872412928,0.026,0
D7_placebo_g_B999,0.0016781334708483257,0.026,0
D7_placebo_g_B999,0.0016811989544553568,0.026,0
D7_placebo_g_B999,0.001684264438062388,0.026,0
D7_placebo_g_B999,0.0016873299216694192,0.026,0
D7_placebo_g_B999,0.001690395405276452,0.026,0
D7_placebo_g_B999,0.0016934608888834832,0.026,0
D7_placebo_g_B999,0.0016965263724905144,0.025,0
D7_placebo_g_B999,0.0016995918560975456,0.025,0
D7_placebo_g_B999,0.0017026573397045785,0.025,0
D7_placebo_g_B999,0.0017057228233116097,0.025,0
D7_placebo_g_B999,0.0017087883069186408,0.025,0
D7_placebo_g_B999,0.001711853790525672,0.025,0
D7_placebo_g_B999,0.001714919274132705,0.025,0
D7_placebo_g_B999,0.001717984757739736,0.025,0
D7_placebo_g_B999,0.0017210502413467672,0.024,0
D7_placebo_g_B999,0.0017241157249537984,0.024,0
D7_placebo_g_B999,0.0017271812085608313,0.024,0
D7_placebo_g_B999,0.0017302466921678625,0.024,0
D7_placebo_g_B999,0.0017333121757748936,0.024,0
D7_placebo_g_B999,0.0017363776593819248,0.024,0
D7_placebo_g_B999,0.0017394431429889577,0.024,0
D7_placebo_g_B999,0.0017425086265959889,0.023,0
D7_placebo_g_B999,0.00174557411020302,0.023,0
D7_placebo_g_B999,0.0017486395938100512,0.023,0
D7_placebo_g_B999,0.0017517050774170841,0.023,0
D7_placebo_g_B999,0.0017547705610241153,0.023,0
D7_placebo_g_B999,0.0017578360446311465,0.023,0
D7_placebo_g_B999,0.0017609015282381776,0.023,0
D7_placebo_g_B999,0.0017639670118452105,0.023,0
D7_placebo_g_B999,0.0017670324954522417,0.023,0
D7_placebo_g_B999,0.0017700979790592729,0.023,0
D7_placebo_g_B999,0.001773163462666304,0.022,0
D7_placebo_g_B999,0.001776228946273337,0.022,0
D7_placebo_g_B999,0.0017792944298803681,0.022,0
D7_placebo_g_B999,0.0017823599134873993,0.022,0
D7_placebo_g_B999,0.0017854253970944305,0.022,0
D7_placebo_g_B999,0.0017884908807014634,0.022,0
D7_placebo_g_B999,0.0017915563643084945,0.022,0
D7_placebo_g_B999,0.0017946218479155257,0.022,0
D7_placebo_g_B999,0.0017976873315225569,0.022,0
D7_placebo_g_B999,0.0018007528151295898,0.022,0
D7_placebo_g_B999,0.001803818298736621,0.022,0
D7_placebo_g_B999,0.0018068837823436521,0.022,0
D7_placebo_g_B999,0.0018099492659506833,0.022,0
D7_placebo_g_B999,0.0018130147495577162,0.021,0
D7_placebo_g_B999,0.0018160802331647474,0.021,0
D7_placebo_g_B999,0.0018191457167717785,0.021,0
D7_placebo_g_B999,0.0018222112003788097,0.021,0
D7_placebo_g_B999,0.0018252766839858426,0.021,0
D7_placebo_g_B999,0.0018283421675928738,0.021,0
D7_placebo_g_B999,0.001831407651199905,0.021,0
D7_placebo_g_B999,0.001834473134806936,0.021,0
D7_placebo_g_B999,0.001837538618413969,0.021,0
D7_placebo_g_B999,0.0018406041020210002,0.021,0
D7_placebo_g_B999,0.0018436695856280313,0.021,0
D7_placebo_g_B999,0.0018467350692350643,0.021,0
D7_placebo_g_B999,0.0018498005528420954,0.021,0
D7_placebo_g_B999,0.0018528660364491266,0.021,0
D7_placebo_g_B999,0.0018559315200561578,0.021,0
D7_placebo_g_B999,0.0018589970036631907,0.021,0
D7_placebo_g_B999,0.0018620624872702218,0.021,0
D7_placebo_g_B999,0.001865127970877253,0.021,0
D7_placebo_g_B999,0.0018681934544842842,0.021,0
D7_placebo_g_B999,0.001871258938091317,0.021,0
D7_placebo_g_B999,0.0018743244216983482,0.021,0
D7_placebo_g_B999,0.0018773899053053794,0.021,0
D7_placebo_g_B999,0.0018804553889124106,0.021,0
D7_placebo_g_B999,0.0018835208725194435,0.021,0
D7_placebo_g_B999,0.0018865863561264747,0.021,0
D7_placebo_g_B999,0.0018896518397335058,0.021,0
D7_placebo_g_B999,0.001892717323340537,0.021,0
D7_placebo_g_B999,0.00189578280694757,0.021,0
D7_placebo_g_B999,0.001898848290554601,0.021,0
D7_placebo_g_B999,0.0019019137741616322,0.02,0
D7_placebo_g_B999,0.0019049792577686634,0.02,0
D7_placebo_g_B999,0.0019080447413756963,0.02,0
D7_placebo_g_B999,0.0019111102249827275,0.02,0
D7_placebo_g_B999,0.0019141757085897586,0.02,0
D7_placebo_g_B999,0.0019172411921967898,0.02,0
D7_placebo_g_B999,0.0019203066758038227,0.02,0
D7_placebo_g_B999,0.0019233721594108539,0.02,0
D7_placebo_g_B999,0.001926437643017885,0.02,0
D7_placebo_g_B999,0.0019295031266249162,0.02,0
D7_placebo_g_B999,0.0019325686102319491,0.02,0
D7_placebo_g_B999,0.0019356340938389803,0.02,0
D7_placebo_g_B999,0.0019386995774460115,0.02,0
D7_placebo_g_B999,0.0019417650610530426,0.02,0
D7_placebo_g_B999,0.0019448305446600755,0.02,0
D7_placebo_g_B999,0.0019478960282671067,0.02,0
D7_placebo_g_B999,0.0019509615118741379,0.02,0
D7_placebo_g_B999,0.001954026995481169,0.02,0
D7_placebo_g_B999,0.001957092479088202,0.02,0
D7_placebo_g_B999,0.001960157962695233,0.02,0
D7_placebo_g_B999,0.0019632234463022643,0.02,0
D7_placebo_g_B999,0.0019662889299092955,0.02,0
D7_placebo_g_B999,0.0019693544135163284,0.02,0
D7_placebo_g_B999,0.0019724198971233595,0.02,0
D7_placebo_g_B999,0.0019754853807303907,0.02,0
D7_placebo_g_B999,0.001978550864337422,0.02,0
D7_placebo_g_B999,0.0019816163479444548,0.02,0
D7_placebo_g_B999,0.001984681831551486,0.02,0
D7_placebo_g_B999,0.001987747315158517,0.02,0
D7_placebo_g_B999,0.0019908127987655483,0.02,0
D7_placebo_g_B999,0.001993878282372581,0.02,0
D7_placebo_g_B999,0.0019969437659796124,0.02,0
D7_placebo_g_B999,0.0020000092495866435,0.02,0
D7_placebo_g_B999,0.0020030747331936747,0.02,0
D7_placebo_g_B999,0.0020061402168007076,0.02,0
D7_placebo_g_B999,0.0020092057004077388,0.02,0
D7_placebo_g_B999,0.00201227118401477,0.02,0
D7_placebo_g_B999,0.002015336667621801,0.02,0
D7_placebo_g_B999,0.002018402151228834,0.02,0
D7_placebo_g_B999,0.002021467634835865,0.02,0
D7_placebo_g_B999,0.0020245331184428964,0.02,0
D7_placebo_g_B999,0.0020275986020499275,0.02,0
D7_placebo_g_B999,0.0020306640856569604,0.02,0
D7_placebo_g_B999,0.0020337295692639916,0.02,0
D7_placebo_g_B999,0.0020367950528710228,0.02,0
D7_placebo_g_B999,0.002039860536478054,0.02,0
D7_placebo_g_B999,0.002042926020085087,0.02,0
D7_placebo_g_B999,0.002045991503692118,0.02,0
D7_placebo_g_B999,0.002049056987299149,0.02,0
D7_placebo_g_B999,0.0020521224709061803,0.02,0
D7_placebo_g_B999,0.0020551879545132132,0.02,0
D7_placebo_g_B999,0.0020582534381202444,0.02,0
D7_placebo_g_B999,0.0020613189217272756,0.02,0
D7_placebo_g_B999,0.0020643844053343085,0.02,0
D7_placebo_g_B999,0.0020674498889413397,0.02,0
D7_placebo_g_B999,0.002070515372548371,0.02,0
D7_placebo_g_B999,0.002073580856155402,0.02,0
D7_placebo_g_B999,0.002076646339762435,0.02,0
D7_placebo_g_B999,0.002079711823369466,0.02,0
D7_placebo_g_B999,0.0020827773069764972,0.02,0
D7_placebo_g_B999,0.0020858427905835284,0.02,0
D7_placebo_g_B999,0.0020889082741905613,0.02,0
D7_placebo_g_B999,0.0020919737577975925,0.02,0
D7_placebo_g_B999,0.0020950392414046237,0.02,0
D7_placebo_g_B999,0.002098104725011655,0.02,0
D7_placebo_g_B999,0.0021011702086186877,0.02,0
D7_placebo_g_B999,0.002104235692225719,0.02,0
D7_placebo_g_B999,0.00210730117583275,0.02,0
D7_placebo_g_B999,0.0021103666594397812,0.02,0
D7_placebo_g_B999,0.002113432143046814,0.02,0
D7_placebo_g_B999,0.0021164976266538453,0.02,0
D7_placebo_g_B999,0.0021195631102608765,0.02,0
D7_placebo_g_B999,0.0021226285938679076,0.02,0
D7_placebo_g_B999,0.0021256940774749405,0.02,0
D7_placebo_g_B999,0.0021287595610819717,0.02,0
D7_placebo_g_B999,0.002131825044689003,0.02,0
D7_placebo_g_B999,0.002134890528296034,0.02,0
D7_placebo_g_B999,0.002137956011903067,0.02,0
D7_placebo_g_B999,0.002141021495510098,0.02,0
D7_placebo_g_B999,0.0021440869791171293,0.02,0
D7_placebo_g_B999,0.0021471524627241605,0.02,0
D7_placebo_g_B999,0.0021502179463311934,0.02,0
D7_placebo_g_B999,0.0021532834299382245,0.02,0
D7_placebo_g_B999,0.0021563489135452557,0.02,0
D7_placebo_g_B999,0.002159414397152287,0.02,0
D7_placebo_g_B999,0.0021624798807593198,0.019,0
D7_placebo_g_B999,0.002165545364366351,0.019,0
D7_placebo_g_B999,0.002168610847973382,0.019,0
D7_placebo_g_B999,0.0021716763315804133,0.019,0
D7_placebo_g_B999,0.002174741815187446,0.019,0
D7_placebo_g_B999,0.0021778072987944774,0.019,0
D7_placebo_g_B999,0.0021808727824015085,0.019,0
D7_placebo_g_B999,0.0021839382660085397,0.019,0
D7_placebo_g_B999,0.0021870037496155726,0.019,0
D7_placebo_g_B999,0.0021900692332226038,0.019,0
D7_placebo_g_B999,0.002193134716829635,0.019,0
D7_placebo_g_B999,0.002196200200436666,0.019,0
D7_placebo_g_B999,0.002199265684043699,0.019,0
D7_placebo_g_B999,0.00220233116765073,0.019,0
D7_placebo_g_B999,0.0022053966512577614,0.019,0
D7_placebo_g_B999,0.0022084621348647925,0.019,0
D7_placebo_g_B999,0.0022115276184718254,0.019,0
D7_placebo_g_B999,0.0022145931020788566,0.019,0
D7_placebo_g_B999,0.0022176585856858878,0.018,0
D7_placebo_g_B999,0.002220724069292919,0.018,0
D7_placebo_g_B999,0.002223789552899952,0.018,0
D7_placebo_g_B999,0.002226855036506983,0.017,0
D7_placebo_g_B999,0.002229920520114014,0.017,0
D7_placebo_g_B999,0.0022329860037210453,0.017,0
D7_placebo_g_B999,0.0022360514873280782,0.017,0
D7_placebo_g_B999,0.0022391169709351094,0.017,0
D7_placebo_g_B999,0.0022421824545421406,0.017,0
D7_placebo_g_B999,0.0022452479381491718,0.017,0
D7_placebo_g_B999,0.0022483134217562047,0.017,0
D7_placebo_g_B999,0.002251378905363236,0.017,0
D7_placebo_g_B999,0.002254444388970267,0.017,0
D7_placebo_g_B999,0.002257509872577298,0.017,0
D7_placebo_g_B999,0.002260575356184331,0.016,0
D7_placebo_g_B999,0.0022636408397913622,0.016,0
D7_placebo_g_B999,0.0022667063233983934,0.016,0
D7_placebo_g_B999,0.0022697718070054246,0.016,0
D7_placebo_g_B999,0.0022728372906124575,0.016,0
D7_placebo_g_B999,0.0022759027742194887,0.016,0
D7_placebo_g_B999,0.00227896825782652,0.016,0
D7_placebo_g_B999,0.002282033741433551,0.016,0
D7_placebo_g_B999,0.002285099225040584,0.016,0
D7_placebo_g_B999,0.002288164708647615,0.016,0
D7_placebo_g_B999,0.0022912301922546462,0.016,0
D7_placebo_g_B999,0.002294295675861679,0.016,0
D7_placebo_g_B999,0.0022973611594687103,0.016,0
D7_placebo_g_B999,0.0023004266430757415,0.016,0
D7_placebo_g_B999,0.0023034921266827726,0.016,0
D7_placebo_g_B999,0.0023065576102898055,0.016,0
D7_placebo_g_B999,0.0023096230938968367,0.016,0
D7_placebo_g_B999,0.002312688577503868,0.016,0
D7_placebo_g_B999,0.002315754061110899,0.016,0
D7_placebo_g_B999,0.002318819544717932,0.016,0
D7_placebo_g_B999,0.002321885028324963,0.016,0
D7_placebo_g_B999,0.0023249505119319943,0.016,0
D7_placebo_g_B999,0.0023280159955390255,0.016,0
D7_placebo_g_B999,0.0023310814791460584,0.016,0
D7_placebo_g_B999,0.0023341469627530895,0.016,0
D7_placebo_g_B999,0.0023372124463601207,0.016,0
D7_placebo_g_B999,0.002340277929967152,0.016,0
D7_placebo_g_B999,0.0023433434135741848,0.016,0
D7_placebo_g_B999,0.002346408897181216,0.016,0
D7_placebo_g_B999,0.002349474380788247,0.016,0
D7_placebo_g_B999,0.0023525398643952783,0.016,0
D7_placebo_g_B999,0.002355605348002311,0.016,0
D7_placebo_g_B999,0.0023586708316093424,0.016,0
D7_placebo_g_B999,0.0023617363152163735,0.016,0
D7_placebo_g_B999,0.0023648017988234047,0.016,0
D7_placebo_g_B999,0.0023678672824304376,0.016,0
D7_placebo_g_B999,0.0023709327660374688,0.016,0
D7_placebo_g_B999,0.0023739982496445,0.016,0
D7_placebo_g_B999,0.002377063733251531,0.016,0
D7_placebo_g_B999,0.002380129216858564,0.016,0
D7_placebo_g_B999,0.002383194700465595,0.016,0
D7_placebo_g_B999,0.0023862601840726264,0.016,0
D7_placebo_g_B999,0.0023893256676796575,0.016,0
D7_placebo_g_B999,0.0023923911512866904,0.016,0
D7_placebo_g_B999,0.0023954566348937216,0.016,0
D7_placebo_g_B999,0.0023985221185007528,0.016,0
D7_placebo_g_B999,0.002401587602107784,0.016,0
D7_placebo_g_B999,0.002404653085714817,0.016,0
D7_placebo_g_B999,0.002407718569321848,0.016,0
D7_placebo_g_B999,0.002410784052928879,0.016,0
D7_placebo_g_B999,0.0024138495365359103,0.016,0
D7_placebo_g_B999,0.0024169150201429433,0.016,0
D7_placebo_g_B999,0.0024199805037499744,0.015,0
D7_placebo_g_B999,0.0024230459873570056,0.015,0
D7_placebo_g_B999,0.0024261114709640368,0.015,0
D7_placebo_g_B999,0.0024291769545710697,0.015,0
D7_placebo_g_B999,0.002432242438178101,0.015,0
D7_placebo_g_B999,0.002435307921785132,0.015,0
D7_placebo_g_B999,0.002438373405392163,0.015,0
D7_placebo_g_B999,0.002441438888999196,0.015,0
D7_placebo_g_B999,0.0024445043726062272,0.015,0
D7_placebo_g_B999,0.0024475698562132584,0.015,0
D7_placebo_g_B999,0.0024506353398202896,0.015,0
D7_placebo_g_B999,0.0024537008234273225,0.015,0
D7_placebo_g_B999,0.0024567663070343537,0.015,0
D7_placebo_g_B999,0.002459831790641385,0.014,0
D7_placebo_g_B999,0.002462897274248416,0.014,0
D7_placebo_g_B999,0.002465962757855449,0.014,0
D7_placebo_g_B999,0.00246902824146248,0.014,0
D7_placebo_g_B999,0.0024720937250695112,0.014,0
D7_placebo_g_B999,0.0024751592086765424,0.014,0
D7_placebo_g_B999,0.0024782246922835753,0.014,0
D7_placebo_g_B999,0.0024812901758906065,0.014,0
D7_placebo_g_B999,0.0024843556594976376,0.014,0
D7_placebo_g_B999,0.002487421143104669,0.014,0
D7_placebo_g_B999,0.0024904866267117017,0.014,0
D7_placebo_g_B999,0.002493552110318733,0.014,0
D7_placebo_g_B999,0.002496617593925764,0.014,0
D7_placebo_g_B999,0.0024996830775327952,0.014,0
D7_placebo_g_B999,0.002502748561139828,0.014,0
D7_placebo_g_B999,0.0025058140447468593,0.014,0
D7_placebo_g_B999,0.0025088795283538905,0.014,0
D7_placebo_g_B999,0.0025119450119609234,0.014,0
D7_placebo_g_B999,0.0025150104955679545,0.014,0
D7_placebo_g_B999,0.0025180759791749857,0.014,0
D7_placebo_g_B999,0.002521141462782017,0.014,0
D7_placebo_g_B999,0.00252420694638905,0.014,0
D7_placebo_g_B999,0.002527272429996081,0.014,0
D7_placebo_g_B999,0.002530337913603112,0.014,0
D7_placebo_g_B999,0.0025334033972101433,0.014,0
D7_placebo_g_B999,0.002536468880817176,0.014,0
D7_placebo_g_B999,0.0025395343644242074,0.013,0
D7_placebo_g_B999,0.0025425998480312385,0.013,0
D7_placebo_g_B999,0.0025456653316382697,0.013,0
D7_placebo_g_B999,0.0025487308152453026,0.013,0
D7_placebo_g_B999,0.0025517962988523338,0.013,0
D7_placebo_g_B999,0.002554861782459365,0.013,0
D7_placebo_g_B999,0.002557927266066396,0.013,0
D7_placebo_g_B999,0.002560992749673429,0.013,0
D7_placebo_g_B999,0.00256405823328046,0.013,0
D7_placebo_g_B999,0.0025671237168874914,0.013,0
D7_placebo_g_B999,0.0025701892004945225,0.013,0
D7_placebo_g_B999,0.0025732546841015554,0.013,0
D7_placebo_g_B999,0.0025763201677085866,0.013,0
D7_placebo_g_B999,0.0025793856513156178,0.013,0
D7_placebo_g_B999,0.002582451134922649,0.013,0
D7_placebo_g_B999,0.002585516618529682,0.013,0
D7_placebo_g_B999,0.002588582102136713,0.013,0
D7_placebo_g_B999,0.002591647585743744,0.013,0
D7_placebo_g_B999,0.0025947130693507754,0.013,0
D7_placebo_g_B999,0.0025977785529578083,0.013,0
D7_placebo_g_B999,0.0026008440365648394,0.013,0
D7_placebo_g_B999,0.0026039095201718706,0.013,0
D7_placebo_g_B999,0.0026069750037789018,0.013,0
D7_placebo_g_B999,0.0026100404873859347,0.013,0
D7_placebo_g_B999,0.002613105970992966,0.013,0
D7_placebo_g_B999,0.002616171454599997,0.013,0
D7_placebo_g_B999,0.002619236938207028,0.013,0
D7_placebo_g_B999,0.002622302421814061,0.013,0
D7_placebo_g_B999,0.0026253679054210922,0.013,0
D7_placebo_g_B999,0.0026284333890281234,0.013,0
D7_placebo_g_B999,0.0026314988726351546,0.013,0
D7_placebo_g_B999,0.0026345643562421875,0.013,0
D7_placebo_g_B999,0.0026376298398492187,0.013,0
D7_placebo_g_B999,0.00264069532345625,0.013,0
D7_placebo_g_B999,0.002643760807063281,0.013,0
D7_placebo_g_B999,0.002646826290670314,0.013,0
D7_placebo_g_B999,0.002649891774277345,0.013,0
D7_placebo_g_B999,0.0026529572578843762,0.013,0
D7_placebo_g_B999,0.0026560227414914074,0.013,0
D7_placebo_g_B999,0.0026590882250984403,0.013,0
D7_placebo_g_B999,0.0026621537087054715,0.013,0
D7_placebo_g_B999,0.0026652191923125026,0.013,0
D7_placebo_g_B999,0.002668284675919534,0.013,0
D7_placebo_g_B999,0.0026713501595265667,0.013,0
D7_placebo_g_B999,0.002674415643133598,0.013,0
D7_placebo_g_B999,0.002677481126740629,0.013,0
D7_placebo_g_B999,0.0026805466103476602,0.013,0
D7_placebo_g_B999,0.002683612093954693,0.013,0
D7_placebo_g_B999,0.0026866775775617243,0.013,0
D7_placebo_g_B999,0.0026897430611687555,0.013,0
D7_placebo_g_B999,0.0026928085447757866,0.013,0
D7_placebo_g_B999,0.0026958740283828195,0.013,0
D7_placebo_g_B999,0.0026989395119898507,0.013,0
D7_placebo_g_B999,0.002702004995596882,0.013,0
D7_placebo_g_B999,0.002705070479203913,0.013,0
D7_placebo_g_B999,0.002708135962810946,0.013,0
D7_placebo_g_B999,0.002711201446417977,0.013,0
D7_placebo_g_B999,0.0027142669300250083,0.013,0
D7_placebo_g_B999,0.0027173324136320395,0.013,0
D7_placebo_g_B999,0.0027203978972390724,0.013,0
D7_placebo_g_B999,0.0027234633808461035,0.013,0
D7_placebo_g_B999,0.0027265288644531347,0.013,0
D7_placebo_g_B999,0.002729594348060166,0.013,0
D7_placebo_g_B999,0.0027326598316671988,0.013,0
D7_placebo_g_B999,0.00273572531527423,0.013,0
D7_placebo_g_B999,0.002738790798881261,0.013,0
D7_placebo_g_B999,0.002741856282488294,0.013,0
D7_placebo_g_B999,0.002744921766095325,0.013,0
D7_placebo_g_B999,0.0027479872497023564,0.013,0
D7_placebo_g_B999,0.0027510527333093875,0.013,0
D7_placebo_g_B999,0.0027541182169164204,0.013,0
D7_placebo_g_B999,0.0027571837005234516,0.013,0
D7_placebo_g_B999,0.0027602491841304828,0.013,0
D7_placebo_g_B999,0.002763314667737514,0.013,0
D7_placebo_g_B999,0.002766380151344547,0.013,0
D7_placebo_g_B999,0.002769445634951578,0.013,0
D7_placebo_g_B999,0.002772511118558609,0.013,0
D7_placebo_g_B999,0.0027755766021656404,0.013,0
D7_placebo_g_B999,0.0027786420857726733,0.013,0
D7_placebo_g_B999,0.0027817075693797044,0.013,0
D7_placebo_g_B999,0.0027847730529867356,0.013,0
D7_placebo_g_B999,0.0027878385365937668,0.013,0
D7_placebo_g_B999,0.0027909040202007997,0.013,0
D7_placebo_g_B999,0.002793969503807831,0.013,0
D7_placebo_g_B999,0.002797034987414862,0.013,0
D7_placebo_g_B999,0.002800100471021893,0.013,0
D7_placebo_g_B999,0.002803165954628926,0.013,0
D7_placebo_g_B999,0.0028062314382359572,0.013,0
D7_placebo_g_B999,0.0028092969218429884,0.013,0
D7_placebo_g_B999,0.0028123624054500196,0.013,0
D7_placebo_g_B999,0.0028154278890570525,0.013,0
D7_placebo_g_B999,0.0028184933726640837,0.013,0
D7_placebo_g_B999,0.002821558856271115,0.013,0
D7_placebo_g_B999,0.002824624339878146,0.013,0
D7_placebo_g_B999,0.002827689823485179,0.013,0
D7_placebo_g_B999,0.00283075530709221,0.013,0
D7_placebo_g_B999,0.0028338207906992412,0.013,0
D7_placebo_g_B999,0.0028368862743062724,0.013,0
D7_placebo_g_B999,0.0028399517579133053,0.013,0
D7_placebo_g_B999,0.0028430172415203365,0.013,0
D7_placebo_g_B999,0.0028460827251273677,0.013,0
D7_placebo_g_B999,0.002849148208734399,0.013,0
D7_placebo_g_B999,0.0028522136923414317,0.013,0
D7_placebo_g_B999,0.002855279175948463,0.013,0
D7_placebo_g_B999,0.002858344659555494,0.013,0
D7_placebo_g_B999,0.0028614101431625252,0.013,0
D7_placebo_g_B999,0.002864475626769558,0.013,0
D7_placebo_g_B999,0.0028675411103765893,0.013,0
D7_placebo_g_B999,0.0028706065939836205,0.013,0
D7_placebo_g_B999,0.0028736720775906516,0.013,0
D7_placebo_g_B999,0.0028767375611976845,0.013,0
D7_placebo_g_B999,0.0028798030448047157,0.013,0
D7_placebo_g_B999,0.002882868528411747,0.013,0
D7_placebo_g_B999,0.002885934012018778,0.013,0
D7_placebo_g_B999,0.002888999495625811,0.013,0
D7_placebo_g_B999,0.002892064979232842,0.013,0
D7_placebo_g_B999,0.0028951304628398733,0.013,0
D7_placebo_g_B999,0.0028981959464469045,0.013,0
D7_placebo_g_B999,0.0029012614300539374,0.012,0
D7_placebo_g_B999,0.0029043269136609685,0.012,0
D7_placebo_g_B999,0.0029073923972679997,0.012,0
D7_placebo_g_B999,0.002910457880875031,0.012,0
D7_placebo_g_B999,0.0029135233644820638,0.012,0
D7_placebo_g_B999,0.002916588848089095,0.012,0
D7_placebo_g_B999,0.002919654331696126,0.012,0
D7_placebo_g_B999,0.0029227198153031573,0.012,0
D7_placebo_g_B999,0.00292578529891019,0.012,0
D7_placebo_g_B999,0.0029288507825172214,0.012,0
D7_placebo_g_B999,0.0029319162661242525,0.012,0
D7_placebo_g_B999,0.0029349817497312837,0.011,0
D7_placebo_g_B999,0.0029380472333383166,0.011,0
D7_placebo_g_B999,0.0029411127169453478,0.011,0
D7_placebo_g_B999,0.002944178200552379,0.011,0
D7_placebo_g_B999,0.00294724368415941,0.011,0
D7_placebo_g_B999,0.002950309167766443,0.011,0
D7_placebo_g_B999,0.002953374651373474,0.011,0
D7_placebo_g_B999,0.0029564401349805054,0.011,0
D7_placebo_g_B999,0.0029595056185875383,0.011,0
D7_placebo_g_B999,0.0029625711021945694,0.011,0
D7_placebo_g_B999,0.0029656365858016006,0.011,0
D7_placebo_g_B999,0.0029687020694086318,0.011,0
D7_placebo_g_B999,0.0029717675530156647,0.011,0
D7_placebo_g_B999,0.002974833036622696,0.011,0
D7_placebo_g_B999,0.002977898520229727,0.011,0
D7_placebo_g_B999,0.002980964003836758,0.011,0
D7_placebo_g_B999,0.002984029487443791,0.011,0
D7_placebo_g_B999,0.0029870949710508223,0.01,0
D7_placebo_g_B999,0.0029901604546578534,0.01,0
D7_placebo_g_B999,0.0029932259382648846,0.01,0
D7_placebo_g_B999,0.0029962914218719175,0.01,0
D7_placebo_g_B999,0.0029993569054789487,0.01,0
D7_placebo_g_B999,0.00300242238908598,0.01,0
D7_placebo_g_B999,0.003005487872693011,0.01,0
D7_placebo_g_B999,0.003008553356300044,0.01,0
D7_placebo_g_B999,0.003011618839907075,0.01,0
D7_placebo_g_B999,0.0030146843235141062,0.01,0
D7_placebo_g_B999,0.0030177498071211374,0.01,0
D7_placebo_g_B999,0.0030208152907281703,0.009,0
D7_placebo_g_B999,0.0030238807743352015,0.009,0
D7_placebo_g_B999,0.0030269462579422327,0.009,0
D7_placebo_g_B999,0.003030011741549264,0.009,0
D7_placebo_g_B999,0.0030330772251562967,0.009,0
D7_placebo_g_B999,0.003036142708763328,0.009,0
D7_placebo_g_B999,0.003039208192370359,0.009,0
D7_placebo_g_B999,0.0030422736759773902,0.009,0
D7_placebo_g_B999,0.003045339159584423,0.009,0
D7_placebo_g_B999,0.0030484046431914543,0.008,0
D7_placebo_g_B999,0.0030514701267984855,0.008,0
D7_placebo_g_B999,0.0030545356104055166,0.008,0
D7_placebo_g_B999,0.0030576010940125496,0.008,0
D7_placebo_g_B999,0.0030606665776195807,0.008,0
D7_placebo_g_B999,0.003063732061226612,0.008,0
D7_placebo_g_B999,0.003066797544833643,0.008,0
D7_placebo_g_B999,0.003069863028440676,0.008,0
D7_placebo_g_B999,0.003072928512047707,0.008,0
D7_placebo_g_B999,0.0030759939956547383,0.008,0
D7_placebo_g_B999,0.0030790594792617695,0.008,0
D7_placebo_g_B999,0.0030821249628688024,0.008,0
D7_placebo_g_B999,0.0030851904464758335,0.008,0
D7_placebo_g_B999,0.0030882559300828647,0.008,0
D7_placebo_g_B999,0.003091321413689896,0.008,0
D7_placebo_g_B999,0.003094386897296929,0.008,0
D7_placebo_g_B999,0.00309745238090396,0.008,0
D7_placebo_g_B999,0.003100517864510991,0.008,0
D7_placebo_g_B999,0.0031035833481180223,0.008,0
D7_placebo_g_B999,0.003106648831725055,0.008,0
D7_placebo_g_B999,0.0031097143153320864,0.008,0
D7_placebo_g_B999,0.0031127797989391175,0.008,0
D7_placebo_g_B999,0.0031158452825461487,0.008,0
D7_placebo_g_B999,0.0031189107661531816,0.008,0
D7_placebo_g_B999,0.0031219762497602128,0.008,0
D7_placebo_g_B999,0.003125041733367244,0.008,0
D7_placebo_g_B999,0.003128107216974275,0.008,0
D7_placebo_g_B999,0.003131172700581308,0.008,0
D7_placebo_g_B999,0.003134238184188339,0.008,0
D7_placebo_g_B999,0.0031373036677953704,0.008,0
D7_placebo_g_B999,0.0031403691514024015,0.008,0
D7_placebo_g_B999,0.0031434346350094344,0.008,0
D7_placebo_g_B999,0.0031465001186164656,0.008,0
D7_placebo_g_B999,0.0031495656022234968,0.008,0
D7_placebo_g_B999,0.003152631085830528,0.008,0
D7_placebo_g_B999,0.003155696569437561,0.008,0
D7_placebo_g_B999,0.003158762053044592,0.008,0
D7_placebo_g_B999,0.003161827536651623,0.008,0
D7_placebo_g_B999,0.0031648930202586543,0.008,0
D7_placebo_g_B999,0.0031679585038656873,0.008,0
D7_placebo_g_B999,0.0031710239874727184,0.008,0
D7_placebo_g_B999,0.0031740894710797496,0.008,0
D7_placebo_g_B999,0.0031771549546867808,0.008,0
D7_placebo_g_B999,0.0031802204382938137,0.008,0
D7_placebo_g_B999,0.003183285921900845,0.008,0
D7_placebo_g_B999,0.003186351405507876,0.008,0
D7_placebo_g_B999,0.003189416889114909,0.008,0
D7_placebo_g_B999,0.00319248237272194,0.008,0
D7_placebo_g_B999,0.0031955478563289712,0.008,0
D7_placebo_g_B999,0.0031986133399360024,0.008,0
D7_placebo_g_B999,0.0032016788235430353,0.008,0
D7_placebo_g_B999,0.0032047443071500665,0.008,0
D7_placebo_g_B999,0.0032078097907570977,0.008,0
D7_placebo_g_B999,0.003210875274364129,0.008,0
D7_placebo_g_B999,0.0032139407579711617,0.008,0
D7_placebo_g_B999,0.003217006241578193,0.008,0
D7_placebo_g_B999,0.003220071725185224,0.008,0
D7_placebo_g_B999,0.0032231372087922552,0.008,0
D7_placebo_g_B999,0.003226202692399288,0.008,0
D7_placebo_g_B999,0.0032292681760063193,0.008,0
D7_placebo_g_B999,0.0032323336596133505,0.008,0
D7_placebo_g_B999,0.0032353991432203816,0.008,0
D7_placebo_g_B999,0.0032384646268274146,0.008,0
D7_placebo_g_B999,0.0032415301104344457,0.008,0
D7_placebo_g_B999,0.003244595594041477,0.008,0
D7_placebo_g_B999,0.003247661077648508,0.008,0
D7_placebo_g_B999,0.003250726561255541,0.008,0
D7_placebo_g_B999,0.003253792044862572,0.008,0
D7_placebo_g_B999,0.0032568575284696033,0.008,0
D7_placebo_g_B999,0.0032599230120766345,0.008,0
D7_placebo_g_B999,0.0032629884956836674,0.008,0
D7_placebo_g_B999,0.0032660539792906985,0.008,0
D7_placebo_g_B999,0.0032691194628977297,0.008,0
D7_placebo_g_B999,0.003272184946504761,0.008,0
D7_placebo_g_B999,0.003275250430111794,0.008,0
D7_placebo_g_B999,0.003278315913718825,0.008,0
D7_placebo_g_B999,0.003281381397325856,0.008,0
D7_placebo_g_B999,0.0032844468809328873,0.008,0
D7_placebo_g_B999,0.00328751236453992,0.008,0
D7_placebo_g_B999,0.0032905778481469514,0.008,0
D7_placebo_g_B999,0.0032936433317539825,0.008,0
D7_placebo_g_B999,0.0032967088153610137,0.008,0
D7_placebo_g_B999,0.0032997742989680466,0.008,0
D7_placebo_g_B999,0.0033028397825750778,0.008,0
D7_placebo_g_B999,0.003305905266182109,0.008,0
D7_placebo_g_B999,0.00330897074978914,0.008,0
D7_placebo_g_B999,0.003312036233396173,0.008,0
D7_placebo_g_B999,0.003315101717003204,0.008,0
D7_placebo_g_B999,0.0033181672006102354,0.008,0
D7_placebo_g_B999,0.0033212326842172665,0.008,0
D7_placebo_g_B999,0.0033242981678242994,0.008,0
D7_placebo_g_B999,0.0033273636514313306,0.008,0
D7_placebo_g_B999,0.0033304291350383618,0.008,0
D7_placebo_g_B999,0.003333494618645393,0.008,0
D7_placebo_g_B999,0.003336560102252426,0.008,0
D7_placebo_g_B999,0.003339625585859457,0.008,0
D7_placebo_g_B999,0.003342691069466488,0.008,0
D7_placebo_g_B999,0.0033457565530735194,0.008,0
D7_placebo_g_B999,0.0033488220366805523,0.008,0
D7_placebo_g_B999,0.0033518875202875834,0.008,0
D7_placebo_g_B999,0.0033549530038946146,0.008,0
D7_placebo_g_B999,0.0033580184875016458,0.008,0
D7_placebo_g_B999,0.0033610839711086787,0.008,0
D7_placebo_g_B999,0.00336414945471571,0.008,0
D7_placebo_g_B999,0.003367214938322741,0.008,0
D7_placebo_g_B999,0.003370280421929772,0.008,0
D7_placebo_g_B999,0.003373345905536805,0.008,0
D7_placebo_g_B999,0.0033764113891438362,0.007,0
D7_placebo_g_B999,0.0033794768727508674,0.007,0
D7_placebo_g_B999,0.0033825423563578986,0.007,0
D7_placebo_g_B999,0.0033856078399649315,0.007,0
D7_placebo_g_B999,0.0033886733235719627,0.007,0
D7_placebo_g_B999,0.003391738807178994,0.007,0
D7_placebo_g_B999,0.003394804290786025,0.007,0
D7_placebo_g_B999,0.003397869774393058,0.007,0
D7_placebo_g_B999,0.003400935258000089,0.007,0
D7_placebo_g_B999,0.0034040007416071202,0.007,0
D7_placebo_g_B999,0.003407066225214153,0.007,0
D7_placebo_g_B999,0.0034101317088211843,0.007,0
D7_placebo_g_B999,0.0034131971924282155,0.007,0
D7_placebo_g_B999,0.0034162626760352467,0.007,0
D7_placebo_g_B999,0.0034193281596422796,0.007,0
D7_placebo_g_B999,0.0034223936432493107,0.007,0
D7_placebo_g_B999,0.003425459126856342,0.007,0
D7_placebo_g_B999,0.003428524610463373,0.007,0
D7_placebo_g_B999,0.003431590094070406,0.007,0
D7_placebo_g_B999,0.003434655577677437,0.007,0
D7_placebo_g_B999,0.0034377210612844683,0.007,0
D7_placebo_g_B999,0.0034407865448914995,0.007,0
D7_placebo_g_B999,0.0034438520284985324,0.007,0
D7_placebo_g_B999,0.0034469175121055635,0.007,0
D7_placebo_g_B999,0.0034499829957125947,0.007,0
D7_placebo_g_B999,0.003453048479319626,0.007,0
D7_placebo_g_B999,0.003456113962926659,0.006,0
D7_placebo_g_B999,0.00345917944653369,0.006,0
D7_placebo_g_B999,0.003462244930140721,0.006,0
D7_placebo_g_B999,0.0034653104137477523,0.006,0
D7_placebo_g_B999,0.003468375897354785,0.006,0
D7_placebo_g_B999,0.0034714413809618164,0.006,0
D7_placebo_g_B999,0.0034745068645688475,0.006,0
D7_placebo_g_B999,0.0034775723481758787,0.006,0
D7_placebo_g_B999,0.0034806378317829116,0.006,0
D7_placebo_g_B999,0.0034837033153899428,0.005,0
D7_placebo_g_B999,0.003486768798996974,0.005,0
D7_placebo_g_B999,0.003489834282604005,0.005,0
D7_placebo_g_B999,0.003492899766211038,0.005,0
D7_placebo_g_B999,0.003495965249818069,0.005,0
D7_placebo_g_B999,0.0034990307334251004,0.005,0
D7_placebo_g_B999,0.0035020962170321315,0.005,0
D7_placebo_g_B999,0.0035051617006391644,0.005,0
D7_placebo_g_B999,0.0035082271842461956,0.005,0
D7_placebo_g_B999,0.0035112926678532268,0.005,0
D7_placebo_g_B999,0.003514358151460258,0.005,0
D7_placebo_g_B999,0.003517423635067291,0.005,0
D7_placebo_g_B999,0.003520489118674322,0.005,0
D7_placebo_g_B999,0.003523554602281353,0.005,0
D7_placebo_g_B999,0.0035266200858883844,0.005,0
D7_placebo_g_B999,0.0035296855694954173,0.005,0
D7_placebo_g_B999,0.0035327510531024484,0.005,0
D7_placebo_g_B999,0.0035358165367094796,0.005,0
D7_placebo_g_B999,0.0035388820203165108,0.005,0
D7_placebo_g_B999,0.0035419475039235437,0.005,0
D7_placebo_g_B999,0.003545012987530575,0.005,0
D7_placebo_g_B999,0.003548078471137606,0.005,0
D7_placebo_g_B999,0.003551143954744637,0.005,0
D7_placebo_g_B999,0.00355420943835167,0.005,0
D7_placebo_g_B999,0.0035572749219587012,0.005,0
D7_placebo_g_B999,0.0035603404055657324,0.005,0
D7_placebo_g_B999,0.0035634058891727636,0.005,0
D7_placebo_g_B999,0.0035664713727797965,0.005,0
D7_placebo_g_B999,0.0035695368563868277,0.005,0
D7_placebo_g_B999,0.003572602339993859,0.005,0
D7_placebo_g_B999,0.00357566782360089,0.005,0
D7_placebo_g_B999,0.003578733307207923,0.005,0
D7_placebo_g_B999,0.003581798790814954,0.005,0
D7_placebo_g_B999,0.0035848642744219852,0.005,0
D7_placebo_g_B999,0.0035879297580290164,0.005,0
D7_placebo_g_B999,0.0035909952416360493,0.005,0
D7_placebo_g_B999,0.0035940607252430805,0.005,0
D7_placebo_g_B999,0.0035971262088501117,0.005,0
D7_placebo_g_B999,0.003600191692457143,0.005,0
D7_placebo_g_B999,0.0036032571760641757,0.005,0
D7_placebo_g_B999,0.003606322659671207,0.005,0
D7_placebo_g_B999,0.003609388143278238,0.005,0
D7_placebo_g_B999,0.0036124536268852692,0.005,0
D7_placebo_g_B999,0.003615519110492302,0.005,0
D7_placebo_g_B999,0.0036185845940993333,0.005,0
D7_placebo_g_B999,0.0036216500777063645,0.005,0
D7_placebo_g_B999,0.0036247155613133956,0.005,0
D7_placebo_g_B999,0.0036277810449204285,0.005,0
D7_placebo_g_B999,0.0036308465285274597,0.005,0
D7_placebo_g_B999,0.003633912012134491,0.005,0
D7_placebo_g_B999,0.003636977495741524,0.005,0
D7_placebo_g_B999,0.003640042979348555,0.005,0
D7_placebo_g_B999,0.003643108462955586,0.005,0
D7_placebo_g_B999,0.0036461739465626173,0.005,0
D7_placebo_g_B999,0.00364923943016965,0.005,0
D7_placebo_g_B999,0.0036523049137766814,0.005,0
D7_placebo_g_B999,0.0036553703973837125,0.005,0
D7_placebo_g_B999,0.0036584358809907437,0.004,0
D7_placebo_g_B999,0.0036615013645977766,0.004,0
D7_placebo_g_B999,0.003664566848204808,0.004,0
D7_placebo_g_B999,0.003667632331811839,0.004,0
D7_placebo_g_B999,0.00367069781541887,0.004,0
D7_placebo_g_B999,0.003673763299025903,0.004,0
D7_placebo_g_B999,0.003676828782632934,0.004,0
D7_placebo_g_B999,0.0036798942662399654,0.004,0
D7_placebo_g_B999,0.0036829597498469965,0.004,0
D7_placebo_g_B999,0.0036860252334540294,0.004,0
D7_placebo_g_B999,0.0036890907170610606,0.004,0
D7_placebo_g_B999,0.0036921562006680918,0.004,0
D7_placebo_g_B999,0.003695221684275123,0.004,0
D7_placebo_g_B999,0.003698287167882156,0.004,0
D7_placebo_g_B999,0.003701352651489187,0.004,0
D7_placebo_g_B999,0.003704418135096218,0.004,0
D7_placebo_g_B999,0.0037074836187032494,0.004,0
D7_placebo_g_B999,0.0037105491023102823,0.004,0
D7_placebo_g_B999,0.0037136145859173134,0.004,0
D7_placebo_g_B999,0.0037166800695243446,0.004,0
D7_placebo_g_B999,0.0037197455531313758,0.004,0
D7_placebo_g_B999,0.0037228110367384087,0.004,0
D7_placebo_g_B999,0.00372587652034544,0.004,0
D7_placebo_g_B999,0.003728942003952471,0.004,0
D7_placebo_g_B999,0.003732007487559502,0.004,0
D7_placebo_g_B999,0.003735072971166535,0.004,0
D7_placebo_g_B999,0.0037381384547735663,0.004,0
D7_placebo_g_B999,0.0037412039383805974,0.004,0
D7_placebo_g_B999,0.0037442694219876286,0.004,0
D7_placebo_g_B999,0.0037473349055946615,0.004,0
D7_placebo_g_B999,0.0037504003892016927,0.004,0
D7_placebo_g_B999,0.003753465872808724,0.004,0
D7_placebo_g_B999,0.003756531356415755,0.004,0
D7_placebo_g_B999,0.003759596840022788,0.004,0
D7_placebo_g_B999,0.003762662323629819,0.004,0
D7_placebo_g_B999,0.0037657278072368502,0.004,0
D7_placebo_g_B999,0.0037687932908438814,0.003,0
D7_placebo_g_B999,0.0037718587744509143,0.003,0
D7_placebo_g_B999,0.0037749242580579455,0.003,0
D7_placebo_g_B999,0.0037779897416649767,0.003,0
D7_placebo_g_B999,0.003781055225272008,0.003,0
D7_placebo_g_B999,0.0037841207088790407,0.003,0
D7_placebo_g_B999,0.003787186192486072,0.003,0
D7_placebo_g_B999,0.003790251676093103,0.003,0
D7_placebo_g_B999,0.0037933171597001342,0.003,0
D7_placebo_g_B999,0.003796382643307167,0.003,0
D7_placebo_g_B999,0.0037994481269141983,0.003,0
D7_placebo_g_B999,0.0038025136105212295,0.003,0
D7_placebo_g_B999,0.0038055790941282606,0.003,0
D7_placebo_g_B999,0.0038086445777352936,0.003,0
D7_placebo_g_B999,0.0038117100613423247,0.003,0
D7_placebo_g_B999,0.003814775544949356,0.003,0
D7_placebo_g_B999,0.003817841028556387,0.003,0
D7_placebo_g_B999,0.00382090651216342,0.003,0
D7_placebo_g_B999,0.003823971995770451,0.003,0
D7_placebo_g_B999,0.0038270374793774823,0.003,0
D7_placebo_g_B999,0.0038301029629845135,0.003,0
D7_placebo_g_B999,0.0038331684465915464,0.002,0
D7_placebo_g_B999,0.0038362339301985775,0.002,0
D7_placebo_g_B999,0.0038392994138056087,0.002,0
D7_placebo_g_B999,0.00384236489741264,0.002,0
D7_placebo_g_B999,0.003845430381019673,0.002,0
D7_placebo_g_B999,0.003848495864626704,0.002,0
D7_placebo_g_B999,0.003851561348233735,0.002,0
D7_placebo_g_B999,0.003854626831840768,0.002,0
D7_placebo_g_B999,0.003857692315447799,0.002,0
D7_placebo_g_B999,0.0038607577990548304,0.002,0
D7_placebo_g_B999,0.0038638232826618615,0.002,0
D7_placebo_g_B999,0.0038668887662688944,0.002,0
D7_placebo_g_B999,0.0038699542498759256,0.002,0
D7_placebo_g_B999,0.0038730197334829568,0.002,0
D7_placebo_g_B999,0.003876085217089988,0.002,0
D7_placebo_g_B999,0.003879150700697021,0.002,0
D7_placebo_g_B999,0.003882216184304052,0.002,0
D7_placebo_g_B999,0.003885281667911083,0.002,0
D7_placebo_g_B999,0.0038883471515181144,0.002,0
D7_placebo_g_B999,0.0038914126351251473,0.002,0
D7_placebo_g_B999,0.0038944781187321784,0.002,0
D7_placebo_g_B999,0.0038975436023392096,0.002,0
D7_placebo_g_B999,0.0039006090859462408,0.002,0
D7_placebo_g_B999,0.0039036745695532737,0.002,0
D7_placebo_g_B999,0.003906740053160305,0.002,0
D7_placebo_g_B999,0.003909805536767336,0.002,0
D7_placebo_g_B999,0.003912871020374367,0.002,0
D7_placebo_g_B999,0.0039159365039814,0.002,0
D7_placebo_g_B999,0.003919001987588431,0.002,0
D7_placebo_g_B999,0.003922067471195462,0.002,0
D7_placebo_g_B999,0.003925132954802494,0.002,0
D7_placebo_g_B999,0.0039281984384095265,0.002,0
D7_placebo_g_B999,0.003931263922016558,0.002,0
D7_placebo_g_B999,0.003934329405623589,0.002,0
D7_placebo_g_B999,0.00393739488923062,0.002,0
D7_placebo_g_B999,0.003940460372837653,0.002,0
D7_placebo_g_B999,0.003943525856444684,0.002,0
D7_placebo_g_B999,0.003946591340051715,0.002,0
D7_placebo_g_B999,0.003949656823658746,0.002,0
D7_placebo_g_B999,0.003952722307265779,0.002,0
D7_placebo_g_B999,0.0039557877908728105,0.002,0
D7_placebo_g_B999,0.003958853274479842,0.002,0
D7_placebo_g_B999,0.003961918758086873,0.002,0
D7_placebo_g_B999,0.003964984241693906,0.002,0
D7_placebo_g_B999,0.003968049725300937,0.002,0
D7_placebo_g_B999,0.003971115208907968,0.002,0
D7_placebo_g_B999,0.003974180692514999,0.002,0
D7_placebo_g_B999,0.003977246176122032,0.002,0
D7_placebo_g_B999,0.003980311659729063,0.002,0
D7_placebo_g_B999,0.0039833771433360945,0.002,0
D7_placebo_g_B999,0.003986442626943126,0.002,0
D7_placebo_g_B999,0.0039895081105501586,0.002,0
D7_placebo_g_B999,0.00399257359415719,0.002,0
D7_placebo_g_B999,0.003995639077764221,0.002,0
D7_placebo_g_B999,0.003998704561371252,0.002,0
D7_placebo_g_B999,0.004001770044978285,0.002,0
D7_placebo_g_B999,0.004004835528585316,0.002,0
D7_placebo_g_B999,0.004007901012192347,0.002,0
D7_placebo_g_B999,0.0040109664957993785,0.002,0
D7_placebo_g_B999,0.004014031979406411,0.002,0
D7_placebo_g_B999,0.0040170974630134425,0.002,0
D7_placebo_g_B999,0.004020162946620474,0.002,0
D7_placebo_g_B999,0.004023228430227505,0.002,0
D7_placebo_g_B999,0.004026293913834538,0.002,0
D7_placebo_g_B999,0.004029359397441569,0.002,0
D7_placebo_g_B999,0.0040324248810486,0.002,0
D7_placebo_g_B999,0.004035490364655631,0.002,0
D7_placebo_g_B999,0.004038555848262664,0.002,0
D7_placebo_g_B999,0.004041621331869695,0.002,0
D7_placebo_g_B999,0.0040446868154767265,0.002,0
D7_placebo_g_B999,0.004047752299083758,0.002,0
D7_placebo_g_B999,0.004050817782690791,0.002,0
D7_placebo_g_B999,0.004053883266297822,0.002,0
D7_placebo_g_B999,0.004056948749904853,0.002,0
D7_placebo_g_B999,0.004060014233511884,0.002,0
D7_placebo_g_B999,0.004063079717118917,0.002,0
D7_placebo_g_B999,0.004066145200725948,0.002,0
D7_placebo_g_B999,0.004069210684332979,0.002,0
D7_placebo_g_B999,0.0040722761679400105,0.002,0
D7_placebo_g_B999,0.0040753416515470434,0.002,0
D7_placebo_g_B999,0.004078407135154075,0.002,0
D7_placebo_g_B999,0.004081472618761106,0.002,0
D7_placebo_g_B999,0.004084538102368139,0.002,0
D7_placebo_g_B999,0.00408760358597517,0.002,0
D7_placebo_g_B999,0.004090669069582201,0.002,0
D7_placebo_g_B999,0.004093734553189232,0.002,0
D7_placebo_g_B999,0.004096800036796265,0.002,0
D7_placebo_g_B999,0.004099865520403296,0.002,0
D7_placebo_g_B999,0.004102931004010327,0.002,0
D7_placebo_g_B999,0.004105996487617359,0.002,0
D7_placebo_g_B999,0.0041090619712243915,0.002,0
D7_placebo_g_B999,0.004112127454831423,0.002,0
D7_placebo_g_B999,0.004115192938438454,0.002,0
D7_placebo_g_B999,0.004118258422045485,0.002,0
D7_placebo_g_B999,0.004121323905652518,0.002,0
D7_placebo_g_B999,0.004124389389259549,0.002,0
D7_placebo_g_B999,0.00412745487286658,0.002,0
D7_placebo_g_B999,0.004130520356473611,0.002,0
D7_placebo_g_B999,0.004133585840080644,0.002,0
D7_placebo_g_B999,0.0041366513236876755,0.002,0
D7_placebo_g_B999,0.004139716807294707,0.002,0
D7_placebo_g_B999,0.004142782290901738,0.002,0
D7_placebo_g_B999,0.004145847774508771,0.002,0
D7_placebo_g_B999,0.004148913258115802,0.002,0
D7_placebo_g_B999,0.004151978741722833,0.002,0
D7_placebo_g_B999,0.004155044225329864,0.002,0
D7_placebo_g_B999,0.004158109708936897,0.002,0
D7_placebo_g_B999,0.004161175192543928,0.002,0
D7_placebo_g_B999,0.0041642406761509595,0.002,0
D7_placebo_g_B999,0.004167306159757991,0.002,0
D7_placebo_g_B999,0.0041703716433650236,0.002,0
D7_placebo_g_B999,0.004173437126972055,0.002,0
D7_placebo_g_B999,0.004176502610579086,0.002,0
D7_placebo_g_B999,0.004179568094186117,0.002,0
D7_placebo_g_B999,0.00418263357779315,0.002,0
D7_placebo_g_B999,0.004185699061400181,0.002,0
D7_placebo_g_B999,0.004188764545007212,0.002,0
D7_placebo_g_B999,0.0041918300286142435,0.002,0
D7_placebo_g_B999,0.004194895512221276,0.002,0
D7_placebo_g_B999,0.0041979609958283075,0.002,0
D7_placebo_g_B999,0.004201026479435339,0.002,0
D7_placebo_g_B999,0.00420409196304237,0.002,0
D7_placebo_g_B999,0.004207157446649403,0.002,0
D7_placebo_g_B999,0.004210222930256434,0.002,0
D7_placebo_g_B999,0.004213288413863465,0.002,0
D7_placebo_g_B999,0.004216353897470496,0.002,0
D7_placebo_g_B999,0.004219419381077529,0.002,0
D7_placebo_g_B999,0.00422248486468456,0.002,0
D7_placebo_g_B999,0.0042255503482915915,0.002,0
D7_placebo_g_B999,0.004228615831898623,0.002,0
D7_placebo_g_B999,0.004231681315505656,0.002,0
D7_omraade_klasse_eksakt,0.010550482689271733,0.00390625,0
D7_omraade_klasse_eksakt,0.010560147694842854,0.00390625,0
D7_omraade_klasse_eksakt,0.010569812700413973,0.00390625,0
D7_omraade_klasse_eksakt,0.010579477705985094,0.00390625,0
D7_omraade_klasse_eksakt,0.010589142711556214,0.00390625,0
D7_omraade_klasse_eksakt,0.010598807717127335,0.00390625,0
D7_omraade_klasse_eksakt,0.010608472722698454,0.00390625,0
D7_omraade_klasse_eksakt,0.010618137728269575,0.00390625,0
D7_omraade_klasse_eksakt,0.010627802733840695,0.00390625,0
D7_omraade_klasse_eksakt,0.010637467739411814,0.00390625,0
D7_omraade_klasse_eksakt,0.010647132744982935,0.00390625,0
D7_omraade_klasse_eksakt,0.010656797750554056,0.00390625,0
D7_omraade_klasse_eksakt,0.010666462756125174,0.00390625,0
D7_omraade_klasse_eksakt,0.010676127761696295,0.00390625,0
D7_omraade_klasse_eksakt,0.010685792767267416,0.00390625,0
D7_omraade_klasse_eksakt,0.010695457772838536,0.00390625,0
D7_omraade_klasse_eksakt,0.010705122778409655,0.00390625,0
D7_omraade_klasse_eksakt,0.010714787783980776,0.00390625,0
D7_omraade_klasse_eksakt,0.010724452789551897,0.00390625,0
D7_omraade_klasse_eksakt,0.010734117795123016,0.00390625,0
D7_omraade_klasse_eksakt,0.010743782800694136,0.00390625,0
D7_omraade_klasse_eksakt,0.010753447806265257,0.00390625,0
D7_omraade_klasse_eksakt,0.010763112811836376,0.00390625,0
D7_omraade_klasse_eksakt,0.010772777817407497,0.00390625,0
D7_omraade_klasse_eksakt,0.010782442822978617,0.00390625,0
D7_omraade_klasse_eksakt,0.010792107828549738,0.00390625,0
D7_omraade_klasse_eksakt,0.010801772834120857,0.00390625,0
D7_omraade_klasse_eksakt,0.010811437839691978,0.00390625,0
D7_omraade_klasse_eksakt,0.010821102845263098,0.00390625,0
D7_omraade_klasse_eksakt,0.010830767850834217,0.00390625,0
D7_omraade_klasse_eksakt,0.010840432856405338,0.00390625,0
D7_omraade_klasse_eksakt,0.010850097861976458,0.00390625,0
D7_omraade_klasse_eksakt,0.01085976286754758,0.00390625,0
D7_omraade_klasse_eksakt,0.010869427873118698,0.00390625,0
D7_omraade_klasse_eksakt,0.010879092878689819,0.00390625,0
D7_omraade_klasse_eksakt,0.01088875788426094,0.00390625,0
D7_omraade_klasse_eksakt,0.010898422889832058,0.00390625,0
D7_omraade_klasse_eksakt,0.010908087895403179,0.00390625,0
D7_omraade_klasse_eksakt,0.0109177529009743,0.00390625,0
D7_omraade_klasse_eksakt,0.010927417906545419,0.00390625,0
D7_omraade_klasse_eksakt,0.01093708291211654,0.00390625,0
D7_omraade_klasse_eksakt,0.01094674791768766,0.00390625,0
D7_omraade_klasse_eksakt,0.01095641292325878,0.00390625,0
D7_omraade_klasse_eksakt,0.0109660779288299,0.00390625,0
D7_omraade_klasse_eksakt,0.01097574293440102,0.00390625,0
D7_omraade_klasse_eksakt,0.010985407939972141,0.00390625,0
D7_omraade_klasse_eksakt,0.01099507294554326,0.00390625,0
D7_omraade_klasse_eksakt,0.01100473795111438,0.00390625,0
D7_omraade_klasse_eksakt,0.011014402956685501,0.00390625,0
D7_omraade_klasse_eksakt,0.01102406796225662,0.00390625,0
D7_omraade_klasse_eksakt,0.01103373296782774,0.00390625,0
D7_omraade_klasse_eksakt,0.011043397973398861,0.00390625,0
D7_omraade_klasse_eksakt,0.011053062978969982,0.00390625,0
D7_omraade_klasse_eksakt,0.011062727984541101,0.00390625,0
D7_omraade_klasse_eksakt,0.011072392990112222,0.00390625,0
D7_omraade_klasse_eksakt,0.011082057995683342,0.00390625,0
D7_omraade_klasse_eksakt,0.011091723001254461,0.00390625,0
D7_omraade_klasse_eksakt,0.011101388006825582,0.00390625,0
D7_omraade_klasse_eksakt,0.011111053012396703,0.00390625,0
D7_omraade_klasse_eksakt,0.011120718017967823,0.00390625,0
D7_omraade_klasse_eksakt,0.011130383023538942,0.00390625,0
D7_omraade_klasse_eksakt,0.011140048029110063,0.00390625,0
D7_omraade_klasse_eksakt,0.011149713034681184,0.00390625,0
D7_omraade_klasse_eksakt,0.011159378040252303,0.00390625,0
D7_omraade_klasse_eksakt,0.011169043045823423,0.00390625,0
D7_omraade_klasse_eksakt,0.011178708051394544,0.00390625,0
D7_omraade_klasse_eksakt,0.011188373056965663,0.00390625,0
D7_omraade_klasse_eksakt,0.011198038062536783,0.00390625,0
D7_omraade_klasse_eksakt,0.011207703068107904,0.00390625,0
D7_omraade_klasse_eksakt,0.011217368073679025,0.00390625,0
D7_omraade_klasse_eksakt,0.011227033079250144,0.00390625,0
D7_omraade_klasse_eksakt,0.011236698084821264,0.00390625,0
D7_omraade_klasse_eksakt,0.011246363090392385,0.00390625,0
D7_omraade_klasse_eksakt,0.011256028095963504,0.00390625,0
D7_omraade_klasse_eksakt,0.011265693101534625,0.00390625,0
D7_omraade_klasse_eksakt,0.011275358107105745,0.00390625,0
D7_omraade_klasse_eksakt,0.011285023112676866,0.00390625,0
D7_omraade_klasse_eksakt,0.011294688118247985,0.00390625,0
D7_omraade_klasse_eksakt,0.011304353123819106,0.00390625,0
D7_omraade_klasse_eksakt,0.011314018129390226,0.00390625,0
D7_omraade_klasse_eksakt,0.011323683134961345,0.00390625,0
D7_omraade_klasse_eksakt,0.011333348140532466,0.00390625,0
D7_omraade_klasse_eksakt,0.011343013146103587,0.00390625,0
D7_omraade_klasse_eksakt,0.011352678151674706,0.00390625,0
D7_omraade_klasse_eksakt,0.011362343157245826,0.00390625,0
D7_omraade_klasse_eksakt,0.011372008162816947,0.00390625,0
D7_omraade_klasse_eksakt,0.011381673168388068,0.00390625,0
D7_omraade_klasse_eksakt,0.011391338173959186,0.00390625,0
D7_omraade_klasse_eksakt,0.011401003179530307,0.00390625,0
D7_omraade_klasse_eksakt,0.011410668185101428,0.00390625,0
D7_omraade_klasse_eksakt,0.011420333190672547,0.00390625,0
D7_omraade_klasse_eksakt,0.011429998196243667,0.00390625,0
D7_omraade_klasse_eksakt,0.011439663201814788,0.00390625,0
D7_omraade_klasse_eksakt,0.011449328207385909,0.00390625,0
D7_omraade_klasse_eksakt,0.011458993212957028,0.00390625,0
D7_omraade_klasse_eksakt,0.011468658218528148,0.00390625,0
D7_omraade_klasse_eksakt,0.011478323224099269,0.00390625,0
D7_omraade_klasse_eksakt,0.011487988229670388,0.00390625,0
D7_omraade_klasse_eksakt,0.011497653235241509,0.00390625,0
D7_omraade_klasse_eksakt,0.01150731824081263,0.00390625,0
D7_omraade_klasse_eksakt,0.011516983246383748,0.00390625,0
D7_omraade_klasse_eksakt,0.011526648251954869,0.00390625,0
D7_omraade_klasse_eksakt,0.01153631325752599,0.00390625,0
D7_omraade_klasse_eksakt,0.011545978263097108,0.00390625,0
D7_omraade_klasse_eksakt,0.01155564326866823,0.00390625,0
D7_omraade_klasse_eksakt,0.01156530827423935,0.00390625,0
D7_omraade_klasse_eksakt,0.01157497327981047,0.00390625,0
D7_omraade_klasse_eksakt,0.01158463828538159,0.00390625,0
D7_omraade_klasse_eksakt,0.01159430329095271,0.00390625,0
D7_omraade_klasse_eksakt,0.01160396829652383,0.00390625,0
D7_omraade_klasse_eksakt,0.011613633302094951,0.00390625,0
D7_omraade_klasse_eksakt,0.01162329830766607,0.00390625,0
D7_omraade_klasse_eksakt,0.011632963313237191,0.00390625,0
D7_omraade_klasse_eksakt,0.011642628318808312,0.00390625,0
D7_omraade_klasse_eksakt,0.01165229332437943,0.00390625,0
D7_omraade_klasse_eksakt,0.011661958329950551,0.00390625,0
D7_omraade_klasse_eksakt,0.011671623335521672,0.00390625,0
D7_omraade_klasse_eksakt,0.011681288341092791,0.00390625,0
D7_omraade_klasse_eksakt,0.011690953346663912,0.00390625,0
D7_omraade_klasse_eksakt,0.011700618352235032,0.00390625,0
D7_omraade_klasse_eksakt,0.011710283357806151,0.00390625,0
D7_omraade_klasse_eksakt,0.011719948363377272,0.00390625,0
D7_omraade_klasse_eksakt,0.011729613368948393,0.00390625,0
D7_omraade_klasse_eksakt,0.011739278374519513,0.00390625,0
D7_omraade_klasse_eksakt,0.011748943380090632,0.00390625,0
D7_omraade_klasse_eksakt,0.011758608385661753,0.00390625,0
D7_omraade_klasse_eksakt,0.011768273391232873,0.00390625,0
D7_omraade_klasse_eksakt,0.011777938396803992,0.00390625,0
D7_omraade_klasse_eksakt,0.011787603402375113,0.00390625,0
D7_omraade_klasse_eksakt,0.011797268407946234,0.00390625,0
D7_omraade_klasse_eksakt,0.011806933413517354,0.00390625,0
D7_omraade_klasse_eksakt,0.011816598419088473,0.00390625,0
D7_omraade_klasse_eksakt,0.011826263424659594,0.00390625,0
D7_omraade_klasse_eksakt,0.011835928430230715,0.00390625,0
D7_omraade_klasse_eksakt,0.011845593435801834,0.00390625,0
D7_omraade_klasse_eksakt,0.011855258441372954,0.00390625,0
D7_omraade_klasse_eksakt,0.011864923446944075,0.00390625,0
D7_omraade_klasse_eksakt,0.011874588452515194,0.00390625,0
D7_omraade_klasse_eksakt,0.011884253458086315,0.00390625,0
D7_omraade_klasse_eksakt,0.011893918463657435,0.00390625,0
D7_omraade_klasse_eksakt,0.011903583469228556,0.00390625,0
D7_omraade_klasse_eksakt,0.011913248474799675,0.00390625,0
D7_omraade_klasse_eksakt,0.011922913480370795,0.00390625,0
D7_omraade_klasse_eksakt,0.011932578485941916,0.00390625,0
D7_omraade_klasse_eksakt,0.011942243491513035,0.00390625,0
D7_omraade_klasse_eksakt,0.011951908497084156,0.00390625,0
D7_omraade_klasse_eksakt,0.011961573502655276,0.00390625,0
D7_omraade_klasse_eksakt,0.011971238508226397,0.00390625,0
D7_omraade_klasse_eksakt,0.011980903513797516,0.00390625,0
D7_omraade_klasse_eksakt,0.011990568519368637,0.00390625,0
D7_omraade_klasse_eksakt,0.012000233524939757,0.00390625,0
D7_omraade_klasse_eksakt,0.012009898530510876,0.00390625,0
D7_omraade_klasse_eksakt,0.012019563536081997,0.00390625,0
D7_omraade_klasse_eksakt,0.012029228541653118,0.00390625,0
D7_omraade_klasse_eksakt,0.012038893547224237,0.00390625,0
D7_omraade_klasse_eksakt,0.012048558552795357,0.00390625,0
D7_omraade_klasse_eksakt,0.012058223558366478,0.00390625,0
D7_omraade_klasse_eksakt,0.012067888563937597,0.00390625,0
D7_omraade_klasse_eksakt,0.012077553569508718,0.00390625,0
D7_omraade_klasse_eksakt,0.012087218575079838,0.00390625,0
D7_omraade_klasse_eksakt,0.012096883580650959,0.00390625,0
D7_omraade_klasse_eksakt,0.012106548586222078,0.00390625,0
D7_omraade_klasse_eksakt,0.012116213591793198,0.00390625,0
D7_omraade_klasse_eksakt,0.012125878597364319,0.00390625,0
D7_omraade_klasse_eksakt,0.01213554360293544,0.00390625,0
D7_omraade_klasse_eksakt,0.012145208608506559,0.00390625,0
D7_omraade_klasse_eksakt,0.01215487361407768,0.00390625,0
D7_omraade_klasse_eksakt,0.0121645386196488,0.00390625,0
D7_omraade_klasse_eksakt,0.012174203625219919,0.00390625,0
D7_omraade_klasse_eksakt,0.01218386863079104,0.00390625,0
D7_omraade_klasse_eksakt,0.01219353363636216,0.00390625,0
D7_omraade_klasse_eksakt,0.01220319864193328,0.00390625,0
D7_omraade_klasse_eksakt,0.0122128636475044,0.00390625,0
D7_omraade_klasse_eksakt,0.01222252865307552,0.00390625,0
D7_omraade_klasse_eksakt,0.01223219365864664,0.00390625,0
D7_omraade_klasse_eksakt,0.01224185866421776,0.00390625,0
D7_omraade_klasse_eksakt,0.012251523669788881,0.00390625,0
D7_omraade_klasse_eksakt,0.012261188675360002,0.00390625,0
D7_omraade_klasse_eksakt,0.01227085368093112,0.00390625,0
D7_omraade_klasse_eksakt,0.012280518686502241,0.00390625,0
D7_omraade_klasse_eksakt,0.012290183692073362,0.00390625,0
D7_omraade_klasse_eksakt,0.012299848697644482,0.00390625,0
D7_omraade_klasse_eksakt,0.012309513703215601,0.00390625,0
D7_omraade_klasse_eksakt,0.012319178708786722,0.00390625,0
D7_omraade_klasse_eksakt,0.012328843714357843,0.00390625,0
D7_omraade_klasse_eksakt,0.012338508719928962,0.00390625,0
D7_omraade_klasse_eksakt,0.012348173725500082,0.00390625,0
D7_omraade_klasse_eksakt,0.012357838731071203,0.00390625,0
D7_omraade_klasse_eksakt,0.012367503736642322,0.00390625,0
D7_omraade_klasse_eksakt,0.012377168742213443,0.00390625,0
D7_omraade_klasse_eksakt,0.012386833747784563,0.00390625,0
D7_omraade_klasse_eksakt,0.012396498753355682,0.00390625,0
D7_omraade_klasse_eksakt,0.012406163758926803,0.00390625,0
D7_omraade_klasse_eksakt,0.012415828764497924,0.00390625,0
D7_omraade_klasse_eksakt,0.012425493770069044,0.00390625,0
D7_omraade_klasse_eksakt,0.012435158775640163,0.00390625,0
D7_omraade_klasse_eksakt,0.012444823781211284,0.00390625,0
D7_omraade_klasse_eksakt,0.012454488786782405,0.00390625,0
D7_omraade_klasse_eksakt,0.012464153792353523,0.00390625,0
D7_omraade_klasse_eksakt,0.012473818797924644,0.00390625,0
D7_omraade_klasse_eksakt,0.012483483803495765,0.00390625,0
D7_omraade_klasse_eksakt,0.012493148809066885,0.00390625,0
D7_omraade_klasse_eksakt,0.012502813814638004,0.00390625,0
D7_omraade_klasse_eksakt,0.012512478820209125,0.00390625,0
D7_omraade_klasse_eksakt,0.012522143825780246,0.00390625,0
D7_omraade_klasse_eksakt,0.012531808831351365,0.00390625,0
D7_omraade_klasse_eksakt,0.012541473836922485,0.00390625,0
D7_omraade_klasse_eksakt,0.012551138842493606,0.00390625,0
D7_omraade_klasse_eksakt,0.012560803848064725,0.00390625,0
D7_omraade_klasse_eksakt,0.012570468853635846,0.00390625,0
D7_omraade_klasse_eksakt,0.012580133859206966,0.00390625,0
D7_omraade_klasse_eksakt,0.012589798864778085,0.00390625,0
D7_omraade_klasse_eksakt,0.012599463870349206,0.00390625,0
D7_omraade_klasse_eksakt,0.012609128875920327,0.00390625,0
D7_omraade_klasse_eksakt,0.012618793881491447,0.00390625,0
D7_omraade_klasse_eksakt,0.012628458887062568,0.00390625,0
D7_omraade_klasse_eksakt,0.012638123892633687,0.00390625,0
D7_omraade_klasse_eksakt,0.012647788898204807,0.00390625,0
D7_omraade_klasse_eksakt,0.012657453903775928,0.00390625,0
D7_omraade_klasse_eksakt,0.012667118909347047,0.00390625,0
D7_omraade_klasse_eksakt,0.012676783914918168,0.00390625,0
D7_omraade_klasse_eksakt,0.012686448920489288,0.00390625,0
D7_omraade_klasse_eksakt,0.012696113926060407,0.00390625,0
D7_omraade_klasse_eksakt,0.012705778931631528,0.00390625,0
D7_omraade_klasse_eksakt,0.012715443937202649,0.00390625,0
D7_omraade_klasse_eksakt,0.012725108942773768,0.00390625,0
D7_omraade_klasse_eksakt,0.012734773948344888,0.00390625,0
D7_omraade_klasse_eksakt,0.012744438953916009,0.00390625,0
D7_omraade_klasse_eksakt,0.012754103959487128,0.00390625,0
D7_omraade_klasse_eksakt,0.012763768965058249,0.00390625,0
D7_omraade_klasse_eksakt,0.01277343397062937,0.00390625,0
D7_omraade_klasse_eksakt,0.01278309897620049,0.00390625,0
D7_omraade_klasse_eksakt,0.012792763981771609,0.00390625,0
D7_omraade_klasse_eksakt,0.01280242898734273,0.00390625,0
D7_omraade_klasse_eksakt,0.01281209399291385,0.00390625,0
D7_omraade_klasse_eksakt,0.01282175899848497,0.00390625,0
D7_omraade_klasse_eksakt,0.01283142400405609,0.00390625,0
D7_omraade_klasse_eksakt,0.01284108900962721,0.00390625,0
D7_omraade_klasse_eksakt,0.012850754015198331,0.00390625,0
D7_omraade_klasse_eksakt,0.01286041902076945,0.00390625,0
D7_omraade_klasse_eksakt,0.01287008402634057,0.00390625,0
D7_omraade_klasse_eksakt,0.012879749031911691,0.00390625,0
D7_omraade_klasse_eksakt,0.01288941403748281,0.00390625,0
D7_omraade_klasse_eksakt,0.012899079043053931,0.00390625,0
D7_omraade_klasse_eksakt,0.012908744048625052,0.00390625,0
D7_omraade_klasse_eksakt,0.01291840905419617,0.00390625,0
D7_omraade_klasse_eksakt,0.012928074059767291,0.00390625,0
D7_omraade_klasse_eksakt,0.012937739065338412,0.00390625,0
D7_omraade_klasse_eksakt,0.012947404070909531,0.00390625,0
D7_omraade_klasse_eksakt,0.012957069076480652,0.00390625,0
D7_omraade_klasse_eksakt,0.012966734082051772,0.00390625,0
D7_omraade_klasse_eksakt,0.012976399087622893,0.00390625,0
D7_omraade_klasse_eksakt,0.012986064093194014,0.00390625,0
D7_omraade_klasse_eksakt,0.012995729098765132,0.00390625,0
D7_omraade_klasse_eksakt,0.013005394104336253,0.00390625,0
D7_omraade_klasse_eksakt,0.013015059109907374,0.00390625,0
D7_omraade_klasse_eksakt,0.013024724115478493,0.00390625,0
D7_omraade_klasse_eksakt,0.013034389121049613,0.00390625,0
D7_omraade_klasse_eksakt,0.013044054126620734,0.00390625,0
D7_omraade_klasse_eksakt,0.013053719132191853,0.00390625,0
D7_omraade_klasse_eksakt,0.013063384137762974,0.00390625,0
D7_omraade_klasse_eksakt,0.013073049143334094,0.00390625,0
D7_omraade_klasse_eksakt,0.013082714148905213,0.00390625,0
D7_omraade_klasse_eksakt,0.013092379154476334,0.00390625,0
D7_omraade_klasse_eksakt,0.013102044160047455,0.00390625,0
D7_omraade_klasse_eksakt,0.013111709165618574,0.00390625,0
D7_omraade_klasse_eksakt,0.013121374171189694,0.00390625,0
D7_omraade_klasse_eksakt,0.013131039176760815,0.00390625,0
D7_omraade_klasse_eksakt,0.013140704182331936,0.00390625,0
D7_omraade_klasse_eksakt,0.013150369187903056,0.00390625,0
D7_omraade_klasse_eksakt,0.013160034193474175,0.00390625,0
D7_omraade_klasse_eksakt,0.013169699199045296,0.00390625,0
D7_omraade_klasse_eksakt,0.013179364204616417,0.00390625,0
D7_omraade_klasse_eksakt,0.013189029210187535,0.00390625,0
D7_omraade_klasse_eksakt,0.013198694215758656,0.00390625,0
D7_omraade_klasse_eksakt,0.013208359221329777,0.00390625,0
D7_omraade_klasse_eksakt,0.013218024226900896,0.00390625,0
D7_omraade_klasse_eksakt,0.013227689232472016,0.00390625,0
D7_omraade_klasse_eksakt,0.013237354238043137,0.00390625,0
D7_omraade_klasse_eksakt,0.013247019243614256,0.00390625,0
D7_omraade_klasse_eksakt,0.013256684249185377,0.00390625,0
D7_omraade_klasse_eksakt,0.013266349254756497,0.00390625,0
D7_omraade_klasse_eksakt,0.013276014260327616,0.00390625,0
D7_omraade_klasse_eksakt,0.013285679265898737,0.00390625,0
D7_omraade_klasse_eksakt,0.013295344271469858,0.00390625,0
D7_omraade_klasse_eksakt,0.013305009277040978,0.00390625,0
D7_omraade_klasse_eksakt,0.013314674282612097,0.00390625,0
D7_omraade_klasse_eksakt,0.013324339288183218,0.00390625,0
D7_omraade_klasse_eksakt,0.013334004293754339,0.00390625,0
D7_omraade_klasse_eksakt,0.01334366929932546,0.00390625,0
D7_omraade_klasse_eksakt,0.013353334304896578,0.00390625,0
D7_omraade_klasse_eksakt,0.013362999310467699,0.00390625,0
D7_omraade_klasse_eksakt,0.01337266431603882,0.00390625,0
D7_omraade_klasse_eksakt,0.013382329321609938,0.00390625,0
D7_omraade_klasse_eksakt,0.013391994327181059,0.00390625,0
D7_omraade_klasse_eksakt,0.01340165933275218,0.00390625,0
D7_omraade_klasse_eksakt,0.013411324338323299,0.00390625,0
D7_omraade_klasse_eksakt,0.01342098934389442,0.00390625,0
D7_omraade_klasse_eksakt,0.01343065434946554,0.00390625,0
D7_omraade_klasse_eksakt,0.013440319355036659,0.00390625,0
D7_omraade_klasse_eksakt,0.01344998436060778,0.00390625,0
D7_omraade_klasse_eksakt,0.0134596493661789,0.00390625,0
D7_omraade_klasse_eksakt,0.013469314371750021,0.00390625,0
D7_omraade_klasse_eksakt,0.01347897937732114,0.00390625,0
D7_omraade_klasse_eksakt,0.01348864438289226,0.00390625,0
D7_omraade_klasse_eksakt,0.013498309388463381,0.00390625,0
D7_omraade_klasse_eksakt,0.013507974394034502,0.00390625,0
D7_omraade_klasse_eksakt,0.01351763939960562,0.00390625,0
D7_omraade_klasse_eksakt,0.013527304405176742,0.00390625,0
D7_omraade_klasse_eksakt,0.013536969410747862,0.00390625,0
D7_omraade_klasse_eksakt,0.013546634416318981,0.00390625,0
D7_omraade_klasse_eksakt,0.013556299421890102,0.00390625,0
D7_omraade_klasse_eksakt,0.013565964427461222,0.00390625,0
D7_omraade_klasse_eksakt,0.013575629433032341,0.00390625,0
D7_omraade_klasse_eksakt,0.013585294438603462,0.00390625,0
D7_omraade_klasse_eksakt,0.013594959444174583,0.00390625,0
D7_omraade_klasse_eksakt,0.013604624449745702,0.00390625,0
D7_omraade_klasse_eksakt,0.013614289455316822,0.00390625,0
D7_omraade_klasse_eksakt,0.013623954460887943,0.00390625,0
D7_omraade_klasse_eksakt,0.013633619466459062,0.00390625,0
D7_omraade_klasse_eksakt,0.013643284472030183,0.00390625,0
D7_omraade_klasse_eksakt,0.013652949477601303,0.00390625,0
D7_omraade_klasse_eksakt,0.013662614483172424,0.00390625,0
D7_omraade_klasse_eksakt,0.013672279488743545,0.00390625,0
D7_omraade_klasse_eksakt,0.013681944494314664,0.00390625,0
D7_omraade_klasse_eksakt,0.013691609499885784,0.00390625,0
D7_omraade_klasse_eksakt,0.013701274505456905,0.00390625,0
D7_omraade_klasse_eksakt,0.013710939511028024,0.00390625,0
D7_omraade_klasse_eksakt,0.013720604516599144,0.00390625,0
D7_omraade_klasse_eksakt,0.013730269522170265,0.00390625,0
D7_omraade_klasse_eksakt,0.013739934527741384,0.00390625,0
D7_omraade_klasse_eksakt,0.013749599533312505,0.00390625,0
D7_omraade_klasse_eksakt,0.013759264538883625,0.00390625,0
D7_omraade_klasse_eksakt,0.013768929544454744,0.00390625,0
D7_omraade_klasse_eksakt,0.013778594550025865,0.00390625,0
D7_omraade_klasse_eksakt,0.013788259555596986,0.00390625,0
D7_omraade_klasse_eksakt,0.013797924561168105,0.00390625,0
D7_omraade_klasse_eksakt,0.013807589566739225,0.00390625,0
D7_omraade_klasse_eksakt,0.013817254572310346,0.00390625,0
D7_omraade_klasse_eksakt,0.013826919577881467,0.00390625,0
D7_omraade_klasse_eksakt,0.013836584583452587,0.00390625,0
D7_omraade_klasse_eksakt,0.013846249589023706,0.00390625,0
D7_omraade_klasse_eksakt,0.013855914594594827,0.00390625,0
D7_omraade_klasse_eksakt,0.013865579600165948,0.00390625,0
D7_omraade_klasse_eksakt,0.013875244605737067,0.00390625,0
D7_omraade_klasse_eksakt,0.013884909611308187,0.00390625,0
D7_omraade_klasse_eksakt,0.013894574616879308,0.00390625,0
D7_omraade_klasse_eksakt,0.013904239622450427,0.00390625,0
D7_omraade_klasse_eksakt,0.013913904628021547,0.00390625,0
D7_omraade_klasse_eksakt,0.013923569633592668,0.00390625,0
D7_omraade_klasse_eksakt,0.013933234639163787,0.00390625,0
D7_omraade_klasse_eksakt,0.013942899644734908,0.00390625,0
D7_omraade_klasse_eksakt,0.013952564650306028,0.00390625,0
D7_omraade_klasse_eksakt,0.013962229655877147,0.00390625,0
D7_omraade_klasse_eksakt,0.013971894661448268,0.00390625,0
D7_omraade_klasse_eksakt,0.013981559667019389,0.00390625,0
D7_omraade_klasse_eksakt,0.01399122467259051,0.00390625,0
D7_omraade_klasse_eksakt,0.014000889678161628,0.00390625,0
D7_omraade_klasse_eksakt,0.014010554683732749,0.00390625,0
D7_omraade_klasse_eksakt,0.01402021968930387,0.00390625,0
D7_omraade_klasse_eksakt,0.01402988469487499,0.00390625,0
D7_omraade_klasse_eksakt,0.01403954970044611,0.00390625,0
D7_omraade_klasse_eksakt,0.01404921470601723,0.00390625,0
D7_omraade_klasse_eksakt,0.01405887971158835,0.00390625,0
D7_omraade_klasse_eksakt,0.01406854471715947,0.00390625,0
D7_omraade_klasse_eksakt,0.01407820972273059,0.00390625,0
D7_omraade_klasse_eksakt,0.01408787472830171,0.00390625,0
D7_omraade_klasse_eksakt,0.01409753973387283,0.00390625,0
D7_omraade_klasse_eksakt,0.01410720473944395,0.00390625,0
D7_omraade_klasse_eksakt,0.014116869745015071,0.00390625,0
D7_omraade_klasse_eksakt,0.01412653475058619,0.00390625,0
D7_omraade_klasse_eksakt,0.01413619975615731,0.00390625,0
D7_omraade_klasse_eksakt,0.014145864761728431,0.00390625,0
D7_omraade_klasse_eksakt,0.014155529767299552,0.00390625,0
D7_omraade_klasse_eksakt,0.014165194772870671,0.00390625,0
D7_omraade_klasse_eksakt,0.014174859778441792,0.00390625,0
D7_omraade_klasse_eksakt,0.014184524784012912,0.00390625,0
D7_omraade_klasse_eksakt,0.014194189789584033,0.00390625,0
D7_omraade_klasse_eksakt,0.014203854795155152,0.00390625,0
D7_omraade_klasse_eksakt,0.014213519800726273,0.00390625,0
D7_omraade_klasse_eksakt,0.014223184806297393,0.00390625,0
D7_omraade_klasse_eksakt,0.014232849811868512,0.00390625,0
D7_omraade_klasse_eksakt,0.014242514817439633,0.00390625,0
D7_omraade_klasse_eksakt,0.014252179823010754,0.00390625,0
D7_omraade_klasse_eksakt,0.014261844828581872,0.00390625,0
D7_omraade_klasse_eksakt,0.014271509834152993,0.00390625,0
D7_omraade_klasse_eksakt,0.014281174839724114,0.00390625,0
D7_omraade_klasse_eksakt,0.014290839845295233,0.00390625,0
D7_omraade_klasse_eksakt,0.014300504850866353,0.00390625,0
D7_omraade_klasse_eksakt,0.014310169856437474,0.00390625,0
D7_omraade_klasse_eksakt,0.014319834862008593,0.00390625,0
D7_omraade_klasse_eksakt,0.014329499867579714,0.00390625,0
D7_omraade_klasse_eksakt,0.014339164873150834,0.00390625,0
D7_omraade_klasse_eksakt,0.014348829878721955,0.00390625,0
D7_omraade_klasse_eksakt,0.014358494884293076,0.00390625,0
D7_omraade_klasse_eksakt,0.014368159889864195,0.00390625,0
D7_omraade_klasse_eksakt,0.014377824895435315,0.00390625,0
D7_omraade_klasse_eksakt,0.014387489901006436,0.00390625,0
D7_omraade_klasse_eksakt,0.014397154906577555,0.00390625,0
D7_omraade_klasse_eksakt,0.014406819912148676,0.00390625,0
D7_omraade_klasse_eksakt,0.014416484917719796,0.00390625,0
D7_omraade_klasse_eksakt,0.014426149923290915,0.00390625,0
D7_omraade_klasse_eksakt,0.014435814928862036,0.00390625,0
D7_omraade_klasse_eksakt,0.014445479934433157,0.00390625,0
D7_omraade_klasse_eksakt,0.014455144940004275,0.00390625,0
D7_omraade_klasse_eksakt,0.014464809945575396,0.00390625,0
D7_omraade_klasse_eksakt,0.014474474951146517,0.00390625,0
D7_omraade_klasse_eksakt,0.014484139956717636,0.00390625,0
D7_omraade_klasse_eksakt,0.014493804962288758,0.00390625,0
D7_omraade_klasse_eksakt,0.014503469967859877,0.00390625,0
D7_omraade_klasse_eksakt,0.014513134973430996,0.00390625,0
D7_omraade_klasse_eksakt,0.014522799979002118,0.00390625,0
D7_omraade_klasse_eksakt,0.014532464984573237,0.00390625,0
D7_omraade_klasse_eksakt,0.014542129990144358,0.00390625,0
D7_omraade_klasse_eksakt,0.014551794995715479,0.00390625,0
D7_omraade_klasse_eksakt,0.014561460001286598,0.00390625,0
D7_omraade_klasse_eksakt,0.014571125006857718,0.00390625,0
D7_omraade_klasse_eksakt,0.014580790012428839,0.00390625,0
D7_omraade_klasse_eksakt,0.014590455017999958,0.00390625,0
D7_omraade_klasse_eksakt,0.014600120023571079,0.00390625,0
D7_omraade_klasse_eksakt,0.0146097850291422,0.00390625,0
D7_omraade_klasse_eksakt,0.014619450034713318,0.00390625,0
D7_omraade_klasse_eksakt,0.014629115040284439,0.00390625,0
D7_omraade_klasse_eksakt,0.01463878004585556,0.00390625,0
D7_omraade_klasse_eksakt,0.014648445051426678,0.00390625,0
D7_omraade_klasse_eksakt,0.014658110056997799,0.00390625,0
D7_omraade_klasse_eksakt,0.01466777506256892,0.00390625,0
D7_omraade_klasse_eksakt,0.014677440068140039,0.00390625,0
D7_omraade_klasse_eksakt,0.014687105073711161,0.00390625,0
D7_omraade_klasse_eksakt,0.01469677007928228,0.00390625,0
D7_omraade_klasse_eksakt,0.0147064350848534,0.00390625,0
D7_omraade_klasse_eksakt,0.014716100090424521,0.00390625,0
D7_omraade_klasse_eksakt,0.01472576509599564,0.00390625,0
D7_omraade_klasse_eksakt,0.014735430101566761,0.00390625,0
D7_omraade_klasse_eksakt,0.014745095107137882,0.00390625,0
D7_omraade_klasse_eksakt,0.014754760112709,0.00390625,0
D7_omraade_klasse_eksakt,0.014764425118280121,0.00390625,0
D7_omraade_klasse_eksakt,0.014774090123851242,0.00390625,0
D7_omraade_klasse_eksakt,0.01478375512942236,0.00390625,0
D7_omraade_klasse_eksakt,0.014793420134993482,0.00390625,0
D7_omraade_klasse_eksakt,0.014803085140564602,0.00390625,0
D7_omraade_klasse_eksakt,0.014812750146135721,0.00390625,0
D7_omraade_klasse_eksakt,0.014822415151706842,0.00390625,0
D7_omraade_klasse_eksakt,0.014832080157277962,0.00390625,0
D7_omraade_klasse_eksakt,0.014841745162849081,0.00390625,0
D7_omraade_klasse_eksakt,0.014851410168420204,0.00390625,0
D7_omraade_klasse_eksakt,0.014861075173991323,0.00390625,0
D7_omraade_klasse_eksakt,0.014870740179562442,0.00390625,0
D7_omraade_klasse_eksakt,0.014880405185133564,0.00390625,0
D7_omraade_klasse_eksakt,0.014890070190704683,0.00390625,0
D7_omraade_klasse_eksakt,0.014899735196275804,0.00390625,0
D7_omraade_klasse_eksakt,0.014909400201846924,0.00390625,0
D7_omraade_klasse_eksakt,0.014919065207418043,0.00390625,0
D7_omraade_klasse_eksakt,0.014928730212989164,0.00390625,0
D7_omraade_klasse_eksakt,0.014938395218560285,0.00390625,0
D7_omraade_klasse_eksakt,0.014948060224131404,0.00390625,0
D7_omraade_klasse_eksakt,0.014957725229702524,0.00390625,0
D7_omraade_klasse_eksakt,0.014967390235273645,0.00390625,0
D7_omraade_klasse_eksakt,0.014977055240844764,0.00390625,0
D7_omraade_klasse_eksakt,0.014986720246415884,0.00390625,0
D7_omraade_klasse_eksakt,0.014996385251987005,0.00390625,0
D7_omraade_klasse_eksakt,0.015006050257558124,0.00390625,0
D7_omraade_klasse_eksakt,0.015015715263129246,0.00390625,0
D7_omraade_klasse_eksakt,0.015025380268700365,0.00390625,0
D7_omraade_klasse_eksakt,0.015035045274271484,0.00390625,0
D7_omraade_klasse_eksakt,0.015044710279842607,0.00390625,0
D7_omraade_klasse_eksakt,0.015054375285413726,0.00390625,0
D7_omraade_klasse_eksakt,0.015064040290984846,0.00390625,0
D7_omraade_klasse_eksakt,0.015073705296555967,0.00390625,0
D7_omraade_klasse_eksakt,0.015083370302127086,0.00390625,0
D7_omraade_klasse_eksakt,0.015093035307698207,0.00390625,0
D7_omraade_klasse_eksakt,0.015102700313269327,0.00390625,0
D7_omraade_klasse_eksakt,0.015112365318840446,0.00390625,0
D7_omraade_klasse_eksakt,0.015122030324411567,0.00390625,0
D7_omraade_klasse_eksakt,0.015131695329982688,0.00390625,0
D7_omraade_klasse_eksakt,0.015141360335553807,0.00390625,0
D7_omraade_klasse_eksakt,0.015151025341124927,0.00390625,0
D7_omraade_klasse_eksakt,0.015160690346696048,0.00390625,0
D7_omraade_klasse_eksakt,0.015170355352267167,0.00390625,0
D7_omraade_klasse_eksakt,0.01518002035783829,0.00390625,0
D7_omraade_klasse_eksakt,0.015189685363409408,0.00390625,0
D7_omraade_klasse_eksakt,0.015199350368980527,0.00390625,0
D7_omraade_klasse_eksakt,0.01520901537455165,0.00390625,0
D7_omraade_klasse_eksakt,0.015218680380122768,0.00390625,0
D7_omraade_klasse_eksakt,0.015228345385693889,0.00390625,0
D7_omraade_klasse_eksakt,0.01523801039126501,0.00390625,0
D7_omraade_klasse_eksakt,0.015247675396836129,0.00390625,0
D7_omraade_klasse_eksakt,0.01525734040240725,0.00390625,0
D7_omraade_klasse_eksakt,0.01526700540797837,0.00390625,0
D7_omraade_klasse_eksakt,0.015276670413549489,0.00390625,0
D7_omraade_klasse_eksakt,0.01528633541912061,0.00390625,0
D7_omraade_klasse_eksakt,0.01529600042469173,0.00390625,0
D7_omraade_klasse_eksakt,0.01530566543026285,0.00390625,0
D7_omraade_klasse_eksakt,0.01531533043583397,0.00390625,0
D7_omraade_klasse_eksakt,0.01532499544140509,0.00390625,0
D7_omraade_klasse_eksakt,0.01533466044697621,0.00390625,0
D7_omraade_klasse_eksakt,0.01534432545254733,0.00390625,0
D7_omraade_klasse_eksakt,0.01535399045811845,0.00390625,0
D7_omraade_klasse_eksakt,0.01536365546368957,0.00390625,0
D7_omraade_klasse_eksakt,0.015373320469260692,0.00390625,0
D7_omraade_klasse_eksakt,0.015382985474831811,0.00390625,0
D7_omraade_klasse_eksakt,0.015392650480402932,0.00390625,0
D7_omraade_klasse_eksakt,0.015402315485974052,0.00390625,0
D7_omraade_klasse_eksakt,0.015411980491545171,0.00390625,0
D7_omraade_klasse_eksakt,0.015421645497116292,0.00390625,0
D7_omraade_klasse_eksakt,0.015431310502687413,0.00390625,0
D7_omraade_klasse_eksakt,0.015440975508258532,0.00390625,0
D7_omraade_klasse_eksakt,0.015450640513829652,0.00390625,0
D7_omraade_klasse_eksakt,0.015460305519400773,0.00390625,0
D7_omraade_klasse_eksakt,0.015469970524971892,0.00390625,0
D7_omraade_klasse_eksakt,0.015479635530543013,0.00390625,0
D7_omraade_klasse_eksakt,0.015489300536114133,0.00390625,0
D7_omraade_klasse_eksakt,0.015498965541685252,0.00390625,0
D7_omraade_klasse_eksakt,0.015508630547256373,0.00390625,0
D7_omraade_klasse_eksakt,0.015518295552827494,0.00390625,0
D7_omraade_klasse_eksakt,0.015527960558398612,0.00390625,0
D7_omraade_klasse_eksakt,0.015537625563969735,0.00390625,0
D7_omraade_klasse_eksakt,0.015547290569540854,0.00390625,0
D7_omraade_klasse_eksakt,0.015556955575111973,0.00390625,0
D7_omraade_klasse_eksakt,0.015566620580683095,0.00390625,0
D7_omraade_klasse_eksakt,0.015576285586254214,0.00390625,0
D7_omraade_klasse_eksakt,0.015585950591825335,0.00390625,0
D7_omraade_klasse_eksakt,0.015595615597396455,0.00390625,0
D7_omraade_klasse_eksakt,0.015605280602967574,0.00390625,0
D7_omraade_klasse_eksakt,0.015614945608538695,0.00390625,0
D7_omraade_klasse_eksakt,0.015624610614109816,0.00390625,0
D7_omraade_klasse_eksakt,0.015634275619680935,0.00390625,0
D7_omraade_klasse_eksakt,0.015643940625252054,0.00390625,0
D7_omraade_klasse_eksakt,0.015653605630823176,0.00390625,0
D7_omraade_klasse_eksakt,0.015663270636394295,0.00390625,0
D7_omraade_klasse_eksakt,0.015672935641965417,0.00390625,0
D7_omraade_klasse_eksakt,0.015682600647536536,0.00390625,0
D7_omraade_klasse_eksakt,0.015692265653107655,0.00390625,0
D7_omraade_klasse_eksakt,0.015701930658678778,0.00390625,0
D7_omraade_klasse_eksakt,0.015711595664249896,0.00390625,0
D7_omraade_klasse_eksakt,0.015721260669821015,0.00390625,0
D7_omraade_klasse_eksakt,0.015730925675392138,0.00390625,0
D7_omraade_klasse_eksakt,0.015740590680963257,0.00390625,0
D7_omraade_klasse_eksakt,0.015750255686534376,0.00390625,0
D7_omraade_klasse_eksakt,0.015759920692105498,0.00390625,0
D7_omraade_klasse_eksakt,0.015769585697676617,0.00390625,0
D7_omraade_klasse_eksakt,0.01577925070324774,0.00390625,0
D7_omraade_klasse_eksakt,0.01578891570881886,0.00390625,0
D7_omraade_klasse_eksakt,0.015798580714389977,0.00390625,0
D7_omraade_klasse_eksakt,0.015808245719961096,0.00390625,0
D7_omraade_klasse_eksakt,0.01581791072553222,0.00390625,0
D7_omraade_klasse_eksakt,0.015827575731103338,0.00390625,0
D7_omraade_klasse_eksakt,0.01583724073667446,0.00390625,0
D7_omraade_klasse_eksakt,0.01584690574224558,0.00390625,0
D7_omraade_klasse_eksakt,0.015856570747816698,0.00390625,0
D7_omraade_klasse_eksakt,0.01586623575338782,0.00390625,0
D7_omraade_klasse_eksakt,0.01587590075895894,0.00390625,0
D7_omraade_klasse_eksakt,0.015885565764530058,0.00390625,0
D7_omraade_klasse_eksakt,0.01589523077010118,0.00390625,0
D7_omraade_klasse_eksakt,0.0159048957756723,0.00390625,0
D7_omraade_klasse_eksakt,0.01591456078124342,0.00390625,0
D7_omraade_klasse_eksakt,0.01592422578681454,0.00390625,0
D7_omraade_klasse_eksakt,0.01593389079238566,0.00390625,0
D7_omraade_klasse_eksakt,0.015943555797956782,0.00390625,0
D7_omraade_klasse_eksakt,0.0159532208035279,0.00390625,0
D7_omraade_klasse_eksakt,0.01596288580909902,0.00390625,0
D7_omraade_klasse_eksakt,0.01597255081467014,0.00390625,0
D7_omraade_klasse_eksakt,0.01598221582024126,0.00390625,0
D7_omraade_klasse_eksakt,0.01599188082581238,0.00390625,0
D7_omraade_klasse_eksakt,0.016001545831383503,0.00390625,0
D7_omraade_klasse_eksakt,0.01601121083695462,0.00390625,0
D7_omraade_klasse_eksakt,0.01602087584252574,0.00390625,0
D7_omraade_klasse_eksakt,0.01603054084809686,0.00390625,0
D7_omraade_klasse_eksakt,0.016040205853667982,0.00390625,0
D7_omraade_klasse_eksakt,0.0160498708592391,0.00390625,0
D7_omraade_klasse_eksakt,0.016059535864810223,0.00390625,0
D7_omraade_klasse_eksakt,0.016069200870381342,0.00390625,0
D7_omraade_klasse_eksakt,0.01607886587595246,0.00390625,0
D7_omraade_klasse_eksakt,0.016088530881523583,0.00390625,0
D7_omraade_klasse_eksakt,0.016098195887094702,0.00390625,0
D7_omraade_klasse_eksakt,0.016107860892665825,0.00390625,0
D7_omraade_klasse_eksakt,0.016117525898236944,0.00390625,0
D7_omraade_klasse_eksakt,0.016127190903808063,0.00390625,0
D7_omraade_klasse_eksakt,0.01613685590937918,0.00390625,0
D7_omraade_klasse_eksakt,0.016146520914950304,0.00390625,0
D7_omraade_klasse_eksakt,0.016156185920521423,0.00390625,0
D7_omraade_klasse_eksakt,0.016165850926092545,0.00390625,0
D7_omraade_klasse_eksakt,0.016175515931663664,0.00390625,0
D7_omraade_klasse_eksakt,0.016185180937234783,0.00390625,0
D7_omraade_klasse_eksakt,0.016194845942805902,0.00390625,0
D7_omraade_klasse_eksakt,0.016204510948377025,0.00390625,0
D7_omraade_klasse_eksakt,0.016214175953948144,0.00390625,0
D7_omraade_klasse_eksakt,0.016223840959519266,0.00390625,0
D7_omraade_klasse_eksakt,0.016233505965090385,0.00390625,0
D7_omraade_klasse_eksakt,0.016243170970661504,0.00390625,0
D7_omraade_klasse_eksakt,0.016252835976232626,0.00390625,0
D7_omraade_klasse_eksakt,0.016262500981803745,0.00390625,0
D7_omraade_klasse_eksakt,0.016272165987374868,0.00390625,0
D7_omraade_klasse_eksakt,0.016281830992945986,0.00390625,0
D7_omraade_klasse_eksakt,0.016291495998517105,0.00390625,0
D7_omraade_klasse_eksakt,0.016301161004088224,0.00390625,0
D7_omraade_klasse_eksakt,0.016310826009659347,0.00390625,0
D7_omraade_klasse_eksakt,0.016320491015230466,0.00390625,0
D7_omraade_klasse_eksakt,0.016330156020801588,0.00390625,0
D7_omraade_klasse_eksakt,0.016339821026372707,0.00390625,0
D7_omraade_klasse_eksakt,0.016349486031943826,0.00390625,0
D7_omraade_klasse_eksakt,0.016359151037514945,0.00390625,0
D7_omraade_klasse_eksakt,0.016368816043086067,0.00390625,0
D7_omraade_klasse_eksakt,0.016378481048657186,0.00390625,0
D7_omraade_klasse_eksakt,0.01638814605422831,0.00390625,0
D7_omraade_klasse_eksakt,0.016397811059799428,0.00390625,0
D7_omraade_klasse_eksakt,0.016407476065370546,0.00390625,0
D7_omraade_klasse_eksakt,0.01641714107094167,0.00390625,0
D7_omraade_klasse_eksakt,0.016426806076512788,0.00390625,0
D7_omraade_klasse_eksakt,0.01643647108208391,0.00390625,0
D7_omraade_klasse_eksakt,0.01644613608765503,0.00390625,0
D7_omraade_klasse_eksakt,0.016455801093226148,0.00390625,0
D7_omraade_klasse_eksakt,0.016465466098797267,0.00390625,0
D7_omraade_klasse_eksakt,0.01647513110436839,0.00390625,0
D7_omraade_klasse_eksakt,0.01648479610993951,0.00390625,0
D7_omraade_klasse_eksakt,0.01649446111551063,0.00390625,0
D7_omraade_klasse_eksakt,0.01650412612108175,0.00390625,0
D7_omraade_klasse_eksakt,0.01651379112665287,0.00390625,0
D7_omraade_klasse_eksakt,0.016523456132223988,0.00390625,0
D7_omraade_klasse_eksakt,0.01653312113779511,0.00390625,0
D7_omraade_klasse_eksakt,0.01654278614336623,0.00390625,0
D7_omraade_klasse_eksakt,0.01655245114893735,0.00390625,0
D7_omraade_klasse_eksakt,0.01656211615450847,0.00390625,0
D7_omraade_klasse_eksakt,0.01657178116007959,0.00390625,0
D7_omraade_klasse_eksakt,0.01658144616565071,0.00390625,0
D7_omraade_klasse_eksakt,0.01659111117122183,0.00390625,0
D7_omraade_klasse_eksakt,0.016600776176792953,0.00390625,0
D7_omraade_klasse_eksakt,0.016610441182364072,0.00390625,0
D7_omraade_klasse_eksakt,0.01662010618793519,0.00390625,0
D7_omraade_klasse_eksakt,0.01662977119350631,0.00390625,0
D7_omraade_klasse_eksakt,0.016639436199077432,0.00390625,0
D7_omraade_klasse_eksakt,0.01664910120464855,0.00390625,0
D7_omraade_klasse_eksakt,0.016658766210219673,0.00390625,0
D7_omraade_klasse_eksakt,0.016668431215790792,0.00390625,0
D7_omraade_klasse_eksakt,0.01667809622136191,0.00390625,0
D7_omraade_klasse_eksakt,0.01668776122693303,0.00390625,0
D7_omraade_klasse_eksakt,0.016697426232504153,0.00390625,0
D7_omraade_klasse_eksakt,0.01670709123807527,0.00390625,0
D7_omraade_klasse_eksakt,0.016716756243646394,0.00390625,0
D7_omraade_klasse_eksakt,0.016726421249217513,0.00390625,0
D7_omraade_klasse_eksakt,0.016736086254788632,0.00390625,0
D7_omraade_klasse_eksakt,0.016745751260359754,0.00390625,0
D7_omraade_klasse_eksakt,0.016755416265930873,0.00390625,0
D7_omraade_klasse_eksakt,0.016765081271501992,0.00390625,0
D7_omraade_klasse_eksakt,0.016774746277073115,0.00390625,0
D7_omraade_klasse_eksakt,0.016784411282644233,0.00390625,0
D7_omraade_klasse_eksakt,0.016794076288215352,0.00390625,0
D7_omraade_klasse_eksakt,0.016803741293786475,0.00390625,0
D7_omraade_klasse_eksakt,0.016813406299357594,0.00390625,0
D7_omraade_klasse_eksakt,0.016823071304928716,0.00390625,0
D7_omraade_klasse_eksakt,0.016832736310499835,0.00390625,0
D7_omraade_klasse_eksakt,0.016842401316070954,0.00390625,0
D7_omraade_klasse_eksakt,0.016852066321642073,0.00390625,0
D7_omraade_klasse_eksakt,0.016861731327213195,0.00390625,0
D7_omraade_klasse_eksakt,0.016871396332784314,0.00390625,0
D7_omraade_klasse_eksakt,0.016881061338355437,0.00390625,0
D7_omraade_klasse_eksakt,0.016890726343926556,0.00390625,0
D7_omraade_klasse_eksakt,0.016900391349497675,0.00390625,0
D7_omraade_klasse_eksakt,0.016910056355068797,0.00390625,0
D7_omraade_klasse_eksakt,0.016919721360639916,0.00390625,0
D7_omraade_klasse_eksakt,0.016929386366211035,0.00390625,0
D7_omraade_klasse_eksakt,0.016939051371782157,0.00390625,0
D7_omraade_klasse_eksakt,0.016948716377353276,0.00390625,0
D7_omraade_klasse_eksakt,0.016958381382924395,0.00390625,0
D7_omraade_klasse_eksakt,0.016968046388495518,0.00390625,0
D7_omraade_klasse_eksakt,0.016977711394066636,0.00390625,0
D7_omraade_klasse_eksakt,0.01698737639963776,0.00390625,0
D7_omraade_klasse_eksakt,0.016997041405208878,0.00390625,0
D7_omraade_klasse_eksakt,0.017006706410779997,0.00390625,0
D7_omraade_klasse_eksakt,0.017016371416351116,0.00390625,0
D7_omraade_klasse_eksakt,0.017026036421922238,0.00390625,0
D7_omraade_klasse_eksakt,0.017035701427493357,0.00390625,0
D7_omraade_klasse_eksakt,0.01704536643306448,0.00390625,0
D7_omraade_klasse_eksakt,0.0170550314386356,0.00390625,0
D7_omraade_klasse_eksakt,0.017064696444206717,0.00390625,0
D7_omraade_klasse_eksakt,0.01707436144977784,0.00390625,0
D7_omraade_klasse_eksakt,0.01708402645534896,0.00390625,0
D7_omraade_klasse_eksakt,0.017093691460920078,0.00390625,0
D7_omraade_klasse_eksakt,0.0171033564664912,0.00390625,0
D7_omraade_klasse_eksakt,0.01711302147206232,0.00390625,0
D7_omraade_klasse_eksakt,0.017122686477633438,0.00390625,0
D7_omraade_klasse_eksakt,0.01713235148320456,0.00390625,0
D7_omraade_klasse_eksakt,0.01714201648877568,0.00390625,0
D7_omraade_klasse_eksakt,0.0171516814943468,0.00390625,0
D7_omraade_klasse_eksakt,0.01716134649991792,0.00390625,0
D7_omraade_klasse_eksakt,0.01717101150548904,0.00390625,0
D7_omraade_klasse_eksakt,0.01718067651106016,0.00390625,0
D7_omraade_klasse_eksakt,0.01719034151663128,0.00390625,0
D7_omraade_klasse_eksakt,0.0172000065222024,0.00390625,0
D7_omraade_klasse_eksakt,0.017209671527773522,0.00390625,0
D7_omraade_klasse_eksakt,0.01721933653334464,0.00390625,0
D7_omraade_klasse_eksakt,0.01722900153891576,0.00390625,0
D7_omraade_klasse_eksakt,0.01723866654448688,0.00390625,0
D7_omraade_klasse_eksakt,0.017248331550058,0.00390625,0
D7_omraade_klasse_eksakt,0.01725799655562912,0.00390625,0
D7_omraade_klasse_eksakt,0.017267661561200243,0.00390625,0
D7_omraade_klasse_eksakt,0.01727732656677136,0.00390625,0
D7_omraade_klasse_eksakt,0.01728699157234248,0.00390625,0
D7_omraade_klasse_eksakt,0.017296656577913603,0.00390625,0
D7_omraade_klasse_eksakt,0.017306321583484722,0.00390625,0
D7_omraade_klasse_eksakt,0.017315986589055844,0.00390625,0
D7_omraade_klasse_eksakt,0.017325651594626963,0.00390625,0
D7_omraade_klasse_eksakt,0.017335316600198082,0.00390625,0
D7_omraade_klasse_eksakt,0.0173449816057692,0.00390625,0
D7_omraade_klasse_eksakt,0.017354646611340323,0.00390625,0
D7_omraade_klasse_eksakt,0.017364311616911442,0.00390625,0
D7_omraade_klasse_eksakt,0.017373976622482565,0.00390625,0
D7_omraade_klasse_eksakt,0.017383641628053684,0.00390625,0
D7_omraade_klasse_eksakt,0.017393306633624803,0.00390625,0
D7_omraade_klasse_eksakt,0.01740297163919592,0.00390625,0
D7_omraade_klasse_eksakt,0.017412636644767044,0.00390625,0
D7_omraade_klasse_eksakt,0.017422301650338163,0.00390625,0
D7_omraade_klasse_eksakt,0.017431966655909285,0.00390625,0
D7_omraade_klasse_eksakt,0.017441631661480404,0.00390625,0
D7_omraade_klasse_eksakt,0.017451296667051523,0.00390625,0
D7_omraade_klasse_eksakt,0.017460961672622646,0.00390625,0
D7_omraade_klasse_eksakt,0.017470626678193765,0.00390625,0
D7_omraade_klasse_eksakt,0.017480291683764887,0.00390625,0
D7_omraade_klasse_eksakt,0.017489956689336006,0.00390625,0
D7_omraade_klasse_eksakt,0.017499621694907125,0.00390625,0
D7_omraade_klasse_eksakt,0.017509286700478244,0.00390625,0
D7_omraade_klasse_eksakt,0.017518951706049366,0.00390625,0
D7_omraade_klasse_eksakt,0.017528616711620485,0.0078125,0
D7_omraade_klasse_eksakt,0.017538281717191608,0.0078125,0
D7_omraade_klasse_eksakt,0.017547946722762726,0.0078125,0
D7_omraade_klasse_eksakt,0.017557611728333845,0.0078125,0
D7_omraade_klasse_eksakt,0.017567276733904964,0.0078125,0
D7_omraade_klasse_eksakt,0.017576941739476087,0.0078125,0
D7_omraade_klasse_eksakt,0.017586606745047206,0.0078125,0
D7_omraade_klasse_eksakt,0.017596271750618328,0.0078125,0
D7_omraade_klasse_eksakt,0.017605936756189447,0.0078125,0
D7_omraade_klasse_eksakt,0.017615601761760566,0.0078125,0
D7_omraade_klasse_eksakt,0.01762526676733169,0.0078125,0
D7_omraade_klasse_eksakt,0.017634931772902807,0.0078125,0
D7_omraade_klasse_eksakt,0.01764459677847393,0.0078125,0
D7_omraade_klasse_eksakt,0.01765426178404505,0.0078125,0
D7_omraade_klasse_eksakt,0.017663926789616168,0.0078125,0
D7_omraade_klasse_eksakt,0.017673591795187286,0.0078125,0
D7_omraade_klasse_eksakt,0.01768325680075841,0.0078125,0
D7_omraade_klasse_eksakt,0.017692921806329528,0.0078125,0
D7_omraade_klasse_eksakt,0.01770258681190065,0.0078125,0
D7_omraade_klasse_eksakt,0.01771225181747177,0.0078125,0
D7_omraade_klasse_eksakt,0.017721916823042888,0.0078125,0
D7_omraade_klasse_eksakt,0.017731581828614007,0.0078125,0
D7_omraade_klasse_eksakt,0.01774124683418513,0.0078125,0
D7_omraade_klasse_eksakt,0.01775091183975625,0.0078125,0
D7_omraade_klasse_eksakt,0.01776057684532737,0.0078125,0
D7_omraade_klasse_eksakt,0.01777024185089849,0.0078125,0
D7_omraade_klasse_eksakt,0.01777990685646961,0.0078125,0
D7_omraade_klasse_eksakt,0.01778957186204073,0.0078125,0
D7_omraade_klasse_eksakt,0.01779923686761185,0.0078125,0
D7_omraade_klasse_eksakt,0.017808901873182972,0.0078125,0
D7_omraade_klasse_eksakt,0.01781856687875409,0.0078125,0
D7_omraade_klasse_eksakt,0.01782823188432521,0.0078125,0
D7_omraade_klasse_eksakt,0.01783789688989633,0.0078125,0
D7_omraade_klasse_eksakt,0.01784756189546745,0.0078125,0
D7_omraade_klasse_eksakt,0.01785722690103857,0.0078125,0
D7_omraade_klasse_eksakt,0.017866891906609693,0.0078125,0
D7_omraade_klasse_eksakt,0.017876556912180812,0.0078125,0
D7_omraade_klasse_eksakt,0.01788622191775193,0.0078125,0
D7_omraade_klasse_eksakt,0.01789588692332305,0.0078125,0
D7_omraade_klasse_eksakt,0.017905551928894172,0.0078125,0
D7_omraade_klasse_eksakt,0.01791521693446529,0.0078125,0
D7_omraade_klasse_eksakt,0.017924881940036413,0.0078125,0
D7_omraade_klasse_eksakt,0.017934546945607532,0.0078125,0
D7_omraade_klasse_eksakt,0.01794421195117865,0.0078125,0
D7_omraade_klasse_eksakt,0.017953876956749774,0.0078125,0
D7_omraade_klasse_eksakt,0.017963541962320893,0.0078125,0
D7_omraade_klasse_eksakt,0.017973206967892015,0.0078125,0
D7_omraade_klasse_eksakt,0.017982871973463134,0.0078125,0
D7_omraade_klasse_eksakt,0.017992536979034253,0.0078125,0
D7_omraade_klasse_eksakt,0.018002201984605372,0.0078125,0
D7_omraade_klasse_eksakt,0.018011866990176494,0.0078125,0
D7_omraade_klasse_eksakt,0.018021531995747613,0.0078125,0
D7_omraade_klasse_eksakt,0.018031197001318736,0.0078125,0
D7_omraade_klasse_eksakt,0.018040862006889855,0.0078125,0
D7_omraade_klasse_eksakt,0.018050527012460973,0.0078125,0
D7_omraade_klasse_eksakt,0.018060192018032092,0.0078125,0
D7_omraade_klasse_eksakt,0.018069857023603215,0.0078125,0
D7_omraade_klasse_eksakt,0.018079522029174334,0.0078125,0
D7_omraade_klasse_eksakt,0.018089187034745456,0.0078125,0
D7_omraade_klasse_eksakt,0.018098852040316575,0.0078125,0
D7_omraade_klasse_eksakt,0.018108517045887694,0.0078125,0
D7_omraade_klasse_eksakt,0.018118182051458816,0.0078125,0
D7_omraade_klasse_eksakt,0.018127847057029935,0.0078125,0
D7_omraade_klasse_eksakt,0.018137512062601054,0.0078125,0
D7_omraade_klasse_eksakt,0.018147177068172177,0.0078125,0
D7_omraade_klasse_eksakt,0.018156842073743296,0.0078125,0
D7_omraade_klasse_eksakt,0.018166507079314415,0.0078125,0
D7_omraade_klasse_eksakt,0.018176172084885537,0.0078125,0
D7_omraade_klasse_eksakt,0.018185837090456656,0.0078125,0
D7_omraade_klasse_eksakt,0.01819550209602778,0.0078125,0
D7_omraade_klasse_eksakt,0.018205167101598897,0.0078125,0
D7_omraade_klasse_eksakt,0.018214832107170016,0.0078125,0
D7_omraade_klasse_eksakt,0.018224497112741135,0.0078125,0
D7_omraade_klasse_eksakt,0.018234162118312258,0.0078125,0
D7_omraade_klasse_eksakt,0.018243827123883376,0.0078125,0
D7_omraade_klasse_eksakt,0.0182534921294545,0.0078125,0
D7_omraade_klasse_eksakt,0.018263157135025618,0.0078125,0
D7_omraade_klasse_eksakt,0.018272822140596737,0.0078125,0
D7_omraade_klasse_eksakt,0.01828248714616786,0.0078125,0
D7_omraade_klasse_eksakt,0.018292152151738978,0.0078125,0
D7_omraade_klasse_eksakt,0.018301817157310097,0.0078125,0
D7_omraade_klasse_eksakt,0.01831148216288122,0.0078125,0
D7_omraade_klasse_eksakt,0.01832114716845234,0.0078125,0
D7_omraade_klasse_eksakt,0.018330812174023457,0.0078125,0
D7_omraade_klasse_eksakt,0.01834047717959458,0.0078125,0
D7_omraade_klasse_eksakt,0.0183501421851657,0.0078125,0
D7_omraade_klasse_eksakt,0.01835980719073682,0.0078125,0
D7_omraade_klasse_eksakt,0.01836947219630794,0.0078125,0
D7_omraade_klasse_eksakt,0.01837913720187906,0.0078125,0
D7_omraade_klasse_eksakt,0.018388802207450178,0.0078125,0
D7_omraade_klasse_eksakt,0.0183984672130213,0.0078125,0
D7_omraade_klasse_eksakt,0.01840813221859242,0.0078125,0
D7_omraade_klasse_eksakt,0.01841779722416354,0.0078125,0
D7_omraade_klasse_eksakt,0.01842746222973466,0.0078125,0
D7_omraade_klasse_eksakt,0.01843712723530578,0.0078125,0
D7_omraade_klasse_eksakt,0.0184467922408769,0.0078125,0
D7_omraade_klasse_eksakt,0.01845645724644802,0.0078125,0
D7_omraade_klasse_eksakt,0.018466122252019143,0.0078125,0
D7_omraade_klasse_eksakt,0.018475787257590262,0.0078125,0
D7_omraade_klasse_eksakt,0.01848545226316138,0.0078125,0
D7_omraade_klasse_eksakt,0.0184951172687325,0.0078125,0
D7_omraade_klasse_eksakt,0.01850478227430362,0.0078125,0
D7_omraade_klasse_eksakt,0.01851444727987474,0.0078125,0
D7_omraade_klasse_eksakt,0.018524112285445864,0.0078125,0
D7_omraade_klasse_eksakt,0.018533777291016983,0.0078125,0
D7_omraade_klasse_eksakt,0.0185434422965881,0.0078125,0
D7_omraade_klasse_eksakt,0.01855310730215922,0.0078125,0
D7_omraade_klasse_eksakt,0.018562772307730343,0.0078125,0
D7_omraade_klasse_eksakt,0.018572437313301462,0.0078125,0
D7_omraade_klasse_eksakt,0.018582102318872584,0.0078125,0
D7_omraade_klasse_eksakt,0.018591767324443703,0.0078125,0
D7_omraade_klasse_eksakt,0.018601432330014822,0.0078125,0
D7_omraade_klasse_eksakt,0.01861109733558594,0.0078125,0
D7_omraade_klasse_eksakt,0.018620762341157063,0.0078125,0
D7_omraade_klasse_eksakt,0.018630427346728186,0.0078125,0
D7_omraade_klasse_eksakt,0.018640092352299305,0.0078125,0
D7_omraade_klasse_eksakt,0.018649757357870424,0.0078125,0
D7_omraade_klasse_eksakt,0.018659422363441543,0.0078125,0
D7_omraade_klasse_eksakt,0.01866908736901266,0.0078125,0
D7_omraade_klasse_eksakt,0.018678752374583784,0.0078125,0
D7_omraade_klasse_eksakt,0.018688417380154906,0.0078125,0
D7_omraade_klasse_eksakt,0.018698082385726025,0.0078125,0
D7_omraade_klasse_eksakt,0.018707747391297144,0.0078125,0
D7_omraade_klasse_eksakt,0.018717412396868263,0.0078125,0
D7_omraade_klasse_eksakt,0.018727077402439386,0.0078125,0
D7_omraade_klasse_eksakt,0.018736742408010505,0.0078125,0
D7_omraade_klasse_eksakt,0.018746407413581627,0.0078125,0
D7_omraade_klasse_eksakt,0.018756072419152746,0.0078125,0
D7_omraade_klasse_eksakt,0.018765737424723865,0.0078125,0
D7_omraade_klasse_eksakt,0.018775402430294984,0.0078125,0
D7_omraade_klasse_eksakt,0.018785067435866106,0.0078125,0
D7_omraade_klasse_eksakt,0.01879473244143723,0.0078125,0
D7_omraade_klasse_eksakt,0.018804397447008347,0.0078125,0
D7_omraade_klasse_eksakt,0.018814062452579466,0.0078125,0
D7_omraade_klasse_eksakt,0.018823727458150585,0.0078125,0
D7_omraade_klasse_eksakt,0.018833392463721704,0.0078125,0
D7_omraade_klasse_eksakt,0.018843057469292827,0.0078125,0
D7_omraade_klasse_eksakt,0.01885272247486395,0.0078125,0
D7_omraade_klasse_eksakt,0.018862387480435068,0.0078125,0
D7_omraade_klasse_eksakt,0.018872052486006187,0.0078125,0
D7_omraade_klasse_eksakt,0.018881717491577306,0.0078125,0
D7_omraade_klasse_eksakt,0.01889138249714843,0.0078125,0
D7_omraade_klasse_eksakt,0.018901047502719547,0.0078125,0
D7_omraade_klasse_eksakt,0.01891071250829067,0.0078125,0
D7_omraade_klasse_eksakt,0.01892037751386179,0.0078125,0
D7_omraade_klasse_eksakt,0.018930042519432907,0.0078125,0
D7_omraade_klasse_eksakt,0.018939707525004026,0.0078125,0
D7_omraade_klasse_eksakt,0.01894937253057515,0.0078125,0
D7_omraade_klasse_eksakt,0.01895903753614627,0.0078125,0
D7_omraade_klasse_eksakt,0.01896870254171739,0.0078125,0
D7_omraade_klasse_eksakt,0.01897836754728851,0.0078125,0
D7_omraade_klasse_eksakt,0.018988032552859628,0.0078125,0
D7_omraade_klasse_eksakt,0.018997697558430747,0.0078125,0
D7_omraade_klasse_eksakt,0.01900736256400187,0.0078125,0
D7_omraade_klasse_eksakt,0.019017027569572992,0.0078125,0
D7_omraade_klasse_eksakt,0.01902669257514411,0.0078125,0
D7_omraade_klasse_eksakt,0.01903635758071523,0.0078125,0
D7_omraade_klasse_eksakt,0.01904602258628635,0.0078125,0
D7_omraade_klasse_eksakt,0.01905568759185747,0.0078125,0
D7_omraade_klasse_eksakt,0.01906535259742859,0.0078125,0
D7_omraade_klasse_eksakt,0.019075017602999712,0.0078125,0
D7_omraade_klasse_eksakt,0.01908468260857083,0.0078125,0
D7_omraade_klasse_eksakt,0.01909434761414195,0.0078125,0
D7_omraade_klasse_eksakt,0.01910401261971307,0.0078125,0
D7_omraade_klasse_eksakt,0.01911367762528419,0.0078125,0
D7_omraade_klasse_eksakt,0.019123342630855314,0.0078125,0
D7_omraade_klasse_eksakt,0.019133007636426433,0.0078125,0
D7_omraade_klasse_eksakt,0.019142672641997552,0.0078125,0
D7_omraade_klasse_eksakt,0.01915233764756867,0.0078125,0
D7_omraade_klasse_eksakt,0.01916200265313979,0.0078125,0
D7_omraade_klasse_eksakt,0.019171667658710912,0.0078125,0
D7_omraade_klasse_eksakt,0.019181332664282034,0.0078125,0
D7_omraade_klasse_eksakt,0.019190997669853153,0.0078125,0
D7_omraade_klasse_eksakt,0.019200662675424272,0.0078125,0
D7_omraade_klasse_eksakt,0.01921032768099539,0.0078125,0
D7_omraade_klasse_eksakt,0.019219992686566514,0.0078125,0
D7_omraade_klasse_eksakt,0.019229657692137633,0.0078125,0
D7_omraade_klasse_eksakt,0.019239322697708755,0.0078125,0
D7_omraade_klasse_eksakt,0.019248987703279874,0.0078125,0
D7_omraade_klasse_eksakt,0.019258652708850993,0.0078125,0
D7_omraade_klasse_eksakt,0.019268317714422112,0.0078125,0
D7_omraade_klasse_eksakt,0.019277982719993234,0.0078125,0
D7_omraade_klasse_eksakt,0.019287647725564357,0.0078125,0
D7_omraade_klasse_eksakt,0.019297312731135476,0.0078125,0
D7_omraade_klasse_eksakt,0.019306977736706595,0.0078125,0
D7_omraade_klasse_eksakt,0.019316642742277713,0.0078125,0
D7_omraade_klasse_eksakt,0.019326307747848832,0.0078125,0
D7_omraade_klasse_eksakt,0.019335972753419955,0.0078125,0
D7_omraade_klasse_eksakt,0.019345637758991077,0.0078125,0
D7_omraade_klasse_eksakt,0.019355302764562196,0.0078125,0
D7_omraade_klasse_eksakt,0.019364967770133315,0.0078125,0
D7_omraade_klasse_eksakt,0.019374632775704434,0.0078125,0
D7_omraade_klasse_eksakt,0.019384297781275556,0.0078125,0
D7_omraade_klasse_eksakt,0.019393962786846675,0.0078125,0
D7_omraade_klasse_eksakt,0.019403627792417798,0.0078125,0
D7_omraade_klasse_eksakt,0.019413292797988917,0.0078125,0
D7_omraade_klasse_eksakt,0.019422957803560036,0.0078125,0
D7_omraade_klasse_eksakt,0.019432622809131155,0.0078125,0
D7_omraade_klasse_eksakt,0.019442287814702277,0.0078125,0
D7_omraade_klasse_eksakt,0.019451952820273396,0.0078125,0
D7_omraade_klasse_eksakt,0.01946161782584452,0.0078125,0
D7_omraade_klasse_eksakt,0.019471282831415637,0.0078125,0
D7_omraade_klasse_eksakt,0.019480947836986756,0.0078125,0
D7_omraade_klasse_eksakt,0.019490612842557875,0.0078125,0
D7_omraade_klasse_eksakt,0.019500277848128997,0.0078125,0
D7_omraade_klasse_eksakt,0.01950994285370012,0.0078125,0
D7_omraade_klasse_eksakt,0.01951960785927124,0.0078125,0
D7_omraade_klasse_eksakt,0.019529272864842358,0.0078125,0
D7_omraade_klasse_eksakt,0.019538937870413477,0.0078125,0
D7_omraade_klasse_eksakt,0.0195486028759846,0.0078125,0
D7_omraade_klasse_eksakt,0.019558267881555718,0.0078125,0
D7_omraade_klasse_eksakt,0.01956793288712684,0.0078125,0
D7_omraade_klasse_eksakt,0.01957759789269796,0.0078125,0
D7_omraade_klasse_eksakt,0.01958726289826908,0.0078125,0
D7_omraade_klasse_eksakt,0.019596927903840197,0.0078125,0
D7_omraade_klasse_eksakt,0.01960659290941132,0.0078125,0
D7_omraade_klasse_eksakt,0.01961625791498244,0.0078125,0
D7_omraade_klasse_eksakt,0.01962592292055356,0.0078125,0
D7_omraade_klasse_eksakt,0.01963558792612468,0.0078125,0
D7_omraade_klasse_eksakt,0.0196452529316958,0.0078125,0
D7_omraade_klasse_eksakt,0.019654917937266918,0.0078125,0
D7_omraade_klasse_eksakt,0.01966458294283804,0.0078125,0
D7_omraade_klasse_eksakt,0.019674247948409163,0.0078125,0
D7_omraade_klasse_eksakt,0.01968391295398028,0.0078125,0
D7_omraade_klasse_eksakt,0.0196935779595514,0.0078125,0
D7_omraade_klasse_eksakt,0.01970324296512252,0.0078125,0
D7_omraade_klasse_eksakt,0.01971290797069364,0.0078125,0
D7_omraade_klasse_eksakt,0.01972257297626476,0.0078125,0
D7_omraade_klasse_eksakt,0.019732237981835883,0.0078125,0
D7_omraade_klasse_eksakt,0.019741902987407002,0.0078125,0
D7_omraade_klasse_eksakt,0.01975156799297812,0.0078125,0
D7_omraade_klasse_eksakt,0.01976123299854924,0.0078125,0
D7_omraade_klasse_eksakt,0.019770898004120362,0.0078125,0
D7_omraade_klasse_eksakt,0.01978056300969148,0.0078125,0
D7_omraade_klasse_eksakt,0.019790228015262604,0.0078125,0
D7_omraade_klasse_eksakt,0.019799893020833723,0.0078125,0
D7_omraade_klasse_eksakt,0.01980955802640484,0.0078125,0
D7_omraade_klasse_eksakt,0.01981922303197596,0.0078125,0
D7_omraade_klasse_eksakt,0.019828888037547083,0.0078125,0
D7_omraade_klasse_eksakt,0.019838553043118205,0.0078125,0
D7_omraade_klasse_eksakt,0.019848218048689324,0.0078125,0
D7_omraade_klasse_eksakt,0.019857883054260443,0.0078125,0
D7_omraade_klasse_eksakt,0.019867548059831562,0.0078125,0
D7_omraade_klasse_eksakt,0.01987721306540268,0.0078125,0
D7_omraade_klasse_eksakt,0.019886878070973803,0.0078125,0
D7_omraade_klasse_eksakt,0.019896543076544926,0.0078125,0
D7_omraade_klasse_eksakt,0.019906208082116045,0.0078125,0
D7_omraade_klasse_eksakt,0.019915873087687164,0.0078125,0
D7_omraade_klasse_eksakt,0.019925538093258283,0.0078125,0
D7_omraade_klasse_eksakt,0.019935203098829405,0.0078125,0
D7_omraade_klasse_eksakt,0.019944868104400524,0.0078125,0
D7_omraade_klasse_eksakt,0.019954533109971646,0.0078125,0
D7_omraade_klasse_eksakt,0.019964198115542765,0.0078125,0
D7_omraade_klasse_eksakt,0.019973863121113884,0.0078125,0
D7_omraade_klasse_eksakt,0.019983528126685003,0.0078125,0
D7_omraade_klasse_eksakt,0.019993193132256126,0.0078125,0
D7_omraade_klasse_eksakt,0.020002858137827248,0.0078125,0
D7_omraade_klasse_eksakt,0.020012523143398367,0.0078125,0
D7_omraade_klasse_eksakt,0.020022188148969486,0.0078125,0
D7_omraade_klasse_eksakt,0.020031853154540605,0.0078125,0
D7_omraade_klasse_eksakt,0.020041518160111724,0.0078125,0
D7_omraade_klasse_eksakt,0.020051183165682846,0.0078125,0
D7_omraade_klasse_eksakt,0.02006084817125397,0.0078125,0
D7_omraade_klasse_eksakt,0.020070513176825087,0.0078125,0
D7_omraade_klasse_eksakt,0.020080178182396206,0.0078125,0
D7_omraade_klasse_eksakt,0.020089843187967325,0.0078125,0
D7_omraade_klasse_eksakt,0.020099508193538448,0.0078125,0
D7_omraade_klasse_eksakt,0.020109173199109567,0.0078125,0
D7_omraade_klasse_eksakt,0.02011883820468069,0.0078125,0
D7_omraade_klasse_eksakt,0.020128503210251808,0.0078125,0
D7_omraade_klasse_eksakt,0.020138168215822927,0.0078125,0
D7_omraade_klasse_eksakt,0.020147833221394046,0.0078125,0
D7_omraade_klasse_eksakt,0.02015749822696517,0.0078125,0
D7_omraade_klasse_eksakt,0.02016716323253629,0.0078125,0
D7_omraade_klasse_eksakt,0.02017682823810741,0.0078125,0
D7_omraade_klasse_eksakt,0.02018649324367853,0.0078125,0
D7_omraade_klasse_eksakt,0.020196158249249647,0.0078125,0
D7_omraade_klasse_eksakt,0.020205823254820766,0.0078125,0
D7_omraade_klasse_eksakt,0.02021548826039189,0.0078125,0
D7_omraade_klasse_eksakt,0.02022515326596301,0.0078125,0
D7_omraade_klasse_eksakt,0.02023481827153413,0.0078125,0
D7_omraade_klasse_eksakt,0.02024448327710525,0.0078125,0
D7_omraade_klasse_eksakt,0.020254148282676368,0.0078125,0
D7_omraade_klasse_eksakt,0.02026381328824749,0.0078125,0
D7_omraade_klasse_eksakt,0.02027347829381861,0.0078125,0
D7_omraade_klasse_eksakt,0.020283143299389732,0.0078125,0
D7_omraade_klasse_eksakt,0.02029280830496085,0.0078125,0
D7_omraade_klasse_eksakt,0.02030247331053197,0.0078125,0
D7_omraade_klasse_eksakt,0.02031213831610309,0.0078125,0
D7_omraade_klasse_eksakt,0.02032180332167421,0.0078125,0
D7_omraade_klasse_eksakt,0.020331468327245333,0.0078125,0
D7_omraade_klasse_eksakt,0.020341133332816452,0.0078125,0
D7_omraade_klasse_eksakt,0.02035079833838757,0.0078125,0
D7_omraade_klasse_eksakt,0.02036046334395869,0.0078125,0
D7_omraade_klasse_eksakt,0.02037012834952981,0.0078125,0
D7_omraade_klasse_eksakt,0.02037979335510093,0.0078125,0
D7_omraade_klasse_eksakt,0.020389458360672054,0.0078125,0
D7_omraade_klasse_eksakt,0.020399123366243173,0.0078125,0
D7_omraade_klasse_eksakt,0.020408788371814292,0.0078125,0
D7_omraade_klasse_eksakt,0.02041845337738541,0.0078125,0
D7_omraade_klasse_eksakt,0.020428118382956533,0.0078125,0
D7_omraade_klasse_eksakt,0.020437783388527652,0.0078125,0
D7_omraade_klasse_eksakt,0.020447448394098774,0.0078125,0
D7_omraade_klasse_eksakt,0.020457113399669893,0.0078125,0
D7_omraade_klasse_eksakt,0.020466778405241012,0.0078125,0
D7_omraade_klasse_eksakt,0.02047644341081213,0.0078125,0
D7_omraade_klasse_eksakt,0.020486108416383254,0.0078125,0
D7_omraade_klasse_eksakt,0.020495773421954376,0.0078125,0
D7_omraade_klasse_eksakt,0.020505438427525495,0.0078125,0
D7_omraade_klasse_eksakt,0.020515103433096614,0.0078125,0
D7_omraade_klasse_eksakt,0.020524768438667733,0.0078125,0
D7_omraade_klasse_eksakt,0.020534433444238852,0.0078125,0
D7_omraade_klasse_eksakt,0.020544098449809974,0.0078125,0
D7_omraade_klasse_eksakt,0.020553763455381097,0.0078125,0
D7_omraade_klasse_eksakt,0.020563428460952216,0.0078125,0
D7_omraade_klasse_eksakt,0.020573093466523334,0.0078125,0
D7_omraade_klasse_eksakt,0.020582758472094453,0.0078125,0
D7_omraade_klasse_eksakt,0.020592423477665576,0.0078125,0
D7_omraade_klasse_eksakt,0.020602088483236695,0.0078125,0
D7_omraade_klasse_eksakt,0.020611753488807817,0.0078125,0
D7_omraade_klasse_eksakt,0.020621418494378936,0.0078125,0
D7_omraade_klasse_eksakt,0.020631083499950055,0.0078125,0
D7_omraade_klasse_eksakt,0.020640748505521174,0.0078125,0
D7_omraade_klasse_eksakt,0.020650413511092296,0.0078125,0
D7_omraade_klasse_eksakt,0.020660078516663415,0.0078125,0
D7_omraade_klasse_eksakt,0.020669743522234538,0.0078125,0
D7_omraade_klasse_eksakt,0.020679408527805657,0.0078125,0
D7_omraade_klasse_eksakt,0.020689073533376776,0.0078125,0
D7_omraade_klasse_eksakt,0.020698738538947895,0.0078125,0
D7_omraade_klasse_eksakt,0.020708403544519017,0.0078125,0
D7_omraade_klasse_eksakt,0.02071806855009014,0.0078125,0
D7_omraade_klasse_eksakt,0.020727733555661258,0.0078125,0
D7_omraade_klasse_eksakt,0.020737398561232377,0.0078125,0
D7_omraade_klasse_eksakt,0.020747063566803496,0.0078125,0
D7_omraade_klasse_eksakt,0.02075672857237462,0.0078125,0
D7_omraade_klasse_eksakt,0.020766393577945737,0.0078125,0
D7_omraade_klasse_eksakt,0.02077605858351686,0.0078125,0
D7_omraade_klasse_eksakt,0.02078572358908798,0.0078125,0
D7_omraade_klasse_eksakt,0.020795388594659098,0.0078125,0
D7_omraade_klasse_eksakt,0.020805053600230217,0.0078125,0
D7_omraade_klasse_eksakt,0.02081471860580134,0.0078125,0
D7_omraade_klasse_eksakt,0.020824383611372458,0.0078125,0
D7_omraade_klasse_eksakt,0.02083404861694358,0.0078125,0
D7_omraade_klasse_eksakt,0.0208437136225147,0.0078125,0
D7_omraade_klasse_eksakt,0.02085337862808582,0.0078125,0
D7_omraade_klasse_eksakt,0.020863043633656937,0.0078125,0
D7_omraade_klasse_eksakt,0.02087270863922806,0.0078125,0
D7_omraade_klasse_eksakt,0.020882373644799182,0.0078125,0
D7_omraade_klasse_eksakt,0.0208920386503703,0.0078125,0
D7_omraade_klasse_eksakt,0.02090170365594142,0.0078125,0
D7_omraade_klasse_eksakt,0.02091136866151254,0.0078125,0
D7_omraade_klasse_eksakt,0.02092103366708366,0.0078125,0
D7_omraade_klasse_eksakt,0.02093069867265478,0.0078125,0
D7_omraade_klasse_eksakt,0.020940363678225903,0.01171875,0
D7_omraade_klasse_eksakt,0.02095002868379702,0.01171875,0
D7_omraade_klasse_eksakt,0.02095969368936814,0.01171875,0
D7_omraade_klasse_eksakt,0.02096935869493926,0.01171875,0
D7_omraade_klasse_eksakt,0.020979023700510382,0.01171875,0
D7_omraade_klasse_eksakt,0.0209886887060815,0.01171875,0
D7_omraade_klasse_eksakt,0.020998353711652623,0.01171875,0
D7_omraade_klasse_eksakt,0.021008018717223742,0.01171875,0
D7_omraade_klasse_eksakt,0.02101768372279486,0.01171875,0
D7_omraade_klasse_eksakt,0.02102734872836598,0.01171875,0
D7_omraade_klasse_eksakt,0.021037013733937102,0.01171875,0
D7_omraade_klasse_eksakt,0.021046678739508225,0.01171875,0
D7_omraade_klasse_eksakt,0.021056343745079344,0.01171875,0
D7_omraade_klasse_eksakt,0.021066008750650463,0.01171875,0
D7_omraade_klasse_eksakt,0.02107567375622158,0.01171875,0
D7_omraade_klasse_eksakt,0.0210853387617927,0.01171875,0
D7_omraade_klasse_eksakt,0.021095003767363823,0.01171875,0
D7_omraade_klasse_eksakt,0.021104668772934945,0.01171875,0
D7_omraade_klasse_eksakt,0.021114333778506064,0.01171875,0
D7_omraade_klasse_eksakt,0.021123998784077183,0.01171875,0
D7_omraade_klasse_eksakt,0.021133663789648302,0.01171875,0
D7_omraade_klasse_eksakt,0.021143328795219424,0.01171875,0
D7_omraade_klasse_eksakt,0.021152993800790543,0.01171875,0
D7_omraade_klasse_eksakt,0.021162658806361666,0.01171875,0
D7_omraade_klasse_eksakt,0.021172323811932785,0.01171875,0
D7_omraade_klasse_eksakt,0.021181988817503904,0.01171875,0
D7_omraade_klasse_eksakt,0.021191653823075023,0.01171875,0
D7_omraade_klasse_eksakt,0.021201318828646145,0.01171875,0
D7_omraade_klasse_eksakt,0.021210983834217267,0.01171875,0
D7_omraade_klasse_eksakt,0.021220648839788386,0.01171875,0
D7_omraade_klasse_eksakt,0.021230313845359505,0.01171875,0
D7_omraade_klasse_eksakt,0.021239978850930624,0.01171875,0
D7_omraade_klasse_eksakt,0.021249643856501743,0.01171875,0
D7_omraade_klasse_eksakt,0.021259308862072866,0.01171875,0
D7_omraade_klasse_eksakt,0.021268973867643988,0.01171875,0
D7_omraade_klasse_eksakt,0.021278638873215107,0.01171875,0
D7_omraade_klasse_eksakt,0.021288303878786226,0.01171875,0
D7_omraade_klasse_eksakt,0.021297968884357345,0.01171875,0
D7_omraade_klasse_eksakt,0.021307633889928467,0.01171875,0
D7_omraade_klasse_eksakt,0.021317298895499586,0.01171875,0
D7_omraade_klasse_eksakt,0.02132696390107071,0.01171875,0
D7_omraade_klasse_eksakt,0.021336628906641827,0.01171875,0
D7_omraade_klasse_eksakt,0.021346293912212946,0.01171875,0
D7_omraade_klasse_eksakt,0.021355958917784065,0.01171875,0
D7_omraade_klasse_eksakt,0.021365623923355188,0.01171875,0
D7_omraade_klasse_eksakt,0.02137528892892631,0.01171875,0
D7_omraade_klasse_eksakt,0.02138495393449743,0.01171875,0
D7_omraade_klasse_eksakt,0.021394618940068548,0.01171875,0
D7_omraade_klasse_eksakt,0.021404283945639667,0.01171875,0
D7_omraade_klasse_eksakt,0.021413948951210786,0.01171875,0
D7_omraade_klasse_eksakt,0.021423613956781908,0.01171875,0
D7_omraade_klasse_eksakt,0.02143327896235303,0.01171875,0
D7_omraade_klasse_eksakt,0.02144294396792415,0.01171875,0
D7_omraade_klasse_eksakt,0.02145260897349527,0.01171875,0
D7_omraade_klasse_eksakt,0.021462273979066387,0.01171875,0
D7_omraade_klasse_eksakt,0.02147193898463751,0.01171875,0
D7_omraade_klasse_eksakt,0.02148160399020863,0.01171875,0
D7_omraade_klasse_eksakt,0.02149126899577975,0.01171875,0
D7_omraade_klasse_eksakt,0.02150093400135087,0.01171875,0
D7_omraade_klasse_eksakt,0.02151059900692199,0.01171875,0
D7_omraade_klasse_eksakt,0.021520264012493108,0.01171875,0
D7_omraade_klasse_eksakt,0.02152992901806423,0.01171875,0
D7_omraade_klasse_eksakt,0.021539594023635353,0.01171875,0
D7_omraade_klasse_eksakt,0.021549259029206472,0.01171875,0
D7_omraade_klasse_eksakt,0.02155892403477759,0.01171875,0
D7_omraade_klasse_eksakt,0.02156858904034871,0.01171875,0
D7_omraade_klasse_eksakt,0.02157825404591983,0.01171875,0
D7_omraade_klasse_eksakt,0.02158791905149095,0.01171875,0
D7_omraade_klasse_eksakt,0.021597584057062073,0.01171875,0
D7_omraade_klasse_eksakt,0.021607249062633192,0.01171875,0
D7_omraade_klasse_eksakt,0.02161691406820431,0.01171875,0
D7_omraade_klasse_eksakt,0.02162657907377543,0.01171875,0
D7_omraade_klasse_eksakt,0.021636244079346553,0.01171875,0
D7_omraade_klasse_eksakt,0.02164590908491767,0.01171875,0
D7_omraade_klasse_eksakt,0.021655574090488794,0.01171875,0
D7_omraade_klasse_eksakt,0.021665239096059913,0.01171875,0
D7_omraade_klasse_eksakt,0.021674904101631032,0.01171875,0
D7_omraade_klasse_eksakt,0.02168456910720215,0.01171875,0
D7_omraade_klasse_eksakt,0.021694234112773273,0.01171875,0
D7_omraade_klasse_eksakt,0.021703899118344396,0.01171875,0
D7_omraade_klasse_eksakt,0.021713564123915514,0.01171875,0
D7_omraade_klasse_eksakt,0.021723229129486633,0.01171875,0
D7_omraade_klasse_eksakt,0.021732894135057752,0.01171875,0
D7_omraade_klasse_eksakt,0.02174255914062887,0.01171875,0
D7_omraade_klasse_eksakt,0.021752224146199994,0.01171875,0
D7_omraade_klasse_eksakt,0.021761889151771116,0.01171875,0
D7_omraade_klasse_eksakt,0.021771554157342235,0.015625,0
D7_omraade_klasse_eksakt,0.021781219162913354,0.015625,0
D7_omraade_klasse_eksakt,0.021790884168484473,0.015625,0
D7_omraade_klasse_eksakt,0.021800549174055595,0.015625,0
D7_omraade_klasse_eksakt,0.021810214179626714,0.015625,0
D7_omraade_klasse_eksakt,0.021819879185197837,0.015625,0
D7_omraade_klasse_eksakt,0.021829544190768956,0.015625,0
D7_omraade_klasse_eksakt,0.021839209196340074,0.015625,0
D7_omraade_klasse_eksakt,0.021848874201911193,0.015625,0
D7_omraade_klasse_eksakt,0.021858539207482316,0.015625,0
D7_omraade_klasse_eksakt,0.021868204213053438,0.015625,0
D7_omraade_klasse_eksakt,0.021877869218624557,0.015625,0
D7_omraade_klasse_eksakt,0.021887534224195676,0.015625,0
D7_omraade_klasse_eksakt,0.021897199229766795,0.015625,0
D7_omraade_klasse_eksakt,0.021906864235337914,0.015625,0
D7_omraade_klasse_eksakt,0.021916529240909036,0.015625,0
D7_omraade_klasse_eksakt,0.02192619424648016,0.015625,0
D7_omraade_klasse_eksakt,0.021935859252051278,0.015625,0
D7_omraade_klasse_eksakt,0.021945524257622397,0.015625,0
D7_omraade_klasse_eksakt,0.021955189263193516,0.015625,0
D7_omraade_klasse_eksakt,0.021964854268764638,0.015625,0
D7_omraade_klasse_eksakt,0.021974519274335757,0.015625,0
D7_omraade_klasse_eksakt,0.02198418427990688,0.015625,0
D7_omraade_klasse_eksakt,0.021993849285477998,0.015625,0
D7_omraade_klasse_eksakt,0.022003514291049117,0.015625,0
D7_omraade_klasse_eksakt,0.022013179296620236,0.015625,0
D7_omraade_klasse_eksakt,0.02202284430219136,0.015625,0
D7_omraade_klasse_eksakt,0.022032509307762477,0.015625,0
D7_omraade_klasse_eksakt,0.0220421743133336,0.015625,0
D7_omraade_klasse_eksakt,0.02205183931890472,0.015625,0
D7_omraade_klasse_eksakt,0.022061504324475838,0.015625,0
D7_omraade_klasse_eksakt,0.022071169330046957,0.015625,0
D7_omraade_klasse_eksakt,0.02208083433561808,0.01953125,0
D7_omraade_klasse_eksakt,0.0220904993411892,0.01953125,0
D7_omraade_klasse_eksakt,0.02210016434676032,0.01953125,0
D7_omraade_klasse_eksakt,0.02210982935233144,0.01953125,0
D7_omraade_klasse_eksakt,0.022119494357902558,0.01953125,0
D7_omraade_klasse_eksakt,0.02212915936347368,0.01953125,0
D7_omraade_klasse_eksakt,0.0221388243690448,0.01953125,0
D7_omraade_klasse_eksakt,0.022148489374615922,0.01953125,0
D7_omraade_klasse_eksakt,0.02215815438018704,0.01953125,0
D7_omraade_klasse_eksakt,0.02216781938575816,0.01953125,0
D7_omraade_klasse_eksakt,0.02217748439132928,0.01953125,0
D7_omraade_klasse_eksakt,0.0221871493969004,0.01953125,0
D7_omraade_klasse_eksakt,0.02219681440247152,0.01953125,0
D7_omraade_klasse_eksakt,0.022206479408042643,0.01953125,0
D7_omraade_klasse_eksakt,0.02221614441361376,0.01953125,0
D7_omraade_klasse_eksakt,0.02222580941918488,0.01953125,0
D7_omraade_klasse_eksakt,0.022235474424756,0.01953125,0
D7_omraade_klasse_eksakt,0.022245139430327122,0.01953125,0
D7_omraade_klasse_eksakt,0.022254804435898244,0.01953125,0
D7_omraade_klasse_eksakt,0.022264469441469363,0.0234375,0
D7_omraade_klasse_eksakt,0.022274134447040482,0.0234375,0
D7_omraade_klasse_eksakt,0.0222837994526116,0.0234375,0
D7_omraade_klasse_eksakt,0.02229346445818272,0.0234375,0
D7_omraade_klasse_eksakt,0.022303129463753842,0.0234375,0
D7_omraade_klasse_eksakt,0.022312794469324965,0.0234375,0
D7_omraade_klasse_eksakt,0.022322459474896084,0.0234375,0
D7_omraade_klasse_eksakt,0.022332124480467203,0.0234375,0
D7_omraade_klasse_eksakt,0.02234178948603832,0.0234375,0
D7_omraade_klasse_eksakt,0.022351454491609444,0.0234375,0
D7_omraade_klasse_eksakt,0.022361119497180563,0.0234375,0
D7_omraade_klasse_eksakt,0.022370784502751685,0.0234375,0
D7_omraade_klasse_eksakt,0.022380449508322804,0.0234375,0
D7_omraade_klasse_eksakt,0.022390114513893923,0.02734375,0
D7_omraade_klasse_eksakt,0.022399779519465042,0.02734375,0
D7_omraade_klasse_eksakt,0.022409444525036164,0.02734375,0
D7_omraade_klasse_eksakt,0.022419109530607287,0.03125,0
D7_omraade_klasse_eksakt,0.022428774536178406,0.03125,0
D7_omraade_klasse_eksakt,0.022438439541749525,0.03125,0
D7_omraade_klasse_eksakt,0.022448104547320644,0.03125,0
D7_omraade_klasse_eksakt,0.022457769552891763,0.03125,0
D7_omraade_klasse_eksakt,0.022467434558462885,0.03125,0
D7_omraade_klasse_eksakt,0.022477099564034007,0.03125,0
D7_omraade_klasse_eksakt,0.022486764569605126,0.03515625,0
D7_omraade_klasse_eksakt,0.022496429575176245,0.03515625,0
D7_omraade_klasse_eksakt,0.022506094580747364,0.03515625,0
D7_omraade_klasse_eksakt,0.022515759586318487,0.03515625,0
D7_omraade_klasse_eksakt,0.022525424591889606,0.03515625,0
D7_omraade_klasse_eksakt,0.022535089597460728,0.03515625,0
D7_omraade_klasse_eksakt,0.022544754603031847,0.03515625,0
D7_omraade_klasse_eksakt,0.022554419608602966,0.03515625,0
D7_omraade_klasse_eksakt,0.022564084614174085,0.03515625,0
D7_omraade_klasse_eksakt,0.022573749619745207,0.03515625,0
D7_omraade_klasse_eksakt,0.02258341462531633,0.03515625,0
D7_omraade_klasse_eksakt,0.02259307963088745,0.03515625,0
D7_omraade_klasse_eksakt,0.022602744636458567,0.03515625,0
D7_omraade_klasse_eksakt,0.022612409642029686,0.03515625,0
D7_omraade_klasse_eksakt,0.022622074647600805,0.0390625,0
D7_omraade_klasse_eksakt,0.022631739653171928,0.0390625,0
D7_omraade_klasse_eksakt,0.02264140465874305,0.0390625,0
D7_omraade_klasse_eksakt,0.02265106966431417,0.0390625,0
D7_omraade_klasse_eksakt,0.022660734669885288,0.0390625,0
D7_omraade_klasse_eksakt,0.022670399675456407,0.0390625,0
D7_omraade_klasse_eksakt,0.02268006468102753,0.0390625,0
D7_omraade_klasse_eksakt,0.022689729686598648,0.0390625,0
D7_omraade_klasse_eksakt,0.02269939469216977,0.0390625,0
D7_omraade_klasse_eksakt,0.02270905969774089,0.0390625,0
D7_omraade_klasse_eksakt,0.02271872470331201,0.0390625,0
D7_omraade_klasse_eksakt,0.022728389708883127,0.0390625,0
D7_omraade_klasse_eksakt,0.02273805471445425,0.0390625,0
D7_omraade_klasse_eksakt,0.022747719720025372,0.0390625,0
D7_omraade_klasse_eksakt,0.02275738472559649,0.0390625,0
D7_omraade_klasse_eksakt,0.02276704973116761,0.04296875,0
D7_omraade_klasse_eksakt,0.02277671473673873,0.04296875,0
D7_omraade_klasse_eksakt,0.022786379742309848,0.04296875,0
D7_omraade_klasse_eksakt,0.02279604474788097,0.04296875,0
D7_omraade_klasse_eksakt,0.022805709753452093,0.04296875,0
D7_omraade_klasse_eksakt,0.02281537475902321,0.04296875,0
D7_omraade_klasse_eksakt,0.02282503976459433,0.046875,0
D7_omraade_klasse_eksakt,0.02283470477016545,0.046875,0
D7_omraade_klasse_eksakt,0.022844369775736572,0.05078125,1
D7_omraade_klasse_eksakt,0.02285403478130769,0.0546875,1
D7_omraade_klasse_eksakt,0.022863699786878813,0.0546875,1
D7_omraade_klasse_eksakt,0.022873364792449932,0.0546875,1
D7_omraade_klasse_eksakt,0.02288302979802105,0.0546875,1
D7_omraade_klasse_eksakt,0.02289269480359217,0.0546875,1
D7_omraade_klasse_eksakt,0.022902359809163293,0.0546875,1
D7_omraade_klasse_eksakt,0.022912024814734415,0.0546875,1
D7_omraade_klasse_eksakt,0.022921689820305534,0.0546875,1
D7_omraade_klasse_eksakt,0.022931354825876653,0.0546875,1
D7_omraade_klasse_eksakt,0.022941019831447772,0.0546875,1
D7_omraade_klasse_eksakt,0.02295068483701889,0.05859375,1
D7_omraade_klasse_eksakt,0.022960349842590013,0.05859375,1
D7_omraade_klasse_eksakt,0.022970014848161135,0.05859375,1
D7_omraade_klasse_eksakt,0.022979679853732254,0.05859375,1
D7_omraade_klasse_eksakt,0.022989344859303373,0.05859375,1
D7_omraade_klasse_eksakt,0.022999009864874492,0.05859375,1
D7_omraade_klasse_eksakt,0.023008674870445615,0.05859375,1
D7_omraade_klasse_eksakt,0.023018339876016734,0.05859375,1
D7_omraade_klasse_eksakt,0.023028004881587856,0.05859375,1
D7_omraade_klasse_eksakt,0.023037669887158975,0.05859375,1
D7_omraade_klasse_eksakt,0.023047334892730094,0.05859375,1
D7_omraade_klasse_eksakt,0.023056999898301213,0.05859375,1
D7_omraade_klasse_eksakt,0.023066664903872335,0.05859375,1
D7_omraade_klasse_eksakt,0.023076329909443458,0.05859375,1
D7_omraade_klasse_eksakt,0.023085994915014577,0.05859375,1
D7_omraade_klasse_eksakt,0.023095659920585696,0.05859375,1
D7_omraade_klasse_eksakt,0.023105324926156814,0.05859375,1
D7_omraade_klasse_eksakt,0.023114989931727933,0.05859375,1
D7_omraade_klasse_eksakt,0.023124654937299056,0.05859375,1
D7_omraade_klasse_eksakt,0.023134319942870178,0.05859375,1
D7_omraade_klasse_eksakt,0.023143984948441297,0.05859375,1
D7_omraade_klasse_eksakt,0.023153649954012416,0.05859375,1
D7_omraade_klasse_eksakt,0.023163314959583535,0.05859375,1
D7_omraade_klasse_eksakt,0.023172979965154657,0.05859375,1
D7_omraade_klasse_eksakt,0.023182644970725776,0.05859375,1
D7_omraade_klasse_eksakt,0.0231923099762969,0.05859375,1
D7_omraade_klasse_eksakt,0.023201974981868018,0.05859375,1
D7_omraade_klasse_eksakt,0.023211639987439137,0.05859375,1
D7_omraade_klasse_eksakt,0.023221304993010256,0.05859375,1
D7_omraade_klasse_eksakt,0.023230969998581378,0.05859375,1
D7_omraade_klasse_eksakt,0.023240635004152497,0.05859375,1
D7_omraade_klasse_eksakt,0.02325030000972362,0.05859375,1
D7_omraade_klasse_eksakt,0.023259965015294738,0.05859375,1
D7_omraade_klasse_eksakt,0.023269630020865857,0.05859375,1
D7_omraade_klasse_eksakt,0.023279295026436976,0.05859375,1
D7_omraade_klasse_eksakt,0.0232889600320081,0.05859375,1
D7_omraade_klasse_eksakt,0.02329862503757922,0.05859375,1
D7_omraade_klasse_eksakt,0.02330829004315034,0.05859375,1
D7_omraade_klasse_eksakt,0.02331795504872146,0.05859375,1
D7_omraade_klasse_eksakt,0.023327620054292578,0.05859375,1
D7_omraade_klasse_eksakt,0.0233372850598637,0.05859375,1
D7_omraade_klasse_eksakt,0.02334695006543482,0.0625,1
D7_omraade_klasse_eksakt,0.02335661507100594,0.06640625,1
D7_omraade_klasse_eksakt,0.02336628007657706,0.0703125,1
D7_omraade_klasse_eksakt,0.02337594508214818,0.07421875,1
D7_omraade_klasse_eksakt,0.023385610087719298,0.07421875,1
D7_omraade_klasse_eksakt,0.02339527509329042,0.07421875,1
D7_omraade_klasse_eksakt,0.02340494009886154,0.07421875,1
D7_omraade_klasse_eksakt,0.023414605104432662,0.07421875,1
D7_omraade_klasse_eksakt,0.02342427011000378,0.07421875,1
D7_omraade_klasse_eksakt,0.0234339351155749,0.07421875,1
D7_omraade_klasse_eksakt,0.02344360012114602,0.07421875,1
D7_omraade_klasse_eksakt,0.02345326512671714,0.07421875,1
D7_omraade_klasse_eksakt,0.023462930132288264,0.07421875,1
D7_omraade_klasse_eksakt,0.023472595137859383,0.07421875,1
D7_omraade_klasse_eksakt,0.0234822601434305,0.07421875,1
D7_omraade_klasse_eksakt,0.02349192514900162,0.07421875,1
D7_omraade_klasse_eksakt,0.02350159015457274,0.07421875,1
D7_omraade_klasse_eksakt,0.02351125516014386,0.07421875,1
D7_omraade_klasse_eksakt,0.023520920165714984,0.07421875,1
D7_omraade_klasse_eksakt,0.023530585171286103,0.078125,1
D7_omraade_klasse_eksakt,0.023540250176857222,0.078125,1
D7_omraade_klasse_eksakt,0.02354991518242834,0.078125,1
D7_omraade_klasse_eksakt,0.023559580187999463,0.078125,1
D7_omraade_klasse_eksakt,0.023569245193570582,0.078125,1
D7_omraade_klasse_eksakt,0.023578910199141705,0.078125,1
D7_omraade_klasse_eksakt,0.023588575204712824,0.078125,1
D7_omraade_klasse_eksakt,0.023598240210283943,0.078125,1
D7_omraade_klasse_eksakt,0.02360790521585506,0.078125,1
D7_omraade_klasse_eksakt,0.023617570221426184,0.078125,1
D7_omraade_klasse_eksakt,0.023627235226997306,0.078125,1
D7_omraade_klasse_eksakt,0.023636900232568425,0.078125,1
D7_omraade_klasse_eksakt,0.023646565238139544,0.078125,1
D7_omraade_klasse_eksakt,0.023656230243710663,0.078125,1
D7_omraade_klasse_eksakt,0.023665895249281782,0.078125,1
D7_omraade_klasse_eksakt,0.023675560254852904,0.08203125,1
D7_omraade_klasse_eksakt,0.023685225260424027,0.08203125,1
D7_omraade_klasse_eksakt,0.023694890265995146,0.08984375,1
D7_omraade_klasse_eksakt,0.023704555271566265,0.08984375,1
D7_omraade_klasse_eksakt,0.023714220277137384,0.09375,1
D7_omraade_klasse_eksakt,0.023723885282708506,0.09375,1
D7_omraade_klasse_eksakt,0.023733550288279625,0.09375,1
D7_omraade_klasse_eksakt,0.023743215293850747,0.09375,1
D7_omraade_klasse_eksakt,0.023752880299421866,0.09375,1
D7_omraade_klasse_eksakt,0.023762545304992985,0.09375,1
D7_omraade_klasse_eksakt,0.023772210310564104,0.09375,1
D7_omraade_klasse_eksakt,0.023781875316135227,0.09375,1
D7_omraade_klasse_eksakt,0.02379154032170635,0.09765625,1
D7_omraade_klasse_eksakt,0.023801205327277468,0.09765625,1
D7_omraade_klasse_eksakt,0.023810870332848587,0.09765625,1
D7_omraade_klasse_eksakt,0.023820535338419706,0.109375,1
D7_omraade_klasse_eksakt,0.023830200343990825,0.109375,1
D7_omraade_klasse_eksakt,0.023839865349561947,0.109375,1
D7_omraade_klasse_eksakt,0.02384953035513307,0.109375,1
D7_omraade_klasse_eksakt,0.02385919536070419,0.1171875,1
D7_omraade_klasse_eksakt,0.023868860366275307,0.12109375,1
D7_omraade_klasse_eksakt,0.023878525371846426,0.12109375,1
D7_omraade_klasse_eksakt,0.02388819037741755,0.12109375,1
D7_omraade_klasse_eksakt,0.023897855382988668,0.12109375,1
D7_omraade_klasse_eksakt,0.02390752038855979,0.12109375,1
D7_omraade_klasse_eksakt,0.02391718539413091,0.12109375,1
D7_omraade_klasse_eksakt,0.023926850399702028,0.12109375,1
D7_omraade_klasse_eksakt,0.023936515405273147,0.125,1
D7_omraade_klasse_eksakt,0.02394618041084427,0.125,1
D7_omraade_klasse_eksakt,0.02395584541641539,0.125,1
D7_omraade_klasse_eksakt,0.02396551042198651,0.125,1
D7_omraade_klasse_eksakt,0.02397517542755763,0.125,1
D7_omraade_klasse_eksakt,0.02398484043312875,0.125,1
D7_omraade_klasse_eksakt,0.023994505438699867,0.125,1
D7_omraade_klasse_eksakt,0.02400417044427099,0.125,1
D7_omraade_klasse_eksakt,0.024013835449842112,0.125,1
D7_omraade_klasse_eksakt,0.02402350045541323,0.125,1
D7_omraade_klasse_eksakt,0.02403316546098435,0.125,1
D7_omraade_klasse_eksakt,0.02404283046655547,0.125,1
D7_omraade_klasse_eksakt,0.02405249547212659,0.125,1
D7_omraade_klasse_eksakt,0.02406216047769771,0.125,1
D7_omraade_klasse_eksakt,0.024071825483268833,0.125,1
D7_omraade_klasse_eksakt,0.02408149048883995,0.125,1
D7_omraade_klasse_eksakt,0.02409115549441107,0.125,1
D7_omraade_klasse_eksakt,0.02410082049998219,0.125,1
D7_omraade_klasse_eksakt,0.024110485505553312,0.125,1
D7_omraade_klasse_eksakt,0.024120150511124434,0.125,1
D7_omraade_klasse_eksakt,0.024129815516695553,0.125,1
D7_omraade_klasse_eksakt,0.024139480522266672,0.125,1
D7_omraade_klasse_eksakt,0.02414914552783779,0.125,1
D7_omraade_klasse_eksakt,0.02415881053340891,0.125,1
D7_omraade_klasse_eksakt,0.024168475538980033,0.125,1
D7_omraade_klasse_eksakt,0.024178140544551155,0.12890625,1
D7_omraade_klasse_eksakt,0.024187805550122274,0.1328125,1
D7_omraade_klasse_eksakt,0.024197470555693393,0.1328125,1
D7_omraade_klasse_eksakt,0.02420713556126451,0.1328125,1
D7_omraade_klasse_eksakt,0.024216800566835634,0.1328125,1
D7_omraade_klasse_eksakt,0.024226465572406753,0.1328125,1
D7_omraade_klasse_eksakt,0.024236130577977875,0.1328125,1
D7_omraade_klasse_eksakt,0.024245795583548994,0.140625,1
D7_omraade_klasse_eksakt,0.024255460589120113,0.140625,1
D7_omraade_klasse_eksakt,0.024265125594691232,0.140625,1
D7_omraade_klasse_eksakt,0.024274790600262355,0.140625,1
D7_omraade_klasse_eksakt,0.024284455605833477,0.140625,1
D7_omraade_klasse_eksakt,0.024294120611404596,0.140625,1
D7_omraade_klasse_eksakt,0.024303785616975715,0.140625,1
D7_omraade_klasse_eksakt,0.024313450622546834,0.140625,1
D7_omraade_klasse_eksakt,0.024323115628117953,0.140625,1
D7_omraade_klasse_eksakt,0.024332780633689075,0.14453125,1
D7_omraade_klasse_eksakt,0.024342445639260198,0.14453125,1
D7_omraade_klasse_eksakt,0.024352110644831317,0.14453125,1
D7_omraade_klasse_eksakt,0.024361775650402435,0.14453125,1
D7_omraade_klasse_eksakt,0.024371440655973554,0.14453125,1
D7_omraade_klasse_eksakt,0.024381105661544677,0.14453125,1
D7_omraade_klasse_eksakt,0.024390770667115796,0.14453125,1
D7_omraade_klasse_eksakt,0.024400435672686918,0.14453125,1
D7_omraade_klasse_eksakt,0.024410100678258037,0.14453125,1
D7_omraade_klasse_eksakt,0.024419765683829156,0.14453125,1
D7_omraade_klasse_eksakt,0.024429430689400275,0.14453125,1
D7_omraade_klasse_eksakt,0.024439095694971397,0.14453125,1
D7_omraade_klasse_eksakt,0.024448760700542516,0.14453125,1
D7_omraade_klasse_eksakt,0.02445842570611364,0.1484375,1
D7_omraade_klasse_eksakt,0.024468090711684758,0.15234375,1
D7_omraade_klasse_eksakt,0.024477755717255877,0.15234375,1
D7_omraade_klasse_eksakt,0.024487420722826996,0.15234375,1
D7_omraade_klasse_eksakt,0.024497085728398118,0.15234375,1
D7_omraade_klasse_eksakt,0.02450675073396924,0.15234375,1
D7_omraade_klasse_eksakt,0.02451641573954036,0.15234375,1
D7_omraade_klasse_eksakt,0.024526080745111478,0.15234375,1
D7_omraade_klasse_eksakt,0.024535745750682597,0.15234375,1
D7_omraade_klasse_eksakt,0.02454541075625372,0.15234375,1
D7_omraade_klasse_eksakt,0.02455507576182484,0.15234375,1
D7_omraade_klasse_eksakt,0.02456474076739596,0.15234375,1
D7_omraade_klasse_eksakt,0.02457440577296708,0.15234375,1
D7_omraade_klasse_eksakt,0.0245840707785382,0.15234375,1
D7_omraade_klasse_eksakt,0.024593735784109318,0.15234375,1
D7_omraade_klasse_eksakt,0.02460340078968044,0.15234375,1
D7_omraade_klasse_eksakt,0.02461306579525156,0.15234375,1
D7_omraade_klasse_eksakt,0.02462273080082268,0.15234375,1
D7_omraade_klasse_eksakt,0.0246323958063938,0.15625,1
D7_omraade_klasse_eksakt,0.02464206081196492,0.15625,1
D7_omraade_klasse_eksakt,0.024651725817536038,0.16015625,1
D7_omraade_klasse_eksakt,0.02466139082310716,0.16015625,1
D7_omraade_klasse_eksakt,0.024671055828678283,0.16015625,1
D7_omraade_klasse_eksakt,0.024680720834249402,0.16015625,1
D7_omraade_klasse_eksakt,0.02469038583982052,0.1640625,1
D7_omraade_klasse_eksakt,0.02470005084539164,0.1640625,1
D7_omraade_klasse_eksakt,0.024709715850962762,0.16796875,1
D7_omraade_klasse_eksakt,0.02471938085653388,0.171875,1
D7_omraade_klasse_eksakt,0.024729045862105004,0.171875,1
D7_omraade_klasse_eksakt,0.024738710867676122,0.17578125,1
D7_omraade_klasse_eksakt,0.02474837587324724,0.17578125,1
D7_omraade_klasse_eksakt,0.02475804087881836,0.17578125,1
D7_omraade_klasse_eksakt,0.024767705884389483,0.17578125,1
D7_omraade_klasse_eksakt,0.0247773708899606,0.17578125,1
D7_omraade_klasse_eksakt,0.024787035895531724,0.1796875,1
D7_omraade_klasse_eksakt,0.024796700901102843,0.1796875,1
D7_omraade_klasse_eksakt,0.024806365906673962,0.18359375,1
D7_omraade_klasse_eksakt,0.02481603091224508,0.1875,1
D7_omraade_klasse_eksakt,0.024825695917816203,0.1875,1
D7_omraade_klasse_eksakt,0.024835360923387326,0.1875,1
D7_omraade_klasse_eksakt,0.024845025928958445,0.1875,1
D7_omraade_klasse_eksakt,0.024854690934529564,0.19140625,1
D7_omraade_klasse_eksakt,0.024864355940100683,0.19140625,1
D7_omraade_klasse_eksakt,0.0248740209456718,0.19140625,1
D7_omraade_klasse_eksakt,0.024883685951242924,0.19140625,1
D7_omraade_klasse_eksakt,0.024893350956814046,0.1953125,1
D7_omraade_klasse_eksakt,0.024903015962385165,0.19921875,1
D7_omraade_klasse_eksakt,0.024912680967956284,0.19921875,1
D7_omraade_klasse_eksakt,0.024922345973527403,0.19921875,1
D7_omraade_klasse_eksakt,0.024932010979098525,0.19921875,1
D7_omraade_klasse_eksakt,0.024941675984669644,0.19921875,1
D7_omraade_klasse_eksakt,0.024951340990240767,0.19921875,1
D7_omraade_klasse_eksakt,0.024961005995811886,0.20703125,1
D7_omraade_klasse_eksakt,0.024970671001383005,0.20703125,1
D7_omraade_klasse_eksakt,0.024980336006954124,0.20703125,1
D7_omraade_klasse_eksakt,0.024990001012525246,0.2109375,1
D7_omraade_klasse_eksakt,0.02499966601809637,0.21484375,1
D7_omraade_klasse_eksakt,0.025009331023667487,0.21875,1
D7_omraade_klasse_eksakt,0.025018996029238606,0.21875,1
D7_omraade_klasse_eksakt,0.025028661034809725,0.21875,1
D7_omraade_klasse_eksakt,0.025038326040380844,0.21875,1
D7_omraade_klasse_eksakt,0.025047991045951967,0.22265625,1
D7_omraade_klasse_eksakt,0.02505765605152309,0.22265625,1
D7_omraade_klasse_eksakt,0.025067321057094208,0.22265625,1
D7_omraade_klasse_eksakt,0.025076986062665327,0.22265625,1
D7_omraade_klasse_eksakt,0.025086651068236446,0.22265625,1
D7_omraade_klasse_eksakt,0.025096316073807568,0.22265625,1
D7_omraade_klasse_eksakt,0.025105981079378687,0.22265625,1
D7_omraade_klasse_eksakt,0.02511564608494981,0.22265625,1
D7_omraade_klasse_eksakt,0.02512531109052093,0.22265625,1
D7_omraade_klasse_eksakt,0.025134976096092047,0.22265625,1
D7_omraade_klasse_eksakt,0.025144641101663166,0.22265625,1
D7_omraade_klasse_eksakt,0.02515430610723429,0.22265625,1
D7_omraade_klasse_eksakt,0.02516397111280541,0.22265625,1
D7_omraade_klasse_eksakt,0.02517363611837653,0.22265625,1
D7_omraade_klasse_eksakt,0.02518330112394765,0.2265625,1
D7_omraade_klasse_eksakt,0.025192966129518768,0.2265625,1
D7_omraade_klasse_eksakt,0.025202631135089887,0.2265625,1
D7_omraade_klasse_eksakt,0.02521229614066101,0.2265625,1
D7_omraade_klasse_eksakt,0.02522196114623213,0.2265625,1
D7_omraade_klasse_eksakt,0.02523162615180325,0.2265625,1
D7_omraade_klasse_eksakt,0.02524129115737437,0.2265625,1
D7_omraade_klasse_eksakt,0.02525095616294549,0.2265625,1
D7_omraade_klasse_eksakt,0.02526062116851661,0.2265625,1
D7_omraade_klasse_eksakt,0.02527028617408773,0.234375,1
D7_omraade_klasse_eksakt,0.025279951179658852,0.234375,1
D7_omraade_klasse_eksakt,0.02528961618522997,0.234375,1
D7_omraade_klasse_eksakt,0.02529928119080109,0.234375,1
D7_omraade_klasse_eksakt,0.02530894619637221,0.234375,1
D7_omraade_klasse_eksakt,0.02531861120194333,0.234375,1
D7_omraade_klasse_eksakt,0.025328276207514454,0.234375,1
D7_omraade_klasse_eksakt,0.025337941213085573,0.234375,1
D7_omraade_klasse_eksakt,0.02534760621865669,0.234375,1
D7_omraade_klasse_eksakt,0.02535727122422781,0.234375,1
D7_omraade_klasse_eksakt,0.02536693622979893,0.234375,1
D7_omraade_klasse_eksakt,0.025376601235370052,0.234375,1
D7_omraade_klasse_eksakt,0.025386266240941174,0.23828125,1
D7_omraade_klasse_eksakt,0.025395931246512293,0.23828125,1
D7_omraade_klasse_eksakt,0.025405596252083412,0.23828125,1
D7_omraade_klasse_eksakt,0.02541526125765453,0.24609375,1
D7_omraade_klasse_eksakt,0.025424926263225654,0.24609375,1
D7_omraade_klasse_eksakt,0.025434591268796772,0.25,1
D7_omraade_klasse_eksakt,0.025444256274367895,0.25390625,1
D7_omraade_klasse_eksakt,0.025453921279939014,0.2578125,1
D7_omraade_klasse_eksakt,0.025463586285510133,0.2578125,1
D7_omraade_klasse_eksakt,0.02547325129108125,0.2578125,1
D7_omraade_klasse_eksakt,0.025482916296652374,0.265625,1
D7_omraade_klasse_eksakt,0.025492581302223496,0.265625,1
D7_omraade_klasse_eksakt,0.025502246307794615,0.265625,1
D7_omraade_klasse_eksakt,0.025511911313365734,0.265625,1
D7_omraade_klasse_eksakt,0.025521576318936853,0.265625,1
D7_omraade_klasse_eksakt,0.025531241324507972,0.265625,1
D7_omraade_klasse_eksakt,0.025540906330079095,0.265625,1
D7_omraade_klasse_eksakt,0.025550571335650217,0.265625,1
D7_omraade_klasse_eksakt,0.025560236341221336,0.265625,1
D7_omraade_klasse_eksakt,0.025569901346792455,0.265625,1
D7_omraade_klasse_eksakt,0.025579566352363574,0.265625,1
D7_omraade_klasse_eksakt,0.025589231357934696,0.265625,1
D7_omraade_klasse_eksakt,0.025598896363505815,0.26953125,1
D7_omraade_klasse_eksakt,0.025608561369076938,0.27734375,1
D7_omraade_klasse_eksakt,0.025618226374648057,0.28125,1
D7_omraade_klasse_eksakt,0.025627891380219175,0.28125,1
D7_omraade_klasse_eksakt,0.025637556385790294,0.28515625,1
D7_omraade_klasse_eksakt,0.025647221391361417,0.28515625,1
D7_omraade_klasse_eksakt,0.02565688639693254,0.28515625,1
D7_omraade_klasse_eksakt,0.025666551402503658,0.28515625,1
D7_omraade_klasse_eksakt,0.025676216408074777,0.2890625,1
D7_omraade_klasse_eksakt,0.025685881413645896,0.2890625,1
D7_omraade_klasse_eksakt,0.025695546419217015,0.2890625,1
D7_omraade_klasse_eksakt,0.025705211424788137,0.29296875,1
D7_omraade_klasse_eksakt,0.02571487643035926,0.29296875,1
D7_omraade_klasse_eksakt,0.02572454143593038,0.29296875,1
D7_omraade_klasse_eksakt,0.025734206441501498,0.29296875,1
D7_omraade_klasse_eksakt,0.025743871447072617,0.29296875,1
D7_omraade_klasse_eksakt,0.02575353645264374,0.29296875,1
D7_omraade_klasse_eksakt,0.025763201458214858,0.29296875,1
D7_omraade_klasse_eksakt,0.02577286646378598,0.29296875,1
D7_omraade_klasse_eksakt,0.0257825314693571,0.29296875,1
D7_omraade_klasse_eksakt,0.025792196474928218,0.29296875,1
D7_omraade_klasse_eksakt,0.025801861480499337,0.29296875,1
D7_omraade_klasse_eksakt,0.02581152648607046,0.29296875,1
D7_omraade_klasse_eksakt,0.02582119149164158,0.29296875,1
D7_omraade_klasse_eksakt,0.0258308564972127,0.29296875,1
D7_omraade_klasse_eksakt,0.02584052150278382,0.29296875,1
D7_omraade_klasse_eksakt,0.02585018650835494,0.296875,1
D7_omraade_klasse_eksakt,0.025859851513926058,0.296875,1
D7_omraade_klasse_eksakt,0.02586951651949718,0.296875,1
D7_omraade_klasse_eksakt,0.025879181525068302,0.296875,1
D7_omraade_klasse_eksakt,0.02588884653063942,0.296875,1
D7_omraade_klasse_eksakt,0.02589851153621054,0.30078125,1
D7_omraade_klasse_eksakt,0.02590817654178166,0.30078125,1
D7_omraade_klasse_eksakt,0.02591784154735278,0.30078125,1
D7_omraade_klasse_eksakt,0.0259275065529239,0.30078125,1
D7_omraade_klasse_eksakt,0.025937171558495023,0.30078125,1
D7_omraade_klasse_eksakt,0.025946836564066142,0.3046875,1
D7_omraade_klasse_eksakt,0.02595650156963726,0.3046875,1
D7_omraade_klasse_eksakt,0.02596616657520838,0.30859375,1
D7_omraade_klasse_eksakt,0.025975831580779502,0.30859375,1
D7_omraade_klasse_eksakt,0.02598549658635062,0.30859375,1
D7_omraade_klasse_eksakt,0.025995161591921744,0.30859375,1
D7_omraade_klasse_eksakt,0.026004826597492862,0.3125,1
D7_omraade_klasse_eksakt,0.02601449160306398,0.3125,1
D7_omraade_klasse_eksakt,0.0260241566086351,0.3125,1
D7_omraade_klasse_eksakt,0.026033821614206223,0.3125,1
D7_omraade_klasse_eksakt,0.026043486619777345,0.3125,1
D7_omraade_klasse_eksakt,0.026053151625348464,0.3125,1
D7_omraade_klasse_eksakt,0.026062816630919583,0.3125,1
D7_omraade_klasse_eksakt,0.026072481636490702,0.3125,1
D7_omraade_klasse_eksakt,0.02608214664206182,0.3125,1
D7_omraade_klasse_eksakt,0.026091811647632943,0.3125,1
D7_omraade_klasse_eksakt,0.026101476653204066,0.31640625,1
D7_omraade_klasse_eksakt,0.026111141658775185,0.31640625,1
D7_omraade_klasse_eksakt,0.026120806664346304,0.31640625,1
D7_omraade_klasse_eksakt,0.026130471669917422,0.31640625,1
D7_omraade_klasse_eksakt,0.026140136675488545,0.31640625,1
D7_omraade_klasse_eksakt,0.026149801681059664,0.31640625,1
D7_omraade_klasse_eksakt,0.026159466686630786,0.3203125,1
D7_omraade_klasse_eksakt,0.026169131692201905,0.3203125,1
D7_omraade_klasse_eksakt,0.026178796697773024,0.32421875,1
D7_omraade_klasse_eksakt,0.026188461703344146,0.32421875,1
D7_omraade_klasse_eksakt,0.026198126708915265,0.328125,1
D7_omraade_klasse_eksakt,0.026207791714486384,0.328125,1
D7_omraade_klasse_eksakt,0.026217456720057507,0.328125,1
D7_omraade_klasse_eksakt,0.026227121725628626,0.328125,1
D7_omraade_klasse_eksakt,0.026236786731199745,0.328125,1
D7_omraade_klasse_eksakt,0.026246451736770867,0.328125,1
D7_omraade_klasse_eksakt,0.026256116742341986,0.328125,1
D7_omraade_klasse_eksakt,0.026265781747913105,0.3359375,1
D7_omraade_klasse_eksakt,0.026275446753484227,0.3359375,1
D7_omraade_klasse_eksakt,0.026285111759055346,0.3359375,1
D7_omraade_klasse_eksakt,0.026294776764626465,0.3359375,1
D7_omraade_klasse_eksakt,0.026304441770197588,0.3359375,1
D7_omraade_klasse_eksakt,0.026314106775768707,0.3359375,1
D7_omraade_klasse_eksakt,0.02632377178133983,0.3359375,1
D7_omraade_klasse_eksakt,0.026333436786910948,0.3359375,1
D7_omraade_klasse_eksakt,0.026343101792482067,0.3359375,1
D7_omraade_klasse_eksakt,0.02635276679805319,0.3359375,1
D7_omraade_klasse_eksakt,0.026362431803624308,0.3359375,1
D7_omraade_klasse_eksakt,0.026372096809195427,0.3359375,1
D7_omraade_klasse_eksakt,0.02638176181476655,0.3359375,1
D7_omraade_klasse_eksakt,0.02639142682033767,0.3359375,1
D7_omraade_klasse_eksakt,0.026401091825908787,0.33984375,1
D7_omraade_klasse_eksakt,0.02641075683147991,0.33984375,1
D7_omraade_klasse_eksakt,0.02642042183705103,0.33984375,1
D7_omraade_klasse_eksakt,0.026430086842622148,0.33984375,1
D7_omraade_klasse_eksakt,0.02643975184819327,0.33984375,1
D7_omraade_klasse_eksakt,0.02644941685376439,0.33984375,1
D7_omraade_klasse_eksakt,0.026459081859335508,0.33984375,1
D7_omraade_klasse_eksakt,0.02646874686490663,0.34375,1
D7_omraade_klasse_eksakt,0.02647841187047775,0.34765625,1
D7_omraade_klasse_eksakt,0.02648807687604887,0.34765625,1
D7_omraade_klasse_eksakt,0.02649774188161999,0.34765625,1
D7_omraade_klasse_eksakt,0.02650740688719111,0.34765625,1
D7_omraade_klasse_eksakt,0.026517071892762232,0.34765625,1
D7_omraade_klasse_eksakt,0.02652673689833335,0.34765625,1
D7_omraade_klasse_eksakt,0.02653640190390447,0.34765625,1
D7_omraade_klasse_eksakt,0.026546066909475592,0.3515625,1
D7_omraade_klasse_eksakt,0.02655573191504671,0.3515625,1
D7_omraade_klasse_eksakt,0.02656539692061783,0.3515625,1
D7_omraade_klasse_eksakt,0.026575061926188952,0.359375,1
D7_omraade_klasse_eksakt,0.02658472693176007,0.359375,1
D7_omraade_klasse_eksakt,0.02659439193733119,0.359375,1
D7_omraade_klasse_eksakt,0.026604056942902313,0.359375,1
D7_omraade_klasse_eksakt,0.02661372194847343,0.359375,1
D7_omraade_klasse_eksakt,0.02662338695404455,0.359375,1
D7_omraade_klasse_eksakt,0.026633051959615673,0.359375,1
D7_omraade_klasse_eksakt,0.026642716965186792,0.36328125,1
D7_omraade_klasse_eksakt,0.026652381970757914,0.36328125,1
D7_omraade_klasse_eksakt,0.026662046976329033,0.36328125,1
D7_omraade_klasse_eksakt,0.026671711981900152,0.36328125,1
D7_omraade_klasse_eksakt,0.026681376987471275,0.36328125,1
D7_omraade_klasse_eksakt,0.026691041993042394,0.36328125,1
D7_omraade_klasse_eksakt,0.026700706998613512,0.3671875,1
D7_omraade_klasse_eksakt,0.026710372004184635,0.3671875,1
D7_omraade_klasse_eksakt,0.026720037009755754,0.37109375,1
D7_omraade_klasse_eksakt,0.026729702015326873,0.375,1
D7_omraade_klasse_eksakt,0.026739367020897995,0.375,1
D7_omraade_klasse_eksakt,0.026749032026469114,0.375,1
D7_omraade_klasse_eksakt,0.026758697032040233,0.375,1
D7_omraade_klasse_eksakt,0.026768362037611355,0.375,1
D7_omraade_klasse_eksakt,0.026778027043182474,0.375,1
D7_omraade_klasse_eksakt,0.026787692048753593,0.375,1
D7_omraade_klasse_eksakt,0.026797357054324716,0.375,1
D7_omraade_klasse_eksakt,0.026807022059895835,0.375,1
D7_omraade_klasse_eksakt,0.026816687065466957,0.375,1
D7_omraade_klasse_eksakt,0.026826352071038076,0.375,1
D7_omraade_klasse_eksakt,0.026836017076609195,0.375,1
D7_omraade_klasse_eksakt,0.026845682082180317,0.375,1
D7_omraade_klasse_eksakt,0.026855347087751436,0.37890625,1
D7_omraade_klasse_eksakt,0.026865012093322555,0.37890625,1
D7_omraade_klasse_eksakt,0.026874677098893678,0.37890625,1
D7_omraade_klasse_eksakt,0.026884342104464796,0.37890625,1
D7_omraade_klasse_eksakt,0.026894007110035915,0.3828125,1
D7_omraade_klasse_eksakt,0.026903672115607038,0.3828125,1
D7_omraade_klasse_eksakt,0.026913337121178157,0.3828125,1
D7_omraade_klasse_eksakt,0.026923002126749276,0.38671875,1
D7_omraade_klasse_eksakt,0.026932667132320398,0.390625,1
D7_omraade_klasse_eksakt,0.026942332137891517,0.390625,1
D7_omraade_klasse_eksakt,0.026951997143462636,0.390625,1
D7_omraade_klasse_eksakt,0.02696166214903376,0.390625,1
D7_omraade_klasse_eksakt,0.026971327154604877,0.390625,1
D7_omraade_klasse_eksakt,0.026980992160175996,0.390625,1
D7_omraade_klasse_eksakt,0.02699065716574712,0.390625,1
D7_omraade_klasse_eksakt,0.027000322171318238,0.390625,1
D7_omraade_klasse_eksakt,0.02700998717688936,0.390625,1
D7_omraade_klasse_eksakt,0.02701965218246048,0.390625,1
D7_omraade_klasse_eksakt,0.027029317188031598,0.390625,1
D7_omraade_klasse_eksakt,0.02703898219360272,0.390625,1
D7_omraade_klasse_eksakt,0.02704864719917384,0.390625,1
D7_omraade_klasse_eksakt,0.027058312204744958,0.39453125,1
D7_omraade_klasse_eksakt,0.02706797721031608,0.39453125,1
D7_omraade_klasse_eksakt,0.0270776422158872,0.39453125,1
D7_omraade_klasse_eksakt,0.02708730722145832,0.39453125,1
D7_omraade_klasse_eksakt,0.02709697222702944,0.3984375,1
D7_omraade_klasse_eksakt,0.02710663723260056,0.3984375,1
D7_omraade_klasse_eksakt,0.02711630223817168,0.40625,1
D7_omraade_klasse_eksakt,0.0271259672437428,0.41015625,1
D7_omraade_klasse_eksakt,0.02713563224931392,0.41015625,1
D7_omraade_klasse_eksakt,0.02714529725488504,0.41796875,1
D7_omraade_klasse_eksakt,0.02715496226045616,0.41796875,1
D7_omraade_klasse_eksakt,0.02716462726602728,0.41796875,1
D7_omraade_klasse_eksakt,0.027174292271598403,0.41796875,1
D7_omraade_klasse_eksakt,0.02718395727716952,0.41796875,1
D7_omraade_klasse_eksakt,0.02719362228274064,0.41796875,1
D7_omraade_klasse_eksakt,0.027203287288311763,0.421875,1
D7_omraade_klasse_eksakt,0.027212952293882882,0.42578125,1
D7_omraade_klasse_eksakt,0.027222617299454,0.42578125,1
D7_omraade_klasse_eksakt,0.027232282305025123,0.4296875,1
D7_omraade_klasse_eksakt,0.027241947310596242,0.4296875,1
D7_omraade_klasse_eksakt,0.02725161231616736,0.4296875,1
D7_omraade_klasse_eksakt,0.027261277321738484,0.4296875,1
D7_omraade_klasse_eksakt,0.027270942327309602,0.4296875,1
D7_omraade_klasse_eksakt,0.02728060733288072,0.4296875,1
D7_omraade_klasse_eksakt,0.027290272338451844,0.4296875,1
D7_omraade_klasse_eksakt,0.027299937344022963,0.4296875,1
D7_omraade_klasse_eksakt,0.02730960234959408,0.4296875,1
D7_omraade_klasse_eksakt,0.027319267355165204,0.4296875,1
D7_omraade_klasse_eksakt,0.027328932360736323,0.4296875,1
D7_omraade_klasse_eksakt,0.027338597366307445,0.4296875,1
D7_omraade_klasse_eksakt,0.027348262371878564,0.43359375,1
D7_omraade_klasse_eksakt,0.027357927377449683,0.4375,1
D7_omraade_klasse_eksakt,0.027367592383020806,0.4375,1
D7_omraade_klasse_eksakt,0.027377257388591925,0.4375,1
D7_omraade_klasse_eksakt,0.027386922394163044,0.4375,1
D7_omraade_klasse_eksakt,0.027396587399734166,0.44140625,1
D7_omraade_klasse_eksakt,0.027406252405305285,0.44140625,1
D7_omraade_klasse_eksakt,0.027415917410876404,0.4453125,1
D7_omraade_klasse_eksakt,0.027425582416447526,0.46484375,1
D7_omraade_klasse_eksakt,0.027435247422018645,0.46484375,1
D7_omraade_klasse_eksakt,0.027444912427589764,0.46484375,1
D7_omraade_klasse_eksakt,0.027454577433160886,0.46484375,1
D7_omraade_klasse_eksakt,0.027464242438732005,0.46484375,1
D7_omraade_klasse_eksakt,0.027473907444303124,0.46484375,1
D7_omraade_klasse_eksakt,0.027483572449874247,0.46484375,1
D7_omraade_klasse_eksakt,0.027493237455445366,0.46484375,1
D7_omraade_klasse_eksakt,0.027502902461016485,0.46484375,1
D7_omraade_klasse_eksakt,0.027512567466587607,0.46484375,1
D7_omraade_klasse_eksakt,0.027522232472158726,0.46875,1
D7_omraade_klasse_eksakt,0.02753189747772985,0.47265625,1
D7_omraade_klasse_eksakt,0.027541562483300967,0.47265625,1
D7_omraade_klasse_eksakt,0.027551227488872086,0.47265625,1
D7_omraade_klasse_eksakt,0.02756089249444321,0.47265625,1
D7_omraade_klasse_eksakt,0.027570557500014328,0.47265625,1
D7_omraade_klasse_eksakt,0.027580222505585446,0.47265625,1
D7_omraade_klasse_eksakt,0.02758988751115657,0.47265625,1
D7_omraade_klasse_eksakt,0.027599552516727688,0.484375,1
D7_omraade_klasse_eksakt,0.027609217522298807,0.484375,1
D7_omraade_klasse_eksakt,0.02761888252786993,0.484375,1
D7_omraade_klasse_eksakt,0.027628547533441048,0.484375,1
D7_omraade_klasse_eksakt,0.027638212539012167,0.48828125,1
D7_omraade_klasse_eksakt,0.02764787754458329,0.48828125,1
D7_omraade_klasse_eksakt,0.02765754255015441,0.5,1
D7_omraade_klasse_eksakt,0.027667207555725527,0.5,1
D7_omraade_klasse_eksakt,0.02767687256129665,0.5,1
D7_omraade_klasse_eksakt,0.02768653756686777,0.50390625,1
D7_omraade_klasse_eksakt,0.02769620257243889,0.50390625,1
D7_omraade_klasse_eksakt,0.02770586757801001,0.50390625,1
D7_omraade_klasse_eksakt,0.02771553258358113,0.5078125,1
D7_omraade_klasse_eksakt,0.02772519758915225,0.5078125,1
D7_omraade_klasse_eksakt,0.02773486259472337,0.5078125,1
D7_omraade_klasse_eksakt,0.02774452760029449,0.5078125,1
D7_omraade_klasse_eksakt,0.02775419260586561,0.5078125,1
D7_omraade_klasse_eksakt,0.02776385761143673,0.51171875,1
D7_omraade_klasse_eksakt,0.02777352261700785,0.51171875,1
D7_omraade_klasse_eksakt,0.027783187622578972,0.51171875,1
D7_omraade_klasse_eksakt,0.02779285262815009,0.515625,1
D7_omraade_klasse_eksakt,0.02780251763372121,0.51953125,1
D7_omraade_klasse_eksakt,0.027812182639292332,0.51953125,1
D7_omraade_klasse_eksakt,0.02782184764486345,0.51953125,1
D7_omraade_klasse_eksakt,0.02783151265043457,0.51953125,1
D7_omraade_klasse_eksakt,0.027841177656005692,0.51953125,1
D7_omraade_klasse_eksakt,0.02785084266157681,0.5234375,1
D7_omraade_klasse_eksakt,0.027860507667147934,0.5234375,1
D7_omraade_klasse_eksakt,0.027870172672719053,0.5234375,1
D7_omraade_klasse_eksakt,0.02787983767829017,0.52734375,1
D7_omraade_klasse_eksakt,0.027889502683861294,0.52734375,1
D7_omraade_klasse_eksakt,0.027899167689432413,0.53515625,1
D7_omraade_klasse_eksakt,0.027908832695003532,0.53515625,1
D7_omraade_klasse_eksakt,0.027918497700574654,0.5390625,1
D7_omraade_klasse_eksakt,0.027928162706145773,0.5390625,1
D7_omraade_klasse_eksakt,0.027937827711716892,0.54296875,1
D7_omraade_klasse_eksakt,0.027947492717288015,0.54296875,1
D7_omraade_klasse_eksakt,0.027957157722859134,0.54296875,1
D7_omraade_klasse_eksakt,0.027966822728430252,0.546875,1
D7_omraade_klasse_eksakt,0.027976487734001375,0.55078125,1
D7_omraade_klasse_eksakt,0.027986152739572494,0.5546875,1
D7_omraade_klasse_eksakt,0.027995817745143613,0.55859375,1
D7_omraade_klasse_eksakt,0.028005482750714735,0.55859375,1
D7_omraade_klasse_eksakt,0.028015147756285854,0.55859375,1
D7_omraade_klasse_eksakt,0.028024812761856976,0.5625,1
D7_omraade_klasse_eksakt,0.028034477767428095,0.5625,1
D7_omraade_klasse_eksakt,0.028044142772999214,0.56640625,1
D7_omraade_klasse_eksakt,0.028053807778570337,0.56640625,1
D7_omraade_klasse_eksakt,0.028063472784141456,0.56640625,1
D7_omraade_klasse_eksakt,0.028073137789712575,0.5703125,1
D7_omraade_klasse_eksakt,0.028082802795283697,0.57421875,1
D7_omraade_klasse_eksakt,0.028092467800854816,0.57421875,1
D7_omraade_klasse_eksakt,0.028102132806425935,0.57421875,1
D7_omraade_klasse_eksakt,0.028111797811997057,0.578125,1
D7_omraade_klasse_eksakt,0.028121462817568176,0.578125,1
D7_omraade_klasse_eksakt,0.028131127823139295,0.578125,1
D7_omraade_klasse_eksakt,0.028140792828710418,0.578125,1
D7_omraade_klasse_eksakt,0.028150457834281536,0.58203125,1
D7_omraade_klasse_eksakt,0.028160122839852655,0.58203125,1
D7_omraade_klasse_eksakt,0.028169787845423778,0.58203125,1
D7_omraade_klasse_eksakt,0.028179452850994897,0.58984375,1
D7_omraade_klasse_eksakt,0.028189117856566016,0.59375,1
D7_omraade_klasse_eksakt,0.028198782862137138,0.6015625,1
D7_omraade_klasse_eksakt,0.028208447867708257,0.6015625,1
D7_omraade_klasse_eksakt,0.02821811287327938,0.6015625,1
D7_omraade_klasse_eksakt,0.0282277778788505,0.6015625,1
D7_omraade_klasse_eksakt,0.028237442884421617,0.609375,1
D7_omraade_klasse_eksakt,0.02824710788999274,0.609375,1
D7_omraade_klasse_eksakt,0.02825677289556386,0.609375,1
D7_omraade_klasse_eksakt,0.028266437901134978,0.61328125,1
D7_omraade_klasse_eksakt,0.0282761029067061,0.6171875,1
D7_omraade_klasse_eksakt,0.02828576791227722,0.62109375,1
D7_omraade_klasse_eksakt,0.028295432917848338,0.62109375,1
D7_omraade_klasse_eksakt,0.02830509792341946,0.62890625,1
D7_omraade_klasse_eksakt,0.02831476292899058,0.6328125,1
D7_omraade_klasse_eksakt,0.028324427934561698,0.6328125,1
D7_omraade_klasse_eksakt,0.02833409294013282,0.6328125,1
D7_omraade_klasse_eksakt,0.02834375794570394,0.6328125,1
D7_omraade_klasse_eksakt,0.02835342295127506,0.6328125,1
D7_omraade_klasse_eksakt,0.02836308795684618,0.63671875,1
D7_omraade_klasse_eksakt,0.0283727529624173,0.63671875,1
D7_omraade_klasse_eksakt,0.028382417967988422,0.63671875,1
D7_omraade_klasse_eksakt,0.02839208297355954,0.63671875,1
D7_omraade_klasse_eksakt,0.02840174797913066,0.63671875,1
D7_omraade_klasse_eksakt,0.028411412984701782,0.640625,1
D7_omraade_klasse_eksakt,0.0284210779902729,0.640625,1
D7_omraade_klasse_eksakt,0.02843074299584402,0.640625,1
D7_omraade_klasse_eksakt,0.028440408001415143,0.64453125,1
D7_omraade_klasse_eksakt,0.02845007300698626,0.6484375,1
D7_omraade_klasse_eksakt,0.02845973801255738,0.65625,1
D7_omraade_klasse_eksakt,0.028469403018128503,0.6640625,1
D7_omraade_klasse_eksakt,0.028479068023699622,0.6640625,1
D7_omraade_klasse_eksakt,0.02848873302927074,0.6640625,1
D7_omraade_klasse_eksakt,0.028498398034841863,0.66796875,1
D7_omraade_klasse_eksakt,0.028508063040412982,0.66796875,1
D7_omraade_klasse_eksakt,0.0285177280459841,0.671875,1
D7_omraade_klasse_eksakt,0.028527393051555223,0.671875,1
D7_omraade_klasse_eksakt,0.028537058057126342,0.6796875,1
D7_omraade_klasse_eksakt,0.028546723062697465,0.6796875,1
D7_omraade_klasse_eksakt,0.028556388068268584,0.6796875,1
D7_omraade_klasse_eksakt,0.028566053073839703,0.68359375,1
D7_omraade_klasse_eksakt,0.028575718079410825,0.6875,1
D7_omraade_klasse_eksakt,0.028585383084981944,0.6875,1
D7_omraade_klasse_eksakt,0.028595048090553063,0.69140625,1
D7_omraade_klasse_eksakt,0.028604713096124185,0.69140625,1
D7_omraade_klasse_eksakt,0.028614378101695304,0.6953125,1
D7_omraade_klasse_eksakt,0.028624043107266423,0.6953125,1
D7_omraade_klasse_eksakt,0.028633708112837546,0.6953125,1
D7_omraade_klasse_eksakt,0.028643373118408665,0.703125,1
D7_omraade_klasse_eksakt,0.028653038123979784,0.70703125,1
D7_omraade_klasse_eksakt,0.028662703129550906,0.70703125,1
D7_omraade_klasse_eksakt,0.028672368135122025,0.7109375,1
D7_omraade_klasse_eksakt,0.028682033140693144,0.7109375,1
D7_omraade_klasse_eksakt,0.028691698146264266,0.71875,1
D7_omraade_klasse_eksakt,0.028701363151835385,0.71875,1
D7_omraade_klasse_eksakt,0.028711028157406508,0.71875,1
D7_omraade_klasse_eksakt,0.028720693162977626,0.72265625,1
D7_omraade_klasse_eksakt,0.028730358168548745,0.72265625,1
D7_omraade_klasse_eksakt,0.028740023174119868,0.7265625,1
D7_omraade_klasse_eksakt,0.028749688179690987,0.73046875,1
D7_omraade_klasse_eksakt,0.028759353185262106,0.73046875,1
D7_omraade_klasse_eksakt,0.028769018190833228,0.73046875,1
D7_omraade_klasse_eksakt,0.028778683196404347,0.73046875,1
D7_omraade_klasse_eksakt,0.028788348201975466,0.73046875,1
D7_omraade_klasse_eksakt,0.02879801320754659,0.73828125,1
D7_omraade_klasse_eksakt,0.028807678213117707,0.73828125,1
D7_omraade_klasse_eksakt,0.028817343218688826,0.73828125,1
D7_omraade_klasse_eksakt,0.02882700822425995,0.73828125,1
D7_omraade_klasse_eksakt,0.028836673229831068,0.73828125,1
D7_omraade_klasse_eksakt,0.028846338235402186,0.7421875,1
D7_omraade_klasse_eksakt,0.02885600324097331,0.7421875,1
D7_omraade_klasse_eksakt,0.028865668246544428,0.74609375,1
D7_omraade_klasse_eksakt,0.028875333252115547,0.74609375,1
D7_omraade_klasse_eksakt,0.02888499825768667,0.74609375,1
D7_omraade_klasse_eksakt,0.028894663263257788,0.74609375,1
D7_omraade_klasse_eksakt,0.02890432826882891,0.76171875,1
D7_omraade_klasse_eksakt,0.02891399327440003,0.76171875,1
D7_omraade_klasse_eksakt,0.02892365827997115,0.76171875,1
D7_omraade_klasse_eksakt,0.02893332328554227,0.76171875,1
D7_omraade_klasse_eksakt,0.02894298829111339,0.765625,1
D7_omraade_klasse_eksakt,0.02895265329668451,0.76953125,1
D7_omraade_klasse_eksakt,0.02896231830225563,0.7734375,1
D7_omraade_klasse_eksakt,0.02897198330782675,0.77734375,1
D7_omraade_klasse_eksakt,0.02898164831339787,0.77734375,1
D7_omraade_klasse_eksakt,0.02899131331896899,0.77734375,1
D7_omraade_klasse_eksakt,0.02900097832454011,0.77734375,1
D7_omraade_klasse_eksakt,0.02901064333011123,0.78125,1
D7_omraade_klasse_eksakt,0.02902030833568235,0.78515625,1
D7_omraade_klasse_eksakt,0.02902997334125347,0.7890625,1
D7_omraade_klasse_eksakt,0.02903963834682459,0.7890625,1
D7_omraade_klasse_eksakt,0.029049303352395712,0.79296875,1
D7_omraade_klasse_eksakt,0.02905896835796683,0.796875,1
D7_omraade_klasse_eksakt,0.029068633363537953,0.80078125,1
D7_omraade_klasse_eksakt,0.029078298369109072,0.80859375,1
D7_omraade_klasse_eksakt,0.02908796337468019,0.8125,1
D7_omraade_klasse_eksakt,0.029097628380251313,0.8203125,1
D7_omraade_klasse_eksakt,0.029107293385822432,0.828125,1
D7_omraade_klasse_eksakt,0.02911695839139355,0.83203125,1
D7_omraade_klasse_eksakt,0.029126623396964674,0.83203125,1
D7_omraade_klasse_eksakt,0.029136288402535793,0.83203125,1
D7_omraade_klasse_eksakt,0.02914595340810691,0.83203125,1
D7_omraade_klasse_eksakt,0.029155618413678034,0.83203125,1
D7_omraade_klasse_eksakt,0.029165283419249153,0.83203125,1
D7_omraade_klasse_eksakt,0.029174948424820272,0.83203125,1
D7_omraade_klasse_eksakt,0.029184613430391394,0.83203125,1
D7_omraade_klasse_eksakt,0.029194278435962513,0.83203125,1
D7_omraade_klasse_eksakt,0.029203943441533632,0.83203125,1
D7_omraade_klasse_eksakt,0.029213608447104755,0.8359375,1
D7_omraade_klasse_eksakt,0.029223273452675873,0.8359375,1
D7_omraade_klasse_eksakt,0.029232938458246996,0.8359375,1
D7_omraade_klasse_eksakt,0.029242603463818115,0.8359375,1
D7_omraade_klasse_eksakt,0.029252268469389234,0.83984375,1
D7_omraade_klasse_eksakt,0.029261933474960356,0.84375,1
D7_omraade_klasse_eksakt,0.029271598480531475,0.84765625,1
D7_omraade_klasse_eksakt,0.029281263486102594,0.8515625,1
D7_omraade_klasse_eksakt,0.029290928491673716,0.8515625,1
D7_omraade_klasse_eksakt,0.029300593497244835,0.8515625,1
D7_omraade_klasse_eksakt,0.029310258502815954,0.85546875,1
D7_omraade_klasse_eksakt,0.029319923508387077,0.85546875,1
D7_omraade_klasse_eksakt,0.029329588513958196,0.859375,1
D7_omraade_klasse_eksakt,0.029339253519529315,0.86328125,1
D7_omraade_klasse_eksakt,0.029348918525100437,0.86328125,1
D7_omraade_klasse_eksakt,0.029358583530671556,0.8671875,1
D7_omraade_klasse_eksakt,0.029368248536242675,0.87109375,1
D7_omraade_klasse_eksakt,0.029377913541813797,0.87109375,1
D7_omraade_klasse_eksakt,0.029387578547384916,0.87109375,1
D7_omraade_klasse_eksakt,0.029397243552956035,0.875,1
D7_omraade_klasse_eksakt,0.029406908558527158,0.87890625,1
D7_omraade_klasse_eksakt,0.029416573564098276,0.88671875,1
D7_omraade_klasse_eksakt,0.0294262385696694,0.88671875,1
D7_omraade_klasse_eksakt,0.029435903575240518,0.890625,1
D7_omraade_klasse_eksakt,0.029445568580811637,0.890625,1
D7_omraade_klasse_eksakt,0.02945523358638276,0.890625,1
D7_omraade_klasse_eksakt,0.029464898591953878,0.8984375,1
D7_omraade_klasse_eksakt,0.029474563597524997,0.8984375,1
D7_omraade_klasse_eksakt,0.02948422860309612,0.8984375,1
D7_omraade_klasse_eksakt,0.02949389360866724,0.8984375,1
D7_omraade_klasse_eksakt,0.029503558614238357,0.90234375,1
D7_omraade_klasse_eksakt,0.02951322361980948,0.90234375,1
D7_omraade_klasse_eksakt,0.0295228886253806,0.90625,1
D7_omraade_klasse_eksakt,0.029532553630951718,0.90625,1
D7_omraade_klasse_eksakt,0.02954221863652284,0.91015625,1
D7_omraade_klasse_eksakt,0.02955188364209396,0.91796875,1
D7_omraade_klasse_eksakt,0.029561548647665078,0.91796875,1
D7_omraade_klasse_eksakt,0.0295712136532362,0.921875,1
D7_omraade_klasse_eksakt,0.02958087865880732,0.92578125,1
D7_omraade_klasse_eksakt,0.02959054366437844,0.92578125,1
D7_omraade_klasse_eksakt,0.02960020866994956,0.93359375,1
D7_omraade_klasse_eksakt,0.02960987367552068,0.93359375,1
D7_omraade_klasse_eksakt,0.029619538681091802,0.9375,1
D7_omraade_klasse_eksakt,0.02962920368666292,0.9375,1
D7_omraade_klasse_eksakt,0.02963886869223404,0.94140625,1
D7_omraade_klasse_eksakt,0.029648533697805162,0.94140625,1
D7_omraade_klasse_eksakt,0.02965819870337628,0.9453125,1
D7_omraade_klasse_eksakt,0.0296678637089474,0.9453125,1
D7_omraade_klasse_eksakt,0.029677528714518522,0.9453125,1
D7_omraade_klasse_eksakt,0.02968719372008964,0.9453125,1
D7_omraade_klasse_eksakt,0.02969685872566076,0.94921875,1
D7_omraade_klasse_eksakt,0.029706523731231883,0.94921875,1
D7_omraade_klasse_eksakt,0.029716188736803,0.94921875,1
D7_omraade_klasse_eksakt,0.02972585374237412,0.94921875,1
D7_omraade_klasse_eksakt,0.029735518747945243,0.953125,1
D7_omraade_klasse_eksakt,0.029745183753516362,0.95703125,1
D7_omraade_klasse_eksakt,0.029754848759087484,0.9609375,1
D7_omraade_klasse_eksakt,0.029764513764658603,0.9609375,1
D7_omraade_klasse_eksakt,0.029774178770229722,0.9609375,1
D7_omraade_klasse_eksakt,0.029783843775800845,0.96484375,1
D7_omraade_klasse_eksakt,0.029793508781371963,0.96875,1
D7_omraade_klasse_eksakt,0.029803173786943082,0.97265625,1
D7_omraade_klasse_eksakt,0.029812838792514205,0.98046875,1
D7_omraade_klasse_eksakt,0.029822503798085324,0.98046875,1
D7_omraade_klasse_eksakt,0.029832168803656443,0.984375,1
D7_omraade_klasse_eksakt,0.029841833809227565,0.98828125,1
D7_omraade_klasse_eksakt,0.029851498814798684,0.9921875,1
D7_omraade_klasse_eksakt,0.029861163820369803,1.0,1
D7_omraade_klasse_eksakt,0.029870828825940925,1.0,1
D7_omraade_klasse_eksakt,0.029880493831512044,1.0,1
D7_omraade_klasse_eksakt,0.029890158837083163,1.0,1
D7_omraade_klasse_eksakt,0.029899823842654286,1.0,1
D7_omraade_klasse_eksakt,0.029909488848225405,1.0,1
D7_omraade_klasse_eksakt,0.029919153853796527,1.0,1
D7_omraade_klasse_eksakt,0.029928818859367646,0.99609375,1
D7_omraade_klasse_eksakt,0.029938483864938765,0.99609375,1
D7_omraade_klasse_eksakt,0.029948148870509887,0.9921875,1
D7_omraade_klasse_eksakt,0.029957813876081006,0.98828125,1
D7_omraade_klasse_eksakt,0.029967478881652125,0.984375,1
D7_omraade_klasse_eksakt,0.029977143887223247,0.9765625,1
D7_omraade_klasse_eksakt,0.029986808892794366,0.96875,1
D7_omraade_klasse_eksakt,0.029996473898365485,0.96484375,1
D7_omraade_klasse_eksakt,0.030006138903936608,0.9609375,1
D7_omraade_klasse_eksakt,0.030015803909507727,0.95703125,1
D7_omraade_klasse_eksakt,0.030025468915078846,0.953125,1
D7_omraade_klasse_eksakt,0.030035133920649968,0.953125,1
D7_omraade_klasse_eksakt,0.030044798926221087,0.953125,1
D7_omraade_klasse_eksakt,0.030054463931792206,0.953125,1
D7_omraade_klasse_eksakt,0.03006412893736333,0.953125,1
D7_omraade_klasse_eksakt,0.030073793942934447,0.94921875,1
D7_omraade_klasse_eksakt,0.030083458948505566,0.9453125,1
D7_omraade_klasse_eksakt,0.03009312395407669,0.94140625,1
D7_omraade_klasse_eksakt,0.030102788959647808,0.94140625,1
D7_omraade_klasse_eksakt,0.03011245396521893,0.94140625,1
D7_omraade_klasse_eksakt,0.03012211897079005,0.9375,1
D7_omraade_klasse_eksakt,0.030131783976361168,0.9375,1
D7_omraade_klasse_eksakt,0.03014144898193229,0.9375,1
D7_omraade_klasse_eksakt,0.03015111398750341,0.93359375,1
D7_omraade_klasse_eksakt,0.030160778993074528,0.9296875,1
D7_omraade_klasse_eksakt,0.03017044399864565,0.9296875,1
D7_omraade_klasse_eksakt,0.03018010900421677,0.92578125,1
D7_omraade_klasse_eksakt,0.03018977400978789,0.91796875,1
D7_omraade_klasse_eksakt,0.03019943901535901,0.9140625,1
D7_omraade_klasse_eksakt,0.03020910402093013,0.90625,1
D7_omraade_klasse_eksakt,0.03021876902650125,0.90625,1
D7_omraade_klasse_eksakt,0.03022843403207237,0.8984375,1
D7_omraade_klasse_eksakt,0.03023809903764349,0.8984375,1
D7_omraade_klasse_eksakt,0.03024776404321461,0.89453125,1
D7_omraade_klasse_eksakt,0.03025742904878573,0.88671875,1
D7_omraade_klasse_eksakt,0.03026709405435685,0.88671875,1
D7_omraade_klasse_eksakt,0.030276759059927973,0.88671875,1
D7_omraade_klasse_eksakt,0.03028642406549909,0.88671875,1
D7_omraade_klasse_eksakt,0.03029608907107021,0.88671875,1
D7_omraade_klasse_eksakt,0.030305754076641333,0.88671875,1
D7_omraade_klasse_eksakt,0.030315419082212452,0.8828125,1
D7_omraade_klasse_eksakt,0.03032508408778357,0.8828125,1
D7_omraade_klasse_eksakt,0.030334749093354693,0.87890625,1
D7_omraade_klasse_eksakt,0.030344414098925812,0.87890625,1
D7_omraade_klasse_eksakt,0.03035407910449693,0.87890625,1
D7_omraade_klasse_eksakt,0.030363744110068053,0.87890625,1
D7_omraade_klasse_eksakt,0.030373409115639172,0.87890625,1
D7_omraade_klasse_eksakt,0.03038307412121029,0.87890625,1
D7_omraade_klasse_eksakt,0.030392739126781414,0.875,1
D7_omraade_klasse_eksakt,0.030402404132352533,0.875,1
D7_omraade_klasse_eksakt,0.03041206913792365,0.87109375,1
D7_omraade_klasse_eksakt,0.030421734143494774,0.87109375,1
D7_omraade_klasse_eksakt,0.030431399149065893,0.8671875,1
D7_omraade_klasse_eksakt,0.030441064154637015,0.8671875,1
D7_omraade_klasse_eksakt,0.030450729160208134,0.8671875,1
D7_omraade_klasse_eksakt,0.030460394165779253,0.85546875,1
D7_omraade_klasse_eksakt,0.030470059171350376,0.85546875,1
D7_omraade_klasse_eksakt,0.030479724176921495,0.8515625,1
D7_omraade_klasse_eksakt,0.030489389182492613,0.8515625,1
D7_omraade_klasse_eksakt,0.030499054188063736,0.84765625,1
D7_omraade_klasse_eksakt,0.030508719193634855,0.84765625,1
D7_omraade_klasse_eksakt,0.030518384199205974,0.84765625,1
D7_omraade_klasse_eksakt,0.030528049204777096,0.84765625,1
D7_omraade_klasse_eksakt,0.030537714210348215,0.84765625,1
D7_omraade_klasse_eksakt,0.030547379215919334,0.84375,1
D7_omraade_klasse_eksakt,0.030557044221490456,0.83984375,1
D7_omraade_klasse_eksakt,0.030566709227061575,0.8359375,1
D7_omraade_klasse_eksakt,0.030576374232632694,0.8359375,1
D7_omraade_klasse_eksakt,0.030586039238203817,0.83203125,1
D7_omraade_klasse_eksakt,0.030595704243774936,0.828125,1
D7_omraade_klasse_eksakt,0.030605369249346058,0.8203125,1
D7_omraade_klasse_eksakt,0.030615034254917177,0.81640625,1
D7_omraade_klasse_eksakt,0.030624699260488296,0.80859375,1
D7_omraade_klasse_eksakt,0.03063436426605942,0.80859375,1
D7_omraade_klasse_eksakt,0.030644029271630537,0.80859375,1
D7_omraade_klasse_eksakt,0.030653694277201656,0.79296875,1
D7_omraade_klasse_eksakt,0.03066335928277278,0.79296875,1
D7_omraade_klasse_eksakt,0.030673024288343897,0.7890625,1
D7_omraade_klasse_eksakt,0.030682689293915016,0.7890625,1
D7_omraade_klasse_eksakt,0.03069235429948614,0.78515625,1
D7_omraade_klasse_eksakt,0.030702019305057258,0.78515625,1
D7_omraade_klasse_eksakt,0.030711684310628377,0.77734375,1
D7_omraade_klasse_eksakt,0.0307213493161995,0.77734375,1
D7_omraade_klasse_eksakt,0.030731014321770618,0.77734375,1
D7_omraade_klasse_eksakt,0.030740679327341737,0.77734375,1
D7_omraade_klasse_eksakt,0.03075034433291286,0.77734375,1
D7_omraade_klasse_eksakt,0.03076000933848398,0.7734375,1
D7_omraade_klasse_eksakt,0.030769674344055097,0.7734375,1
D7_omraade_klasse_eksakt,0.03077933934962622,0.76953125,1
D7_omraade_klasse_eksakt,0.03078900435519734,0.76953125,1
D7_omraade_klasse_eksakt,0.03079866936076846,0.765625,1
D7_omraade_klasse_eksakt,0.03080833436633958,0.765625,1
D7_omraade_klasse_eksakt,0.0308179993719107,0.765625,1
D7_omraade_klasse_eksakt,0.03082766437748182,0.765625,1
D7_omraade_klasse_eksakt,0.03083732938305294,0.765625,1
D7_omraade_klasse_eksakt,0.03084699438862406,0.76171875,1
D7_omraade_klasse_eksakt,0.03085665939419518,0.7578125,1
D7_omraade_klasse_eksakt,0.0308663243997663,0.75,1
D7_omraade_klasse_eksakt,0.03087598940533742,0.75,1
D7_omraade_klasse_eksakt,0.030885654410908542,0.75,1
D7_omraade_klasse_eksakt,0.03089531941647966,0.75,1
D7_omraade_klasse_eksakt,0.03090498442205078,0.74609375,1
D7_omraade_klasse_eksakt,0.030914649427621902,0.74609375,1
D7_omraade_klasse_eksakt,0.03092431443319302,0.73828125,1
D7_omraade_klasse_eksakt,0.03093397943876414,0.73828125,1
D7_omraade_klasse_eksakt,0.030943644444335262,0.73046875,1
D7_omraade_klasse_eksakt,0.03095330944990638,0.73046875,1
D7_omraade_klasse_eksakt,0.030962974455477504,0.73046875,1
D7_omraade_klasse_eksakt,0.030972639461048623,0.7265625,1
D7_omraade_klasse_eksakt,0.03098230446661974,0.7265625,1
D7_omraade_klasse_eksakt,0.030991969472190864,0.7265625,1
D7_omraade_klasse_eksakt,0.031001634477761983,0.72265625,1
D7_omraade_klasse_eksakt,0.031011299483333102,0.72265625,1
D7_omraade_klasse_eksakt,0.031020964488904224,0.72265625,1
D7_omraade_klasse_eksakt,0.031030629494475343,0.71875,1
D7_omraade_klasse_eksakt,0.031040294500046462,0.71875,1
D7_omraade_klasse_eksakt,0.031049959505617584,0.71484375,1
D7_omraade_klasse_eksakt,0.031059624511188703,0.7109375,1
D7_omraade_klasse_eksakt,0.031069289516759822,0.70703125,1
D7_omraade_klasse_eksakt,0.031078954522330945,0.703125,1
D7_omraade_klasse_eksakt,0.031088619527902064,0.703125,1
D7_omraade_klasse_eksakt,0.031098284533473183,0.69921875,1
D7_omraade_klasse_eksakt,0.031107949539044305,0.6953125,1
D7_omraade_klasse_eksakt,0.031117614544615424,0.6953125,1
D7_omraade_klasse_eksakt,0.031127279550186546,0.69140625,1
D7_omraade_klasse_eksakt,0.031136944555757665,0.69140625,1
D7_omraade_klasse_eksakt,0.031146609561328784,0.69140625,1
D7_omraade_klasse_eksakt,0.031156274566899907,0.69140625,1
D7_omraade_klasse_eksakt,0.031165939572471026,0.69140625,1
D7_omraade_klasse_eksakt,0.031175604578042145,0.6875,1
D7_omraade_klasse_eksakt,0.031185269583613267,0.6875,1
D7_omraade_klasse_eksakt,0.031194934589184386,0.68359375,1
D7_omraade_klasse_eksakt,0.031204599594755505,0.6796875,1
D7_omraade_klasse_eksakt,0.031214264600326627,0.6796875,1
D7_omraade_klasse_eksakt,0.031223929605897746,0.6796875,1
D7_omraade_klasse_eksakt,0.031233594611468865,0.6796875,1
D7_omraade_klasse_eksakt,0.031243259617039987,0.6796875,1
D7_omraade_klasse_eksakt,0.0312529246226111,0.6796875,1
D7_omraade_klasse_eksakt,0.03126258962818222,0.6796875,1
D7_omraade_klasse_eksakt,0.03127225463375335,0.6796875,1
D7_omraade_klasse_eksakt,0.03128191963932447,0.67578125,1
D7_omraade_klasse_eksakt,0.03129158464489559,0.67578125,1
D7_omraade_klasse_eksakt,0.03130124965046671,0.67578125,1
D7_omraade_klasse_eksakt,0.03131091465603783,0.671875,1
D7_omraade_klasse_eksakt,0.03132057966160895,0.671875,1
D7_omraade_klasse_eksakt,0.03133024466718007,0.671875,1
D7_omraade_klasse_eksakt,0.03133990967275119,0.671875,1
D7_omraade_klasse_eksakt,0.031349574678322306,0.671875,1
D7_omraade_klasse_eksakt,0.031359239683893425,0.66015625,1
D7_omraade_klasse_eksakt,0.031368904689464544,0.66015625,1
D7_omraade_klasse_eksakt,0.03137856969503567,0.65625,1
D7_omraade_klasse_eksakt,0.03138823470060679,0.6484375,1
D7_omraade_klasse_eksakt,0.03139789970617791,0.6484375,1
D7_omraade_klasse_eksakt,0.031407564711749034,0.6484375,1
D7_omraade_klasse_eksakt,0.03141722971732015,0.64453125,1
D7_omraade_klasse_eksakt,0.03142689472289127,0.64453125,1
D7_omraade_klasse_eksakt,0.03143655972846239,0.640625,1
D7_omraade_klasse_eksakt,0.03144622473403351,0.63671875,1
D7_omraade_klasse_eksakt,0.03145588973960463,0.63671875,1
D7_omraade_klasse_eksakt,0.03146555474517575,0.6328125,1
D7_omraade_klasse_eksakt,0.031475219750746866,0.6328125,1
D7_omraade_klasse_eksakt,0.03148488475631799,0.625,1
D7_omraade_klasse_eksakt,0.03149454976188911,0.625,1
D7_omraade_klasse_eksakt,0.03150421476746023,0.62109375,1
D7_omraade_klasse_eksakt,0.031513879773031356,0.6171875,1
D7_omraade_klasse_eksakt,0.031523544778602475,0.6171875,1
D7_omraade_klasse_eksakt,0.031533209784173594,0.609375,1
D7_omraade_klasse_eksakt,0.03154287478974471,0.60546875,1
D7_omraade_klasse_eksakt,0.03155253979531583,0.6015625,1
D7_omraade_klasse_eksakt,0.03156220480088695,0.6015625,1
D7_omraade_klasse_eksakt,0.03157186980645807,0.59765625,1
D7_omraade_klasse_eksakt,0.03158153481202919,0.59765625,1
D7_omraade_klasse_eksakt,0.03159119981760031,0.59765625,1
D7_omraade_klasse_eksakt,0.03160086482317143,0.59765625,1
D7_omraade_klasse_eksakt,0.03161052982874255,0.58984375,1
D7_omraade_klasse_eksakt,0.03162019483431367,0.578125,1
D7_omraade_klasse_eksakt,0.0316298598398848,0.578125,1
D7_omraade_klasse_eksakt,0.031639524845455916,0.578125,1
D7_omraade_klasse_eksakt,0.031649189851027035,0.5703125,1
D7_omraade_klasse_eksakt,0.031658854856598154,0.56640625,1
D7_omraade_klasse_eksakt,0.03166851986216927,0.55859375,1
D7_omraade_klasse_eksakt,0.03167818486774039,0.5546875,1
D7_omraade_klasse_eksakt,0.03168784987331151,0.5546875,1
D7_omraade_klasse_eksakt,0.03169751487888263,0.55078125,1
D7_omraade_klasse_eksakt,0.031707179884453755,0.546875,1
D7_omraade_klasse_eksakt,0.031716844890024874,0.546875,1
D7_omraade_klasse_eksakt,0.03172650989559599,0.54296875,1
D7_omraade_klasse_eksakt,0.03173617490116712,0.5390625,1
D7_omraade_klasse_eksakt,0.03174583990673824,0.5390625,1
D7_omraade_klasse_eksakt,0.03175550491230936,0.53125,1
D7_omraade_klasse_eksakt,0.031765169917880476,0.53125,1
D7_omraade_klasse_eksakt,0.031774834923451595,0.53125,1
D7_omraade_klasse_eksakt,0.031784499929022714,0.53125,1
D7_omraade_klasse_eksakt,0.03179416493459383,0.52734375,1
D7_omraade_klasse_eksakt,0.03180382994016495,0.51171875,1
D7_omraade_klasse_eksakt,0.03181349494573608,0.5078125,1
D7_omraade_klasse_eksakt,0.031823159951307196,0.5078125,1
D7_omraade_klasse_eksakt,0.031832824956878315,0.5078125,1
D7_omraade_klasse_eksakt,0.03184248996244944,0.5078125,1
D7_omraade_klasse_eksakt,0.03185215496802056,0.50390625,1
D7_omraade_klasse_eksakt,0.03186181997359168,0.50390625,1
D7_omraade_klasse_eksakt,0.0318714849791628,0.50390625,1
D7_omraade_klasse_eksakt,0.03188114998473392,0.50390625,1
D7_omraade_klasse_eksakt,0.031890814990305036,0.49609375,1
D7_omraade_klasse_eksakt,0.031900479995876155,0.49609375,1
D7_omraade_klasse_eksakt,0.031910145001447274,0.49609375,1
D7_omraade_klasse_eksakt,0.03191981000701839,0.4921875,1
D7_omraade_klasse_eksakt,0.03192947501258952,0.4921875,1
D7_omraade_klasse_eksakt,0.03193914001816064,0.4921875,1
D7_omraade_klasse_eksakt,0.031948805023731756,0.48828125,1
D7_omraade_klasse_eksakt,0.03195847002930288,0.484375,1
D7_omraade_klasse_eksakt,0.031968135034874,0.48046875,1
D7_omraade_klasse_eksakt,0.03197780004044512,0.48046875,1
D7_omraade_klasse_eksakt,0.03198746504601624,0.48046875,1
D7_omraade_klasse_eksakt,0.03199713005158736,0.48046875,1
D7_omraade_klasse_eksakt,0.03200679505715848,0.48046875,1
D7_omraade_klasse_eksakt,0.032016460062729596,0.48046875,1
D7_omraade_klasse_eksakt,0.032026125068300715,0.48046875,1
D7_omraade_klasse_eksakt,0.03203579007387184,0.4765625,1
D7_omraade_klasse_eksakt,0.03204545507944296,0.4765625,1
D7_omraade_klasse_eksakt,0.03205512008501408,0.47265625,1
D7_omraade_klasse_eksakt,0.032064785090585204,0.46484375,1
D7_omraade_klasse_eksakt,0.03207445009615632,0.46484375,1
D7_omraade_klasse_eksakt,0.03208411510172744,0.4609375,1
D7_omraade_klasse_eksakt,0.03209378010729856,0.4609375,1
D7_omraade_klasse_eksakt,0.03210344511286968,0.4609375,1
D7_omraade_klasse_eksakt,0.0321131101184408,0.4609375,1
D7_omraade_klasse_eksakt,0.03212277512401192,0.45703125,1
D7_omraade_klasse_eksakt,0.03213244012958304,0.45703125,1
D7_omraade_klasse_eksakt,0.032142105135154156,0.45703125,1
D7_omraade_klasse_eksakt,0.03215177014072528,0.453125,1
D7_omraade_klasse_eksakt,0.0321614351462964,0.44921875,1
D7_omraade_klasse_eksakt,0.03217110015186753,0.44921875,1
D7_omraade_klasse_eksakt,0.032180765157438646,0.44921875,1
D7_omraade_klasse_eksakt,0.032190430163009764,0.44140625,1
D7_omraade_klasse_eksakt,0.03220009516858088,0.44140625,1
D7_omraade_klasse_eksakt,0.032209760174152,0.43359375,1
D7_omraade_klasse_eksakt,0.03221942517972312,0.43359375,1
D7_omraade_klasse_eksakt,0.03222909018529424,0.43359375,1
D7_omraade_klasse_eksakt,0.03223875519086536,0.43359375,1
D7_omraade_klasse_eksakt,0.03224842019643648,0.43359375,1
D7_omraade_klasse_eksakt,0.032258085202007604,0.43359375,1
D7_omraade_klasse_eksakt,0.03226775020757872,0.4296875,1
D7_omraade_klasse_eksakt,0.03227741521314984,0.42578125,1
D7_omraade_klasse_eksakt,0.03228708021872097,0.421875,1
D7_omraade_klasse_eksakt,0.03229674522429209,0.41796875,1
D7_omraade_klasse_eksakt,0.032306410229863206,0.4140625,1
D7_omraade_klasse_eksakt,0.032316075235434324,0.4140625,1
D7_omraade_klasse_eksakt,0.03232574024100544,0.4140625,1
D7_omraade_klasse_eksakt,0.03233540524657656,0.4140625,1
D7_omraade_klasse_eksakt,0.03234507025214768,0.4140625,1
D7_omraade_klasse_eksakt,0.0323547352577188,0.41015625,1
D7_omraade_klasse_eksakt,0.032364400263289926,0.41015625,1
D7_omraade_klasse_eksakt,0.032374065268861045,0.41015625,1
D7_omraade_klasse_eksakt,0.032383730274432164,0.41015625,1
D7_omraade_klasse_eksakt,0.03239339528000329,0.40625,1
D7_omraade_klasse_eksakt,0.03240306028557441,0.40625,1
D7_omraade_klasse_eksakt,0.03241272529114553,0.40234375,1
D7_omraade_klasse_eksakt,0.03242239029671665,0.3984375,1
D7_omraade_klasse_eksakt,0.032432055302287766,0.3984375,1
D7_omraade_klasse_eksakt,0.032441720307858884,0.39453125,1
D7_omraade_klasse_eksakt,0.03245138531343,0.390625,1
D7_omraade_klasse_eksakt,0.03246105031900112,0.38671875,1
D7_omraade_klasse_eksakt,0.03247071532457224,0.3828125,1
D7_omraade_klasse_eksakt,0.03248038033014337,0.3828125,1
D7_omraade_klasse_eksakt,0.032490045335714486,0.3828125,1
D7_omraade_klasse_eksakt,0.03249971034128561,0.375,1
D7_omraade_klasse_eksakt,0.03250937534685673,0.375,1
D7_omraade_klasse_eksakt,0.03251904035242785,0.37109375,1
D7_omraade_klasse_eksakt,0.03252870535799897,0.37109375,1
D7_omraade_klasse_eksakt,0.03253837036357009,0.37109375,1
D7_omraade_klasse_eksakt,0.03254803536914121,0.37109375,1
D7_omraade_klasse_eksakt,0.032557700374712326,0.37109375,1
D7_omraade_klasse_eksakt,0.032567365380283445,0.37109375,1
D7_omraade_klasse_eksakt,0.03257703038585456,0.37109375,1
D7_omraade_klasse_eksakt,0.03258669539142569,0.36328125,1
D7_omraade_klasse_eksakt,0.03259636039699681,0.36328125,1
D7_omraade_klasse_eksakt,0.03260602540256793,0.36328125,1
D7_omraade_klasse_eksakt,0.03261569040813905,0.36328125,1
D7_omraade_klasse_eksakt,0.03262535541371017,0.359375,1
D7_omraade_klasse_eksakt,0.03263502041928129,0.359375,1
D7_omraade_klasse_eksakt,0.03264468542485241,0.359375,1
D7_omraade_klasse_eksakt,0.03265435043042353,0.35546875,1
D7_omraade_klasse_eksakt,0.03266401543599465,0.35546875,1
D7_omraade_klasse_eksakt,0.03267368044156577,0.35546875,1
D7_omraade_klasse_eksakt,0.032683345447136886,0.35546875,1
D7_omraade_klasse_eksakt,0.03269301045270801,0.3515625,1
D7_omraade_klasse_eksakt,0.03270267545827913,0.3515625,1
D7_omraade_klasse_eksakt,0.03271234046385025,0.34765625,1
D7_omraade_klasse_eksakt,0.032722005469421375,0.34375,1
D7_omraade_klasse_eksakt,0.032731670474992494,0.34375,1
D7_omraade_klasse_eksakt,0.03274133548056361,0.34375,1
D7_omraade_klasse_eksakt,0.03275100048613473,0.34375,1
D7_omraade_klasse_eksakt,0.03276066549170585,0.33984375,1
D7_omraade_klasse_eksakt,0.03277033049727697,0.33984375,1
D7_omraade_klasse_eksakt,0.03277999550284809,0.3359375,1
D7_omraade_klasse_eksakt,0.03278966050841921,0.3359375,1
D7_omraade_klasse_eksakt,0.03279932551399033,0.3359375,1
D7_omraade_klasse_eksakt,0.03280899051956145,0.33203125,1
D7_omraade_klasse_eksakt,0.03281865552513257,0.33203125,1
D7_omraade_klasse_eksakt,0.03282832053070369,0.33203125,1
D7_omraade_klasse_eksakt,0.032837985536274816,0.33203125,1
D7_omraade_klasse_eksakt,0.032847650541845935,0.33203125,1
D7_omraade_klasse_eksakt,0.032857315547417054,0.33203125,1
D7_omraade_klasse_eksakt,0.03286698055298817,0.328125,1
D7_omraade_klasse_eksakt,0.03287664555855929,0.328125,1
D7_omraade_klasse_eksakt,0.03288631056413041,0.328125,1
D7_omraade_klasse_eksakt,0.03289597556970153,0.328125,1
D7_omraade_klasse_eksakt,0.03290564057527265,0.328125,1
D7_omraade_klasse_eksakt,0.032915305580843775,0.328125,1
D7_omraade_klasse_eksakt,0.032924970586414894,0.328125,1
D7_omraade_klasse_eksakt,0.03293463559198601,0.328125,1
D7_omraade_klasse_eksakt,0.03294430059755714,0.32421875,1
D7_omraade_klasse_eksakt,0.03295396560312826,0.32421875,1
D7_omraade_klasse_eksakt,0.032963630608699376,0.3203125,1
D7_omraade_klasse_eksakt,0.032973295614270495,0.31640625,1
D7_omraade_klasse_eksakt,0.032982960619841614,0.31640625,1
D7_omraade_klasse_eksakt,0.03299262562541273,0.31640625,1
D7_omraade_klasse_eksakt,0.03300229063098385,0.31640625,1
D7_omraade_klasse_eksakt,0.03301195563655497,0.31640625,1
D7_omraade_klasse_eksakt,0.0330216206421261,0.31640625,1
D7_omraade_klasse_eksakt,0.033031285647697216,0.3125,1
D7_omraade_klasse_eksakt,0.033040950653268335,0.3125,1
D7_omraade_klasse_eksakt,0.03305061565883946,0.3125,1
D7_omraade_klasse_eksakt,0.03306028066441058,0.3125,1
D7_omraade_klasse_eksakt,0.0330699456699817,0.3125,1
D7_omraade_klasse_eksakt,0.03307961067555282,0.3125,1
D7_omraade_klasse_eksakt,0.033089275681123936,0.30859375,1
D7_omraade_klasse_eksakt,0.033098940686695055,0.30859375,1
D7_omraade_klasse_eksakt,0.033108605692266174,0.3046875,1
D7_omraade_klasse_eksakt,0.03311827069783729,0.3046875,1
D7_omraade_klasse_eksakt,0.03312793570340841,0.30078125,1
D7_omraade_klasse_eksakt,0.03313760070897954,0.30078125,1
D7_omraade_klasse_eksakt,0.03314726571455066,0.296875,1
D7_omraade_klasse_eksakt,0.033156930720121776,0.296875,1
D7_omraade_klasse_eksakt,0.0331665957256929,0.296875,1
D7_omraade_klasse_eksakt,0.03317626073126402,0.296875,1
D7_omraade_klasse_eksakt,0.03318592573683514,0.296875,1
D7_omraade_klasse_eksakt,0.03319559074240626,0.296875,1
D7_omraade_klasse_eksakt,0.03320525574797738,0.296875,1
D7_omraade_klasse_eksakt,0.033214920753548496,0.296875,1
D7_omraade_klasse_eksakt,0.033224585759119615,0.296875,1
D7_omraade_klasse_eksakt,0.033234250764690734,0.296875,1
D7_omraade_klasse_eksakt,0.03324391577026186,0.29296875,1
D7_omraade_klasse_eksakt,0.03325358077583298,0.29296875,1
D7_omraade_klasse_eksakt,0.0332632457814041,0.2890625,1
D7_omraade_klasse_eksakt,0.033272910786975224,0.2890625,1
D7_omraade_klasse_eksakt,0.03328257579254634,0.2890625,1
D7_omraade_klasse_eksakt,0.03329224079811746,0.2890625,1
D7_omraade_klasse_eksakt,0.03330190580368858,0.2890625,1
D7_omraade_klasse_eksakt,0.0333115708092597,0.28515625,1
D7_omraade_klasse_eksakt,0.03332123581483082,0.28515625,1
D7_omraade_klasse_eksakt,0.03333090082040194,0.28515625,1
D7_omraade_klasse_eksakt,0.033340565825973056,0.28515625,1
D7_omraade_klasse_eksakt,0.033350230831544175,0.28515625,1
D7_omraade_klasse_eksakt,0.0333598958371153,0.28515625,1
D7_omraade_klasse_eksakt,0.03336956084268642,0.28515625,1
D7_omraade_klasse_eksakt,0.033379225848257546,0.28515625,1
D7_omraade_klasse_eksakt,0.033388890853828665,0.28125,1
D7_omraade_klasse_eksakt,0.033398555859399784,0.28125,1
D7_omraade_klasse_eksakt,0.0334082208649709,0.28125,1
D7_omraade_klasse_eksakt,0.03341788587054202,0.27734375,1
D7_omraade_klasse_eksakt,0.03342755087611314,0.27734375,1
D7_omraade_klasse_eksakt,0.03343721588168426,0.26953125,1
D7_omraade_klasse_eksakt,0.03344688088725538,0.265625,1
D7_omraade_klasse_eksakt,0.0334565458928265,0.265625,1
D7_omraade_klasse_eksakt,0.03346621089839762,0.265625,1
D7_omraade_klasse_eksakt,0.03347587590396874,0.265625,1
D7_omraade_klasse_eksakt,0.03348554090953986,0.265625,1
D7_omraade_klasse_eksakt,0.03349520591511099,0.265625,1
D7_omraade_klasse_eksakt,0.033504870920682106,0.265625,1
D7_omraade_klasse_eksakt,0.033514535926253225,0.265625,1
D7_omraade_klasse_eksakt,0.033524200931824344,0.265625,1
D7_omraade_klasse_eksakt,0.03353386593739546,0.265625,1
D7_omraade_klasse_eksakt,0.03354353094296658,0.265625,1
D7_omraade_klasse_eksakt,0.0335531959485377,0.265625,1
D7_omraade_klasse_eksakt,0.03356286095410882,0.265625,1
D7_omraade_klasse_eksakt,0.033572525959679946,0.265625,1
D7_omraade_klasse_eksakt,0.033582190965251064,0.265625,1
D7_omraade_klasse_eksakt,0.03359185597082218,0.265625,1
D7_omraade_klasse_eksakt,0.03360152097639331,0.26171875,1
D7_omraade_klasse_eksakt,0.03361118598196443,0.26171875,1
D7_omraade_klasse_eksakt,0.03362085098753555,0.26171875,1
D7_omraade_klasse_eksakt,0.033630515993106666,0.26171875,1
D7_omraade_klasse_eksakt,0.033640180998677785,0.26171875,1
D7_omraade_klasse_eksakt,0.033649846004248904,0.2578125,1
D7_omraade_klasse_eksakt,0.03365951100982002,0.2578125,1
D7_omraade_klasse_eksakt,0.03366917601539114,0.2578125,1
D7_omraade_klasse_eksakt,0.03367884102096226,0.2578125,1
D7_omraade_klasse_eksakt,0.03368850602653339,0.2578125,1
D7_omraade_klasse_eksakt,0.033698171032104506,0.2578125,1
D7_omraade_klasse_eksakt,0.03370783603767563,0.2578125,1
D7_omraade_klasse_eksakt,0.03371750104324675,0.2578125,1
D7_omraade_klasse_eksakt,0.03372716604881787,0.25390625,1
D7_omraade_klasse_eksakt,0.03373683105438899,0.25390625,1
D7_omraade_klasse_eksakt,0.03374649605996011,0.25390625,1
D7_omraade_klasse_eksakt,0.033756161065531226,0.25390625,1
D7_omraade_klasse_eksakt,0.033765826071102345,0.25390625,1
D7_omraade_klasse_eksakt,0.033775491076673464,0.25390625,1
D7_omraade_klasse_eksakt,0.03378515608224458,0.25390625,1
D7_omraade_klasse_eksakt,0.03379482108781571,0.25390625,1
D7_omraade_klasse_eksakt,0.03380448609338683,0.25,1
D7_omraade_klasse_eksakt,0.03381415109895795,0.24609375,1
D7_omraade_klasse_eksakt,0.03382381610452907,0.24609375,1
D7_omraade_klasse_eksakt,0.03383348111010019,0.24609375,1
D7_omraade_klasse_eksakt,0.03384314611567131,0.24609375,1
D7_omraade_klasse_eksakt,0.03385281112124243,0.24609375,1
D7_omraade_klasse_eksakt,0.03386247612681355,0.2421875,1
D7_omraade_klasse_eksakt,0.03387214113238467,0.2421875,1
D7_omraade_klasse_eksakt,0.033881806137955786,0.2421875,1
D7_omraade_klasse_eksakt,0.033891471143526905,0.2421875,1
D7_omraade_klasse_eksakt,0.03390113614909803,0.23828125,1
D7_omraade_klasse_eksakt,0.03391080115466915,0.23828125,1
D7_omraade_klasse_eksakt,0.03392046616024027,0.23828125,1
D7_omraade_klasse_eksakt,0.033930131165811395,0.23828125,1
D7_omraade_klasse_eksakt,0.033939796171382514,0.23828125,1
D7_omraade_klasse_eksakt,0.03394946117695363,0.23828125,1
D7_omraade_klasse_eksakt,0.03395912618252475,0.23828125,1
D7_omraade_klasse_eksakt,0.03396879118809587,0.23828125,1
D7_omraade_klasse_eksakt,0.03397845619366699,0.23828125,1
D7_omraade_klasse_eksakt,0.03398812119923811,0.23828125,1
D7_omraade_klasse_eksakt,0.03399778620480923,0.234375,1
D7_omraade_klasse_eksakt,0.034007451210380346,0.234375,1
D7_omraade_klasse_eksakt,0.03401711621595147,0.234375,1
D7_omraade_klasse_eksakt,0.03402678122152259,0.234375,1
D7_omraade_klasse_eksakt,0.03403644622709371,0.234375,1
D7_omraade_klasse_eksakt,0.034046111232664836,0.234375,1
D7_omraade_klasse_eksakt,0.034055776238235955,0.234375,1
D7_omraade_klasse_eksakt,0.034065441243807074,0.234375,1
D7_omraade_klasse_eksakt,0.03407510624937819,0.234375,1
D7_omraade_klasse_eksakt,0.03408477125494931,0.2265625,1
D7_omraade_klasse_eksakt,0.03409443626052043,0.2265625,1
D7_omraade_klasse_eksakt,0.03410410126609155,0.2265625,1
D7_omraade_klasse_eksakt,0.03411376627166267,0.2265625,1
D7_omraade_klasse_eksakt,0.034123431277233794,0.2265625,1
D7_omraade_klasse_eksakt,0.03413309628280491,0.2265625,1
D7_omraade_klasse_eksakt,0.03414276128837603,0.22265625,1
D7_omraade_klasse_eksakt,0.03415242629394716,0.22265625,1
D7_omraade_klasse_eksakt,0.03416209129951828,0.22265625,1
D7_omraade_klasse_eksakt,0.034171756305089396,0.22265625,1
D7_omraade_klasse_eksakt,0.034181421310660515,0.22265625,1
D7_omraade_klasse_eksakt,0.034191086316231634,0.22265625,1
D7_omraade_klasse_eksakt,0.03420075132180275,0.22265625,1
D7_omraade_klasse_eksakt,0.03421041632737387,0.22265625,1
D7_omraade_klasse_eksakt,0.03422008133294499,0.21875,1
D7_omraade_klasse_eksakt,0.034229746338516116,0.21875,1
D7_omraade_klasse_eksakt,0.034239411344087235,0.21875,1
D7_omraade_klasse_eksakt,0.034249076349658354,0.21875,1
D7_omraade_klasse_eksakt,0.03425874135522948,0.21875,1
D7_omraade_klasse_eksakt,0.0342684063608006,0.21875,1
D7_omraade_klasse_eksakt,0.03427807136637172,0.21875,1
D7_omraade_klasse_eksakt,0.03428773637194284,0.21875,1
D7_omraade_klasse_eksakt,0.034297401377513956,0.21875,1
D7_omraade_klasse_eksakt,0.034307066383085075,0.21875,1
D7_omraade_klasse_eksakt,0.034316731388656194,0.21484375,1
D7_omraade_klasse_eksakt,0.03432639639422731,0.21484375,1
D7_omraade_klasse_eksakt,0.03433606139979843,0.2109375,1
D7_omraade_klasse_eksakt,0.03434572640536956,0.2109375,1
D7_omraade_klasse_eksakt,0.034355391410940676,0.2109375,1
D7_omraade_klasse_eksakt,0.034365056416511795,0.2109375,1
D7_omraade_klasse_eksakt,0.03437472142208292,0.2109375,1
D7_omraade_klasse_eksakt,0.03438438642765404,0.2109375,1
D7_omraade_klasse_eksakt,0.03439405143322516,0.2109375,1
D7_omraade_klasse_eksakt,0.03440371643879628,0.2109375,1
D7_omraade_klasse_eksakt,0.0344133814443674,0.20703125,1
D7_omraade_klasse_eksakt,0.034423046449938516,0.20703125,1
D7_omraade_klasse_eksakt,0.034432711455509635,0.20703125,1
D7_omraade_klasse_eksakt,0.034442376461080754,0.20703125,1
D7_omraade_klasse_eksakt,0.03445204146665188,0.20703125,1
D7_omraade_klasse_eksakt,0.034461706472223,0.20703125,1
D7_omraade_klasse_eksakt,0.03447137147779412,0.20703125,1
D7_omraade_klasse_eksakt,0.03448103648336524,0.20703125,1
D7_omraade_klasse_eksakt,0.03449070148893636,0.20703125,1
D7_omraade_klasse_eksakt,0.03450036649450748,0.20703125,1
D7_omraade_klasse_eksakt,0.0345100315000786,0.20703125,1
D7_omraade_klasse_eksakt,0.03451969650564972,0.203125,1
D7_omraade_klasse_eksakt,0.03452936151122084,0.203125,1
D7_omraade_klasse_eksakt,0.03453902651679196,0.203125,1
D7_omraade_klasse_eksakt,0.034548691522363076,0.203125,1
D7_omraade_klasse_eksakt,0.034558356527934195,0.203125,1
D7_omraade_klasse_eksakt,0.03456802153350532,0.203125,1
D7_omraade_klasse_eksakt,0.03457768653907644,0.203125,1
D7_omraade_klasse_eksakt,0.034587351544647565,0.19921875,1
D7_omraade_klasse_eksakt,0.034597016550218684,0.19921875,1
D7_omraade_klasse_eksakt,0.0346066815557898,0.1953125,1
D7_omraade_klasse_eksakt,0.03461634656136092,0.1953125,1
D7_omraade_klasse_eksakt,0.03462601156693204,0.1953125,1
D7_omraade_klasse_eksakt,0.03463567657250316,0.1953125,1
D7_omraade_klasse_eksakt,0.03464534157807428,0.1953125,1
D7_omraade_klasse_eksakt,0.0346550065836454,0.1953125,1
D7_omraade_klasse_eksakt,0.03466467158921652,0.1953125,1
D7_omraade_klasse_eksakt,0.03467433659478764,0.1953125,1
D7_omraade_klasse_eksakt,0.03468400160035876,0.1953125,1
D7_omraade_klasse_eksakt,0.03469366660592988,0.19140625,1
D7_omraade_klasse_eksakt,0.03470333161150101,0.19140625,1
D7_omraade_klasse_eksakt,0.034712996617072125,0.1875,1
D7_omraade_klasse_eksakt,0.034722661622643244,0.1875,1
D7_omraade_klasse_eksakt,0.03473232662821436,0.1875,1
D7_omraade_klasse_eksakt,0.03474199163378548,0.1875,1
D7_omraade_klasse_eksakt,0.0347516566393566,0.1875,1
D7_omraade_klasse_eksakt,0.03476132164492772,0.1875,1
D7_omraade_klasse_eksakt,0.03477098665049884,0.1875,1
D7_omraade_klasse_eksakt,0.034780651656069965,0.1875,1
D7_omraade_klasse_eksakt,0.034790316661641084,0.18359375,1
D7_omraade_klasse_eksakt,0.0347999816672122,0.18359375,1
D7_omraade_klasse_eksakt,0.03480964667278333,0.18359375,1
D7_omraade_klasse_eksakt,0.03481931167835445,0.18359375,1
D7_omraade_klasse_eksakt,0.03482897668392557,0.1796875,1
D7_omraade_klasse_eksakt,0.034838641689496685,0.1796875,1
D7_omraade_klasse_eksakt,0.034848306695067804,0.17578125,1
D7_omraade_klasse_eksakt,0.03485797170063892,0.17578125,1
D7_omraade_klasse_eksakt,0.03486763670621004,0.17578125,1
D7_omraade_klasse_eksakt,0.03487730171178116,0.17578125,1
D7_omraade_klasse_eksakt,0.03488696671735228,0.17578125,1
D7_omraade_klasse_eksakt,0.034896631722923406,0.171875,1
D7_omraade_klasse_eksakt,0.034906296728494525,0.171875,1
D7_omraade_klasse_eksakt,0.03491596173406565,0.171875,1
D7_omraade_klasse_eksakt,0.03492562673963677,0.171875,1
D7_omraade_klasse_eksakt,0.03493529174520789,0.171875,1
D7_omraade_klasse_eksakt,0.03494495675077901,0.171875,1
D7_omraade_klasse_eksakt,0.03495462175635013,0.171875,1
D7_omraade_klasse_eksakt,0.034964286761921246,0.171875,1
D7_omraade_klasse_eksakt,0.034973951767492364,0.171875,1
D7_omraade_klasse_eksakt,0.03498361677306348,0.171875,1
D7_omraade_klasse_eksakt,0.0349932817786346,0.171875,1
D7_omraade_klasse_eksakt,0.03500294678420573,0.171875,1
D7_omraade_klasse_eksakt,0.03501261178977685,0.171875,1
D7_omraade_klasse_eksakt,0.035022276795347966,0.171875,1
D7_omraade_klasse_eksakt,0.03503194180091909,0.16796875,1
D7_omraade_klasse_eksakt,0.03504160680649021,0.16796875,1
D7_omraade_klasse_eksakt,0.03505127181206133,0.16796875,1
D7_omraade_klasse_eksakt,0.03506093681763245,0.16796875,1
D7_omraade_klasse_eksakt,0.03507060182320357,0.16796875,1
D7_omraade_klasse_eksakt,0.03508026682877469,0.1640625,1
D7_omraade_klasse_eksakt,0.035089931834345806,0.16015625,1
D7_omraade_klasse_eksakt,0.035099596839916924,0.16015625,1
D7_omraade_klasse_eksakt,0.03510926184548805,0.16015625,1
D7_omraade_klasse_eksakt,0.03511892685105917,0.16015625,1
D7_omraade_klasse_eksakt,0.03512859185663029,0.16015625,1
D7_omraade_klasse_eksakt,0.035138256862201414,0.16015625,1
D7_omraade_klasse_eksakt,0.03514792186777253,0.16015625,1
D7_omraade_klasse_eksakt,0.03515758687334365,0.16015625,1
D7_omraade_klasse_eksakt,0.03516725187891477,0.16015625,1
D7_omraade_klasse_eksakt,0.03517691688448589,0.15625,1
D7_omraade_klasse_eksakt,0.03518658189005701,0.15234375,1
D7_omraade_klasse_eksakt,0.03519624689562813,0.15234375,1
D7_omraade_klasse_eksakt,0.03520591190119925,0.15234375,1
D7_omraade_klasse_eksakt,0.035215576906770366,0.15234375,1
D7_omraade_klasse_eksakt,0.03522524191234149,0.15234375,1
D7_omraade_klasse_eksakt,0.03523490691791261,0.1484375,1
D7_omraade_klasse_eksakt,0.03524457192348373,0.1484375,1
D7_omraade_klasse_eksakt,0.035254236929054855,0.1484375,1
D7_omraade_klasse_eksakt,0.035263901934625974,0.1484375,1
D7_omraade_klasse_eksakt,0.03527356694019709,0.1484375,1
D7_omraade_klasse_eksakt,0.03528323194576821,0.1484375,1
D7_omraade_klasse_eksakt,0.03529289695133933,0.1484375,1
D7_omraade_klasse_eksakt,0.03530256195691045,0.1484375,1
D7_omraade_klasse_eksakt,0.03531222696248157,0.1484375,1
D7_omraade_klasse_eksakt,0.03532189196805269,0.1484375,1
D7_omraade_klasse_eksakt,0.035331556973623814,0.1484375,1
D7_omraade_klasse_eksakt,0.03534122197919493,0.1484375,1
D7_omraade_klasse_eksakt,0.03535088698476605,0.1484375,1
D7_omraade_klasse_eksakt,0.03536055199033718,0.1484375,1
D7_omraade_klasse_eksakt,0.035370216995908296,0.1484375,1
D7_omraade_klasse_eksakt,0.035379882001479415,0.1484375,1
D7_omraade_klasse_eksakt,0.035389547007050534,0.14453125,1
D7_omraade_klasse_eksakt,0.03539921201262165,0.140625,1
D7_omraade_klasse_eksakt,0.03540887701819277,0.140625,1
D7_omraade_klasse_eksakt,0.03541854202376389,0.13671875,1
D7_omraade_klasse_eksakt,0.03542820702933501,0.1328125,1
D7_omraade_klasse_eksakt,0.035437872034906136,0.1328125,1
D7_omraade_klasse_eksakt,0.035447537040477255,0.1328125,1
D7_omraade_klasse_eksakt,0.035457202046048374,0.1328125,1
D7_omraade_klasse_eksakt,0.0354668670516195,0.1328125,1
D7_omraade_klasse_eksakt,0.03547653205719062,0.1328125,1
D7_omraade_klasse_eksakt,0.03548619706276174,0.1328125,1
D7_omraade_klasse_eksakt,0.035495862068332856,0.1328125,1
D7_omraade_klasse_eksakt,0.035505527073903975,0.1328125,1
D7_omraade_klasse_eksakt,0.035515192079475094,0.1328125,1
D7_omraade_klasse_eksakt,0.03552485708504621,0.1328125,1
D7_omraade_klasse_eksakt,0.03553452209061733,0.1328125,1
D7_omraade_klasse_eksakt,0.03554418709618845,0.1328125,1
D7_omraade_klasse_eksakt,0.03555385210175958,0.1328125,1
D7_omraade_klasse_eksakt,0.035563517107330696,0.1328125,1
D7_omraade_klasse_eksakt,0.035573182112901815,0.1328125,1
D7_omraade_klasse_eksakt,0.03558284711847294,0.1328125,1
D7_omraade_klasse_eksakt,0.03559251212404406,0.1328125,1
D7_omraade_klasse_eksakt,0.03560217712961518,0.1328125,1
D7_omraade_klasse_eksakt,0.0356118421351863,0.1328125,1
D7_omraade_klasse_eksakt,0.035621507140757416,0.1328125,1
D7_omraade_klasse_eksakt,0.035631172146328535,0.1328125,1
D7_omraade_klasse_eksakt,0.035640837151899654,0.1328125,1
D7_omraade_klasse_eksakt,0.03565050215747077,0.1328125,1
D7_omraade_klasse_eksakt,0.0356601671630419,0.1328125,1
D7_omraade_klasse_eksakt,0.03566983216861302,0.1328125,1
D7_omraade_klasse_eksakt,0.03567949717418414,0.1328125,1
D7_omraade_klasse_eksakt,0.03568916217975526,0.1328125,1
D7_omraade_klasse_eksakt,0.03569882718532638,0.1328125,1
D7_omraade_klasse_eksakt,0.0357084921908975,0.1328125,1
D7_omraade_klasse_eksakt,0.03571815719646862,0.1328125,1
D7_omraade_klasse_eksakt,0.03572782220203974,0.1328125,1
D7_omraade_klasse_eksakt,0.03573748720761086,0.1328125,1
D7_omraade_klasse_eksakt,0.035747152213181976,0.1328125,1
D7_omraade_klasse_eksakt,0.035756817218753095,0.1328125,1
D7_omraade_klasse_eksakt,0.03576648222432422,0.1328125,1
D7_omraade_klasse_eksakt,0.03577614722989534,0.1328125,1
D7_omraade_klasse_eksakt,0.03578581223546646,0.1328125,1
D7_omraade_klasse_eksakt,0.035795477241037585,0.1328125,1
D7_omraade_klasse_eksakt,0.035805142246608704,0.1328125,1
D7_omraade_klasse_eksakt,0.03581480725217982,0.1328125,1
D7_omraade_klasse_eksakt,0.03582447225775094,0.1328125,1
D7_omraade_klasse_eksakt,0.03583413726332206,0.1328125,1
D7_omraade_klasse_eksakt,0.03584380226889318,0.1328125,1
D7_omraade_klasse_eksakt,0.0358534672744643,0.1328125,1
D7_omraade_klasse_eksakt,0.03586313228003542,0.1328125,1
D7_omraade_klasse_eksakt,0.035872797285606536,0.1328125,1
D7_omraade_klasse_eksakt,0.03588246229117766,0.1328125,1
D7_omraade_klasse_eksakt,0.03589212729674878,0.1328125,1
D7_omraade_klasse_eksakt,0.0359017923023199,0.1328125,1
D7_omraade_klasse_eksakt,0.035911457307891026,0.1328125,1
D7_omraade_klasse_eksakt,0.035921122313462145,0.12109375,1
D7_omraade_klasse_eksakt,0.035930787319033264,0.12109375,1
D7_omraade_klasse_eksakt,0.03594045232460438,0.12109375,1
D7_omraade_klasse_eksakt,0.0359501173301755,0.12109375,1
D7_omraade_klasse_eksakt,0.03595978233574662,0.12109375,1
D7_omraade_klasse_eksakt,0.03596944734131774,0.11328125,1
D7_omraade_klasse_eksakt,0.03597911234688886,0.109375,1
D7_omraade_klasse_eksakt,0.035988777352459984,0.109375,1
D7_omraade_klasse_eksakt,0.0359984423580311,0.10546875,1
D7_omraade_klasse_eksakt,0.03600810736360222,0.10546875,1
D7_omraade_klasse_eksakt,0.03601777236917335,0.10546875,1
D7_omraade_klasse_eksakt,0.03602743737474447,0.10546875,1
D7_omraade_klasse_eksakt,0.036037102380315586,0.10546875,1
D7_omraade_klasse_eksakt,0.036046767385886705,0.10546875,1
D7_omraade_klasse_eksakt,0.036056432391457824,0.10546875,1
D7_omraade_klasse_eksakt,0.03606609739702894,0.10546875,1
D7_omraade_klasse_eksakt,0.03607576240260006,0.10546875,1
D7_omraade_klasse_eksakt,0.03608542740817118,0.10546875,1
D7_omraade_klasse_eksakt,0.0360950924137423,0.1015625,1
D7_omraade_klasse_eksakt,0.036104757419313425,0.09765625,1
D7_omraade_klasse_eksakt,0.036114422424884544,0.09765625,1
D7_omraade_klasse_eksakt,0.03612408743045567,0.09765625,1
D7_omraade_klasse_eksakt,0.03613375243602679,0.09765625,1
D7_omraade_klasse_eksakt,0.03614341744159791,0.09765625,1
D7_omraade_klasse_eksakt,0.03615308244716903,0.09765625,1
D7_omraade_klasse_eksakt,0.036162747452740146,0.09765625,1
D7_omraade_klasse_eksakt,0.036172412458311265,0.09765625,1
D7_omraade_klasse_eksakt,0.036182077463882384,0.09765625,1
D7_omraade_klasse_eksakt,0.0361917424694535,0.09765625,1
D7_omraade_klasse_eksakt,0.03620140747502462,0.09765625,1
D7_omraade_klasse_eksakt,0.03621107248059575,0.09765625,1
D7_omraade_klasse_eksakt,0.03622073748616687,0.09765625,1
D7_omraade_klasse_eksakt,0.036230402491737985,0.09765625,1
D7_omraade_klasse_eksakt,0.03624006749730911,0.09765625,1
D7_omraade_klasse_eksakt,0.03624973250288023,0.09765625,1
D7_omraade_klasse_eksakt,0.03625939750845135,0.09765625,1
D7_omraade_klasse_eksakt,0.03626906251402247,0.09765625,1
D7_omraade_klasse_eksakt,0.03627872751959359,0.09765625,1
D7_omraade_klasse_eksakt,0.036288392525164706,0.09765625,1
D7_omraade_klasse_eksakt,0.036298057530735825,0.09765625,1
D7_omraade_klasse_eksakt,0.036307722536306944,0.08984375,1
D7_omraade_klasse_eksakt,0.03631738754187807,0.08984375,1
D7_omraade_klasse_eksakt,0.03632705254744919,0.08984375,1
D7_omraade_klasse_eksakt,0.03633671755302031,0.08984375,1
D7_omraade_klasse_eksakt,0.036346382558591434,0.08984375,1
D7_omraade_klasse_eksakt,0.03635604756416255,0.08984375,1
D7_omraade_klasse_eksakt,0.03636571256973367,0.0859375,1
D7_omraade_klasse_eksakt,0.03637537757530479,0.0859375,1
D7_omraade_klasse_eksakt,0.03638504258087591,0.0859375,1
D7_omraade_klasse_eksakt,0.03639470758644703,0.0859375,1
D7_omraade_klasse_eksakt,0.03640437259201815,0.0859375,1
D7_omraade_klasse_eksakt,0.036414037597589266,0.0859375,1
D7_omraade_klasse_eksakt,0.036423702603160385,0.078125,1
D7_omraade_klasse_eksakt,0.03643336760873151,0.078125,1
D7_omraade_klasse_eksakt,0.03644303261430263,0.078125,1
D7_omraade_klasse_eksakt,0.03645269761987375,0.07421875,1
D7_omraade_klasse_eksakt,0.036462362625444875,0.07421875,1
D7_omraade_klasse_eksakt,0.036472027631015994,0.07421875,1
D7_omraade_klasse_eksakt,0.03648169263658711,0.07421875,1
D7_omraade_klasse_eksakt,0.03649135764215823,0.07421875,1
D7_omraade_klasse_eksakt,0.03650102264772935,0.07421875,1
D7_omraade_klasse_eksakt,0.03651068765330047,0.07421875,1
D7_omraade_klasse_eksakt,0.03652035265887159,0.07421875,1
D7_omraade_klasse_eksakt,0.03653001766444271,0.07421875,1
D7_omraade_klasse_eksakt,0.03653968267001383,0.07421875,1
D7_omraade_klasse_eksakt,0.03654934767558495,0.07421875,1
D7_omraade_klasse_eksakt,0.03655901268115607,0.07421875,1
D7_omraade_klasse_eksakt,0.0365686776867272,0.07421875,1
D7_omraade_klasse_eksakt,0.036578342692298316,0.07421875,1
D7_omraade_klasse_eksakt,0.036588007697869435,0.07421875,1
D7_omraade_klasse_eksakt,0.036597672703440554,0.07421875,1
D7_omraade_klasse_eksakt,0.03660733770901167,0.07421875,1
D7_omraade_klasse_eksakt,0.03661700271458279,0.07421875,1
D7_omraade_klasse_eksakt,0.03662666772015391,0.07421875,1
D7_omraade_klasse_eksakt,0.03663633272572503,0.07421875,1
D7_omraade_klasse_eksakt,0.036645997731296155,0.07421875,1
D7_omraade_klasse_eksakt,0.036655662736867274,0.07421875,1
D7_omraade_klasse_eksakt,0.03666532774243839,0.07421875,1
D7_omraade_klasse_eksakt,0.03667499274800952,0.07421875,1
D7_omraade_klasse_eksakt,0.03668465775358064,0.07421875,1
D7_omraade_klasse_eksakt,0.03669432275915176,0.07421875,1
D7_omraade_klasse_eksakt,0.036703987764722876,0.07421875,1
D7_omraade_klasse_eksakt,0.036713652770293995,0.07421875,1
D7_omraade_klasse_eksakt,0.036723317775865114,0.07421875,1
D7_omraade_klasse_eksakt,0.03673298278143623,0.07421875,1
D7_omraade_klasse_eksakt,0.03674264778700735,0.07421875,1
D7_omraade_klasse_eksakt,0.03675231279257847,0.07421875,1
D7_omraade_klasse_eksakt,0.036761977798149596,0.07421875,1
D7_omraade_klasse_eksakt,0.036771642803720715,0.07421875,1
D7_omraade_klasse_eksakt,0.036781307809291834,0.07421875,1
D7_omraade_klasse_eksakt,0.03679097281486296,0.07421875,1
D7_omraade_klasse_eksakt,0.03680063782043408,0.07421875,1
D7_omraade_klasse_eksakt,0.0368103028260052,0.07421875,1
D7_omraade_klasse_eksakt,0.03681996783157632,0.07421875,1
D7_omraade_klasse_eksakt,0.036829632837147436,0.07421875,1
D7_omraade_klasse_eksakt,0.036839297842718555,0.07421875,1
D7_omraade_klasse_eksakt,0.036848962848289674,0.07421875,1
D7_omraade_klasse_eksakt,0.03685862785386079,0.07421875,1
D7_omraade_klasse_eksakt,0.03686829285943192,0.07421875,1
D7_omraade_klasse_eksakt,0.03687795786500304,0.07421875,1
D7_omraade_klasse_eksakt,0.036887622870574156,0.0703125,1
D7_omraade_klasse_eksakt,0.03689728787614528,0.0703125,1
D7_omraade_klasse_eksakt,0.0369069528817164,0.0703125,1
D7_omraade_klasse_eksakt,0.03691661788728752,0.0703125,1
D7_omraade_klasse_eksakt,0.03692628289285864,0.0703125,1
D7_omraade_klasse_eksakt,0.03693594789842976,0.0703125,1
D7_omraade_klasse_eksakt,0.03694561290400088,0.0703125,1
D7_omraade_klasse_eksakt,0.036955277909571996,0.0703125,1
D7_omraade_klasse_eksakt,0.036964942915143115,0.0703125,1
D7_omraade_klasse_eksakt,0.03697460792071424,0.0703125,1
D7_omraade_klasse_eksakt,0.03698427292628536,0.0703125,1
D7_omraade_klasse_eksakt,0.03699393793185648,0.0703125,1
D7_omraade_klasse_eksakt,0.037003602937427604,0.06640625,1
D7_omraade_klasse_eksakt,0.03701326794299872,0.06640625,1
D7_omraade_klasse_eksakt,0.03702293294856984,0.06640625,1
D7_omraade_klasse_eksakt,0.03703259795414096,0.06640625,1
D7_omraade_klasse_eksakt,0.03704226295971208,0.06640625,1
D7_omraade_klasse_eksakt,0.0370519279652832,0.06640625,1
D7_omraade_klasse_eksakt,0.03706159297085432,0.06640625,1
D7_omraade_klasse_eksakt,0.03707125797642544,0.06640625,1
D7_omraade_klasse_eksakt,0.037080922981996556,0.06640625,1
D7_omraade_klasse_eksakt,0.03709058798756768,0.06640625,1
D7_omraade_klasse_eksakt,0.0371002529931388,0.06640625,1
D7_omraade_klasse_eksakt,0.03710991799870992,0.06640625,1
D7_omraade_klasse_eksakt,0.037119583004281045,0.06640625,1
D7_omraade_klasse_eksakt,0.037129248009852164,0.06640625,1
D7_omraade_klasse_eksakt,0.03713891301542328,0.06640625,1
D7_omraade_klasse_eksakt,0.0371485780209944,0.06640625,1
D7_omraade_klasse_eksakt,0.03715824302656552,0.06640625,1
D7_omraade_klasse_eksakt,0.03716790803213664,0.0625,1
D7_omraade_klasse_eksakt,0.03717757303770776,0.0625,1
D7_omraade_klasse_eksakt,0.03718723804327888,0.0625,1
D7_omraade_klasse_eksakt,0.037196903048850004,0.0625,1
D7_omraade_klasse_eksakt,0.03720656805442112,0.0625,1
D7_omraade_klasse_eksakt,0.03721623305999224,0.0625,1
D7_omraade_klasse_eksakt,0.03722589806556337,0.0625,1
D7_omraade_klasse_eksakt,0.037235563071134486,0.0625,1
D7_omraade_klasse_eksakt,0.037245228076705605,0.05859375,1
D7_omraade_klasse_eksakt,0.037254893082276724,0.05859375,1
D7_omraade_klasse_eksakt,0.03726455808784784,0.05859375,1
D7_omraade_klasse_eksakt,0.03727422309341896,0.05859375,1
D7_omraade_klasse_eksakt,0.03728388809899008,0.05859375,1
D7_omraade_klasse_eksakt,0.0372935531045612,0.0546875,1
D7_omraade_klasse_eksakt,0.03730321811013232,0.0546875,1
D7_omraade_klasse_eksakt,0.037312883115703445,0.0546875,1
D7_omraade_klasse_eksakt,0.037322548121274564,0.0546875,1
D7_omraade_klasse_eksakt,0.03733221312684569,0.0546875,1
D7_omraade_klasse_eksakt,0.03734187813241681,0.0546875,1
D7_omraade_klasse_eksakt,0.03735154313798793,0.0546875,1
D7_omraade_klasse_eksakt,0.037361208143559047,0.0546875,1
D7_omraade_klasse_eksakt,0.037370873149130165,0.0546875,1
D7_omraade_klasse_eksakt,0.037380538154701284,0.0546875,1
D7_omraade_klasse_eksakt,0.0373902031602724,0.0546875,1
D7_omraade_klasse_eksakt,0.03739986816584352,0.0546875,1
D7_omraade_klasse_eksakt,0.03740953317141464,0.0546875,1
D7_omraade_klasse_eksakt,0.03741919817698577,0.0546875,1
D7_omraade_klasse_eksakt,0.037428863182556886,0.0546875,1
D7_omraade_klasse_eksakt,0.037438528188128005,0.0546875,1
D7_omraade_klasse_eksakt,0.03744819319369913,0.0546875,1
D7_omraade_klasse_eksakt,0.03745785819927025,0.0546875,1
D7_omraade_klasse_eksakt,0.03746752320484137,0.0546875,1
D7_omraade_klasse_eksakt,0.03747718821041249,0.0546875,1
D7_omraade_klasse_eksakt,0.03748685321598361,0.0546875,1
D7_omraade_klasse_eksakt,0.037496518221554725,0.0546875,1
D7_omraade_klasse_eksakt,0.037506183227125844,0.0546875,1
D7_omraade_klasse_eksakt,0.03751584823269696,0.0546875,1
D7_omraade_klasse_eksakt,0.03752551323826809,0.0546875,1
D7_omraade_klasse_eksakt,0.03753517824383921,0.0546875,1
D7_omraade_klasse_eksakt,0.03754484324941033,0.0546875,1
D7_omraade_klasse_eksakt,0.03755450825498145,0.0546875,1
D7_omraade_klasse_eksakt,0.03756417326055257,0.0546875,1
D7_omraade_klasse_eksakt,0.03757383826612369,0.0546875,1
D7_omraade_klasse_eksakt,0.03758350327169481,0.0546875,1
D7_omraade_klasse_eksakt,0.03759316827726593,0.0546875,1
D7_omraade_klasse_eksakt,0.03760283328283705,0.05078125,1
D7_omraade_klasse_eksakt,0.03761249828840817,0.05078125,1
D7_omraade_klasse_eksakt,0.037622163293979285,0.05078125,1
D7_omraade_klasse_eksakt,0.037631828299550404,0.05078125,1
D7_omraade_klasse_eksakt,0.03764149330512153,0.046875,0
D7_omraade_klasse_eksakt,0.03765115831069265,0.046875,0
D7_omraade_klasse_eksakt,0.037660823316263775,0.046875,0
D7_omraade_klasse_eksakt,0.037670488321834894,0.046875,0
D7_omraade_klasse_eksakt,0.03768015332740601,0.046875,0
D7_omraade_klasse_eksakt,0.03768981833297713,0.046875,0
D7_omraade_klasse_eksakt,0.03769948333854825,0.046875,0
D7_omraade_klasse_eksakt,0.03770914834411937,0.046875,0
D7_omraade_klasse_eksakt,0.03771881334969049,0.046875,0
D7_omraade_klasse_eksakt,0.03772847835526161,0.046875,0
D7_omraade_klasse_eksakt,0.03773814336083273,0.046875,0
D7_omraade_klasse_eksakt,0.03774780836640385,0.046875,0
D7_omraade_klasse_eksakt,0.03775747337197497,0.046875,0
D7_omraade_klasse_eksakt,0.03776713837754609,0.046875,0
D7_omraade_klasse_eksakt,0.037776803383117216,0.046875,0
D7_omraade_klasse_eksakt,0.037786468388688335,0.046875,0
D7_omraade_klasse_eksakt,0.037796133394259454,0.046875,0
D7_omraade_klasse_eksakt,0.03780579839983057,0.046875,0
D7_omraade_klasse_eksakt,0.03781546340540169,0.046875,0
D7_omraade_klasse_eksakt,0.03782512841097281,0.046875,0
D7_omraade_klasse_eksakt,0.03783479341654393,0.046875,0
D7_omraade_klasse_eksakt,0.03784445842211505,0.046875,0
D7_omraade_klasse_eksakt,0.037854123427686175,0.046875,0
D7_omraade_klasse_eksakt,0.037863788433257294,0.046875,0
D7_omraade_klasse_eksakt,0.03787345343882841,0.046875,0
D7_omraade_klasse_eksakt,0.03788311844439954,0.046875,0
D7_omraade_klasse_eksakt,0.03789278344997066,0.046875,0
D7_omraade_klasse_eksakt,0.037902448455541776,0.046875,0
D7_omraade_klasse_eksakt,0.037912113461112895,0.046875,0
D7_omraade_klasse_eksakt,0.037921778466684014,0.046875,0
D7_omraade_klasse_eksakt,0.03793144347225513,0.046875,0
D7_omraade_klasse_eksakt,0.03794110847782625,0.046875,0
D7_omraade_klasse_eksakt,0.03795077348339737,0.046875,0
D7_omraade_klasse_eksakt,0.03796043848896849,0.046875,0
D7_omraade_klasse_eksakt,0.037970103494539616,0.046875,0
D7_omraade_klasse_eksakt,0.037979768500110735,0.04296875,0
D7_omraade_klasse_eksakt,0.037989433505681854,0.04296875,0
D7_omraade_klasse_eksakt,0.03799909851125298,0.04296875,0
D7_omraade_klasse_eksakt,0.0380087635168241,0.04296875,0
D7_omraade_klasse_eksakt,0.03801842852239522,0.04296875,0
D7_omraade_klasse_eksakt,0.038028093527966336,0.04296875,0
D7_omraade_klasse_eksakt,0.038037758533537455,0.04296875,0
D7_omraade_klasse_eksakt,0.038047423539108574,0.04296875,0
D7_omraade_klasse_eksakt,0.03805708854467969,0.04296875,0
D7_omraade_klasse_eksakt,0.03806675355025081,0.04296875,0
D7_omraade_klasse_eksakt,0.03807641855582194,0.04296875,0
D7_omraade_klasse_eksakt,0.03808608356139306,0.04296875,0
D7_omraade_klasse_eksakt,0.038095748566964176,0.04296875,0
D7_omraade_klasse_eksakt,0.0381054135725353,0.04296875,0
D7_omraade_klasse_eksakt,0.03811507857810642,0.04296875,0
D7_omraade_klasse_eksakt,0.03812474358367754,0.04296875,0
D7_omraade_klasse_eksakt,0.03813440858924866,0.04296875,0
D7_omraade_klasse_eksakt,0.03814407359481978,0.04296875,0
D7_omraade_klasse_eksakt,0.038153738600390896,0.04296875,0
D7_omraade_klasse_eksakt,0.038163403605962015,0.04296875,0
D7_omraade_klasse_eksakt,0.038173068611533134,0.04296875,0
D7_omraade_klasse_eksakt,0.03818273361710426,0.04296875,0
D7_omraade_klasse_eksakt,0.03819239862267538,0.04296875,0
D7_omraade_klasse_eksakt,0.0382020636282465,0.04296875,0
D7_omraade_klasse_eksakt,0.038211728633817624,0.04296875,0
D7_omraade_klasse_eksakt,0.03822139363938874,0.04296875,0
D7_omraade_klasse_eksakt,0.03823105864495986,0.04296875,0
D7_omraade_klasse_eksakt,0.03824072365053098,0.04296875,0
D7_omraade_klasse_eksakt,0.0382503886561021,0.04296875,0
D7_omraade_klasse_eksakt,0.03826005366167322,0.04296875,0
D7_omraade_klasse_eksakt,0.03826971866724434,0.04296875,0
D7_omraade_klasse_eksakt,0.038279383672815456,0.04296875,0
D7_omraade_klasse_eksakt,0.038289048678386575,0.04296875,0
D7_omraade_klasse_eksakt,0.0382987136839577,0.04296875,0
D7_omraade_klasse_eksakt,0.03830837868952882,0.04296875,0
D7_omraade_klasse_eksakt,0.03831804369509994,0.04296875,0
D7_omraade_klasse_eksakt,0.038327708700671065,0.04296875,0
D7_omraade_klasse_eksakt,0.038337373706242184,0.04296875,0
D7_omraade_klasse_eksakt,0.0383470387118133,0.04296875,0
D7_omraade_klasse_eksakt,0.03835670371738442,0.04296875,0
D7_omraade_klasse_eksakt,0.03836636872295554,0.04296875,0
D7_omraade_klasse_eksakt,0.03837603372852666,0.04296875,0
D7_omraade_klasse_eksakt,0.03838569873409778,0.04296875,0
D7_omraade_klasse_eksakt,0.0383953637396689,0.04296875,0
D7_omraade_klasse_eksakt,0.03840502874524002,0.04296875,0
D7_omraade_klasse_eksakt,0.03841469375081114,0.04296875,0
D7_omraade_klasse_eksakt,0.03842435875638226,0.04296875,0
D7_omraade_klasse_eksakt,0.03843402376195339,0.04296875,0
D7_omraade_klasse_eksakt,0.038443688767524506,0.04296875,0
D7_omraade_klasse_eksakt,0.038453353773095625,0.04296875,0
D7_omraade_klasse_eksakt,0.038463018778666744,0.04296875,0
D7_omraade_klasse_eksakt,0.03847268378423786,0.04296875,0
D7_omraade_klasse_eksakt,0.03848234878980898,0.04296875,0
D7_omraade_klasse_eksakt,0.0384920137953801,0.04296875,0
D7_omraade_klasse_eksakt,0.03850167880095122,0.04296875,0
D7_omraade_klasse_eksakt,0.03851134380652234,0.0390625,0
D7_omraade_klasse_eksakt,0.038521008812093464,0.0390625,0
D7_omraade_klasse_eksakt,0.03853067381766458,0.0390625,0
D7_omraade_klasse_eksakt,0.03854033882323571,0.0390625,0
D7_omraade_klasse_eksakt,0.03855000382880683,0.0390625,0
D7_omraade_klasse_eksakt,0.03855966883437795,0.0390625,0
D7_omraade_klasse_eksakt,0.038569333839949066,0.0390625,0
D7_omraade_klasse_eksakt,0.038578998845520185,0.0390625,0
D7_omraade_klasse_eksakt,0.038588663851091304,0.0390625,0
D7_omraade_klasse_eksakt,0.03859832885666242,0.0390625,0
D7_omraade_klasse_eksakt,0.03860799386223354,0.0390625,0
D7_omraade_klasse_eksakt,0.03861765886780466,0.0390625,0
D7_omraade_klasse_eksakt,0.038627323873375786,0.0390625,0
D7_omraade_klasse_eksakt,0.038636988878946905,0.0390625,0
D7_omraade_klasse_eksakt,0.038646653884518024,0.0390625,0
D7_omraade_klasse_eksakt,0.03865631889008915,0.0390625,0
D7_omraade_klasse_eksakt,0.03866598389566027,0.0390625,0
D7_omraade_klasse_eksakt,0.03867564890123139,0.0390625,0
D7_omraade_klasse_eksakt,0.03868531390680251,0.0390625,0
D7_omraade_klasse_eksakt,0.038694978912373626,0.0390625,0
D7_omraade_klasse_eksakt,0.038704643917944745,0.0390625,0
D7_omraade_klasse_eksakt,0.038714308923515864,0.0390625,0
D7_omraade_klasse_eksakt,0.03872397392908698,0.0390625,0
D7_omraade_klasse_eksakt,0.03873363893465811,0.0390625,0
D7_omraade_klasse_eksakt,0.03874330394022923,0.0390625,0
D7_omraade_klasse_eksakt,0.038752968945800347,0.0390625,0
D7_omraade_klasse_eksakt,0.03876263395137147,0.0390625,0
D7_omraade_klasse_eksakt,0.03877229895694259,0.0390625,0
D7_omraade_klasse_eksakt,0.03878196396251371,0.0390625,0
D7_omraade_klasse_eksakt,0.03879162896808483,0.0390625,0
D7_omraade_klasse_eksakt,0.03880129397365595,0.0390625,0
D7_omraade_klasse_eksakt,0.03881095897922707,0.0390625,0
D7_omraade_klasse_eksakt,0.038820623984798186,0.0390625,0
D7_omraade_klasse_eksakt,0.038830288990369305,0.0390625,0
D7_omraade_klasse_eksakt,0.038839953995940424,0.0390625,0
D7_omraade_klasse_eksakt,0.03884961900151155,0.0390625,0
D7_omraade_klasse_eksakt,0.03885928400708267,0.03515625,0
D7_omraade_klasse_eksakt,0.038868949012653795,0.03515625,0
D7_omraade_klasse_eksakt,0.038878614018224913,0.03515625,0
D7_omraade_klasse_eksakt,0.03888827902379603,0.03515625,0
D7_omraade_klasse_eksakt,0.03889794402936715,0.03515625,0
D7_omraade_klasse_eksakt,0.03890760903493827,0.03515625,0
D7_omraade_klasse_eksakt,0.03891727404050939,0.03515625,0
D7_omraade_klasse_eksakt,0.03892693904608051,0.03515625,0
D7_omraade_klasse_eksakt,0.03893660405165163,0.03515625,0
D7_omraade_klasse_eksakt,0.038946269057222746,0.03515625,0
D7_omraade_klasse_eksakt,0.03895593406279387,0.03515625,0
D7_omraade_klasse_eksakt,0.03896559906836499,0.03515625,0
D7_omraade_klasse_eksakt,0.03897526407393611,0.03515625,0
D7_omraade_klasse_eksakt,0.038984929079507236,0.03515625,0
D7_omraade_klasse_eksakt,0.038994594085078355,0.03515625,0
D7_omraade_klasse_eksakt,0.039004259090649473,0.03515625,0
D7_omraade_klasse_eksakt,0.03901392409622059,0.03515625,0
D7_omraade_klasse_eksakt,0.03902358910179171,0.03515625,0
D7_omraade_klasse_eksakt,0.03903325410736283,0.03515625,0
D7_omraade_klasse_eksakt,0.03904291911293395,0.03515625,0
D7_omraade_klasse_eksakt,0.03905258411850507,0.03515625,0
D7_omraade_klasse_eksakt,0.039062249124076194,0.03515625,0
D7_omraade_klasse_eksakt,0.03907191412964731,0.03515625,0
D7_omraade_klasse_eksakt,0.03908157913521843,0.03515625,0
D7_omraade_klasse_eksakt,0.03909124414078956,0.03515625,0
D7_omraade_klasse_eksakt,0.03910090914636068,0.03515625,0
D7_omraade_klasse_eksakt,0.039110574151931796,0.03515625,0
D7_omraade_klasse_eksakt,0.039120239157502915,0.03515625,0
D7_omraade_klasse_eksakt,0.039129904163074034,0.03515625,0
D7_omraade_klasse_eksakt,0.03913956916864515,0.03515625,0
D7_omraade_klasse_eksakt,0.03914923417421627,0.03515625,0
D7_omraade_klasse_eksakt,0.03915889917978739,0.03515625,0
D7_omraade_klasse_eksakt,0.03916856418535851,0.03515625,0
D7_omraade_klasse_eksakt,0.039178229190929635,0.03515625,0
D7_omraade_klasse_eksakt,0.039187894196500754,0.03515625,0
D7_omraade_klasse_eksakt,0.03919755920207187,0.03515625,0
D7_omraade_klasse_eksakt,0.039207224207643,0.03515625,0
D7_omraade_klasse_eksakt,0.03921688921321412,0.03515625,0
D7_omraade_klasse_eksakt,0.03922655421878524,0.03515625,0
D7_omraade_klasse_eksakt,0.039236219224356356,0.03515625,0
D7_omraade_klasse_eksakt,0.039245884229927475,0.03515625,0
D7_omraade_klasse_eksakt,0.039255549235498594,0.03515625,0
D7_omraade_klasse_eksakt,0.03926521424106971,0.03515625,0
D7_omraade_klasse_eksakt,0.03927487924664083,0.03515625,0
D7_omraade_klasse_eksakt,0.03928454425221196,0.03515625,0
D7_omraade_klasse_eksakt,0.039294209257783076,0.03515625,0
D7_omraade_klasse_eksakt,0.039303874263354195,0.03515625,0
D7_omraade_klasse_eksakt,0.03931353926892532,0.03515625,0
D7_omraade_klasse_eksakt,0.03932320427449644,0.03515625,0
D7_omraade_klasse_eksakt,0.03933286928006756,0.03515625,0
D7_omraade_klasse_eksakt,0.03934253428563868,0.03515625,0
D7_omraade_klasse_eksakt,0.0393521992912098,0.03515625,0
D7_omraade_klasse_eksakt,0.039361864296780916,0.03515625,0
D7_omraade_klasse_eksakt,0.039371529302352035,0.03515625,0
D7_omraade_klasse_eksakt,0.039381194307923154,0.03515625,0
D7_omraade_klasse_eksakt,0.03939085931349428,0.03515625,0
D7_omraade_klasse_eksakt,0.0394005243190654,0.03515625,0
D7_omraade_klasse_eksakt,0.03941018932463652,0.03515625,0
D7_omraade_klasse_eksakt,0.03941985433020764,0.03515625,0
D7_omraade_klasse_eksakt,0.03942951933577876,0.03515625,0
D7_omraade_klasse_eksakt,0.03943918434134988,0.03515625,0
D7_omraade_klasse_eksakt,0.039448849346921,0.03515625,0
D7_omraade_klasse_eksakt,0.03945851435249212,0.03515625,0
D7_omraade_klasse_eksakt,0.03946817935806324,0.03515625,0
D7_omraade_klasse_eksakt,0.03947784436363436,0.03515625,0
D7_omraade_klasse_eksakt,0.039487509369205476,0.03515625,0
D7_omraade_klasse_eksakt,0.039497174374776595,0.03515625,0
D7_omraade_klasse_eksakt,0.03950683938034772,0.03515625,0
D7_omraade_klasse_eksakt,0.03951650438591884,0.03515625,0
D7_omraade_klasse_eksakt,0.03952616939148996,0.03515625,0
D7_omraade_klasse_eksakt,0.039535834397061084,0.03515625,0
D7_omraade_klasse_eksakt,0.0395454994026322,0.03515625,0
D7_omraade_klasse_eksakt,0.03955516440820332,0.03515625,0
D7_omraade_klasse_eksakt,0.03956482941377444,0.03515625,0
D7_omraade_klasse_eksakt,0.03957449441934556,0.03515625,0
D7_omraade_klasse_eksakt,0.03958415942491668,0.03515625,0
D7_omraade_klasse_eksakt,0.0395938244304878,0.03515625,0
D7_omraade_klasse_eksakt,0.03960348943605892,0.03515625,0
D7_omraade_klasse_eksakt,0.03961315444163004,0.03515625,0
D7_omraade_klasse_eksakt,0.03962281944720116,0.03515625,0
D7_omraade_klasse_eksakt,0.03963248445277228,0.03515625,0
D7_omraade_klasse_eksakt,0.039642149458343406,0.03515625,0
D7_omraade_klasse_eksakt,0.039651814463914525,0.03515625,0
D7_omraade_klasse_eksakt,0.039661479469485644,0.03515625,0
D7_omraade_klasse_eksakt,0.03967114447505676,0.03515625,0
D7_omraade_klasse_eksakt,0.03968080948062788,0.03515625,0
D7_omraade_klasse_eksakt,0.039690474486199,0.03515625,0
D7_omraade_klasse_eksakt,0.03970013949177012,0.03515625,0
D7_omraade_klasse_eksakt,0.03970980449734124,0.03515625,0
D7_omraade_klasse_eksakt,0.03971946950291236,0.03515625,0
D7_omraade_klasse_eksakt,0.039729134508483484,0.03515625,0
D7_omraade_klasse_eksakt,0.0397387995140546,0.03515625,0
D7_omraade_klasse_eksakt,0.03974846451962573,0.03515625,0
D7_omraade_klasse_eksakt,0.03975812952519685,0.03515625,0
D7_omraade_klasse_eksakt,0.039767794530767966,0.03515625,0
D7_omraade_klasse_eksakt,0.039777459536339085,0.03515625,0
D7_omraade_klasse_eksakt,0.039787124541910204,0.03515625,0
D7_omraade_klasse_eksakt,0.03979678954748132,0.03515625,0
D7_omraade_klasse_eksakt,0.03980645455305244,0.03515625,0
D7_omraade_klasse_eksakt,0.03981611955862356,0.03515625,0
D7_omraade_klasse_eksakt,0.03982578456419468,0.03515625,0
D7_omraade_klasse_eksakt,0.039835449569765806,0.03515625,0
D7_omraade_klasse_eksakt,0.039845114575336925,0.03515625,0
D7_omraade_klasse_eksakt,0.039854779580908044,0.03515625,0
D7_omraade_klasse_eksakt,0.03986444458647917,0.03515625,0
D7_omraade_klasse_eksakt,0.03987410959205029,0.03515625,0
D7_omraade_klasse_eksakt,0.03988377459762141,0.03515625,0
D7_omraade_klasse_eksakt,0.039893439603192526,0.03515625,0
D7_omraade_klasse_eksakt,0.039903104608763645,0.03515625,0
D7_omraade_klasse_eksakt,0.039912769614334764,0.03515625,0
D7_omraade_klasse_eksakt,0.03992243461990588,0.03515625,0
D7_omraade_klasse_eksakt,0.039932099625477,0.03515625,0
D7_omraade_klasse_eksakt,0.03994176463104813,0.03515625,0
D7_omraade_klasse_eksakt,0.03995142963661925,0.03515625,0
D7_omraade_klasse_eksakt,0.039961094642190366,0.03515625,0
D7_omraade_klasse_eksakt,0.03997075964776149,0.03515625,0
D7_omraade_klasse_eksakt,0.03998042465333261,0.03515625,0
D7_omraade_klasse_eksakt,0.03999008965890373,0.03515625,0
D7_omraade_klasse_eksakt,0.03999975466447485,0.03515625,0
D7_omraade_klasse_eksakt,0.04000941967004597,0.03515625,0
D7_omraade_klasse_eksakt,0.040019084675617086,0.03515625,0
D7_omraade_klasse_eksakt,0.040028749681188205,0.03515625,0
D7_omraade_klasse_eksakt,0.040038414686759324,0.03515625,0
D7_omraade_klasse_eksakt,0.04004807969233044,0.03515625,0
D7_omraade_klasse_eksakt,0.04005774469790157,0.03515625,0
D7_omraade_klasse_eksakt,0.04006740970347269,0.03515625,0
D7_omraade_klasse_eksakt,0.040077074709043814,0.03515625,0
D7_omraade_klasse_eksakt,0.04008673971461493,0.03515625,0
D7_omraade_klasse_eksakt,0.04009640472018605,0.03515625,0
D7_omraade_klasse_eksakt,0.04010606972575717,0.03515625,0
D7_omraade_klasse_eksakt,0.04011573473132829,0.03515625,0
D7_omraade_klasse_eksakt,0.04012539973689941,0.03515625,0
D7_omraade_klasse_eksakt,0.04013506474247053,0.03515625,0
D7_omraade_klasse_eksakt,0.040144729748041647,0.03515625,0
D7_omraade_klasse_eksakt,0.040154394753612765,0.03515625,0
D7_omraade_klasse_eksakt,0.04016405975918389,0.03515625,0
D7_omraade_klasse_eksakt,0.04017372476475501,0.03515625,0
D7_omraade_klasse_eksakt,0.04018338977032613,0.03515625,0
D7_omraade_klasse_eksakt,0.040193054775897255,0.03515625,0
D7_omraade_klasse_eksakt,0.040202719781468374,0.03515625,0
D7_omraade_klasse_eksakt,0.04021238478703949,0.03515625,0
D7_omraade_klasse_eksakt,0.04022204979261061,0.03515625,0
D7_omraade_klasse_eksakt,0.04023171479818173,0.03515625,0
D7_omraade_klasse_eksakt,0.04024137980375285,0.03515625,0
D7_omraade_klasse_eksakt,0.04025104480932397,0.03515625,0
D7_omraade_klasse_eksakt,0.04026070981489509,0.03515625,0
D7_omraade_klasse_eksakt,0.040270374820466213,0.03515625,0
D7_omraade_klasse_eksakt,0.04028003982603733,0.03515625,0
D7_omraade_klasse_eksakt,0.04028970483160845,0.03515625,0
D7_omraade_klasse_eksakt,0.04029936983717958,0.03515625,0
D7_omraade_klasse_eksakt,0.040309034842750696,0.03515625,0
D7_omraade_klasse_eksakt,0.040318699848321815,0.03515625,0
D7_omraade_klasse_eksakt,0.040328364853892934,0.03515625,0
D7_omraade_klasse_eksakt,0.04033802985946405,0.03515625,0
D7_omraade_klasse_eksakt,0.04034769486503517,0.03515625,0
D7_omraade_klasse_eksakt,0.04035735987060629,0.03515625,0
D7_omraade_klasse_eksakt,0.04036702487617741,0.03515625,0
D7_omraade_klasse_eksakt,0.04037668988174853,0.03515625,0
D7_omraade_klasse_eksakt,0.040386354887319655,0.03515625,0
D7_omraade_klasse_eksakt,0.040396019892890773,0.03515625,0
D7_omraade_klasse_eksakt,0.04040568489846189,0.03515625,0
D7_omraade_klasse_eksakt,0.04041534990403302,0.03515625,0
D7_omraade_klasse_eksakt,0.04042501490960414,0.03515625,0
D7_omraade_klasse_eksakt,0.040434679915175256,0.03515625,0
D7_omraade_klasse_eksakt,0.040444344920746375,0.03515625,0
D7_omraade_klasse_eksakt,0.040454009926317494,0.03515625,0
D7_omraade_klasse_eksakt,0.04046367493188861,0.03515625,0
D7_omraade_klasse_eksakt,0.04047333993745973,0.03515625,0
D7_omraade_klasse_eksakt,0.04048300494303085,0.03515625,0
D7_omraade_klasse_eksakt,0.04049266994860198,0.03515625,0
D7_omraade_klasse_eksakt,0.040502334954173096,0.03515625,0
D7_omraade_klasse_eksakt,0.040511999959744215,0.03515625,0
D7_omraade_klasse_eksakt,0.04052166496531534,0.03515625,0
D7_omraade_klasse_eksakt,0.04053132997088646,0.03515625,0
D7_omraade_klasse_eksakt,0.04054099497645758,0.03515625,0
D7_omraade_klasse_eksakt,0.0405506599820287,0.03515625,0
D7_omraade_klasse_eksakt,0.040560324987599816,0.03515625,0
D7_omraade_klasse_eksakt,0.040569989993170935,0.03515625,0
D7_omraade_klasse_eksakt,0.040579654998742054,0.03515625,0
D7_omraade_klasse_eksakt,0.04058932000431317,0.03515625,0
D7_omraade_klasse_eksakt,0.0405989850098843,0.03515625,0
D7_omraade_klasse_eksakt,0.04060865001545542,0.03515625,0
D7_omraade_klasse_eksakt,0.04061831502102654,0.03515625,0
D7_omraade_klasse_eksakt,0.04062798002659766,0.03515625,0
D7_omraade_klasse_eksakt,0.04063764503216878,0.03515625,0
D7_omraade_klasse_eksakt,0.0406473100377399,0.03515625,0
D7_omraade_klasse_eksakt,0.04065697504331102,0.03515625,0
D7_omraade_klasse_eksakt,0.04066664004888214,0.03515625,0
D7_omraade_klasse_eksakt,0.04067630505445326,0.03515625,0
D7_omraade_klasse_eksakt,0.040685970060024376,0.03515625,0
D7_omraade_klasse_eksakt,0.040695635065595495,0.03515625,0
D7_omraade_klasse_eksakt,0.040705300071166614,0.03515625,0
D7_omraade_klasse_eksakt,0.04071496507673774,0.03515625,0
D7_omraade_klasse_eksakt,0.04072463008230886,0.03515625,0
D7_omraade_klasse_eksakt,0.04073429508787998,0.03515625,0
D7_omraade_klasse_eksakt,0.040743960093451104,0.03515625,0
D7_omraade_klasse_eksakt,0.04075362509902222,0.03515625,0
D7_omraade_klasse_eksakt,0.04076329010459334,0.03515625,0
D7_omraade_klasse_eksakt,0.04077295511016446,0.03515625,0
D7_omraade_klasse_eksakt,0.04078262011573558,0.03515625,0
D7_omraade_klasse_eksakt,0.0407922851213067,0.03515625,0
D7_omraade_klasse_eksakt,0.04080195012687782,0.03515625,0
D7_omraade_klasse_eksakt,0.040811615132448936,0.03515625,0
D7_omraade_klasse_eksakt,0.04082128013802006,0.03515625,0
D7_omraade_klasse_eksakt,0.04083094514359118,0.03515625,0
D7_omraade_klasse_eksakt,0.0408406101491623,0.03515625,0
D7_omraade_klasse_eksakt,0.040850275154733426,0.03125,0
D7_omraade_klasse_eksakt,0.040859940160304545,0.03125,0
D7_omraade_klasse_eksakt,0.040869605165875664,0.03125,0
D7_omraade_klasse_eksakt,0.04087927017144678,0.03125,0
D7_omraade_klasse_eksakt,0.0408889351770179,0.03125,0
D7_omraade_klasse_eksakt,0.04089860018258902,0.03125,0
D7_omraade_klasse_eksakt,0.04090826518816014,0.03125,0
D7_omraade_klasse_eksakt,0.04091793019373126,0.03125,0
D7_omraade_klasse_eksakt,0.04092759519930238,0.03125,0
D7_omraade_klasse_eksakt,0.0409372602048735,0.02734375,0
D7_omraade_klasse_eksakt,0.04094692521044462,0.02734375,0
D7_omraade_klasse_eksakt,0.04095659021601575,0.02734375,0
D7_omraade_klasse_eksakt,0.04096625522158687,0.02734375,0
D7_omraade_klasse_eksakt,0.040975920227157986,0.02734375,0
D7_omraade_klasse_eksakt,0.040985585232729105,0.02734375,0
D7_omraade_klasse_eksakt,0.040995250238300224,0.02734375,0
D7_omraade_klasse_eksakt,0.04100491524387134,0.02734375,0
D7_omraade_klasse_eksakt,0.04101458024944246,0.02734375,0
D7_omraade_klasse_eksakt,0.04102424525501358,0.02734375,0
D7_omraade_klasse_eksakt,0.0410339102605847,0.02734375,0
D7_omraade_klasse_eksakt,0.041043575266155825,0.02734375,0
D7_omraade_klasse_eksakt,0.041053240271726944,0.02734375,0
D7_omraade_klasse_eksakt,0.04106290527729806,0.02734375,0
D7_omraade_klasse_eksakt,0.04107257028286919,0.02734375,0
D7_omraade_klasse_eksakt,0.04108223528844031,0.02734375,0
D7_omraade_klasse_eksakt,0.04109190029401143,0.02734375,0
D7_omraade_klasse_eksakt,0.041101565299582546,0.02734375,0
D7_omraade_klasse_eksakt,0.041111230305153665,0.02734375,0
D7_omraade_klasse_eksakt,0.041120895310724784,0.02734375,0
D7_omraade_klasse_eksakt,0.0411305603162959,0.02734375,0
D7_omraade_klasse_eksakt,0.04114022532186702,0.02734375,0
D7_omraade_klasse_eksakt,0.04114989032743815,0.02734375,0
D7_omraade_klasse_eksakt,0.041159555333009266,0.02734375,0
D7_omraade_klasse_eksakt,0.041169220338580385,0.02734375,0
D7_omraade_klasse_eksakt,0.04117888534415151,0.02734375,0
D7_omraade_klasse_eksakt,0.04118855034972263,0.0234375,0
D7_omraade_klasse_eksakt,0.04119821535529375,0.0234375,0
D7_omraade_klasse_eksakt,0.04120788036086487,0.0234375,0
D7_omraade_klasse_eksakt,0.04121754536643599,0.0234375,0
D7_omraade_klasse_eksakt,0.041227210372007106,0.0234375,0
D7_omraade_klasse_eksakt,0.041236875377578225,0.0234375,0
D7_omraade_klasse_eksakt,0.041246540383149344,0.0234375,0
D7_omraade_klasse_eksakt,0.04125620538872046,0.0234375,0
D7_omraade_klasse_eksakt,0.04126587039429159,0.0234375,0
D7_omraade_klasse_eksakt,0.04127553539986271,0.0234375,0
D7_omraade_klasse_eksakt,0.04128520040543383,0.0234375,0
D7_omraade_klasse_eksakt,0.04129486541100495,0.0234375,0
D7_omraade_klasse_eksakt,0.04130453041657607,0.0234375,0
D7_omraade_klasse_eksakt,0.04131419542214719,0.0234375,0
D7_omraade_klasse_eksakt,0.04132386042771831,0.0234375,0
D7_omraade_klasse_eksakt,0.04133352543328943,0.0234375,0
D7_omraade_klasse_eksakt,0.04134319043886055,0.0234375,0
D7_omraade_klasse_eksakt,0.041352855444431666,0.0234375,0
D7_omraade_klasse_eksakt,0.041362520450002785,0.0234375,0
D7_omraade_klasse_eksakt,0.04137218545557391,0.0234375,0
D7_omraade_klasse_eksakt,0.04138185046114503,0.0234375,0
D7_omraade_klasse_eksakt,0.04139151546671615,0.0234375,0
D7_omraade_klasse_eksakt,0.041401180472287274,0.0234375,0
D7_omraade_klasse_eksakt,0.04141084547785839,0.0234375,0
D7_omraade_klasse_eksakt,0.04142051048342951,0.0234375,0
D7_omraade_klasse_eksakt,0.04143017548900063,0.0234375,0
D7_omraade_klasse_eksakt,0.04143984049457175,0.0234375,0
D7_omraade_klasse_eksakt,0.04144950550014287,0.0234375,0
D7_omraade_klasse_eksakt,0.04145917050571399,0.0234375,0
D7_omraade_klasse_eksakt,0.04146883551128511,0.0234375,0
D7_omraade_klasse_eksakt,0.04147850051685623,0.0234375,0
D7_omraade_klasse_eksakt,0.04148816552242735,0.0234375,0
D7_omraade_klasse_eksakt,0.04149783052799847,0.0234375,0
D7_omraade_klasse_eksakt,0.0415074955335696,0.0234375,0
D7_omraade_klasse_eksakt,0.041517160539140716,0.0234375,0
D7_omraade_klasse_eksakt,0.041526825544711835,0.0234375,0
D7_omraade_klasse_eksakt,0.04153649055028295,0.0234375,0
D7_omraade_klasse_eksakt,0.04154615555585407,0.0234375,0
D7_omraade_klasse_eksakt,0.04155582056142519,0.0234375,0
D7_omraade_klasse_eksakt,0.04156548556699631,0.0234375,0
D7_omraade_klasse_eksakt,0.04157515057256743,0.0234375,0
D7_omraade_klasse_eksakt,0.04158481557813855,0.0234375,0
D7_omraade_klasse_eksakt,0.041594480583709674,0.0234375,0
D7_omraade_klasse_eksakt,0.04160414558928079,0.0234375,0
D7_omraade_klasse_eksakt,0.04161381059485191,0.0234375,0
D7_omraade_klasse_eksakt,0.04162347560042304,0.0234375,0
D7_omraade_klasse_eksakt,0.04163314060599416,0.0234375,0
D7_omraade_klasse_eksakt,0.041642805611565276,0.0234375,0
D7_omraade_klasse_eksakt,0.041652470617136395,0.0234375,0
D7_omraade_klasse_eksakt,0.041662135622707513,0.0234375,0
D7_omraade_klasse_eksakt,0.04167180062827863,0.0234375,0
D7_omraade_klasse_eksakt,0.04168146563384975,0.0234375,0
D7_omraade_klasse_eksakt,0.04169113063942087,0.0234375,0
D7_omraade_klasse_eksakt,0.041700795644991996,0.0234375,0
D7_omraade_klasse_eksakt,0.041710460650563115,0.0234375,0
D7_omraade_klasse_eksakt,0.041720125656134234,0.0234375,0
D7_omraade_klasse_eksakt,0.04172979066170536,0.0234375,0
D7_omraade_klasse_eksakt,0.04173945566727648,0.0234375,0
D7_omraade_klasse_eksakt,0.0417491206728476,0.0234375,0
D7_omraade_klasse_eksakt,0.04175878567841872,0.0234375,0
D7_omraade_klasse_eksakt,0.041768450683989836,0.0234375,0
D7_omraade_klasse_eksakt,0.041778115689560955,0.0234375,0
D7_omraade_klasse_eksakt,0.041787780695132073,0.0234375,0
D7_omraade_klasse_eksakt,0.04179744570070319,0.0234375,0
D7_omraade_klasse_eksakt,0.04180711070627431,0.0234375,0
D7_omraade_klasse_eksakt,0.04181677571184543,0.0234375,0
D7_omraade_klasse_eksakt,0.04182644071741656,0.0234375,0
D7_omraade_klasse_eksakt,0.04183610572298768,0.0234375,0
D7_omraade_klasse_eksakt,0.0418457707285588,0.0234375,0
D7_omraade_klasse_eksakt,0.04185543573412992,0.0234375,0
D7_omraade_klasse_eksakt,0.04186510073970104,0.0234375,0
D7_omraade_klasse_eksakt,0.04187476574527216,0.0234375,0
D7_omraade_klasse_eksakt,0.04188443075084328,0.0234375,0
D7_omraade_klasse_eksakt,0.041894095756414396,0.0234375,0
D7_omraade_klasse_eksakt,0.041903760761985515,0.0234375,0
D7_omraade_klasse_eksakt,0.041913425767556634,0.0234375,0
D7_omraade_klasse_eksakt,0.04192309077312775,0.0234375,0
D7_omraade_klasse_eksakt,0.041932755778698885,0.0234375,0
D7_omraade_klasse_eksakt,0.041942420784270004,0.0234375,0
D7_omraade_klasse_eksakt,0.04195208578984112,0.0234375,0
D7_omraade_klasse_eksakt,0.04196175079541224,0.0234375,0
D7_omraade_klasse_eksakt,0.04197141580098336,0.0234375,0
D7_omraade_klasse_eksakt,0.04198108080655448,0.0234375,0
D7_omraade_klasse_eksakt,0.0419907458121256,0.0234375,0
D7_omraade_klasse_eksakt,0.04200041081769672,0.0234375,0
D7_omraade_klasse_eksakt,0.04201007582326784,0.0234375,0
D7_omraade_klasse_eksakt,0.042019740828838956,0.0234375,0
D7_omraade_klasse_eksakt,0.042029405834410075,0.0234375,0
D7_omraade_klasse_eksakt,0.042039070839981194,0.0234375,0
D7_omraade_klasse_eksakt,0.042048735845552326,0.0234375,0
D7_omraade_klasse_eksakt,0.042058400851123445,0.0234375,0
D7_omraade_klasse_eksakt,0.042068065856694564,0.0234375,0
D7_omraade_klasse_eksakt,0.04207773086226568,0.0234375,0
D7_omraade_klasse_eksakt,0.0420873958678368,0.0234375,0
D7_omraade_klasse_eksakt,0.04209706087340792,0.0234375,0
D7_omraade_klasse_eksakt,0.04210672587897904,0.0234375,0
D7_omraade_klasse_eksakt,0.04211639088455016,0.0234375,0
D7_omraade_klasse_eksakt,0.04212605589012128,0.0234375,0
D7_omraade_klasse_eksakt,0.0421357208956924,0.0234375,0
D7_omraade_klasse_eksakt,0.042145385901263516,0.0234375,0
D7_omraade_klasse_eksakt,0.04215505090683465,0.0234375,0
D7_omraade_klasse_eksakt,0.04216471591240577,0.0234375,0
D7_omraade_klasse_eksakt,0.042174380917976886,0.0234375,0
D7_omraade_klasse_eksakt,0.042184045923548005,0.0234375,0
D7_omraade_klasse_eksakt,0.042193710929119124,0.0234375,0
D7_omraade_klasse_eksakt,0.04220337593469024,0.0234375,0
D7_omraade_klasse_eksakt,0.04221304094026136,0.0234375,0
D7_omraade_klasse_eksakt,0.04222270594583248,0.0234375,0
D7_omraade_klasse_eksakt,0.0422323709514036,0.0234375,0
D7_omraade_klasse_eksakt,0.04224203595697472,0.01953125,0
D7_omraade_klasse_eksakt,0.04225170096254584,0.01953125,0
D7_omraade_klasse_eksakt,0.04226136596811697,0.015625,0
D7_omraade_klasse_eksakt,0.04227103097368809,0.015625,0
D7_omraade_klasse_eksakt,0.04228069597925921,0.015625,0
D7_omraade_klasse_eksakt,0.04229036098483033,0.015625,0
D7_omraade_klasse_eksakt,0.042300025990401446,0.015625,0
D7_omraade_klasse_eksakt,0.042309690995972565,0.015625,0
D7_omraade_klasse_eksakt,0.042319356001543684,0.015625,0
D7_omraade_klasse_eksakt,0.0423290210071148,0.015625,0
D7_omraade_klasse_eksakt,0.04233868601268592,0.01171875,0
D7_omraade_klasse_eksakt,0.04234835101825704,0.01171875,0
D7_omraade_klasse_eksakt,0.04235801602382816,0.01171875,0
D7_omraade_klasse_eksakt,0.04236768102939928,0.01171875,0
D7_omraade_klasse_eksakt,0.04237734603497041,0.01171875,0
D7_omraade_klasse_eksakt,0.04238701104054153,0.01171875,0
D7_omraade_klasse_eksakt,0.04239667604611265,0.01171875,0
D7_omraade_klasse_eksakt,0.04240634105168377,0.01171875,0
D7_omraade_klasse_eksakt,0.04241600605725489,0.01171875,0
D7_omraade_klasse_eksakt,0.042425671062826006,0.01171875,0
D7_omraade_klasse_eksakt,0.042435336068397125,0.01171875,0
D7_omraade_klasse_eksakt,0.042445001073968244,0.01171875,0
D7_omraade_klasse_eksakt,0.04245466607953936,0.01171875,0
D7_omraade_klasse_eksakt,0.04246433108511048,0.01171875,0
D7_omraade_klasse_eksakt,0.0424739960906816,0.01171875,0
D7_omraade_klasse_eksakt,0.042483661096252734,0.01171875,0
D7_omraade_klasse_eksakt,0.04249332610182385,0.01171875,0
D7_omraade_klasse_eksakt,0.04250299110739497,0.01171875,0
D7_omraade_klasse_eksakt,0.04251265611296609,0.01171875,0
D7_omraade_klasse_eksakt,0.04252232111853721,0.01171875,0
D7_omraade_klasse_eksakt,0.04253198612410833,0.01171875,0
D7_omraade_klasse_eksakt,0.04254165112967945,0.01171875,0
D7_omraade_klasse_eksakt,0.042551316135250566,0.01171875,0
D7_omraade_klasse_eksakt,0.042560981140821685,0.01171875,0
D7_omraade_klasse_eksakt,0.042570646146392804,0.01171875,0
D7_omraade_klasse_eksakt,0.04258031115196392,0.01171875,0
D7_omraade_klasse_eksakt,0.042589976157535056,0.01171875,0
D7_omraade_klasse_eksakt,0.042599641163106175,0.01171875,0
D7_omraade_klasse_eksakt,0.042609306168677294,0.01171875,0
D7_omraade_klasse_eksakt,0.04261897117424841,0.01171875,0
D7_omraade_klasse_eksakt,0.04262863617981953,0.01171875,0
D7_omraade_klasse_eksakt,0.04263830118539065,0.01171875,0
D7_omraade_klasse_eksakt,0.04264796619096177,0.01171875,0
D7_omraade_klasse_eksakt,0.04265763119653289,0.01171875,0
D7_omraade_klasse_eksakt,0.04266729620210401,0.01171875,0
D7_omraade_klasse_eksakt,0.042676961207675126,0.01171875,0
D7_omraade_klasse_eksakt,0.042686626213246245,0.01171875,0
D7_omraade_klasse_eksakt,0.042696291218817364,0.01171875,0
D7_omraade_klasse_eksakt,0.0427059562243885,0.01171875,0
D7_omraade_klasse_eksakt,0.042715621229959616,0.01171875,0
D7_omraade_klasse_eksakt,0.042725286235530735,0.01171875,0
D7_omraade_klasse_eksakt,0.042734951241101854,0.01171875,0
D7_omraade_klasse_eksakt,0.04274461624667297,0.01171875,0
D7_omraade_klasse_eksakt,0.04275428125224409,0.01171875,0
D7_omraade_klasse_eksakt,0.04276394625781521,0.01171875,0
D7_omraade_klasse_eksakt,0.04277361126338633,0.01171875,0
D7_omraade_klasse_eksakt,0.04278327626895745,0.01171875,0
D7_omraade_klasse_eksakt,0.04279294127452857,0.01171875,0
D7_omraade_klasse_eksakt,0.042802606280099686,0.01171875,0
D7_omraade_klasse_eksakt,0.04281227128567082,0.01171875,0
D7_omraade_klasse_eksakt,0.04282193629124194,0.01171875,0
D7_omraade_klasse_eksakt,0.04283160129681306,0.01171875,0
D7_omraade_klasse_eksakt,0.042841266302384176,0.01171875,0
D7_omraade_klasse_eksakt,0.042850931307955295,0.01171875,0
D7_omraade_klasse_eksakt,0.042860596313526414,0.01171875,0
D7_omraade_klasse_eksakt,0.04287026131909753,0.01171875,0
D7_omraade_klasse_eksakt,0.04287992632466865,0.01171875,0
D7_omraade_klasse_eksakt,0.04288959133023977,0.01171875,0
D7_omraade_klasse_eksakt,0.04289925633581089,0.01171875,0
D7_omraade_klasse_eksakt,0.04290892134138201,0.01171875,0
D7_omraade_klasse_eksakt,0.04291858634695314,0.01171875,0
D7_omraade_klasse_eksakt,0.04292825135252426,0.01171875,0
D7_omraade_klasse_eksakt,0.04293791635809538,0.01171875,0
D7_omraade_klasse_eksakt,0.0429475813636665,0.01171875,0
D7_omraade_klasse_eksakt,0.04295724636923762,0.01171875,0
D7_omraade_klasse_eksakt,0.042966911374808736,0.01171875,0
D7_omraade_klasse_eksakt,0.042976576380379855,0.01171875,0
D7_omraade_klasse_eksakt,0.042986241385950974,0.01171875,0
D7_omraade_klasse_eksakt,0.04299590639152209,0.01171875,0
D7_omraade_klasse_eksakt,0.04300557139709321,0.01171875,0
D7_omraade_klasse_eksakt,0.04301523640266433,0.01171875,0
D7_omraade_klasse_eksakt,0.04302490140823545,0.01171875,0
D7_omraade_klasse_eksakt,0.04303456641380658,0.01171875,0
D7_omraade_klasse_eksakt,0.0430442314193777,0.01171875,0
D7_omraade_klasse_eksakt,0.04305389642494882,0.01171875,0
D7_omraade_klasse_eksakt,0.04306356143051994,0.01171875,0
D7_omraade_klasse_eksakt,0.04307322643609106,0.01171875,0
D7_omraade_klasse_eksakt,0.04308289144166218,0.01171875,0
D7_omraade_klasse_eksakt,0.043092556447233296,0.01171875,0
D7_omraade_klasse_eksakt,0.043102221452804415,0.01171875,0
D7_omraade_klasse_eksakt,0.043111886458375534,0.01171875,0
D7_omraade_klasse_eksakt,0.04312155146394665,0.01171875,0
D7_omraade_klasse_eksakt,0.04313121646951777,0.01171875,0
D7_omraade_klasse_eksakt,0.043140881475088905,0.01171875,0
D7_omraade_klasse_eksakt,0.043150546480660024,0.01171875,0
D7_omraade_klasse_eksakt,0.04316021148623114,0.01171875,0
D7_omraade_klasse_eksakt,0.04316987649180226,0.01171875,0
D7_omraade_klasse_eksakt,0.04317954149737338,0.01171875,0
D7_omraade_klasse_eksakt,0.0431892065029445,0.01171875,0
D7_omraade_klasse_eksakt,0.04319887150851562,0.01171875,0
D7_omraade_klasse_eksakt,0.04320853651408674,0.01171875,0
D7_omraade_klasse_eksakt,0.043218201519657856,0.01171875,0
D7_omraade_klasse_eksakt,0.043227866525228975,0.01171875,0
D7_omraade_klasse_eksakt,0.043237531530800094,0.01171875,0
D7_omraade_klasse_eksakt,0.04324719653637121,0.01171875,0
D7_omraade_klasse_eksakt,0.043256861541942346,0.01171875,0
D7_omraade_klasse_eksakt,0.043266526547513465,0.01171875,0
D7_omraade_klasse_eksakt,0.043276191553084584,0.01171875,0
D7_omraade_klasse_eksakt,0.0432858565586557,0.01171875,0
D7_omraade_klasse_eksakt,0.04329552156422682,0.01171875,0
D7_omraade_klasse_eksakt,0.04330518656979794,0.01171875,0
D7_omraade_klasse_eksakt,0.04331485157536906,0.01171875,0
D7_omraade_klasse_eksakt,0.04332451658094018,0.01171875,0
D7_omraade_klasse_eksakt,0.0433341815865113,0.01171875,0
D7_omraade_klasse_eksakt,0.043343846592082416,0.01171875,0
D7_omraade_klasse_eksakt,0.043353511597653535,0.01171875,0
D7_omraade_klasse_eksakt,0.04336317660322467,0.01171875,0
D7_omraade_klasse_eksakt,0.04337284160879579,0.01171875,0
D7_omraade_klasse_eksakt,0.043382506614366906,0.01171875,0
D7_omraade_klasse_eksakt,0.043392171619938025,0.01171875,0
D7_omraade_klasse_eksakt,0.043401836625509144,0.01171875,0
D7_omraade_klasse_eksakt,0.04341150163108026,0.01171875,0
D7_omraade_klasse_eksakt,0.04342116663665138,0.01171875,0
D7_omraade_klasse_eksakt,0.0434308316422225,0.01171875,0
D7_omraade_klasse_eksakt,0.04344049664779362,0.01171875,0
D7_omraade_klasse_eksakt,0.04345016165336474,0.01171875,0
D7_omraade_klasse_eksakt,0.04345982665893586,0.01171875,0
D7_omraade_klasse_eksakt,0.04346949166450699,0.01171875,0
D7_omraade_klasse_eksakt,0.04347915667007811,0.01171875,0
D7_omraade_klasse_eksakt,0.04348882167564923,0.01171875,0
D7_omraade_klasse_eksakt,0.04349848668122035,0.01171875,0
D7_omraade_klasse_eksakt,0.043508151686791466,0.01171875,0
D7_omraade_klasse_eksakt,0.043517816692362585,0.01171875,0
D7_omraade_klasse_eksakt,0.043527481697933704,0.01171875,0
D7_omraade_klasse_eksakt,0.04353714670350482,0.01171875,0
D7_omraade_klasse_eksakt,0.04354681170907594,0.01171875,0
D7_omraade_klasse_eksakt,0.04355647671464706,0.01171875,0
D7_omraade_klasse_eksakt,0.04356614172021818,0.01171875,0
D7_omraade_klasse_eksakt,0.0435758067257893,0.01171875,0
D7_omraade_klasse_eksakt,0.04358547173136043,0.01171875,0
D7_omraade_klasse_eksakt,0.04359513673693155,0.01171875,0
D7_omraade_klasse_eksakt,0.04360480174250267,0.01171875,0
D7_omraade_klasse_eksakt,0.04361446674807379,0.01171875,0
D7_omraade_klasse_eksakt,0.04362413175364491,0.01171875,0
D7_omraade_klasse_eksakt,0.043633796759216026,0.01171875,0
D7_omraade_klasse_eksakt,0.043643461764787145,0.01171875,0
D7_omraade_klasse_eksakt,0.043653126770358264,0.01171875,0
D7_omraade_klasse_eksakt,0.04366279177592938,0.01171875,0
D7_omraade_klasse_eksakt,0.0436724567815005,0.01171875,0
D7_omraade_klasse_eksakt,0.04368212178707162,0.01171875,0
D7_omraade_klasse_eksakt,0.04369178679264275,0.01171875,0
D7_omraade_klasse_eksakt,0.04370145179821387,0.01171875,0
D7_omraade_klasse_eksakt,0.04371111680378499,0.01171875,0
D7_omraade_klasse_eksakt,0.04372078180935611,0.01171875,0
D7_omraade_klasse_eksakt,0.04373044681492723,0.01171875,0
D7_omraade_klasse_eksakt,0.04374011182049835,0.01171875,0
D7_omraade_klasse_eksakt,0.04374977682606947,0.01171875,0
D7_omraade_klasse_eksakt,0.043759441831640586,0.01171875,0
D7_omraade_klasse_eksakt,0.043769106837211705,0.01171875,0
D7_omraade_klasse_eksakt,0.043778771842782824,0.01171875,0
D7_omraade_klasse_eksakt,0.04378843684835394,0.01171875,0
D7_omraade_klasse_eksakt,0.043798101853925075,0.01171875,0
D7_omraade_klasse_eksakt,0.043807766859496194,0.01171875,0
D7_omraade_klasse_eksakt,0.04381743186506731,0.01171875,0
D7_omraade_klasse_eksakt,0.04382709687063843,0.01171875,0
D7_omraade_klasse_eksakt,0.04383676187620955,0.01171875,0
D7_omraade_klasse_eksakt,0.04384642688178067,0.01171875,0
D7_omraade_klasse_eksakt,0.04385609188735179,0.01171875,0
D7_omraade_klasse_eksakt,0.04386575689292291,0.01171875,0
D7_omraade_klasse_eksakt,0.04387542189849403,0.01171875,0
D7_omraade_klasse_eksakt,0.043885086904065146,0.01171875,0
D7_omraade_klasse_eksakt,0.043894751909636265,0.01171875,0
D7_omraade_klasse_eksakt,0.043904416915207384,0.01171875,0
D7_omraade_klasse_eksakt,0.04391408192077852,0.01171875,0
D7_omraade_klasse_eksakt,0.043923746926349636,0.01171875,0
D7_omraade_klasse_eksakt,0.043933411931920754,0.01171875,0
D7_omraade_klasse_eksakt,0.04394307693749187,0.01171875,0
D7_omraade_klasse_eksakt,0.04395274194306299,0.01171875,0
D7_omraade_klasse_eksakt,0.04396240694863411,0.01171875,0
D7_omraade_klasse_eksakt,0.04397207195420523,0.01171875,0
D7_omraade_klasse_eksakt,0.04398173695977635,0.01171875,0
D7_omraade_klasse_eksakt,0.04399140196534747,0.01171875,0
D7_omraade_klasse_eksakt,0.04400106697091859,0.01171875,0
D7_omraade_klasse_eksakt,0.044010731976489706,0.01171875,0
D7_omraade_klasse_eksakt,0.04402039698206084,0.01171875,0
D7_omraade_klasse_eksakt,0.04403006198763196,0.01171875,0
D7_omraade_klasse_eksakt,0.04403972699320308,0.01171875,0
D7_omraade_klasse_eksakt,0.044049391998774196,0.01171875,0
D7_omraade_klasse_eksakt,0.044059057004345314,0.01171875,0
D7_omraade_klasse_eksakt,0.04406872200991643,0.01171875,0
D7_omraade_klasse_eksakt,0.04407838701548755,0.01171875,0
D7_omraade_klasse_eksakt,0.04408805202105867,0.01171875,0
D7_omraade_klasse_eksakt,0.04409771702662979,0.01171875,0
D7_omraade_klasse_eksakt,0.04410738203220091,0.01171875,0
D7_omraade_klasse_eksakt,0.04411704703777203,0.01171875,0
D7_omraade_klasse_eksakt,0.04412671204334316,0.01171875,0
D7_omraade_klasse_eksakt,0.04413637704891428,0.01171875,0
D7_omraade_klasse_eksakt,0.0441460420544854,0.01171875,0
D7_omraade_klasse_eksakt,0.04415570706005652,0.01171875,0
D7_omraade_klasse_eksakt,0.04416537206562764,0.01171875,0
D7_omraade_klasse_eksakt,0.044175037071198756,0.01171875,0
D7_omraade_klasse_eksakt,0.044184702076769874,0.01171875,0
D7_omraade_klasse_eksakt,0.04419436708234099,0.01171875,0
D7_omraade_klasse_eksakt,0.04420403208791211,0.01171875,0
D7_omraade_klasse_eksakt,0.04421369709348323,0.01171875,0
D7_omraade_klasse_eksakt,0.04422336209905435,0.01171875,0
D7_omraade_klasse_eksakt,0.04423302710462547,0.01171875,0
D7_omraade_klasse_eksakt,0.0442426921101966,0.01171875,0
D7_omraade_klasse_eksakt,0.04425235711576772,0.01171875,0
D7_omraade_klasse_eksakt,0.04426202212133884,0.01171875,0
D7_omraade_klasse_eksakt,0.04427168712690996,0.01171875,0
D7_omraade_klasse_eksakt,0.04428135213248108,0.01171875,0
D7_omraade_klasse_eksakt,0.0442910171380522,0.01171875,0
D7_omraade_klasse_eksakt,0.044300682143623316,0.01171875,0
D7_omraade_klasse_eksakt,0.044310347149194435,0.01171875,0
D7_omraade_klasse_eksakt,0.04432001215476555,0.01171875,0
D7_omraade_klasse_eksakt,0.04432967716033667,0.01171875,0
D7_omraade_klasse_eksakt,0.04433934216590779,0.01171875,0
D7_omraade_klasse_eksakt,0.044349007171478924,0.01171875,0
D7_omraade_klasse_eksakt,0.04435867217705004,0.01171875,0
D7_omraade_klasse_eksakt,0.04436833718262116,0.01171875,0
D7_omraade_klasse_eksakt,0.04437800218819228,0.01171875,0
D7_omraade_klasse_eksakt,0.0443876671937634,0.01171875,0
D7_omraade_klasse_eksakt,0.04439733219933452,0.01171875,0
D7_omraade_klasse_eksakt,0.04440699720490564,0.01171875,0
D7_omraade_klasse_eksakt,0.04441666221047676,0.01171875,0
D7_omraade_klasse_eksakt,0.044426327216047876,0.01171875,0
D7_omraade_klasse_eksakt,0.044435992221618995,0.01171875,0
D7_omraade_klasse_eksakt,0.044445657227190113,0.01171875,0
D7_omraade_klasse_eksakt,0.04445532223276123,0.01171875,0
D7_omraade_klasse_eksakt,0.044464987238332365,0.01171875,0
D7_omraade_klasse_eksakt,0.044474652243903484,0.01171875,0
D7_omraade_klasse_eksakt,0.0444843172494746,0.01171875,0
D7_omraade_klasse_eksakt,0.04449398225504572,0.01171875,0
D7_omraade_klasse_eksakt,0.04450364726061684,0.01171875,0
D7_omraade_klasse_eksakt,0.04451331226618796,0.01171875,0
D7_omraade_klasse_eksakt,0.04452297727175908,0.01171875,0
D7_omraade_klasse_eksakt,0.0445326422773302,0.01171875,0
D7_omraade_klasse_eksakt,0.04454230728290132,0.01171875,0
D7_omraade_klasse_eksakt,0.044551972288472436,0.01171875,0
D7_omraade_klasse_eksakt,0.044561637294043555,0.01171875,0
D7_omraade_klasse_eksakt,0.04457130229961469,0.01171875,0
D7_omraade_klasse_eksakt,0.044580967305185806,0.01171875,0
D7_omraade_klasse_eksakt,0.044590632310756925,0.01171875,0
D7_omraade_klasse_eksakt,0.044600297316328044,0.01171875,0
D7_omraade_klasse_eksakt,0.04460996232189916,0.01171875,0
D7_omraade_klasse_eksakt,0.04461962732747028,0.01171875,0
D7_omraade_klasse_eksakt,0.0446292923330414,0.01171875,0
D7_omraade_klasse_eksakt,0.04463895733861252,0.01171875,0
D7_omraade_klasse_eksakt,0.04464862234418364,0.01171875,0
D7_omraade_klasse_eksakt,0.04465828734975476,0.01171875,0
D7_omraade_klasse_eksakt,0.04466795235532588,0.01171875,0
D7_omraade_klasse_eksakt,0.04467761736089701,0.01171875,0
D7_omraade_klasse_eksakt,0.04468728236646813,0.01171875,0
D7_omraade_klasse_eksakt,0.04469694737203925,0.01171875,0
D7_omraade_klasse_eksakt,0.044706612377610366,0.01171875,0
D7_omraade_klasse_eksakt,0.044716277383181485,0.01171875,0
D7_omraade_klasse_eksakt,0.044725942388752604,0.01171875,0
D7_omraade_klasse_eksakt,0.04473560739432372,0.01171875,0
D7_omraade_klasse_eksakt,0.04474527239989484,0.01171875,0
D7_omraade_klasse_eksakt,0.04475493740546596,0.01171875,0
D7_omraade_klasse_eksakt,0.04476460241103708,0.01171875,0
D7_omraade_klasse_eksakt,0.0447742674166082,0.01171875,0
D7_omraade_klasse_eksakt,0.04478393242217932,0.01171875,0
D7_omraade_klasse_eksakt,0.04479359742775045,0.01171875,0
D7_omraade_klasse_eksakt,0.04480326243332157,0.01171875,0
D7_omraade_klasse_eksakt,0.04481292743889269,0.01171875,0
D7_omraade_klasse_eksakt,0.04482259244446381,0.01171875,0
D7_omraade_klasse_eksakt,0.044832257450034926,0.01171875,0
D7_omraade_klasse_eksakt,0.044841922455606045,0.01171875,0
D7_omraade_klasse_eksakt,0.044851587461177164,0.01171875,0
D7_omraade_klasse_eksakt,0.04486125246674828,0.01171875,0
D7_omraade_klasse_eksakt,0.0448709174723194,0.01171875,0
D7_omraade_klasse_eksakt,0.04488058247789052,0.01171875,0
D7_omraade_klasse_eksakt,0.04489024748346164,0.01171875,0
D7_omraade_klasse_eksakt,0.04489991248903277,0.01171875,0
D7_omraade_klasse_eksakt,0.04490957749460389,0.01171875,0
D7_omraade_klasse_eksakt,0.04491924250017501,0.01171875,0
D7_omraade_klasse_eksakt,0.04492890750574613,0.01171875,0
D7_omraade_klasse_eksakt,0.04493857251131725,0.01171875,0
D7_omraade_klasse_eksakt,0.04494823751688837,0.01171875,0
D7_omraade_klasse_eksakt,0.044957902522459486,0.01171875,0
D7_omraade_klasse_eksakt,0.044967567528030605,0.01171875,0
D7_omraade_klasse_eksakt,0.044977232533601724,0.01171875,0
D7_omraade_klasse_eksakt,0.04498689753917284,0.01171875,0
D7_omraade_klasse_eksakt,0.04499656254474396,0.01171875,0
D7_omraade_klasse_eksakt,0.045006227550315095,0.01171875,0
D7_omraade_klasse_eksakt,0.045015892555886214,0.01171875,0
D7_omraade_klasse_eksakt,0.04502555756145733,0.01171875,0
D7_omraade_klasse_eksakt,0.04503522256702845,0.01171875,0
D7_omraade_klasse_eksakt,0.04504488757259957,0.01171875,0
D7_omraade_klasse_eksakt,0.04505455257817069,0.01171875,0
D7_omraade_klasse_eksakt,0.04506421758374181,0.01171875,0
D7_omraade_klasse_eksakt,0.04507388258931293,0.01171875,0
D7_omraade_klasse_eksakt,0.045083547594884046,0.01171875,0
D7_omraade_klasse_eksakt,0.045093212600455165,0.01171875,0
D7_omraade_klasse_eksakt,0.045102877606026284,0.01171875,0
D7_omraade_klasse_eksakt,0.0451125426115974,0.01171875,0
D7_omraade_klasse_eksakt,0.045122207617168536,0.01171875,0
D7_omraade_klasse_eksakt,0.045131872622739655,0.01171875,0
D7_omraade_klasse_eksakt,0.045141537628310774,0.01171875,0
D7_omraade_klasse_eksakt,0.04515120263388189,0.01171875,0
D7_omraade_klasse_eksakt,0.04516086763945301,0.01171875,0
D7_omraade_klasse_eksakt,0.04517053264502413,0.01171875,0
D7_omraade_klasse_eksakt,0.04518019765059525,0.01171875,0
D7_omraade_klasse_eksakt,0.04518986265616637,0.01171875,0
D7_omraade_klasse_eksakt,0.04519952766173749,0.01171875,0
D7_omraade_klasse_eksakt,0.045209192667308606,0.01171875,0
D7_omraade_klasse_eksakt,0.045218857672879725,0.01171875,0
D7_omraade_klasse_eksakt,0.04522852267845086,0.01171875,0
D7_omraade_klasse_eksakt,0.04523818768402198,0.01171875,0
D7_omraade_klasse_eksakt,0.045247852689593096,0.01171875,0
D7_omraade_klasse_eksakt,0.045257517695164215,0.01171875,0
D7_omraade_klasse_eksakt,0.045267182700735334,0.01171875,0
D7_omraade_klasse_eksakt,0.04527684770630645,0.01171875,0
D7_omraade_klasse_eksakt,0.04528651271187757,0.01171875,0
D7_omraade_klasse_eksakt,0.04529617771744869,0.01171875,0
D7_omraade_klasse_eksakt,0.04530584272301981,0.01171875,0
D7_omraade_klasse_eksakt,0.04531550772859093,0.01171875,0
D7_omraade_klasse_eksakt,0.04532517273416205,0.01171875,0
D7_omraade_klasse_eksakt,0.04533483773973318,0.01171875,0
D7_omraade_klasse_eksakt,0.0453445027453043,0.01171875,0
D7_omraade_klasse_eksakt,0.04535416775087542,0.01171875,0
D7_omraade_klasse_eksakt,0.04536383275644654,0.01171875,0
D7_omraade_klasse_eksakt,0.045373497762017656,0.01171875,0
D7_omraade_klasse_eksakt,0.045383162767588775,0.01171875,0
D7_omraade_klasse_eksakt,0.045392827773159894,0.01171875,0
D7_omraade_klasse_eksakt,0.04540249277873101,0.01171875,0
D7_omraade_klasse_eksakt,0.04541215778430213,0.01171875,0
D7_omraade_klasse_eksakt,0.04542182278987325,0.01171875,0
D7_omraade_klasse_eksakt,0.04543148779544437,0.01171875,0
D7_omraade_klasse_eksakt,0.04544115280101549,0.01171875,0
D7_omraade_klasse_eksakt,0.04545081780658662,0.01171875,0
D7_omraade_klasse_eksakt,0.04546048281215774,0.01171875,0
D7_omraade_klasse_eksakt,0.04547014781772886,0.01171875,0
D7_omraade_klasse_eksakt,0.04547981282329998,0.01171875,0
D7_omraade_klasse_eksakt,0.0454894778288711,0.01171875,0
D7_omraade_klasse_eksakt,0.045499142834442216,0.01171875,0
D7_omraade_klasse_eksakt,0.045508807840013335,0.01171875,0
D7_omraade_klasse_eksakt,0.045518472845584454,0.01171875,0
D7_omraade_klasse_eksakt,0.04552813785115557,0.01171875,0
D7_omraade_klasse_eksakt,0.04553780285672669,0.01171875,0
D7_omraade_klasse_eksakt,0.04554746786229781,0.01171875,0
D7_omraade_klasse_eksakt,0.045557132867868944,0.01171875,0
D7_omraade_klasse_eksakt,0.04556679787344006,0.01171875,0
D7_omraade_klasse_eksakt,0.04557646287901118,0.01171875,0
D7_omraade_klasse_eksakt,0.0455861278845823,0.01171875,0
D7_omraade_klasse_eksakt,0.04559579289015342,0.01171875,0
D7_omraade_klasse_eksakt,0.04560545789572454,0.01171875,0
D7_omraade_klasse_eksakt,0.04561512290129566,0.01171875,0
D7_omraade_klasse_eksakt,0.045624787906866776,0.01171875,0
D7_omraade_klasse_eksakt,0.045634452912437895,0.01171875,0
D7_omraade_klasse_eksakt,0.045644117918009014,0.01171875,0
D7_omraade_klasse_eksakt,0.04565378292358013,0.01171875,0
D7_omraade_klasse_eksakt,0.045663447929151266,0.01171875,0
D7_omraade_klasse_eksakt,0.045673112934722385,0.01171875,0
D7_omraade_klasse_eksakt,0.045682777940293504,0.01171875,0
D7_omraade_klasse_eksakt,0.04569244294586462,0.01171875,0
D7_omraade_klasse_eksakt,0.04570210795143574,0.01171875,0
D7_omraade_klasse_eksakt,0.04571177295700686,0.01171875,0
D7_omraade_klasse_eksakt,0.04572143796257798,0.01171875,0
D7_omraade_klasse_eksakt,0.0457311029681491,0.01171875,0
D7_omraade_klasse_eksakt,0.04574076797372022,0.01171875,0
D7_omraade_klasse_eksakt,0.045750432979291336,0.01171875,0
D7_omraade_klasse_eksakt,0.045760097984862455,0.01171875,0
D7_omraade_klasse_eksakt,0.045769762990433574,0.01171875,0
D7_omraade_klasse_eksakt,0.04577942799600471,0.01171875,0
D7_omraade_klasse_eksakt,0.045789093001575826,0.01171875,0
D7_omraade_klasse_eksakt,0.045798758007146945,0.01171875,0
D7_omraade_klasse_eksakt,0.045808423012718064,0.01171875,0
D7_omraade_klasse_eksakt,0.04581808801828918,0.01171875,0
D7_omraade_klasse_eksakt,0.0458277530238603,0.01171875,0
D7_omraade_klasse_eksakt,0.04583741802943142,0.01171875,0
D7_omraade_klasse_eksakt,0.04584708303500254,0.01171875,0
D7_omraade_klasse_eksakt,0.04585674804057366,0.01171875,0
D7_omraade_klasse_eksakt,0.04586641304614478,0.01171875,0
D7_omraade_klasse_eksakt,0.045876078051715896,0.01171875,0
D7_omraade_klasse_eksakt,0.04588574305728703,0.01171875,0
D7_omraade_klasse_eksakt,0.04589540806285815,0.01171875,0
D7_omraade_klasse_eksakt,0.04590507306842927,0.01171875,0
D7_omraade_klasse_eksakt,0.045914738074000386,0.01171875,0
D7_omraade_klasse_eksakt,0.045924403079571505,0.01171875,0
D7_omraade_klasse_eksakt,0.045934068085142624,0.01171875,0
D7_omraade_klasse_eksakt,0.04594373309071374,0.01171875,0
D7_omraade_klasse_eksakt,0.04595339809628486,0.01171875,0
D7_omraade_klasse_eksakt,0.04596306310185598,0.01171875,0
D7_omraade_klasse_eksakt,0.0459727281074271,0.01171875,0
D7_omraade_klasse_eksakt,0.04598239311299822,0.01171875,0
D7_omraade_klasse_eksakt,0.04599205811856934,0.01171875,0
D7_omraade_klasse_eksakt,0.04600172312414047,0.01171875,0
D7_omraade_klasse_eksakt,0.04601138812971159,0.01171875,0
D7_omraade_klasse_eksakt,0.04602105313528271,0.01171875,0
D7_omraade_klasse_eksakt,0.04603071814085383,0.01171875,0
D7_omraade_klasse_eksakt,0.046040383146424946,0.01171875,0
D7_omraade_klasse_eksakt,0.046050048151996065,0.01171875,0
D7_omraade_klasse_eksakt,0.046059713157567184,0.01171875,0
D7_omraade_klasse_eksakt,0.0460693781631383,0.01171875,0
D7_omraade_klasse_eksakt,0.04607904316870942,0.01171875,0
D7_omraade_klasse_eksakt,0.04608870817428054,0.01171875,0
D7_omraade_klasse_eksakt,0.04609837317985166,0.01171875,0
D7_omraade_klasse_eksakt,0.04610803818542279,0.01171875,0
D7_omraade_klasse_eksakt,0.04611770319099391,0.01171875,0
D7_omraade_klasse_eksakt,0.04612736819656503,0.01171875,0
D7_omraade_klasse_eksakt,0.04613703320213615,0.01171875,0
D7_omraade_klasse_eksakt,0.04614669820770727,0.01171875,0
D7_omraade_klasse_eksakt,0.04615636321327839,0.01171875,0
D7_omraade_klasse_eksakt,0.046166028218849506,0.01171875,0
D7_omraade_klasse_eksakt,0.046175693224420625,0.01171875,0
D7_omraade_klasse_eksakt,0.046185358229991744,0.01171875,0
D7_omraade_klasse_eksakt,0.04619502323556286,0.01171875,0
D7_omraade_klasse_eksakt,0.04620468824113398,0.01171875,0
D7_omraade_klasse_eksakt,0.046214353246705114,0.01171875,0
D7_omraade_klasse_eksakt,0.04622401825227623,0.01171875,0
D7_omraade_klasse_eksakt,0.04623368325784735,0.01171875,0
D7_omraade_klasse_eksakt,0.04624334826341847,0.01171875,0
D7_omraade_klasse_eksakt,0.04625301326898959,0.01171875,0
D7_omraade_klasse_eksakt,0.04626267827456071,0.01171875,0
D7_omraade_klasse_eksakt,0.04627234328013183,0.01171875,0
D7_omraade_klasse_eksakt,0.04628200828570295,0.01171875,0
D7_omraade_klasse_eksakt,0.046291673291274066,0.01171875,0
D7_omraade_klasse_eksakt,0.046301338296845185,0.01171875,0
D7_omraade_klasse_eksakt,0.046311003302416304,0.01171875,0
D7_omraade_klasse_eksakt,0.04632066830798742,0.01171875,0
D7_omraade_klasse_eksakt,0.046330333313558555,0.01171875,0
D7_omraade_klasse_eksakt,0.046339998319129674,0.01171875,0
D7_omraade_klasse_eksakt,0.04634966332470079,0.01171875,0
D7_omraade_klasse_eksakt,0.04635932833027191,0.01171875,0
D7_omraade_klasse_eksakt,0.04636899333584303,0.01171875,0
D7_omraade_klasse_eksakt,0.04637865834141415,0.01171875,0
D7_omraade_klasse_eksakt,0.04638832334698527,0.01171875,0
D7_omraade_klasse_eksakt,0.04639798835255639,0.01171875,0
D7_omraade_klasse_eksakt,0.04640765335812751,0.01171875,0
D7_omraade_klasse_eksakt,0.046417318363698626,0.01171875,0
D7_omraade_klasse_eksakt,0.046426983369269745,0.01171875,0
D7_omraade_klasse_eksakt,0.04643664837484088,0.01171875,0
D7_omraade_klasse_eksakt,0.046446313380411997,0.01171875,0
D7_omraade_klasse_eksakt,0.046455978385983115,0.01171875,0
D7_omraade_klasse_eksakt,0.046465643391554234,0.01171875,0
D7_omraade_klasse_eksakt,0.04647530839712535,0.01171875,0
D7_omraade_klasse_eksakt,0.04648497340269647,0.01171875,0
D7_omraade_klasse_eksakt,0.04649463840826759,0.01171875,0
D7_omraade_klasse_eksakt,0.04650430341383871,0.01171875,0
D7_omraade_klasse_eksakt,0.04651396841940983,0.01171875,0
D7_omraade_klasse_eksakt,0.04652363342498095,0.01171875,0
D7_omraade_klasse_eksakt,0.04653329843055207,0.01171875,0
D7_omraade_klasse_eksakt,0.0465429634361232,0.01171875,0
D7_omraade_klasse_eksakt,0.04655262844169432,0.01171875,0
D7_omraade_klasse_eksakt,0.04656229344726544,0.01171875,0
D7_omraade_klasse_eksakt,0.04657195845283656,0.01171875,0
D7_omraade_klasse_eksakt,0.046581623458407675,0.01171875,0
D7_omraade_klasse_eksakt,0.046591288463978794,0.01171875,0
D7_omraade_klasse_eksakt,0.04660095346954991,0.01171875,0
D7_omraade_klasse_eksakt,0.04661061847512103,0.01171875,0
D7_omraade_klasse_eksakt,0.04662028348069215,0.01171875,0
D7_omraade_klasse_eksakt,0.04662994848626327,0.01171875,0
D7_omraade_klasse_eksakt,0.04663961349183439,0.01171875,0
D7_omraade_klasse_eksakt,0.04664927849740551,0.01171875,0
D7_omraade_klasse_eksakt,0.04665894350297664,0.01171875,0
D7_omraade_klasse_eksakt,0.04666860850854776,0.01171875,0
D7_omraade_klasse_eksakt,0.04667827351411888,0.01171875,0
D7_omraade_klasse_eksakt,0.04668793851969,0.01171875,0
D7_omraade_klasse_eksakt,0.04669760352526112,0.01171875,0
D7_omraade_klasse_eksakt,0.046707268530832236,0.01171875,0
D7_omraade_klasse_eksakt,0.046716933536403354,0.01171875,0
D7_omraade_klasse_eksakt,0.04672659854197447,0.01171875,0
D7_omraade_klasse_eksakt,0.04673626354754559,0.01171875,0
D7_omraade_klasse_eksakt,0.04674592855311671,0.01171875,0
D7_omraade_klasse_eksakt,0.04675559355868783,0.01171875,0
D7_omraade_klasse_eksakt,0.04676525856425896,0.01171875,0
D7_omraade_klasse_eksakt,0.04677492356983008,0.01171875,0
D7_omraade_klasse_eksakt,0.0467845885754012,0.01171875,0
D7_omraade_klasse_eksakt,0.04679425358097232,0.01171875,0
D7_omraade_klasse_eksakt,0.04680391858654344,0.01171875,0
D7_omraade_klasse_eksakt,0.04681358359211456,0.01171875,0
D7_omraade_klasse_eksakt,0.04682324859768568,0.01171875,0
D7_omraade_klasse_eksakt,0.046832913603256796,0.01171875,0
D7_omraade_klasse_eksakt,0.046842578608827914,0.01171875,0
D7_omraade_klasse_eksakt,0.04685224361439903,0.01171875,0
D7_omraade_klasse_eksakt,0.04686190861997015,0.01171875,0
D7_omraade_klasse_eksakt,0.046871573625541285,0.01171875,0
D7_omraade_klasse_eksakt,0.046881238631112404,0.01171875,0
D7_omraade_klasse_eksakt,0.04689090363668352,0.01171875,0
D7_omraade_klasse_eksakt,0.04690056864225464,0.01171875,0
D7_omraade_klasse_eksakt,0.04691023364782576,0.01171875,0
D7_omraade_klasse_eksakt,0.04691989865339688,0.01171875,0
D7_omraade_klasse_eksakt,0.046929563658968,0.01171875,0
D7_omraade_klasse_eksakt,0.04693922866453912,0.01171875,0
D7_omraade_klasse_eksakt,0.04694889367011024,0.01171875,0
D7_omraade_klasse_eksakt,0.046958558675681356,0.01171875,0
D7_omraade_klasse_eksakt,0.046968223681252474,0.01171875,0
D7_omraade_klasse_eksakt,0.04697788868682359,0.01171875,0
D7_omraade_klasse_eksakt,0.046987553692394726,0.01171875,0
D7_omraade_klasse_eksakt,0.046997218697965845,0.01171875,0
D7_omraade_klasse_eksakt,0.047006883703536964,0.01171875,0
D7_omraade_klasse_eksakt,0.04701654870910808,0.01171875,0
D7_omraade_klasse_eksakt,0.0470262137146792,0.01171875,0
D7_omraade_klasse_eksakt,0.04703587872025032,0.01171875,0
D7_omraade_klasse_eksakt,0.04704554372582144,0.01171875,0
D7_omraade_klasse_eksakt,0.04705520873139256,0.0078125,0
D7_omraade_klasse_eksakt,0.04706487373696368,0.0078125,0
D7_omraade_klasse_eksakt,0.0470745387425348,0.0078125,0
D7_omraade_klasse_eksakt,0.047084203748105916,0.0078125,0
D7_omraade_klasse_eksakt,0.04709386875367705,0.0078125,0
D7_omraade_klasse_eksakt,0.04710353375924817,0.0078125,0
D7_omraade_klasse_eksakt,0.047113198764819286,0.0078125,0
D7_omraade_klasse_eksakt,0.047122863770390405,0.0078125,0
D7_omraade_klasse_eksakt,0.047132528775961524,0.0078125,0
D7_omraade_klasse_eksakt,0.04714219378153264,0.0078125,0
D7_omraade_klasse_eksakt,0.04715185878710376,0.0078125,0
D7_omraade_klasse_eksakt,0.04716152379267488,0.0078125,0
D7_omraade_klasse_eksakt,0.047171188798246,0.0078125,0
D7_omraade_klasse_eksakt,0.04718085380381712,0.0078125,0
D7_omraade_klasse_eksakt,0.04719051880938824,0.0078125,0
D7_omraade_klasse_eksakt,0.04720018381495936,0.0078125,0
D7_omraade_klasse_eksakt,0.04720984882053049,0.0078125,0
D7_omraade_klasse_eksakt,0.04721951382610161,0.0078125,0
D7_omraade_klasse_eksakt,0.04722917883167273,0.0078125,0
D7_omraade_klasse_eksakt,0.047238843837243846,0.0078125,0
D7_omraade_klasse_eksakt,0.047248508842814965,0.0078125,0
D7_omraade_klasse_eksakt,0.047258173848386084,0.0078125,0
D7_omraade_klasse_eksakt,0.0472678388539572,0.0078125,0
D7_omraade_klasse_eksakt,0.04727750385952832,0.0078125,0
D7_omraade_klasse_eksakt,0.04728716886509944,0.0078125,0
D7_omraade_klasse_eksakt,0.04729683387067056,0.0078125,0
D7_omraade_klasse_eksakt,0.04730649887624168,0.0078125,0
D7_omraade_klasse_eksakt,0.04731616388181281,0.0078125,0
D7_omraade_klasse_eksakt,0.04732582888738393,0.0078125,0
D7_omraade_klasse_eksakt,0.04733549389295505,0.0078125,0
D7_omraade_klasse_eksakt,0.04734515889852617,0.0078125,0
D7_omraade_klasse_eksakt,0.04735482390409729,0.0078125,0
D7_omraade_klasse_eksakt,0.047364488909668406,0.0078125,0
D7_omraade_klasse_eksakt,0.047374153915239525,0.0078125,0
D7_omraade_klasse_eksakt,0.047383818920810644,0.0078125,0
D7_omraade_klasse_eksakt,0.04739348392638176,0.0078125,0
D7_omraade_klasse_eksakt,0.04740314893195288,0.0078125,0
D7_omraade_klasse_eksakt,0.047412813937524,0.0078125,0
D7_omraade_klasse_eksakt,0.047422478943095134,0.0078125,0
D7_omraade_klasse_eksakt,0.04743214394866625,0.0078125,0
D7_omraade_klasse_eksakt,0.04744180895423737,0.0078125,0
D7_omraade_klasse_eksakt,0.04745147395980849,0.0078125,0
D7_omraade_klasse_eksakt,0.04746113896537961,0.0078125,0
D7_omraade_klasse_eksakt,0.04747080397095073,0.0078125,0
D7_omraade_klasse_eksakt,0.04748046897652185,0.0078125,0
D7_omraade_klasse_eksakt,0.047490133982092966,0.0078125,0
D7_omraade_klasse_eksakt,0.047499798987664085,0.0078125,0
D7_omraade_klasse_eksakt,0.047509463993235204,0.0078125,0
D7_omraade_klasse_eksakt,0.04751912899880632,0.0078125,0
D7_omraade_klasse_eksakt,0.04752879400437744,0.0078125,0
D7_omraade_klasse_eksakt,0.047538459009948575,0.0078125,0
D7_omraade_klasse_eksakt,0.047548124015519694,0.0078125,0
D7_omraade_klasse_eksakt,0.04755778902109081,0.0078125,0
D7_omraade_klasse_eksakt,0.04756745402666193,0.0078125,0
D7_omraade_klasse_eksakt,0.04757711903223305,0.0078125,0
D7_omraade_klasse_eksakt,0.04758678403780417,0.0078125,0
D7_omraade_klasse_eksakt,0.04759644904337529,0.0078125,0
D7_omraade_klasse_eksakt,0.04760611404894641,0.0078125,0
D7_omraade_klasse_eksakt,0.047615779054517526,0.0078125,0
D7_omraade_klasse_eksakt,0.047625444060088645,0.0078125,0
D7_omraade_klasse_eksakt,0.047635109065659764,0.0078125,0
D7_omraade_klasse_eksakt,0.0476447740712309,0.0078125,0
D7_omraade_klasse_eksakt,0.047654439076802016,0.0078125,0
D7_omraade_klasse_eksakt,0.047664104082373135,0.0078125,0
D7_omraade_klasse_eksakt,0.047673769087944254,0.0078125,0
D7_omraade_klasse_eksakt,0.04768343409351537,0.0078125,0
D7_omraade_klasse_eksakt,0.04769309909908649,0.0078125,0
D7_omraade_klasse_eksakt,0.04770276410465761,0.0078125,0
D7_omraade_klasse_eksakt,0.04771242911022873,0.0078125,0
D7_omraade_klasse_eksakt,0.04772209411579985,0.0078125,0
D7_omraade_klasse_eksakt,0.04773175912137097,0.0078125,0
D7_omraade_klasse_eksakt,0.047741424126942086,0.0078125,0
D7_omraade_klasse_eksakt,0.04775108913251322,0.0078125,0
D7_omraade_klasse_eksakt,0.04776075413808434,0.0078125,0
D7_omraade_klasse_eksakt,0.04777041914365546,0.0078125,0
D7_omraade_klasse_eksakt,0.047780084149226576,0.0078125,0
D7_omraade_klasse_eksakt,0.047789749154797695,0.0078125,0
D7_omraade_klasse_eksakt,0.047799414160368814,0.0078125,0
D7_omraade_klasse_eksakt,0.04780907916593993,0.0078125,0
D7_omraade_klasse_eksakt,0.04781874417151105,0.0078125,0
D7_omraade_klasse_eksakt,0.04782840917708217,0.0078125,0
D7_omraade_klasse_eksakt,0.04783807418265329,0.0078125,0
D7_omraade_klasse_eksakt,0.04784773918822441,0.0078125,0
D7_omraade_klasse_eksakt,0.04785740419379553,0.0078125,0
D7_omraade_klasse_eksakt,0.04786706919936666,0.0078125,0
D7_omraade_klasse_eksakt,0.04787673420493778,0.0078125,0
D7_omraade_klasse_eksakt,0.0478863992105089,0.0078125,0
D7_omraade_klasse_eksakt,0.04789606421608002,0.0078125,0
D7_omraade_klasse_eksakt,0.047905729221651136,0.0078125,0
D7_omraade_klasse_eksakt,0.047915394227222255,0.0078125,0
D7_omraade_klasse_eksakt,0.047925059232793374,0.0078125,0
D7_omraade_klasse_eksakt,0.04793472423836449,0.0078125,0
D7_omraade_klasse_eksakt,0.04794438924393561,0.0078125,0
D7_omraade_klasse_eksakt,0.04795405424950673,0.0078125,0
D7_omraade_klasse_eksakt,0.04796371925507785,0.0078125,0
D7_omraade_klasse_eksakt,0.04797338426064898,0.0078125,0
D7_omraade_klasse_eksakt,0.0479830492662201,0.0078125,0
D7_omraade_klasse_eksakt,0.04799271427179122,0.0078125,0
D7_omraade_klasse_eksakt,0.04800237927736234,0.0078125,0
D7_omraade_klasse_eksakt,0.04801204428293346,0.0078125,0
D7_omraade_klasse_eksakt,0.04802170928850458,0.0078125,0
D7_omraade_klasse_eksakt,0.048031374294075696,0.0078125,0
D7_omraade_klasse_eksakt,0.048041039299646815,0.0078125,0
D7_omraade_klasse_eksakt,0.048050704305217934,0.0078125,0
D7_omraade_klasse_eksakt,0.04806036931078905,0.0078125,0
D7_omraade_klasse_eksakt,0.04807003431636017,0.0078125,0
D7_omraade_klasse_eksakt,0.048079699321931305,0.0078125,0
D7_omraade_klasse_eksakt,0.048089364327502424,0.0078125,0
D7_omraade_klasse_eksakt,0.04809902933307354,0.0078125,0
D7_omraade_klasse_eksakt,0.04810869433864466,0.0078125,0
D7_omraade_klasse_eksakt,0.04811835934421578,0.0078125,0
D7_omraade_klasse_eksakt,0.0481280243497869,0.0078125,0
D7_omraade_klasse_eksakt,0.04813768935535802,0.0078125,0
D7_omraade_klasse_eksakt,0.04814735436092914,0.0078125,0
D7_omraade_klasse_eksakt,0.048157019366500256,0.0078125,0
D7_omraade_klasse_eksakt,0.048166684372071375,0.0078125,0
D7_omraade_klasse_eksakt,0.048176349377642494,0.0078125,0
D7_omraade_klasse_eksakt,0.04818601438321361,0.0078125,0
D7_omraade_klasse_eksakt,0.048195679388784746,0.0078125,0
D7_omraade_klasse_eksakt,0.048205344394355865,0.0078125,0
D7_omraade_klasse_eksakt,0.048215009399926984,0.0078125,0
D7_omraade_klasse_eksakt,0.0482246744054981,0.0078125,0
D7_omraade_klasse_eksakt,0.04823433941106922,0.0078125,0
D7_omraade_klasse_eksakt,0.04824400441664034,0.0078125,0
D7_omraade_klasse_eksakt,0.04825366942221146,0.0078125,0
D7_omraade_klasse_eksakt,0.04826333442778258,0.0078125,0
D7_omraade_klasse_eksakt,0.0482729994333537,0.0078125,0
D7_omraade_klasse_eksakt,0.048282664438924816,0.0078125,0
D7_omraade_klasse_eksakt,0.048292329444495935,0.0078125,0
D7_omraade_klasse_eksakt,0.04830199445006707,0.0078125,0
D7_omraade_klasse_eksakt,0.04831165945563819,0.0078125,0
D7_omraade_klasse_eksakt,0.048321324461209306,0.0078125,0
D7_omraade_klasse_eksakt,0.048330989466780425,0.0078125,0
D7_omraade_klasse_eksakt,0.048340654472351544,0.0078125,0
D7_omraade_klasse_eksakt,0.04835031947792266,0.0078125,0
D7_omraade_klasse_eksakt,0.04835998448349378,0.0078125,0
D7_omraade_klasse_eksakt,0.0483696494890649,0.0078125,0
D7_omraade_klasse_eksakt,0.04837931449463602,0.0078125,0
D7_omraade_klasse_eksakt,0.04838897950020714,0.0078125,0
D7_omraade_klasse_eksakt,0.04839864450577826,0.0078125,0
D7_omraade_klasse_eksakt,0.048408309511349376,0.0078125,0
D7_omraade_klasse_eksakt,0.04841797451692051,0.0078125,0
D7_omraade_klasse_eksakt,0.04842763952249163,0.0078125,0
D7_omraade_klasse_eksakt,0.04843730452806275,0.0078125,0
D7_omraade_klasse_eksakt,0.048446969533633866,0.0078125,0
D7_omraade_klasse_eksakt,0.048456634539204985,0.0078125,0
D7_omraade_klasse_eksakt,0.048466299544776104,0.0078125,0
D7_omraade_klasse_eksakt,0.04847596455034722,0.0078125,0
D7_omraade_klasse_eksakt,0.04848562955591834,0.0078125,0
D7_omraade_klasse_eksakt,0.04849529456148946,0.0078125,0
D7_omraade_klasse_eksakt,0.04850495956706058,0.0078125,0
D7_omraade_klasse_eksakt,0.0485146245726317,0.0078125,0
D7_omraade_klasse_eksakt,0.04852428957820283,0.0078125,0
D7_omraade_klasse_eksakt,0.04853395458377395,0.0078125,0
D7_omraade_klasse_eksakt,0.04854361958934507,0.0078125,0
D7_omraade_klasse_eksakt,0.04855328459491619,0.0078125,0
D7_omraade_klasse_eksakt,0.04856294960048731,0.0078125,0
D7_omraade_klasse_eksakt,0.048572614606058426,0.0078125,0
D7_omraade_klasse_eksakt,0.048582279611629545,0.0078125,0
D7_omraade_klasse_eksakt,0.048591944617200664,0.0078125,0
D7_omraade_klasse_eksakt,0.04860160962277178,0.0078125,0
D7_omraade_klasse_eksakt,0.0486112746283429,0.0078125,0
D7_omraade_klasse_eksakt,0.04862093963391402,0.0078125,0
D7_omraade_klasse_eksakt,0.04863060463948515,0.0078125,0
D7_omraade_klasse_eksakt,0.04864026964505627,0.0078125,0
D7_omraade_klasse_eksakt,0.04864993465062739,0.0078125,0
D7_omraade_klasse_eksakt,0.04865959965619851,0.0078125,0
D7_omraade_klasse_eksakt,0.04866926466176963,0.0078125,0
D7_omraade_klasse_eksakt,0.04867892966734075,0.0078125,0
D7_omraade_klasse_eksakt,0.04868859467291187,0.0078125,0
D7_omraade_klasse_eksakt,0.048698259678482986,0.0078125,0
D7_omraade_klasse_eksakt,0.048707924684054105,0.0078125,0
D7_omraade_klasse_eksakt,0.048717589689625224,0.0078125,0
D7_omraade_klasse_eksakt,0.04872725469519634,0.0078125,0
D7_omraade_klasse_eksakt,0.04873691970076746,0.0078125,0
D7_omraade_klasse_eksakt,0.048746584706338594,0.0078125,0
D7_omraade_klasse_eksakt,0.04875624971190971,0.0078125,0
D7_omraade_klasse_eksakt,0.04876591471748083,0.0078125,0
D7_omraade_klasse_eksakt,0.04877557972305195,0.0078125,0
D7_omraade_klasse_eksakt,0.04878524472862307,0.0078125,0
D7_omraade_klasse_eksakt,0.04879490973419419,0.0078125,0
D7_omraade_klasse_eksakt,0.04880457473976531,0.0078125,0
D7_omraade_klasse_eksakt,0.04881423974533643,0.0078125,0
D7_omraade_klasse_eksakt,0.048823904750907546,0.0078125,0
D7_omraade_klasse_eksakt,0.048833569756478665,0.0078125,0
D7_omraade_klasse_eksakt,0.048843234762049784,0.0078125,0
D7_omraade_klasse_eksakt,0.048852899767620916,0.0078125,0
D7_omraade_klasse_eksakt,0.048862564773192035,0.0078125,0
D7_omraade_klasse_eksakt,0.048872229778763154,0.0078125,0
D7_omraade_klasse_eksakt,0.04888189478433427,0.0078125,0
D7_omraade_klasse_eksakt,0.04889155978990539,0.0078125,0
D7_omraade_klasse_eksakt,0.04890122479547651,0.0078125,0
D7_omraade_klasse_eksakt,0.04891088980104763,0.0078125,0
D7_omraade_klasse_eksakt,0.04892055480661875,0.0078125,0
D7_omraade_klasse_eksakt,0.04893021981218987,0.0078125,0
D7_omraade_klasse_eksakt,0.04893988481776099,0.0078125,0
D7_omraade_klasse_eksakt,0.048949549823332106,0.0078125,0
D7_omraade_klasse_eksakt,0.04895921482890324,0.0078125,0
D7_omraade_klasse_eksakt,0.04896887983447436,0.0078125,0
D7_omraade_klasse_eksakt,0.048978544840045476,0.0078125,0
D7_omraade_klasse_eksakt,0.048988209845616595,0.0078125,0
D7_omraade_klasse_eksakt,0.048997874851187714,0.0078125,0
D7_omraade_klasse_eksakt,0.04900753985675883,0.0078125,0
D7_omraade_klasse_eksakt,0.04901720486232995,0.0078125,0
D7_omraade_klasse_eksakt,0.04902686986790107,0.0078125,0
D7_omraade_klasse_eksakt,0.04903653487347219,0.0078125,0
D7_omraade_klasse_eksakt,0.04904619987904331,0.0078125,0
D7_omraade_klasse_eksakt,0.04905586488461443,0.0078125,0
D7_omraade_klasse_eksakt,0.04906552989018555,0.0078125,0
D7_omraade_klasse_eksakt,0.04907519489575668,0.0078125,0
D7_omraade_klasse_eksakt,0.0490848599013278,0.0078125,0
D7_omraade_klasse_eksakt,0.04909452490689892,0.0078125,0
D7_omraade_klasse_eksakt,0.049104189912470037,0.0078125,0
D7_omraade_klasse_eksakt,0.049113854918041155,0.0078125,0
D7_omraade_klasse_eksakt,0.049123519923612274,0.0078125,0
D7_omraade_klasse_eksakt,0.04913318492918339,0.0078125,0
D7_omraade_klasse_eksakt,0.04914284993475451,0.0078125,0
D7_omraade_klasse_eksakt,0.04915251494032563,0.0078125,0
D7_omraade_klasse_eksakt,0.04916217994589675,0.0078125,0
D7_omraade_klasse_eksakt,0.04917184495146787,0.0078125,0
D7_omraade_klasse_eksakt,0.049181509957039,0.0078125,0
D7_omraade_klasse_eksakt,0.04919117496261012,0.0078125,0
D7_omraade_klasse_eksakt,0.04920083996818124,0.0078125,0
D7_omraade_klasse_eksakt,0.04921050497375236,0.0078125,0
